# Blender v3.0.1 OBJ File: 'censored sign.blend'
# www.blender.org
mtllib censored sign.mtl
o Plane
v -3.377067 -0.360697 0.691253
v -3.463441 -0.364144 0.691253
v -3.402013 -0.364959 0.691253
v -3.097414 -0.397140 0.691253
v -3.428210 -0.366379 0.691253
v -3.206594 -0.154310 0.691253
v -2.635847 0.308698 0.691253
v -2.096467 0.308698 0.691253
v -2.096467 0.477808 0.691253
v -2.837688 0.477808 0.691253
v -2.837688 -0.521851 0.691253
v -1.313651 -0.521851 0.691253
v -1.716651 0.130041 0.691253
v -1.716651 -0.521851 0.691253
v -1.111128 -0.521851 0.691253
v -1.111128 0.477808 0.691253
v -1.298649 0.477808 0.691253
v -1.298649 -0.189768 0.691253
v -0.640165 -0.348498 0.691253
v -0.405110 -0.340458 0.691253
v -3.752792 0.356771 0.691253
v -3.094119 0.363514 0.691253
v -3.773376 0.332983 0.691253
v -3.074230 0.337489 0.691253
v -3.056235 0.308357 0.691253
v -3.397969 0.321085 0.691253
v -3.424118 0.322335 0.691253
v -3.460003 0.320119 0.691253
v -2.635847 0.087081 0.691253
v -0.183750 -0.391609 0.691253
v -0.503076 -0.367961 0.691253
v -0.563878 -0.367819 0.691253
v -0.886102 -0.384639 0.691253
v -0.474578 -0.364523 0.691253
v -0.591410 -0.363955 0.691253
v -0.448751 -0.358793 0.691253
v -0.169165 -0.366303 0.691253
v -0.616839 -0.357515 0.691253
v -0.425595 -0.350771 0.691253
v -1.707787 0.477808 0.691253
v -1.904172 0.477808 0.691253
v -1.904172 -0.521851 0.691253
v -0.536290 -0.539581 0.691253
v -0.597036 -0.537147 0.691253
v -0.454235 -0.535527 0.691253
v -0.652894 -0.529845 0.691253
v -0.381727 -0.523367 0.691253
v -0.703866 -0.517675 0.691253
v -0.318765 -0.503099 0.691253
v -0.749951 -0.500637 0.691253
v -0.290769 -0.489869 0.691253
v -0.264970 -0.474498 0.691253
v -0.791149 -0.478731 0.691253
v -0.241369 -0.456986 0.691253
v -0.827459 -0.451957 0.691253
v -0.219966 -0.437334 0.691253
v -0.200759 -0.415542 0.691253
v -0.859054 -0.420524 0.691253
v -3.493558 0.313471 0.691253
v -3.496399 -0.357439 0.691253
v -3.773950 -0.379494 0.691253
v -0.697568 -0.305823 0.691253
v -0.147950 -0.313873 0.691253
v -0.372190 -0.313712 0.691253
v -0.680511 -0.322738 0.691253
v -0.387296 -0.327852 0.691253
v -0.908605 -0.344303 0.691253
v -0.157232 -0.340391 0.691253
v -0.661389 -0.336906 0.691253
v -3.373165 0.317335 0.691253
v -3.327592 0.302333 0.691253
v -3.527084 -0.346263 0.691253
v -3.353371 -0.353594 0.691253
v -0.163719 -0.093782 0.691253
v -0.153747 -0.117790 0.691253
v -0.431278 -0.127716 0.691253
v -0.145990 -0.143485 0.691253
v -0.400176 -0.140710 0.691253
v -0.375969 -0.155143 0.691253
v -0.140449 -0.170865 0.691253
v -0.366450 -0.162900 0.691253
v -0.358656 -0.171016 0.691253
v -0.352301 -0.179606 0.691253
v -0.948837 -0.196587 0.691253
v -0.752451 -0.177494 0.691253
v -0.347102 -0.188783 0.691253
v -0.343058 -0.198548 0.691253
v -0.340169 -0.208899 0.691253
v -0.338436 -0.219838 0.691253
v -0.136017 -0.230682 0.691253
v -0.736578 -0.237577 0.691253
v -0.939972 -0.250277 0.691253
v -0.337858 -0.231364 0.691253
v -0.339232 -0.249387 0.691253
v -0.137343 -0.259019 0.691253
v -0.725601 -0.263242 0.691253
v -0.343351 -0.266633 0.691253
v -0.141321 -0.286749 0.691253
v -0.350218 -0.283103 0.691253
v -0.712598 -0.285991 0.691253
v -0.926561 -0.299516 0.691253
v -0.359831 -0.298796 0.691253
v -3.349706 0.311084 0.691253
v -3.524783 0.302390 0.691253
v 3.661128 -0.227130 0.691253
v 3.671545 -0.194260 0.691253
v 3.880135 -0.197525 0.691253
v 3.681774 -0.141356 0.691253
v 3.892068 -0.128502 0.691253
v 3.687457 -0.077618 0.691253
v 3.897182 -0.051902 0.691253
v 3.895349 0.035875 0.691253
v 3.685184 0.064546 0.691253
v -3.809176 0.280761 0.691253
v -0.690323 -0.055207 0.691253
v 3.677228 0.120878 0.691253
v 3.886258 0.117116 0.691253
v 3.671545 0.144555 0.691253
v 3.661005 0.175198 0.691253
v 3.869893 0.188431 0.691253
v 3.643730 0.210505 0.691253
v 3.633729 0.225885 0.691253
v 3.622819 0.239750 0.691253
v 3.852921 0.235820 0.691253
v 3.610999 0.252100 0.691253
v 3.591352 0.268082 0.691253
v 3.576881 0.277174 0.691253
v 3.561312 0.285016 0.691253
v 3.544643 0.291608 0.691253
v 3.509970 0.300676 0.691253
v 3.468260 0.305449 0.691253
v 3.824432 0.293099 0.691253
v 3.261186 -0.353423 0.691253
v 3.789277 0.343787 0.691253
v 3.747586 0.387589 0.691253
v 3.724573 0.406284 0.691253
v 3.700157 0.422745 0.691253
v 3.674340 0.436970 0.691253
v 3.618500 0.458715 0.691253
v 3.582061 0.467068 0.691253
v 3.261186 0.308698 0.691253
v -0.175908 -0.071459 0.691253
v 0.647205 -0.515163 0.691253
v 0.250002 -0.492608 0.691253
v 0.705848 -0.492376 0.691253
v 0.195981 -0.462377 0.691253
v 0.759567 -0.461994 0.691253
v 0.784579 -0.443954 0.691253
v 0.147036 -0.424589 0.691253
v 0.830911 -0.402179 0.691253
v 0.498186 -0.365775 0.691253
v 0.458549 -0.365771 0.691253
v 0.536012 -0.360945 0.691253
v -3.555497 -0.330618 0.691253
v -3.309730 -0.330864 0.691253
v -3.330926 -0.343649 0.691253
v -3.070811 -0.358964 0.691253
v -0.716386 0.207095 0.691253
v -0.712219 0.196696 0.691253
v -0.910139 0.177414 0.691253
v -0.366498 0.183229 0.691253
v -0.706385 0.186865 0.691253
v -0.698884 0.177603 0.691253
v -0.689716 0.168909 0.691253
v -0.673957 0.158150 0.691253
v -0.902468 0.140875 0.691253
v -0.652136 0.147240 0.691253
v -0.889682 0.106345 0.691253
v -0.871782 0.073822 0.691253
v -0.341949 0.054653 0.691253
v -0.848769 0.043308 0.691253
v -0.286375 0.030143 0.691253
v -0.820640 0.014800 0.691253
v -0.242734 0.002337 0.691253
v -0.796130 -0.004236 0.691253
v -0.223470 -0.013839 0.691253
v -0.766240 -0.022249 0.691253
v -0.190057 -0.050737 0.691253
v -0.205911 -0.031531 0.691253
v -3.317039 0.297020 0.691253
v -3.553678 0.286877 0.691253
v -3.040135 0.276118 0.691253
v -3.296942 0.284519 0.691253
v -3.580244 0.266931 0.691253
v -0.686534 0.479399 0.691253
v -0.432755 0.485687 0.691253
v -0.547882 0.494855 0.691253
v -0.620959 0.490991 0.691253
v 0.442524 -0.537954 0.691253
v 0.515144 -0.537949 0.691253
v 0.373274 -0.530396 0.691253
v 0.583637 -0.530354 0.691253
v 0.309100 -0.515281 0.691253
v -0.429471 0.299428 0.691253
v -0.660395 0.307462 0.691253
v -0.446045 0.308804 0.691253
v -0.639559 0.315493 0.691253
v -0.464987 0.316305 0.691253
v -0.616602 0.321516 0.691253
v -0.486296 0.321931 0.691253
v -0.893452 0.313395 0.691253
v -0.564323 0.327540 0.691253
v -0.509973 0.325681 0.691253
v -0.192018 0.316028 0.691253
v -0.882627 0.336381 0.691253
v -0.211177 0.351202 0.691253
v -0.869396 0.358817 0.691253
v -0.853902 0.380098 0.691253
v -0.235356 0.383308 0.691253
v -0.836286 0.399617 0.691253
v -0.264554 0.412346 0.691253
v -0.816549 0.417375 0.691253
v -0.794691 0.433371 0.691253
v -0.298848 0.437557 0.691253
v -0.770711 0.447605 0.691253
v -0.744609 0.460078 0.691253
v -0.338313 0.458184 0.691253
v -0.382949 0.474228 0.691253
v 3.486936 0.476614 0.691253
v 3.059345 -0.521851 0.691253
v 3.059345 0.477808 0.691253
v -0.164657 0.192093 0.691253
v -0.717844 0.212508 0.691253
v -0.371641 0.207711 0.691253
v -0.912696 0.215960 0.691253
v -0.719511 0.223759 0.691253
v -0.378431 0.229787 0.691253
v -0.719497 0.235967 0.691253
v -0.911493 0.241142 0.691253
v -0.717717 0.248051 0.691253
v -0.168758 0.236473 0.691253
v -0.386870 0.249458 0.691253
v -0.714155 0.259265 0.691253
v -0.708814 0.269607 0.691253
v -0.396956 0.266723 0.691253
v -0.907885 0.265776 0.691253
v -0.701692 0.279078 0.691253
v -0.408691 0.281583 0.691253
v -0.692789 0.287677 0.691253
v -0.177878 0.277785 0.691253
v -0.422072 0.294037 0.691253
v -0.901871 0.289860 0.691253
v -0.679109 0.297423 0.691253
v 0.740775 0.109432 0.691253
v 0.004283 0.112312 0.691253
v 0.226827 0.150349 0.691253
v 0.728217 0.152165 0.691253
v 0.939491 0.161460 0.691253
v 0.243799 0.188535 0.691253
v 0.711473 0.190048 0.691253
v 0.024588 0.192321 0.691253
v 0.265013 0.221891 0.691253
v 0.690542 0.223082 0.691253
v 0.038548 0.228234 0.691253
v 0.277212 0.236758 0.691253
v 0.678507 0.237780 0.691253
v 0.917386 0.224990 0.691253
v 0.304014 0.262906 0.691253
v 0.652018 0.263617 0.691253
v 0.064043 0.277406 0.691253
v 0.333506 0.284301 0.691253
v 0.622782 0.284755 0.691253
v 0.349260 0.293215 0.691253
v 0.607134 0.293563 0.691253
v 0.887913 0.282572 0.691253
v 0.382787 0.307478 0.691253
v 0.573778 0.307656 0.691253
v 0.419003 0.316987 0.691253
v 0.537676 0.317051 0.691253
v 0.457909 0.321741 0.691253
v 0.498827 0.321748 0.691253
v 0.095069 0.323093 0.691253
v 0.851072 0.334207 0.691253
v 0.131627 0.365295 0.691253
v 0.829888 0.357794 0.691253
v 0.172199 0.402269 0.691253
v 0.783226 0.399674 0.691253
v 0.758055 0.417758 0.691253
v 0.215273 0.432272 0.691253
v 0.249218 0.450200 0.691253
v 0.704034 0.448216 0.691253
v 0.292782 0.467390 0.691253
v 0.645106 0.471060 0.691253
v 0.361426 0.484968 0.691253
v 0.581273 0.486289 0.691253
v 0.512534 0.493903 0.691253
v 0.436434 0.493756 0.691253
v 2.019455 -0.521851 0.691253
v 1.778064 -0.521851 0.691253
v 1.814204 -0.202876 0.691253
v 1.550310 -0.187192 0.691253
v 1.782497 -0.164538 0.691253
v 1.525763 -0.157378 0.691253
v 1.506291 -0.139270 0.691253
v 1.751546 -0.134914 0.691253
v 1.486061 -0.125405 0.691253
v 1.475662 -0.120063 0.691253
v 1.465074 -0.115783 0.691253
v 1.446705 -0.110860 0.691253
v 1.431855 -0.108360 0.691253
v -3.581636 -0.310502 0.691253
v -3.809559 -0.328598 0.691253
v -3.289785 -0.315237 0.691253
v 0.961603 -0.063000 0.691253
v -0.006225 -0.067223 0.691253
v 0.751707 -0.074159 0.691253
v 0.205740 -0.101100 0.691253
v 0.745257 -0.124874 0.691253
v 0.954291 -0.137838 0.691253
v 0.001087 -0.141077 0.691253
v 0.214453 -0.148568 0.691253
v 0.734508 -0.170760 0.691253
v 0.227523 -0.191471 0.691253
v 1.322558 -0.104531 0.691253
v 1.322558 -0.521851 0.691253
v 1.715519 -0.106956 0.691253
v 1.674416 -0.080665 0.691253
v 1.716467 -0.072795 0.691253
v 1.754880 -0.061913 0.691253
v 1.789657 -0.048019 0.691253
v 1.820797 -0.031114 0.691253
v 1.848300 -0.011197 0.691253
v 1.872166 0.011732 0.691253
v 1.892377 0.037256 0.691253
v 1.604218 0.059209 0.691253
v 1.646496 0.065346 0.691253
v 1.653277 0.067306 0.691253
v 1.664889 0.071890 0.691253
v 1.908912 0.064958 0.691253
v 1.675628 0.077459 0.691253
v 1.685497 0.084013 0.691253
v 1.694494 0.091552 0.691253
v 1.702620 0.100075 0.691253
v 1.921774 0.094838 0.691253
v 1.709874 0.109584 0.691253
v 1.716125 0.120002 0.691253
v 1.721239 0.131253 0.691253
v 1.930960 0.126897 0.691253
v 1.725217 0.143338 0.691253
v 1.728058 0.156256 0.691253
v 1.936472 0.161133 0.691253
v 1.730332 0.184593 0.691253
v 1.729583 0.200873 0.691253
v 1.938309 0.197549 0.691253
v 1.727339 0.216073 0.691253
v 1.723598 0.230194 0.691253
v 0.939668 -0.206823 0.691253
v 0.015709 -0.209228 0.691253
v 0.719459 -0.211816 0.691253
v 0.244949 -0.229808 0.691253
v 0.700110 -0.248042 0.691253
v 0.917734 -0.269955 0.691253
v 0.037644 -0.271679 0.691253
v 0.266732 -0.263581 0.691253
v 0.279257 -0.278756 0.691253
v 0.676461 -0.279438 0.691253
v 0.306571 -0.305530 0.691253
v 0.649460 -0.306003 0.691253
v 0.888488 -0.327234 0.691253
v 0.066889 -0.328427 0.691253
v 0.336234 -0.327435 0.691253
v 0.620053 -0.327738 0.691253
v 0.604448 -0.336795 0.691253
v 0.368245 -0.344473 0.691253
v 0.385131 -0.351167 0.691253
v 0.571433 -0.351285 0.691253
v 0.851931 -0.378660 0.691253
v 0.103447 -0.379475 0.691253
v 0.420665 -0.360903 0.691253
v -3.278290 0.269602 0.691253
v -3.261678 0.252782 0.691253
v -3.604479 0.242554 0.691253
v -3.254175 0.243690 0.691253
v -3.837816 0.222345 0.691253
v -3.615534 0.228570 0.691253
v 0.201384 -0.049068 0.691253
v 0.753334 0.009421 0.691253
v -0.005870 0.021392 0.691253
v 0.961596 0.016557 0.691253
v 0.205613 0.059486 0.691253
v 0.749148 0.061851 0.691253
v 0.954228 0.091983 0.691253
v 0.214099 0.107332 0.691253
v -3.708771 -0.444428 0.691253
v -3.160565 -0.459458 0.691253
v -3.605502 -0.285916 0.691253
v -3.661854 -0.154916 0.691253
v -3.271374 -0.296561 0.691253
v -3.047522 -0.316108 0.691253
v -3.873658 -0.142611 0.691253
v -3.669430 -0.103849 0.691253
v -3.880780 -0.069515 0.691253
v -3.673211 0.013205 0.691253
v -3.127332 -0.430638 0.691253
v -3.753474 -0.402861 0.691253
v -3.660130 -0.478437 0.691253
v -3.197018 -0.483732 0.691253
v -3.607548 -0.504889 0.691253
v -3.236597 -0.503592 0.691253
v -3.279300 -0.519039 0.691253
v -3.551026 -0.523784 0.691253
v -3.325130 -0.530072 0.691253
v -3.490565 -0.535120 0.691253
v -3.426163 -0.538899 0.691253
v -3.374084 -0.536692 0.691253
v 3.494523 -0.350175 0.691253
v -3.299255 0.482808 0.691253
v -3.544889 0.479512 0.691253
v -3.247678 0.467750 0.691253
v -3.603627 0.460334 0.691253
v -3.199926 0.446668 0.691253
v -3.657857 0.433485 0.691253
v -3.156001 0.419563 0.691253
v -3.707578 0.398964 0.691253
v -3.115901 0.386434 0.691253
v -3.240773 0.224143 0.691253
v -3.013617 0.202322 0.691253
v -3.229512 0.202776 0.691253
v -3.634760 0.196483 0.691253
v -3.220392 0.179592 0.691253
v -3.213412 0.154589 0.691253
v -3.859295 0.157736 0.691253
v -3.650141 0.158903 0.691253
v -3.661676 0.115830 0.691253
v -3.873615 0.086932 0.691253
v -3.880775 0.009935 0.691253
v 3.527367 -0.345401 0.691253
v 3.557449 -0.336674 0.691253
v 3.585539 -0.323756 0.691253
v 3.829893 -0.328018 0.691253
v 3.598192 -0.315876 0.691253
v 3.609917 -0.307050 0.691253
v 3.620747 -0.297131 0.691253
v 3.630880 -0.285255 0.691253
v 3.640351 -0.271276 0.691253
v 3.649159 -0.255195 0.691253
v -3.010889 -0.216362 0.691253
v -3.859414 -0.210156 0.691253
v -3.650489 -0.199921 0.691253
v -3.227050 -0.220984 0.691253
v -3.635335 -0.238865 0.691253
v -3.240006 -0.249434 0.691253
v -3.838048 -0.272152 0.691253
v -3.027548 -0.268575 0.691253
v -3.616394 -0.271747 0.691253
v -3.254781 -0.274626 0.691253
v -2.133971 0.087081 0.691253
v -2.133971 -0.081347 0.691253
v -2.635847 -0.081347 0.691253
v -2.635847 -0.353423 0.691253
v -2.077374 -0.353423 0.691253
v -2.077374 -0.521851 0.691253
v -3.413889 0.494855 0.691253
v -3.354660 0.491843 0.691253
v -3.481644 0.491019 0.691253
v 3.860237 -0.262215 0.691253
v 1.937097 0.226548 0.691253
v 1.718361 0.243236 0.691253
v 1.711627 0.255197 0.691253
v 1.933460 0.254449 0.691253
v 1.703396 0.266079 0.691253
v 1.693802 0.275787 0.691253
v 1.682977 0.284225 0.691253
v 1.927399 0.281251 0.691253
v 1.670921 0.291394 0.691253
v 1.657633 0.297295 0.691253
v 1.643115 0.301926 0.691253
v 1.627365 0.305288 0.691253
v 1.322558 0.055032 0.691253
v 1.913761 0.319395 0.691253
v 1.901639 0.343451 0.691253
v 1.887193 0.366254 0.691253
v 1.871036 0.386881 0.691253
v 1.853269 0.405179 0.691253
v 1.833892 0.421146 0.691253
v 1.801807 0.440730 0.691253
v 1.778405 0.450873 0.691253
v 1.736617 0.462657 0.691253
v 1.322558 0.308698 0.691253
v 1.702674 0.468642 0.691253
v 1.120717 0.477808 0.691253
v 1.120717 -0.521851 0.691253
v 2.888872 -0.521851 0.691253
v 2.888872 -0.353423 0.691253
v 2.330399 -0.353423 0.691253
v 2.330399 -0.081347 0.691253
v 2.832274 -0.081347 0.691253
v 2.832274 0.087081 0.691253
v 2.330399 0.087081 0.691253
v 2.330399 0.308698 0.691253
v 2.869779 0.308698 0.691253
v 2.869779 0.477808 0.691253
v 2.128558 0.477808 0.691253
v 2.128558 -0.521851 0.691253
v 3.492264 -0.520530 0.691253
v 3.554317 -0.514658 0.691253
v 3.606368 -0.504089 0.691253
v 3.646570 -0.490541 0.691253
v 3.697940 -0.466447 0.691253
v 3.720557 -0.452525 0.691253
v 3.750645 -0.429298 0.691253
v 3.792427 -0.384577 0.691253
v 3.059345 0.477808 0.759212
v 3.059345 -0.521851 0.759212
v 3.486936 0.476614 0.759212
v 3.261186 0.308698 0.759212
v 3.582061 0.467068 0.759212
v 3.618500 0.458715 0.759212
v 3.674340 0.436970 0.759212
v 3.700157 0.422745 0.759212
v 3.724573 0.406284 0.759212
v 3.747586 0.387589 0.759212
v 3.789277 0.343787 0.759212
v 3.261186 -0.353423 0.759212
v 3.824432 0.293099 0.759212
v 3.468260 0.305449 0.759212
v 3.509970 0.300676 0.759212
v 3.544643 0.291608 0.759212
v 3.561312 0.285016 0.759212
v 3.576881 0.277174 0.759212
v 3.591352 0.268082 0.759212
v 3.610999 0.252100 0.759212
v 3.852921 0.235820 0.759212
v 3.622819 0.239750 0.759212
v 3.633729 0.225885 0.759212
v 3.643730 0.210505 0.759212
v 3.869893 0.188431 0.759212
v 3.661005 0.175198 0.759212
v 3.671545 0.144555 0.759212
v 3.886258 0.117116 0.759212
v 3.677228 0.120878 0.759212
v 3.685184 0.064546 0.759212
v 3.895349 0.035875 0.759212
v 3.897182 -0.051902 0.759212
v 3.687457 -0.077618 0.759212
v 3.892068 -0.128502 0.759212
v 3.681774 -0.141356 0.759212
v 3.880135 -0.197525 0.759212
v 3.671545 -0.194260 0.759212
v 3.661128 -0.227130 0.759212
v 3.860237 -0.262215 0.759212
v 3.649159 -0.255195 0.759212
v 3.640351 -0.271276 0.759212
v 3.630880 -0.285255 0.759212
v 3.620747 -0.297131 0.759212
v 3.609917 -0.307050 0.759212
v 3.598192 -0.315876 0.759212
v 3.829893 -0.328018 0.759212
v 3.585539 -0.323756 0.759212
v 3.557449 -0.336674 0.759212
v 3.527367 -0.345401 0.759212
v 3.494523 -0.350175 0.759212
v 3.792427 -0.384577 0.759212
v 3.750645 -0.429298 0.759212
v 3.720557 -0.452525 0.759212
v 3.697940 -0.466447 0.759212
v 3.646570 -0.490541 0.759212
v 3.606368 -0.504089 0.759212
v 3.554317 -0.514658 0.759212
v 3.492264 -0.520530 0.759212
v 2.128558 -0.521851 0.759212
v 2.128558 0.477808 0.759212
v 2.869779 0.477808 0.759212
v 2.869779 0.308698 0.759212
v 2.330399 0.308698 0.759212
v 2.330399 0.087081 0.759212
v 2.832274 0.087081 0.759212
v 2.832274 -0.081347 0.759212
v 2.330399 -0.081347 0.759212
v 2.330399 -0.353423 0.759212
v 2.888872 -0.353423 0.759212
v 2.888872 -0.521851 0.759212
v 1.120717 -0.521851 0.759212
v 1.120717 0.477808 0.759212
v 1.702674 0.468642 0.759212
v 1.322558 0.308698 0.759212
v 1.736617 0.462657 0.759212
v 1.778405 0.450873 0.759212
v 1.801807 0.440730 0.759212
v 1.833892 0.421146 0.759212
v 1.853269 0.405179 0.759212
v 1.871036 0.386881 0.759212
v 1.887193 0.366254 0.759212
v 1.901639 0.343451 0.759212
v 1.913761 0.319395 0.759212
v 1.322558 0.055032 0.759212
v 1.627365 0.305288 0.759212
v 1.643115 0.301926 0.759212
v 1.657633 0.297295 0.759212
v 1.670921 0.291394 0.759212
v 1.927399 0.281251 0.759212
v 1.682977 0.284225 0.759212
v 1.693802 0.275787 0.759212
v 1.703396 0.266079 0.759212
v 1.933460 0.254449 0.759212
v 1.711627 0.255197 0.759212
v 1.718361 0.243236 0.759212
v 1.937097 0.226548 0.759212
v 1.723598 0.230194 0.759212
v 1.727339 0.216073 0.759212
v 1.938309 0.197549 0.759212
v 1.729583 0.200873 0.759212
v 1.730332 0.184593 0.759212
v 1.936472 0.161133 0.759212
v 1.728058 0.156256 0.759212
v 1.725217 0.143338 0.759212
v 1.930960 0.126897 0.759212
v 1.721239 0.131253 0.759212
v 1.716125 0.120002 0.759212
v 1.709874 0.109584 0.759212
v 1.921774 0.094838 0.759212
v 1.702620 0.100075 0.759212
v 1.694494 0.091552 0.759212
v 1.685497 0.084013 0.759212
v 1.675628 0.077459 0.759212
v 1.908912 0.064958 0.759212
v 1.664889 0.071890 0.759212
v 1.653277 0.067306 0.759212
v 1.646496 0.065346 0.759212
v 1.604218 0.059209 0.759212
v 1.892377 0.037256 0.759212
v 1.872166 0.011732 0.759212
v 1.848300 -0.011197 0.759212
v 1.820797 -0.031114 0.759212
v 1.789657 -0.048019 0.759212
v 1.754880 -0.061913 0.759212
v 1.716467 -0.072795 0.759212
v 1.674416 -0.080665 0.759212
v 1.715519 -0.106956 0.759212
v 1.322558 -0.521851 0.759212
v 1.322558 -0.104531 0.759212
v 1.431855 -0.108360 0.759212
v 1.446705 -0.110860 0.759212
v 1.465074 -0.115783 0.759212
v 1.475662 -0.120063 0.759212
v 1.486061 -0.125405 0.759212
v 1.751546 -0.134914 0.759212
v 1.506291 -0.139270 0.759212
v 1.525763 -0.157378 0.759212
v 1.782497 -0.164538 0.759212
v 1.550310 -0.187192 0.759212
v 1.814204 -0.202876 0.759212
v 1.778064 -0.521851 0.759212
v 2.019455 -0.521851 0.759212
v 0.436434 0.493756 0.759212
v 0.512534 0.493903 0.759212
v 0.581273 0.486289 0.759212
v 0.361426 0.484968 0.759212
v 0.645106 0.471060 0.759212
v 0.292782 0.467390 0.759212
v 0.704034 0.448216 0.759212
v 0.249218 0.450200 0.759212
v 0.215273 0.432272 0.759212
v 0.758055 0.417758 0.759212
v 0.783226 0.399674 0.759212
v 0.172199 0.402269 0.759212
v 0.829888 0.357794 0.759212
v 0.131627 0.365295 0.759212
v 0.851072 0.334207 0.759212
v 0.095069 0.323093 0.759212
v 0.498827 0.321748 0.759212
v 0.457909 0.321741 0.759212
v 0.537676 0.317051 0.759212
v 0.419003 0.316987 0.759212
v 0.573778 0.307656 0.759212
v 0.382787 0.307478 0.759212
v 0.887913 0.282572 0.759212
v 0.607134 0.293563 0.759212
v 0.349260 0.293215 0.759212
v 0.622782 0.284755 0.759212
v 0.333506 0.284301 0.759212
v 0.064043 0.277406 0.759212
v 0.652018 0.263617 0.759212
v 0.304014 0.262906 0.759212
v 0.917386 0.224990 0.759212
v 0.678507 0.237780 0.759212
v 0.277212 0.236758 0.759212
v 0.038548 0.228234 0.759212
v 0.690542 0.223082 0.759212
v 0.265013 0.221891 0.759212
v 0.024588 0.192321 0.759212
v 0.711473 0.190048 0.759212
v 0.243799 0.188535 0.759212
v 0.939491 0.161460 0.759212
v 0.728217 0.152165 0.759212
v 0.226827 0.150349 0.759212
v 0.004283 0.112312 0.759212
v 0.740775 0.109432 0.759212
v 0.214099 0.107332 0.759212
v 0.954228 0.091983 0.759212
v 0.749148 0.061851 0.759212
v 0.205613 0.059486 0.759212
v 0.961596 0.016557 0.759212
v -0.005870 0.021392 0.759212
v 0.753334 0.009421 0.759212
v 0.201384 -0.049068 0.759212
v 0.961603 -0.063000 0.759212
v -0.006225 -0.067223 0.759212
v 0.751707 -0.074158 0.759212
v 0.205740 -0.101100 0.759212
v 0.745257 -0.124874 0.759212
v 0.954291 -0.137838 0.759212
v 0.001087 -0.141077 0.759212
v 0.214453 -0.148568 0.759212
v 0.734508 -0.170760 0.759212
v 0.227523 -0.191471 0.759212
v 0.939668 -0.206823 0.759212
v 0.015709 -0.209228 0.759212
v 0.719459 -0.211816 0.759212
v 0.244949 -0.229808 0.759212
v 0.700110 -0.248042 0.759212
v 0.917734 -0.269955 0.759212
v 0.037644 -0.271679 0.759212
v 0.266732 -0.263581 0.759212
v 0.279257 -0.278756 0.759212
v 0.676461 -0.279438 0.759212
v 0.306571 -0.305530 0.759212
v 0.649460 -0.306003 0.759212
v 0.888488 -0.327234 0.759212
v 0.066889 -0.328427 0.759212
v 0.336234 -0.327435 0.759212
v 0.620053 -0.327738 0.759212
v 0.604448 -0.336795 0.759212
v 0.368245 -0.344473 0.759212
v 0.385131 -0.351167 0.759212
v 0.571433 -0.351285 0.759212
v 0.851931 -0.378660 0.759212
v 0.103447 -0.379475 0.759212
v 0.420665 -0.360903 0.759212
v 0.536012 -0.360945 0.759212
v 0.458549 -0.365771 0.759212
v 0.498186 -0.365775 0.759212
v 0.830911 -0.402179 0.759212
v 0.147036 -0.424589 0.759212
v 0.784579 -0.443954 0.759212
v 0.759567 -0.461994 0.759212
v 0.195981 -0.462377 0.759212
v 0.705848 -0.492376 0.759212
v 0.250002 -0.492608 0.759212
v 0.647205 -0.515163 0.759212
v 0.309100 -0.515281 0.759212
v 0.583637 -0.530354 0.759212
v 0.373274 -0.530396 0.759212
v 0.515144 -0.537949 0.759212
v 0.442524 -0.537954 0.759212
v -0.620959 0.490991 0.759212
v -0.547882 0.494855 0.759212
v -0.432755 0.485687 0.759212
v -0.686534 0.479399 0.759212
v -0.382949 0.474228 0.759212
v -0.338313 0.458184 0.759212
v -0.744609 0.460078 0.759212
v -0.770711 0.447605 0.759212
v -0.298848 0.437557 0.759212
v -0.794691 0.433371 0.759212
v -0.816549 0.417375 0.759212
v -0.264554 0.412346 0.759212
v -0.836286 0.399617 0.759212
v -0.235356 0.383308 0.759212
v -0.853902 0.380098 0.759212
v -0.869396 0.358817 0.759212
v -0.211177 0.351202 0.759212
v -0.882627 0.336381 0.759212
v -0.192018 0.316028 0.759212
v -0.509973 0.325681 0.759212
v -0.564323 0.327540 0.759212
v -0.893452 0.313395 0.759212
v -0.486296 0.321931 0.759212
v -0.616602 0.321516 0.759212
v -0.464987 0.316305 0.759212
v -0.639559 0.315493 0.759212
v -0.446045 0.308804 0.759212
v -0.660395 0.307462 0.759212
v -0.429471 0.299428 0.759212
v -0.679109 0.297423 0.759212
v -0.901871 0.289860 0.759212
v -0.422072 0.294037 0.759212
v -0.177878 0.277785 0.759212
v -0.692789 0.287677 0.759212
v -0.408691 0.281583 0.759212
v -0.701692 0.279078 0.759212
v -0.907885 0.265776 0.759212
v -0.396956 0.266723 0.759212
v -0.708814 0.269607 0.759212
v -0.714155 0.259265 0.759212
v -0.386870 0.249458 0.759212
v -0.168758 0.236473 0.759212
v -0.717717 0.248051 0.759212
v -0.911493 0.241142 0.759212
v -0.719497 0.235967 0.759212
v -0.378431 0.229787 0.759212
v -0.719511 0.223759 0.759212
v -0.912696 0.215960 0.759212
v -0.371641 0.207711 0.759212
v -0.717844 0.212508 0.759212
v -0.164657 0.192093 0.759212
v -0.716386 0.207095 0.759212
v -0.712219 0.196696 0.759212
v -0.910139 0.177414 0.759212
v -0.366498 0.183229 0.759212
v -0.706385 0.186865 0.759212
v -0.698884 0.177603 0.759212
v -0.689716 0.168909 0.759212
v -0.673957 0.158150 0.759212
v -0.902468 0.140875 0.759212
v -0.652136 0.147240 0.759212
v -0.889682 0.106345 0.759212
v -0.871782 0.073822 0.759212
v -0.341949 0.054653 0.759212
v -0.848769 0.043308 0.759212
v -0.286375 0.030143 0.759212
v -0.820640 0.014800 0.759212
v -0.242734 0.002337 0.759212
v -0.796130 -0.004236 0.759212
v -0.223470 -0.013839 0.759212
v -0.766240 -0.022249 0.759212
v -0.205911 -0.031531 0.759212
v -0.190057 -0.050737 0.759212
v -0.690323 -0.055207 0.759212
v -0.175908 -0.071459 0.759212
v -0.163719 -0.093782 0.759212
v -0.153747 -0.117790 0.759212
v -0.431278 -0.127716 0.759212
v -0.145990 -0.143485 0.759212
v -0.400176 -0.140710 0.759212
v -0.375969 -0.155143 0.759212
v -0.140449 -0.170865 0.759212
v -0.366450 -0.162900 0.759212
v -0.358656 -0.171016 0.759212
v -0.352301 -0.179606 0.759212
v -0.948837 -0.196587 0.759212
v -0.752451 -0.177494 0.759212
v -0.347102 -0.188783 0.759212
v -0.343058 -0.198548 0.759212
v -0.340169 -0.208899 0.759212
v -0.338436 -0.219838 0.759212
v -0.136017 -0.230682 0.759212
v -0.736578 -0.237577 0.759212
v -0.939972 -0.250277 0.759212
v -0.337858 -0.231364 0.759212
v -0.339232 -0.249387 0.759212
v -0.137343 -0.259019 0.759212
v -0.725601 -0.263242 0.759212
v -0.343351 -0.266633 0.759212
v -0.141321 -0.286749 0.759212
v -0.350218 -0.283103 0.759212
v -0.712598 -0.285991 0.759212
v -0.926561 -0.299516 0.759212
v -0.359831 -0.298796 0.759212
v -0.697568 -0.305823 0.759212
v -0.147950 -0.313873 0.759212
v -0.372190 -0.313712 0.759212
v -0.680511 -0.322738 0.759212
v -0.387296 -0.327852 0.759212
v -0.908605 -0.344303 0.759212
v -0.157232 -0.340391 0.759212
v -0.661389 -0.336906 0.759212
v -0.405110 -0.340458 0.759212
v -0.640165 -0.348498 0.759212
v -0.425595 -0.350771 0.759212
v -0.616839 -0.357515 0.759212
v -0.169165 -0.366303 0.759212
v -0.448751 -0.358793 0.759212
v -0.591410 -0.363955 0.759212
v -0.474578 -0.364523 0.759212
v -0.886102 -0.384639 0.759212
v -0.563878 -0.367819 0.759212
v -0.503076 -0.367961 0.759212
v -0.183750 -0.391609 0.759212
v -0.859054 -0.420524 0.759212
v -0.200759 -0.415542 0.759212
v -0.219966 -0.437334 0.759212
v -0.827459 -0.451957 0.759212
v -0.241369 -0.456986 0.759212
v -0.791149 -0.478731 0.759212
v -0.264970 -0.474498 0.759212
v -0.290769 -0.489869 0.759212
v -0.749951 -0.500637 0.759212
v -0.318765 -0.503099 0.759212
v -0.703866 -0.517675 0.759212
v -0.381727 -0.523367 0.759212
v -0.652894 -0.529845 0.759212
v -0.454235 -0.535527 0.759212
v -0.597036 -0.537147 0.759212
v -0.536290 -0.539581 0.759212
v -1.904172 -0.521851 0.759212
v -1.904172 0.477808 0.759212
v -1.707787 0.477808 0.759212
v -1.298649 -0.189768 0.759212
v -1.298649 0.477808 0.759212
v -1.111128 0.477808 0.759212
v -1.111128 -0.521851 0.759212
v -1.716651 -0.521851 0.759212
v -1.716651 0.130041 0.759212
v -1.313651 -0.521851 0.759212
v -2.837688 -0.521851 0.759212
v -2.837688 0.477808 0.759212
v -2.096467 0.477808 0.759212
v -2.096467 0.308698 0.759212
v -2.635847 0.308698 0.759212
v -2.635847 0.087081 0.759212
v -2.133971 0.087081 0.759212
v -2.133971 -0.081347 0.759212
v -2.635847 -0.081347 0.759212
v -2.635847 -0.353423 0.759212
v -2.077374 -0.353423 0.759212
v -2.077374 -0.521851 0.759212
v -3.413889 0.494855 0.759212
v -3.354660 0.491843 0.759212
v -3.481644 0.491019 0.759212
v -3.299255 0.482808 0.759212
v -3.544889 0.479512 0.759212
v -3.247678 0.467750 0.759212
v -3.603627 0.460334 0.759212
v -3.199926 0.446668 0.759212
v -3.657857 0.433485 0.759212
v -3.156001 0.419563 0.759212
v -3.707578 0.398964 0.759212
v -3.115901 0.386434 0.759212
v -3.752792 0.356771 0.759212
v -3.094119 0.363514 0.759212
v -3.773376 0.332983 0.759212
v -3.074230 0.337489 0.759212
v -3.056235 0.308357 0.759212
v -3.397969 0.321085 0.759212
v -3.424118 0.322335 0.759212
v -3.460003 0.320119 0.759212
v -3.373165 0.317335 0.759212
v -3.493558 0.313471 0.759212
v -3.349706 0.311084 0.759212
v -3.524783 0.302390 0.759212
v -3.809176 0.280761 0.759212
v -3.327592 0.302333 0.759212
v -3.317039 0.297020 0.759212
v -3.553678 0.286877 0.759212
v -3.040135 0.276118 0.759212
v -3.296942 0.284519 0.759212
v -3.580244 0.266931 0.759212
v -3.278290 0.269602 0.759212
v -3.261678 0.252782 0.759212
v -3.604479 0.242554 0.759212
v -3.254175 0.243690 0.759212
v -3.837816 0.222345 0.759212
v -3.615534 0.228570 0.759212
v -3.240773 0.224143 0.759212
v -3.013617 0.202322 0.759212
v -3.229512 0.202776 0.759212
v -3.634760 0.196483 0.759212
v -3.220392 0.179592 0.759212
v -3.213412 0.154589 0.759212
v -3.859295 0.157736 0.759212
v -3.650141 0.158903 0.759212
v -3.661676 0.115830 0.759212
v -3.873615 0.086932 0.759212
v -3.880775 0.009935 0.759212
v -3.673211 0.013205 0.759212
v -3.880780 -0.069515 0.759212
v -3.669430 -0.103849 0.759212
v -3.873658 -0.142611 0.759212
v -3.661854 -0.154916 0.759212
v -3.206594 -0.154310 0.759212
v -3.010889 -0.216362 0.759212
v -3.859414 -0.210156 0.759212
v -3.650489 -0.199921 0.759212
v -3.227050 -0.220984 0.759212
v -3.635335 -0.238865 0.759212
v -3.240006 -0.249434 0.759212
v -3.838048 -0.272152 0.759212
v -3.027548 -0.268575 0.759212
v -3.616394 -0.271747 0.759212
v -3.254781 -0.274626 0.759212
v -3.605502 -0.285916 0.759212
v -3.271374 -0.296561 0.759212
v -3.047522 -0.316108 0.759212
v -3.581636 -0.310502 0.759212
v -3.809559 -0.328598 0.759212
v -3.289785 -0.315237 0.759212
v -3.555497 -0.330618 0.759212
v -3.309730 -0.330864 0.759212
v -3.330926 -0.343649 0.759212
v -3.070811 -0.358964 0.759212
v -3.527084 -0.346263 0.759212
v -3.353371 -0.353594 0.759212
v -3.496399 -0.357439 0.759212
v -3.773950 -0.379494 0.759212
v -3.377067 -0.360697 0.759212
v -3.463441 -0.364144 0.759212
v -3.402013 -0.364959 0.759212
v -3.428210 -0.366379 0.759212
v -3.097414 -0.397140 0.759212
v -3.753474 -0.402861 0.759212
v -3.127332 -0.430638 0.759212
v -3.708771 -0.444428 0.759212
v -3.160565 -0.459458 0.759212
v -3.660130 -0.478437 0.759212
v -3.197018 -0.483732 0.759212
v -3.607548 -0.504889 0.759212
v -3.236597 -0.503592 0.759212
v -3.279300 -0.519039 0.759212
v -3.551026 -0.523784 0.759212
v -3.325130 -0.530072 0.759212
v -3.490565 -0.535120 0.759212
v -3.374084 -0.536692 0.759212
v -3.426163 -0.538899 0.759212
v -5.051956 -1.285937 0.230390
v -5.053829 -1.262141 0.230390
v -5.051956 -1.262141 0.206595
v -5.050082 -1.285940 0.206591
v -4.847234 -1.262141 0.001873
v -4.823439 -1.262141 -0.000000
v -4.823439 -1.285937 0.001873
v -4.847238 -1.285940 0.003747
v -4.823439 -1.490658 0.206595
v -4.823439 -1.492531 0.230390
v -4.847234 -1.490658 0.230390
v -4.847238 -1.488784 0.206591
v -5.045008 -1.262141 0.162735
v -5.037700 -1.262141 0.140244
v -5.035503 -1.285954 0.139808
v -5.042856 -1.285904 0.162385
v -5.017565 -1.262141 0.100724
v -5.003665 -1.262141 0.081592
v -5.001705 -1.285958 0.082085
v -5.015643 -1.285924 0.101251
v -5.044972 -1.329785 0.230390
v -5.042868 -1.330083 0.206627
v -5.035519 -1.352649 0.206580
v -5.037664 -1.352276 0.230390
v -5.027047 -1.331175 0.138481
v -5.019233 -1.353694 0.138492
v -5.027055 -1.353729 0.161000
v -5.034778 -1.331290 0.160923
v -4.994631 -1.329340 0.084000
v -4.987929 -1.352119 0.086675
v -5.002110 -1.352392 0.105798
v -5.008689 -1.329777 0.103085
v -5.017545 -1.391793 0.230390
v -5.015621 -1.391300 0.206609
v -5.001680 -1.410469 0.206574
v -5.003645 -1.410925 0.230390
v -5.001956 -1.386804 0.139927
v -4.987819 -1.405936 0.140326
v -4.994510 -1.408628 0.163085
v -5.008539 -1.389529 0.162542
v -4.976452 -1.378756 0.092079
v -4.960754 -1.399457 0.093075
v -4.976436 -1.400481 0.113772
v -4.989754 -1.380949 0.111617
v -4.823439 -1.329796 0.008821
v -4.823439 -1.352287 0.016129
v -4.847252 -1.352724 0.018326
v -4.847201 -1.330147 0.010973
v -4.823439 -1.391808 0.036264
v -4.823439 -1.410940 0.050164
v -4.847255 -1.410446 0.052124
v -4.847221 -1.391280 0.038187
v -4.891094 -1.262141 0.008821
v -4.891380 -1.285904 0.010961
v -4.913947 -1.285951 0.018310
v -4.913585 -1.262141 0.016129
v -4.892472 -1.354051 0.026782
v -4.914992 -1.354039 0.034596
v -4.915027 -1.331531 0.026774
v -4.892588 -1.331609 0.019051
v -4.890637 -1.408532 0.059198
v -4.913417 -1.405857 0.065900
v -4.913690 -1.386734 0.051719
v -4.891074 -1.389446 0.045140
v -4.972238 -1.262141 0.050164
v -4.953105 -1.262141 0.036264
v -4.952598 -1.285922 0.038208
v -4.971767 -1.285958 0.052148
v -4.950827 -1.329990 0.045290
v -4.948101 -1.352604 0.051873
v -4.967234 -1.352205 0.066010
v -4.969926 -1.329446 0.059319
v -4.942247 -1.380915 0.064075
v -4.940053 -1.400452 0.077377
v -4.960754 -1.399457 0.093075
v -4.961779 -1.378760 0.077393
v -4.891082 -1.483675 0.230390
v -4.913573 -1.476367 0.230390
v -4.914021 -1.474206 0.206577
v -4.891444 -1.481559 0.206628
v -4.953091 -1.456247 0.230390
v -4.972223 -1.442347 0.230390
v -4.971744 -1.440407 0.206574
v -4.952578 -1.454345 0.206608
v -4.823439 -1.483710 0.162735
v -4.847201 -1.481570 0.162449
v -4.847249 -1.474222 0.139882
v -4.823439 -1.476403 0.140244
v -4.915349 -1.465750 0.161357
v -4.915337 -1.457936 0.138837
v -4.892829 -1.465758 0.138802
v -4.892906 -1.473480 0.161241
v -4.969829 -1.433334 0.163192
v -4.967155 -1.426632 0.140412
v -4.948031 -1.440812 0.140140
v -4.950744 -1.447392 0.162755
v -4.823439 -1.442368 0.081592
v -4.823439 -1.456267 0.100724
v -4.847220 -1.454324 0.101231
v -4.847255 -1.440383 0.082062
v -4.891287 -1.447242 0.103002
v -4.913902 -1.440659 0.105728
v -4.913503 -1.426521 0.086595
v -4.890744 -1.433212 0.083903
v -4.942213 -1.428457 0.111582
v -4.961751 -1.415155 0.113775
v -4.960754 -1.399457 0.093075
v -4.940057 -1.415139 0.092050
v 5.051956 -1.262141 0.206595
v 5.053829 -1.262141 0.230390
v 5.051956 -1.285937 0.230390
v 5.050082 -1.285940 0.206591
v 4.847234 -1.490658 0.230390
v 4.823439 -1.492531 0.230390
v 4.823439 -1.490658 0.206595
v 4.847238 -1.488784 0.206591
v 4.823439 -1.285937 0.001873
v 4.823439 -1.262141 -0.000000
v 4.847234 -1.262141 0.001873
v 4.847238 -1.285940 0.003747
v 5.044972 -1.329785 0.230390
v 5.037664 -1.352276 0.230390
v 5.035503 -1.352724 0.206577
v 5.042856 -1.330147 0.206628
v 5.017545 -1.391793 0.230390
v 5.003645 -1.410925 0.230390
v 5.001705 -1.410446 0.206574
v 5.015643 -1.391280 0.206608
v 5.045008 -1.262141 0.162735
v 5.042868 -1.285904 0.162449
v 5.035519 -1.285951 0.139882
v 5.037700 -1.262141 0.140244
v 5.027047 -1.354051 0.161357
v 5.019233 -1.354039 0.138837
v 5.027055 -1.331531 0.138802
v 5.034778 -1.331609 0.161241
v 4.994631 -1.408531 0.163192
v 4.987929 -1.405857 0.140412
v 5.002110 -1.386734 0.140140
v 5.008689 -1.389446 0.162755
v 5.017565 -1.262141 0.100724
v 5.015621 -1.285922 0.101231
v 5.001680 -1.285958 0.082062
v 5.003665 -1.262141 0.081592
v 5.001956 -1.352604 0.105728
v 4.987819 -1.352205 0.086595
v 4.994510 -1.329446 0.083903
v 5.008539 -1.329990 0.103002
v 4.976452 -1.400452 0.113776
v 4.960754 -1.399457 0.093075
v 4.976436 -1.378760 0.092050
v 4.989754 -1.380915 0.111582
v 4.823439 -1.483710 0.162735
v 4.823439 -1.476403 0.140244
v 4.847252 -1.474206 0.139807
v 4.847201 -1.481559 0.162385
v 4.823439 -1.456267 0.100724
v 4.823439 -1.442368 0.081592
v 4.847255 -1.440407 0.082085
v 4.847221 -1.454345 0.101251
v 4.891082 -1.483675 0.230390
v 4.891380 -1.481570 0.206627
v 4.913947 -1.474222 0.206580
v 4.913573 -1.476367 0.230390
v 4.892472 -1.465750 0.138481
v 4.914992 -1.457936 0.138492
v 4.915027 -1.465757 0.161000
v 4.892588 -1.473480 0.160923
v 4.890637 -1.433334 0.084000
v 4.913417 -1.426632 0.086674
v 4.913690 -1.440812 0.105798
v 4.891074 -1.447392 0.103085
v 4.972223 -1.442347 0.230390
v 4.953091 -1.456247 0.230390
v 4.952598 -1.454324 0.206609
v 4.971767 -1.440383 0.206574
v 4.950827 -1.447242 0.162542
v 4.948101 -1.440659 0.139927
v 4.967234 -1.426521 0.140326
v 4.969926 -1.433212 0.163085
v 4.942247 -1.428456 0.111616
v 4.940053 -1.415155 0.092079
v 4.960754 -1.399457 0.093074
v 4.961779 -1.415139 0.113772
v 4.891094 -1.262141 0.008821
v 4.913585 -1.262141 0.016129
v 4.914021 -1.285954 0.018326
v 4.891444 -1.285904 0.010973
v 4.953105 -1.262141 0.036264
v 4.972238 -1.262141 0.050164
v 4.971744 -1.285958 0.052124
v 4.952578 -1.285924 0.038187
v 4.823439 -1.329796 0.008821
v 4.847201 -1.330083 0.010961
v 4.847249 -1.352649 0.018310
v 4.823439 -1.352287 0.016129
v 4.915349 -1.331175 0.026782
v 4.915337 -1.353694 0.034596
v 4.892829 -1.353729 0.026774
v 4.892906 -1.331290 0.019051
v 4.969829 -1.329340 0.059198
v 4.967155 -1.352119 0.065900
v 4.948031 -1.352392 0.051719
v 4.950744 -1.329777 0.045140
v 4.823439 -1.410940 0.050164
v 4.823439 -1.391808 0.036264
v 4.847220 -1.391300 0.038208
v 4.847255 -1.410469 0.052148
v 4.891287 -1.389529 0.045290
v 4.913902 -1.386804 0.051873
v 4.913503 -1.405936 0.066010
v 4.890744 -1.408628 0.059319
v 4.942213 -1.380949 0.064075
v 4.961751 -1.378756 0.077377
v 4.960754 -1.399457 0.093075
v 4.940057 -1.400481 0.077393
v -5.051956 1.262141 0.206595
v -5.053829 1.262141 0.230390
v -5.051956 1.285937 0.230390
v -5.050082 1.285940 0.206591
v -4.847234 1.490658 0.230390
v -4.823439 1.492531 0.230390
v -4.823439 1.490658 0.206595
v -4.847238 1.488784 0.206591
v -4.823439 1.285937 0.001873
v -4.823439 1.262141 0.000000
v -4.847234 1.262141 0.001873
v -4.847238 1.285940 0.003747
v -5.044972 1.329785 0.230390
v -5.037664 1.352276 0.230390
v -5.035503 1.352724 0.206577
v -5.042856 1.330147 0.206628
v -5.017545 1.391793 0.230390
v -5.003645 1.410925 0.230390
v -5.001705 1.410446 0.206574
v -5.015643 1.391280 0.206608
v -5.045008 1.262141 0.162735
v -5.042868 1.285904 0.162449
v -5.035519 1.285951 0.139883
v -5.037700 1.262141 0.140244
v -5.027047 1.354051 0.161357
v -5.019233 1.354039 0.138837
v -5.027055 1.331531 0.138802
v -5.034778 1.331609 0.161241
v -4.994631 1.408531 0.163192
v -4.987929 1.405857 0.140412
v -5.002110 1.386734 0.140140
v -5.008689 1.389446 0.162755
v -5.017565 1.262141 0.100724
v -5.015621 1.285922 0.101231
v -5.001680 1.285958 0.082062
v -5.003665 1.262141 0.081592
v -5.001956 1.352604 0.105728
v -4.987819 1.352205 0.086595
v -4.994510 1.329446 0.083903
v -5.008539 1.329990 0.103002
v -4.976452 1.400452 0.113776
v -4.960754 1.399457 0.093075
v -4.976436 1.378760 0.092051
v -4.989754 1.380915 0.111582
v -4.823439 1.483710 0.162735
v -4.823439 1.476403 0.140244
v -4.847252 1.474206 0.139808
v -4.847201 1.481559 0.162385
v -4.823439 1.456267 0.100724
v -4.823439 1.442368 0.081592
v -4.847255 1.440407 0.082085
v -4.847221 1.454345 0.101251
v -4.891082 1.483675 0.230390
v -4.891380 1.481570 0.206628
v -4.913947 1.474222 0.206580
v -4.913573 1.476367 0.230390
v -4.892472 1.465750 0.138481
v -4.914992 1.457936 0.138492
v -4.915027 1.465757 0.161000
v -4.892588 1.473480 0.160923
v -4.890637 1.433334 0.084000
v -4.913417 1.426632 0.086675
v -4.913690 1.440812 0.105798
v -4.891074 1.447392 0.103085
v -4.972223 1.442347 0.230390
v -4.953091 1.456247 0.230390
v -4.952598 1.454324 0.206609
v -4.971767 1.440383 0.206574
v -4.950827 1.447242 0.162542
v -4.948101 1.440659 0.139927
v -4.967234 1.426521 0.140326
v -4.969926 1.433212 0.163085
v -4.942247 1.428456 0.111617
v -4.940053 1.415155 0.092079
v -4.960754 1.399457 0.093075
v -4.961779 1.415139 0.113772
v -4.891094 1.262141 0.008821
v -4.913585 1.262141 0.016129
v -4.914021 1.285954 0.018326
v -4.891444 1.285904 0.010973
v -4.953105 1.262141 0.036264
v -4.972238 1.262141 0.050164
v -4.971744 1.285958 0.052124
v -4.952578 1.285924 0.038187
v -4.823439 1.329796 0.008821
v -4.847201 1.330083 0.010962
v -4.847249 1.352649 0.018310
v -4.823439 1.352287 0.016129
v -4.915349 1.331175 0.026782
v -4.915337 1.353694 0.034596
v -4.892829 1.353729 0.026774
v -4.892906 1.331290 0.019052
v -4.969829 1.329340 0.059198
v -4.967155 1.352119 0.065900
v -4.948031 1.352392 0.051719
v -4.950744 1.329777 0.045140
v -4.823439 1.410940 0.050164
v -4.823439 1.391808 0.036264
v -4.847220 1.391300 0.038208
v -4.847255 1.410469 0.052148
v -4.891287 1.389529 0.045290
v -4.913902 1.386804 0.051873
v -4.913503 1.405936 0.066010
v -4.890744 1.408628 0.059320
v -4.942213 1.380949 0.064075
v -4.961751 1.378756 0.077377
v -4.960754 1.399457 0.093075
v -4.940057 1.400481 0.077393
v 5.051956 1.285937 0.230390
v 5.053829 1.262141 0.230390
v 5.051956 1.262141 0.206595
v 5.050082 1.285940 0.206591
v 4.847234 1.262141 0.001873
v 4.823439 1.262141 0.000000
v 4.823439 1.285937 0.001873
v 4.847238 1.285940 0.003747
v 4.823439 1.490658 0.206595
v 4.823439 1.492531 0.230390
v 4.847234 1.490658 0.230390
v 4.847238 1.488784 0.206591
v 5.045008 1.262141 0.162735
v 5.037700 1.262141 0.140244
v 5.035503 1.285954 0.139808
v 5.042856 1.285904 0.162385
v 5.017565 1.262141 0.100724
v 5.003665 1.262141 0.081592
v 5.001705 1.285958 0.082085
v 5.015643 1.285924 0.101251
v 5.044972 1.329785 0.230390
v 5.042868 1.330083 0.206628
v 5.035519 1.352649 0.206580
v 5.037664 1.352276 0.230390
v 5.027047 1.331175 0.138481
v 5.019233 1.353694 0.138492
v 5.027055 1.353729 0.161000
v 5.034778 1.331290 0.160923
v 4.994631 1.329340 0.084000
v 4.987929 1.352119 0.086675
v 5.002110 1.352392 0.105798
v 5.008689 1.329777 0.103085
v 5.017545 1.391793 0.230390
v 5.015621 1.391300 0.206609
v 5.001680 1.410469 0.206574
v 5.003645 1.410925 0.230390
v 5.001956 1.386804 0.139927
v 4.987819 1.405936 0.140326
v 4.994510 1.408628 0.163086
v 5.008539 1.389529 0.162542
v 4.976452 1.378756 0.092079
v 4.960754 1.399457 0.093075
v 4.976436 1.400481 0.113772
v 4.989754 1.380949 0.111617
v 4.823439 1.329796 0.008821
v 4.823439 1.352287 0.016129
v 4.847252 1.352724 0.018326
v 4.847201 1.330147 0.010973
v 4.823439 1.391808 0.036264
v 4.823439 1.410940 0.050164
v 4.847255 1.410446 0.052124
v 4.847221 1.391280 0.038187
v 4.891094 1.262141 0.008821
v 4.891380 1.285904 0.010962
v 4.913947 1.285951 0.018310
v 4.913585 1.262141 0.016129
v 4.892472 1.354051 0.026782
v 4.914992 1.354039 0.034596
v 4.915027 1.331531 0.026774
v 4.892588 1.331609 0.019052
v 4.890637 1.408531 0.059198
v 4.913417 1.405857 0.065900
v 4.913690 1.386734 0.051719
v 4.891074 1.389446 0.045140
v 4.972238 1.262141 0.050164
v 4.953105 1.262141 0.036264
v 4.952598 1.285922 0.038208
v 4.971767 1.285958 0.052148
v 4.950827 1.329990 0.045290
v 4.948101 1.352604 0.051873
v 4.967234 1.352205 0.066010
v 4.969926 1.329446 0.059319
v 4.942247 1.380915 0.064075
v 4.940053 1.400452 0.077377
v 4.960754 1.399457 0.093075
v 4.961779 1.378760 0.077393
v 4.891082 1.483675 0.230390
v 4.913573 1.476367 0.230390
v 4.914021 1.474206 0.206577
v 4.891444 1.481559 0.206628
v 4.953091 1.456247 0.230390
v 4.972223 1.442347 0.230390
v 4.971744 1.440407 0.206574
v 4.952578 1.454345 0.206608
v 4.823439 1.483710 0.162735
v 4.847201 1.481570 0.162449
v 4.847249 1.474222 0.139883
v 4.823439 1.476403 0.140244
v 4.915349 1.465750 0.161357
v 4.915337 1.457936 0.138837
v 4.892829 1.465758 0.138802
v 4.892906 1.473480 0.161241
v 4.969829 1.433334 0.163192
v 4.967155 1.426632 0.140412
v 4.948031 1.440812 0.140140
v 4.950744 1.447392 0.162755
v 4.823439 1.442368 0.081592
v 4.823439 1.456267 0.100724
v 4.847220 1.454324 0.101231
v 4.847255 1.440383 0.082062
v 4.891287 1.447242 0.103002
v 4.913902 1.440659 0.105728
v 4.913503 1.426521 0.086596
v 4.890744 1.433212 0.083903
v 4.942213 1.428457 0.111582
v 4.961751 1.415155 0.113776
v 4.960754 1.399457 0.093075
v 4.940057 1.415139 0.092051
v -5.051729 -1.262839 0.552579
v -5.053829 -1.262141 0.528821
v -5.051783 -1.285908 0.528821
v -5.049670 -1.286676 0.552604
v -4.847206 -1.490486 0.528821
v -4.823439 -1.492531 0.528821
v -4.823228 -1.490696 0.552623
v -4.846997 -1.488650 0.552621
v -4.817547 -1.309039 0.756934
v -4.817034 -1.286604 0.759212
v -4.841145 -1.284567 0.757219
v -4.841304 -1.308315 0.754945
v -5.044256 -1.329524 0.528821
v -5.036828 -1.352013 0.528821
v -5.033342 -1.352522 0.552421
v -5.040872 -1.329862 0.552318
v -5.016989 -1.391400 0.528821
v -5.003141 -1.410559 0.528821
v -5.000818 -1.410210 0.552618
v -5.014735 -1.390985 0.552565
v -5.043960 -1.265501 0.596176
v -5.040630 -1.289036 0.595922
v -5.032910 -1.290750 0.618508
v -5.036360 -1.267053 0.618596
v -5.021682 -1.354248 0.594915
v -5.013441 -1.355112 0.617634
v -5.021543 -1.332324 0.617952
v -5.029692 -1.331586 0.595355
v -4.992785 -1.408713 0.594004
v -4.986521 -1.407334 0.617289
v -4.999979 -1.387872 0.617263
v -5.006094 -1.389307 0.594219
v -5.015933 -1.270175 0.658100
v -5.013604 -1.293940 0.657231
v -4.999401 -1.295781 0.676317
v -5.001854 -1.271898 0.677083
v -4.999019 -1.356444 0.651691
v -4.985575 -1.357701 0.671227
v -4.991798 -1.334408 0.673605
v -5.005102 -1.333450 0.654089
v -4.976696 -1.404684 0.645949
v -4.961095 -1.405653 0.667369
v -4.976626 -1.384221 0.667454
v -4.989156 -1.384890 0.647601
v -4.822458 -1.483926 0.596247
v -4.822012 -1.477171 0.618991
v -4.845553 -1.473939 0.618861
v -4.845965 -1.480717 0.596087
v -4.821166 -1.459616 0.657945
v -4.820679 -1.446716 0.677782
v -4.844412 -1.444494 0.677023
v -4.844880 -1.457407 0.657178
v -4.890822 -1.482958 0.528821
v -4.890429 -1.479920 0.552376
v -4.912956 -1.472462 0.552417
v -4.913311 -1.475530 0.528821
v -4.888536 -1.462708 0.618545
v -4.911170 -1.454845 0.618177
v -4.911863 -1.462053 0.595320
v -4.889272 -1.469886 0.595727
v -4.886725 -1.436392 0.674128
v -4.909813 -1.430369 0.671848
v -4.910289 -1.442735 0.651797
v -4.887275 -1.448707 0.654103
v -4.971857 -1.441844 0.528821
v -4.952698 -1.455691 0.528821
v -4.951759 -1.453714 0.552567
v -4.970932 -1.439847 0.552589
v -4.948146 -1.446045 0.594377
v -4.945559 -1.440867 0.617577
v -4.965250 -1.427889 0.617350
v -4.967820 -1.433098 0.594105
v -4.941042 -1.432003 0.647443
v -4.939328 -1.420555 0.667870
v -4.960331 -1.406394 0.667372
v -4.961076 -1.419790 0.645986
v -4.886619 -1.281759 0.749543
v -4.909176 -1.280181 0.742284
v -4.909127 -1.303631 0.738710
v -4.886599 -1.305179 0.745968
v -4.950138 -1.276973 0.722215
v -4.969469 -1.275241 0.708600
v -4.968695 -1.298975 0.706320
v -4.949404 -1.300707 0.719904
v -4.818161 -1.345505 0.749867
v -4.841653 -1.344770 0.746687
v -4.842140 -1.367000 0.738503
v -4.818594 -1.367694 0.741724
v -4.909370 -1.340690 0.727924
v -4.909285 -1.363034 0.719277
v -4.886633 -1.364515 0.726979
v -4.886764 -1.342213 0.735590
v -4.966249 -1.336402 0.698903
v -4.963972 -1.359360 0.692575
v -4.944382 -1.360778 0.705545
v -4.946688 -1.337838 0.711834
v -4.819833 -1.419564 0.708133
v -4.819349 -1.401146 0.722921
v -4.843041 -1.400044 0.720705
v -4.843576 -1.418495 0.705865
v -4.886200 -1.395593 0.711767
v -4.909200 -1.392681 0.705982
v -4.909396 -1.411728 0.692052
v -4.886254 -1.414620 0.697918
v -4.940477 -1.387431 0.695561
v -4.960490 -1.385203 0.683494
v -4.960320 -1.405697 0.668129
v -4.939094 -1.406925 0.682621
v -5.051784 1.285908 0.528821
v -5.053829 1.262141 0.528821
v -5.051762 1.262707 0.552585
v -5.049706 1.286525 0.552606
v -4.844805 1.280007 0.757187
v -4.820925 1.281619 0.759212
v -4.821129 1.304343 0.756985
v -4.844887 1.303755 0.754963
v -4.823358 1.490653 0.552616
v -4.823439 1.492531 0.528821
v -4.847206 1.490486 0.528821
v -4.847127 1.488606 0.552618
v -5.044116 1.264853 0.596186
v -5.036621 1.266104 0.618648
v -5.033186 1.289769 0.618618
v -5.040792 1.288376 0.595997
v -5.016558 1.268600 0.658079
v -5.002619 1.269985 0.677169
v -5.000311 1.293843 0.676433
v -5.014348 1.292365 0.657260
v -5.044256 1.329524 0.528821
v -5.040934 1.329696 0.552327
v -5.033423 1.352315 0.552416
v -5.036828 1.352013 0.528821
v -5.021958 1.331258 0.618341
v -5.013807 1.353991 0.617997
v -5.021826 1.353353 0.595242
v -5.029894 1.330755 0.595672
v -4.992824 1.332985 0.673669
v -4.986608 1.356239 0.671316
v -5.000013 1.355167 0.651826
v -5.006082 1.332192 0.654211
v -5.016989 1.391400 0.528821
v -5.014681 1.390873 0.552547
v -5.000769 1.410090 0.552599
v -5.003141 1.410559 0.528821
v -4.999921 1.387203 0.617401
v -4.986629 1.406793 0.617312
v -4.992720 1.408365 0.594037
v -5.005905 1.388811 0.594324
v -4.977393 1.383286 0.667545
v -4.961981 1.404609 0.667356
v -4.977172 1.403868 0.645928
v -4.989689 1.384088 0.647577
v -4.821378 1.342257 0.749809
v -4.821547 1.364514 0.741821
v -4.845080 1.363968 0.738536
v -4.844859 1.341667 0.746565
v -4.821848 1.399158 0.722798
v -4.822036 1.417738 0.708209
v -4.845783 1.416744 0.706031
v -4.845557 1.398138 0.720658
v -4.889150 1.277815 0.749580
v -4.888987 1.301250 0.746086
v -4.911492 1.300012 0.738719
v -4.911665 1.276551 0.742219
v -4.888319 1.362168 0.727204
v -4.910915 1.360896 0.719299
v -4.911172 1.338453 0.727699
v -4.888631 1.339762 0.735566
v -4.887727 1.413069 0.698342
v -4.910842 1.410287 0.692390
v -4.910776 1.391243 0.706237
v -4.887800 1.394054 0.712095
v -4.970901 1.272637 0.708542
v -4.951675 1.274027 0.722297
v -4.950871 1.297725 0.719912
v -4.970074 1.296341 0.706173
v -4.947861 1.335862 0.711467
v -4.945487 1.358836 0.705271
v -4.965128 1.357609 0.692268
v -4.967478 1.334609 0.698499
v -4.941539 1.386109 0.695537
v -4.940081 1.405740 0.682838
v -4.961189 1.404646 0.668142
v -4.961451 1.383991 0.683263
v -4.890822 1.482958 0.528822
v -4.913311 1.475530 0.528822
v -4.913128 1.472393 0.552421
v -4.890584 1.479862 0.552368
v -4.952698 1.455691 0.528821
v -4.971857 1.441843 0.528821
v -4.971038 1.439885 0.552606
v -4.951863 1.453755 0.552582
v -4.823061 1.483722 0.596236
v -4.846568 1.480523 0.596008
v -4.846438 1.473598 0.618744
v -4.822888 1.476828 0.618930
v -4.912653 1.461925 0.594994
v -4.912157 1.454473 0.617800
v -4.889482 1.462283 0.618149
v -4.890022 1.469695 0.595405
v -4.968114 1.433106 0.594075
v -4.965702 1.427711 0.617312
v -4.946163 1.440848 0.617431
v -4.948600 1.446188 0.594278
v -4.822370 1.445715 0.677666
v -4.822558 1.458816 0.657968
v -4.846251 1.456516 0.657158
v -4.846093 1.443388 0.676877
v -4.888346 1.447634 0.653983
v -4.911370 1.441665 0.651669
v -4.911052 1.429201 0.671730
v -4.887938 1.435223 0.674023
v -4.941722 1.431353 0.647466
v -4.961754 1.419196 0.646014
v -4.961194 1.405380 0.667357
v -4.940111 1.419633 0.667760
v 5.051784 -1.285908 0.528821
v 5.053829 -1.262141 0.528821
v 5.051557 -1.262698 0.552547
v 5.049500 -1.286517 0.552571
v 4.821916 -1.281095 0.757371
v 4.796748 -1.282786 0.759212
v 4.798923 -1.305446 0.756974
v 4.822749 -1.304827 0.755136
v 4.822551 -1.490663 0.552618
v 4.823439 -1.492531 0.528821
v 4.847206 -1.490486 0.528821
v 4.846361 -1.488618 0.552599
v 5.043132 -1.264812 0.596129
v 5.035005 -1.266054 0.618325
v 5.031492 -1.289732 0.618317
v 5.039755 -1.288324 0.595936
v 5.012638 -1.268642 0.658215
v 4.997870 -1.270033 0.676650
v 4.995627 -1.293913 0.675917
v 5.010503 -1.292425 0.657393
v 5.044256 -1.329524 0.528821
v 5.040686 -1.329694 0.552256
v 5.033162 -1.352331 0.552357
v 5.036828 -1.352013 0.528821
v 5.020094 -1.331276 0.618094
v 5.011842 -1.354028 0.617761
v 5.020524 -1.353363 0.595213
v 5.028674 -1.330773 0.595646
v 4.988441 -1.333054 0.673201
v 4.982311 -1.356369 0.670860
v 4.996497 -1.355261 0.651912
v 5.002452 -1.332251 0.654296
v 5.016989 -1.391400 0.528821
v 5.014386 -1.390877 0.552493
v 5.000447 -1.410118 0.552562
v 5.003141 -1.410559 0.528821
v 4.997850 -1.387287 0.617181
v 4.984408 -1.406852 0.617161
v 4.991251 -1.408371 0.594000
v 5.004532 -1.388859 0.594293
v 4.973261 -1.383366 0.667148
v 4.957291 -1.404810 0.667109
v 4.973694 -1.403896 0.645957
v 4.986289 -1.384175 0.647660
v 4.801544 -1.343017 0.749823
v 4.803323 -1.365258 0.741799
v 4.827063 -1.364757 0.738717
v 4.825144 -1.342430 0.746823
v 4.806508 -1.399624 0.722827
v 4.808500 -1.418167 0.708191
v 4.832424 -1.417242 0.706086
v 4.830326 -1.398634 0.720814
v 4.873339 -1.278486 0.749372
v 4.873699 -1.301919 0.745870
v 4.896456 -1.300680 0.739076
v 4.896077 -1.277199 0.742603
v 4.875884 -1.362667 0.726918
v 4.898772 -1.361411 0.719553
v 4.897833 -1.338919 0.728007
v 4.875058 -1.340228 0.735311
v 4.878462 -1.413355 0.698164
v 4.901844 -1.410688 0.692499
v 4.900345 -1.391637 0.706441
v 4.877254 -1.394329 0.711962
v 4.961911 -1.272921 0.708896
v 4.942089 -1.274321 0.721818
v 4.941594 -1.298033 0.719430
v 4.961390 -1.296646 0.706521
v 4.939652 -1.336079 0.711088
v 4.937919 -1.359091 0.704881
v 4.958048 -1.357883 0.692582
v 4.959757 -1.334816 0.698831
v 4.934850 -1.386212 0.695272
v 4.934149 -1.405877 0.682573
v 4.955907 -1.404872 0.668379
v 4.955142 -1.384123 0.683579
v 4.890822 -1.482958 0.528821
v 4.913311 -1.475530 0.528821
v 4.912516 -1.472441 0.552361
v 4.890009 -1.479881 0.552347
v 4.952698 -1.455691 0.528821
v 4.971857 -1.441843 0.528821
v 4.970626 -1.439915 0.552559
v 4.951460 -1.453772 0.552552
v 4.819390 -1.483770 0.596236
v 4.842952 -1.480618 0.596030
v 4.841111 -1.473778 0.618683
v 4.817547 -1.476909 0.618941
v 4.909943 -1.462053 0.595042
v 4.908199 -1.454683 0.617733
v 4.885545 -1.462337 0.618104
v 4.887297 -1.469697 0.595427
v 4.966323 -1.433216 0.594106
v 4.963003 -1.427904 0.617187
v 4.943377 -1.440881 0.617382
v 4.946728 -1.446172 0.594297
v 4.812035 -1.445950 0.677693
v 4.814042 -1.459005 0.657962
v 4.837813 -1.456775 0.657197
v 4.835793 -1.443761 0.676881
v 4.882294 -1.447713 0.653956
v 4.905443 -1.441932 0.651714
v 4.903686 -1.429581 0.671746
v 4.880593 -1.435360 0.673965
v 4.937563 -1.431375 0.647416
v 4.957775 -1.419415 0.646105
v 4.955986 -1.406053 0.667115
v 4.935055 -1.419672 0.667661
v 5.051528 1.262791 0.552541
v 5.053829 1.262141 0.528821
v 5.051783 1.285908 0.528821
v 5.049469 1.286623 0.552568
v 4.847206 1.490486 0.528821
v 4.823439 1.492531 0.528821
v 4.822417 1.490696 0.552623
v 4.846244 1.488650 0.552601
v 4.795707 1.309043 0.756934
v 4.793259 1.286606 0.759212
v 4.818633 1.284594 0.757395
v 4.819540 1.308319 0.755123
v 5.044256 1.329524 0.528821
v 5.036828 1.352013 0.528821
v 5.033070 1.352507 0.552357
v 5.040613 1.329833 0.552242
v 5.016989 1.391400 0.528821
v 5.003141 1.410559 0.528821
v 5.000502 1.410216 0.552582
v 5.014444 1.390969 0.552513
v 5.042991 1.265270 0.596121
v 5.039600 1.288786 0.595863
v 5.031240 1.290423 0.618208
v 5.034775 1.266726 0.618277
v 5.020346 1.354132 0.594893
v 5.011452 1.354956 0.617396
v 5.019643 1.332153 0.617706
v 5.028427 1.331476 0.595335
v 4.991345 1.408630 0.593966
v 4.984340 1.407260 0.617135
v 4.997930 1.387810 0.617040
v 5.004728 1.389255 0.594187
v 5.012074 1.269783 0.658235
v 5.009814 1.293561 0.657365
v 4.994800 1.295314 0.675814
v 4.997194 1.271418 0.676577
v 4.995505 1.356242 0.651779
v 4.981314 1.357455 0.670786
v 4.987428 1.334109 0.673150
v 5.001463 1.333209 0.654171
v 4.973269 1.404516 0.645984
v 4.956496 1.405590 0.667116
v 4.972541 1.384049 0.667057
v 4.985781 1.384764 0.647684
v 4.818799 1.483926 0.596243
v 4.816690 1.477172 0.618987
v 4.840265 1.474036 0.618782
v 4.842371 1.480761 0.596108
v 4.812709 1.459617 0.657944
v 4.810419 1.446717 0.677781
v 4.834213 1.444625 0.677002
v 4.836521 1.457476 0.657219
v 4.890822 1.482958 0.528822
v 4.889859 1.479926 0.552352
v 4.912364 1.472491 0.552355
v 4.913311 1.475530 0.528822
v 4.884647 1.462666 0.618488
v 4.907270 1.454947 0.618106
v 4.909197 1.462111 0.595365
v 4.886579 1.469825 0.595752
v 4.879463 1.436316 0.674049
v 4.902541 1.430537 0.671838
v 4.904447 1.442829 0.651843
v 4.881300 1.448613 0.654080
v 4.971857 1.441844 0.528821
v 4.952698 1.455691 0.528821
v 4.951361 1.453717 0.552534
v 4.970528 1.439861 0.552538
v 4.946292 1.445964 0.594392
v 4.942797 1.440798 0.617521
v 4.962584 1.427962 0.617225
v 4.966046 1.433134 0.594135
v 4.936930 1.431859 0.647396
v 4.934326 1.420388 0.667750
v 4.955198 1.406818 0.667122
v 4.957145 1.419835 0.646074
v 4.871069 1.281458 0.749345
v 4.893838 1.279941 0.742654
v 4.894361 1.303409 0.739066
v 4.871581 1.304874 0.745781
v 4.940716 1.276499 0.721755
v 4.960617 1.274851 0.708947
v 4.960156 1.298602 0.706667
v 4.940297 1.300240 0.719449
v 4.798596 1.345503 0.749869
v 4.822213 1.344810 0.746923
v 4.824383 1.367067 0.738701
v 4.800620 1.367692 0.741725
v 4.896277 1.340543 0.728199
v 4.897372 1.362948 0.719536
v 4.874444 1.364352 0.726725
v 4.873441 1.342013 0.735329
v 4.958658 1.336148 0.699210
v 4.957021 1.359180 0.692883
v 4.936957 1.360511 0.705187
v 4.938625 1.337534 0.711464
v 4.806439 1.419564 0.708133
v 4.804169 1.401147 0.722922
v 4.827991 1.400091 0.720833
v 4.830388 1.418581 0.705938
v 4.875813 1.395465 0.711611
v 4.898926 1.392702 0.706154
v 4.900524 1.411781 0.692175
v 4.877116 1.414533 0.697760
v 4.933882 1.387205 0.695295
v 4.954261 1.385043 0.683789
v 4.955108 1.405662 0.668374
v 4.933244 1.406756 0.682388
vt 0.945348 0.604105
vt 0.945331 0.596621
vt 0.952064 0.596584
vt 0.952080 0.604068
vt 0.912953 0.783962
vt 0.913009 0.779001
vt 0.919741 0.779004
vt 0.919686 0.783965
vt 0.932273 0.165284
vt 0.932287 0.166586
vt 0.925554 0.166583
vt 0.925541 0.165281
vt 0.912929 0.786599
vt 0.919662 0.786602
vt 0.899475 0.048750
vt 0.899471 0.040063
vt 0.906204 0.040064
vt 0.906208 0.048751
vt 0.932194 0.194262
vt 0.932195 0.208307
vt 0.925462 0.208300
vt 0.925462 0.194255
vt 0.881612 0.910907
vt 0.881580 0.913526
vt 0.874847 0.913525
vt 0.874879 0.910906
vt 0.827474 0.565159
vt 0.827471 0.567211
vt 0.820738 0.567251
vt 0.820741 0.565199
vt 0.912982 0.842191
vt 0.912933 0.837146
vt 0.919666 0.837149
vt 0.919714 0.842194
vt 0.913041 0.846665
vt 0.919773 0.846668
vt 0.894556 0.294897
vt 0.894556 0.393942
vt 0.874558 0.336785
vt 0.874558 0.311652
vt 0.836897 0.295805
vt 0.827486 0.562379
vt 0.827477 0.564192
vt 0.820744 0.564232
vt 0.820753 0.562419
vt 0.835624 0.352835
vt 0.839696 0.350230
vt 0.835530 0.349450
vt 0.831724 0.348372
vt 0.828279 0.346996
vt 0.825193 0.345321
vt 0.822468 0.343347
vt 0.820103 0.341075
vt 0.818101 0.338547
vt 0.816463 0.335802
vt 0.815188 0.332841
vt 0.814278 0.329665
vt 0.813732 0.326273
vt 0.813550 0.322665
vt 0.813670 0.319792
vt 0.814030 0.317027
vt 0.814631 0.314372
vt 0.815982 0.310592
vt 0.817183 0.308209
vt 0.818615 0.305950
vt 0.820215 0.303906
vt 0.821976 0.302093
vt 0.823896 0.300511
vt 0.827075 0.298571
vt 0.829393 0.297566
vt 0.833534 0.296398
vt 0.844358 0.311990
vt 0.842798 0.312323
vt 0.841359 0.312782
vt 0.840043 0.313367
vt 0.838848 0.314077
vt 0.837776 0.314913
vt 0.836825 0.315875
vt 0.836010 0.316953
vt 0.835342 0.318138
vt 0.834823 0.319430
vt 0.834453 0.320829
vt 0.834230 0.322335
vt 0.834156 0.323949
vt 0.834382 0.326756
vt 0.834663 0.328036
vt 0.835057 0.329233
vt 0.835564 0.330348
vt 0.836183 0.331380
vt 0.836902 0.332322
vt 0.837707 0.333167
vt 0.838598 0.333914
vt 0.839576 0.334563
vt 0.840640 0.335115
vt 0.841791 0.335569
vt 0.842463 0.335763
vt 0.846652 0.336371
vt 0.874558 0.393942
vt 0.874558 0.352595
vt 0.863729 0.352974
vt 0.862258 0.353222
vt 0.860438 0.353709
vt 0.859389 0.354134
vt 0.858358 0.354663
vt 0.856354 0.356037
vt 0.854425 0.357831
vt 0.851993 0.360785
vt 0.829427 0.393942
vt 0.805510 0.393942
vt 0.825846 0.362339
vt 0.828988 0.358540
vt 0.832054 0.355605
vt 0.829031 0.803379
vt 0.904362 0.803379
vt 0.904362 0.820067
vt 0.849029 0.820067
vt 0.849029 0.847024
vt 0.898754 0.847024
vt 0.898754 0.863712
vt 0.849029 0.863712
vt 0.849029 0.885669
vt 0.902470 0.885669
vt 0.902470 0.902424
vt 0.829031 0.902424
vt 0.932204 0.214542
vt 0.925471 0.214535
vt 0.913041 0.776707
vt 0.919773 0.776710
vt 0.829620 0.647545
vt 0.828160 0.654429
vt 0.807227 0.653510
vt 0.808471 0.649276
vt 0.809300 0.644561
vt 0.809715 0.639367
vt 0.809553 0.631086
vt 0.830349 0.632189
vt 0.830349 0.640072
vt 0.841948 0.102573
vt 0.836791 0.101526
vt 0.832808 0.100184
vt 0.827718 0.097797
vt 0.825477 0.096417
vt 0.822496 0.094116
vt 0.818357 0.089685
vt 0.814644 0.084081
vt 0.811638 0.077562
vt 0.832551 0.076866
vt 0.833424 0.078459
vt 0.834362 0.079844
vt 0.835366 0.081021
vt 0.836439 0.082004
vt 0.837601 0.082878
vt 0.838855 0.083659
vt 0.841638 0.084939
vt 0.844618 0.085804
vt 0.847872 0.086277
vt 0.870991 0.086598
vt 0.870991 0.020996
vt 0.848624 0.004359
vt 0.890990 0.004241
vt 0.890990 0.103286
vt 0.848096 0.103155
vt 0.902470 0.794898
vt 0.829031 0.794898
vt 0.829031 0.695852
vt 0.904362 0.695852
vt 0.904362 0.712540
vt 0.849029 0.712540
vt 0.849029 0.739497
vt 0.898754 0.739497
vt 0.898754 0.756185
vt 0.849029 0.756185
vt 0.849029 0.778142
vt 0.902470 0.778142
vt 0.899476 0.031969
vt 0.906209 0.031970
vt 0.813055 0.811601
vt 0.813112 0.806747
vt 0.819844 0.806754
vt 0.819788 0.811607
vt 0.825971 0.660724
vt 0.823051 0.666429
vt 0.819401 0.671545
vt 0.817303 0.673882
vt 0.812680 0.678032
vt 0.810186 0.679824
vt 0.804834 0.682842
vt 0.798996 0.685106
vt 0.792671 0.686616
vt 0.785861 0.687371
vt 0.778321 0.687357
vt 0.770889 0.686487
vt 0.764087 0.684746
vt 0.759771 0.683043
vt 0.756408 0.681267
vt 0.752140 0.678294
vt 0.748120 0.674631
vt 0.744497 0.670450
vt 0.741423 0.665924
vt 0.738896 0.661052
vt 0.737513 0.657494
vt 0.735500 0.649567
vt 0.734494 0.640559
vt 0.734458 0.631779
vt 0.735182 0.624462
vt 0.736630 0.617709
vt 0.738802 0.611521
vt 0.741700 0.605898
vt 0.745321 0.600840
vt 0.749640 0.596370
vt 0.754489 0.592626
vt 0.759841 0.589630
vt 0.765696 0.587383
vt 0.772054 0.585885
vt 0.778915 0.585136
vt 0.786111 0.585135
vt 0.792897 0.585887
vt 0.799195 0.587392
vt 0.805006 0.589649
vt 0.810328 0.592659
vt 0.812807 0.594446
vt 0.817398 0.598585
vt 0.819480 0.600915
vt 0.823103 0.606010
vt 0.826001 0.611685
vt 0.828175 0.617940
vt 0.829624 0.624775
vt 0.808913 0.626061
vt 0.807848 0.621514
vt 0.806357 0.617447
vt 0.804439 0.613858
vt 0.802096 0.610747
vt 0.799420 0.608115
vt 0.796507 0.605962
vt 0.794960 0.605065
vt 0.791689 0.603630
vt 0.788180 0.602673
vt 0.784432 0.602194
vt 0.780505 0.602195
vt 0.776751 0.602678
vt 0.773231 0.603643
vt 0.771558 0.604306
vt 0.768386 0.605994
vt 0.765447 0.608165
vt 0.762741 0.610818
vt 0.761500 0.612322
vt 0.759342 0.615668
vt 0.757616 0.619467
vt 0.756322 0.623718
vt 0.755459 0.628421
vt 0.755028 0.633576
vt 0.755448 0.644331
vt 0.756289 0.649072
vt 0.757550 0.653334
vt 0.759232 0.657117
vt 0.761334 0.660422
vt 0.762543 0.661895
vt 0.765199 0.664485
vt 0.768121 0.666605
vt 0.769682 0.667488
vt 0.773004 0.668901
vt 0.776592 0.669843
vt 0.780447 0.670313
vt 0.784501 0.670314
vt 0.788350 0.669848
vt 0.791927 0.668917
vt 0.795232 0.667520
vt 0.796782 0.666647
vt 0.799679 0.664553
vt 0.802303 0.661993
vt 0.803495 0.660536
vt 0.805569 0.657263
vt 0.852133 0.402424
vt 0.859382 0.403140
vt 0.865742 0.404722
vt 0.868598 0.405843
vt 0.871251 0.407189
vt 0.873701 0.408762
vt 0.875949 0.410562
vt 0.877993 0.412587
vt 0.879835 0.414839
vt 0.881446 0.417243
vt 0.882799 0.419725
vt 0.883895 0.422284
vt 0.884732 0.424921
vt 0.885310 0.427635
vt 0.885631 0.430428
vt 0.885594 0.436370
vt 0.885229 0.439114
vt 0.884635 0.441706
vt 0.883810 0.444146
vt 0.882754 0.446434
vt 0.881494 0.448578
vt 0.880056 0.450582
vt 0.878438 0.452449
vt 0.876642 0.454177
vt 0.872515 0.457218
vt 0.867185 0.460013
vt 0.837142 0.471242
vt 0.835058 0.472467
vt 0.833573 0.473636
vt 0.832724 0.474557
vt 0.832045 0.475523
vt 0.831534 0.476534
vt 0.831192 0.477590
vt 0.831084 0.478134
vt 0.830994 0.479258
vt 0.831078 0.480464
vt 0.831335 0.481647
vt 0.831762 0.482732
vt 0.832359 0.483718
vt 0.833126 0.484607
vt 0.834064 0.485397
vt 0.835482 0.486269
vt 0.837399 0.487136
vt 0.839512 0.487790
vt 0.841822 0.488232
vt 0.847030 0.488478
vt 0.852390 0.487930
vt 0.854706 0.487401
vt 0.856775 0.486702
vt 0.858597 0.485833
vt 0.860172 0.484796
vt 0.860868 0.484213
vt 0.862107 0.482892
vt 0.863168 0.481345
vt 0.864049 0.479571
vt 0.864752 0.477570
vt 0.865275 0.475342
vt 0.865619 0.472887
vt 0.885631 0.472412
vt 0.885523 0.476827
vt 0.884898 0.480971
vt 0.883756 0.484846
vt 0.882098 0.488452
vt 0.879923 0.491788
vt 0.877231 0.494853
vt 0.874010 0.497575
vt 0.870247 0.499879
vt 0.865942 0.501763
vt 0.861095 0.503230
vt 0.849776 0.504907
vt 0.842526 0.505014
vt 0.835966 0.504308
vt 0.830096 0.502787
vt 0.827432 0.501728
vt 0.824966 0.500482
vt 0.822699 0.499047
vt 0.820629 0.497424
vt 0.818757 0.495612
vt 0.817082 0.493612
vt 0.815624 0.491483
vt 0.814400 0.489283
vt 0.813410 0.487013
vt 0.812655 0.484673
vt 0.812133 0.482262
vt 0.811845 0.479780
vt 0.811840 0.475953
vt 0.812354 0.472290
vt 0.813386 0.468791
vt 0.814938 0.465456
vt 0.817009 0.462285
vt 0.819598 0.459279
vt 0.821894 0.457233
vt 0.824728 0.455252
vt 0.832012 0.451486
vt 0.857133 0.442583
vt 0.860121 0.441091
vt 0.862417 0.439502
vt 0.863306 0.438671
vt 0.864022 0.437817
vt 0.864593 0.436925
vt 0.865046 0.435983
vt 0.865380 0.434991
vt 0.865596 0.433948
vt 0.865694 0.432855
vt 0.865674 0.431712
vt 0.865418 0.429940
vt 0.864895 0.428262
vt 0.864106 0.426680
vt 0.863051 0.425193
vt 0.861729 0.423801
vt 0.860141 0.422505
vt 0.858296 0.421378
vt 0.856202 0.420496
vt 0.853859 0.419858
vt 0.851267 0.419464
vt 0.848427 0.419315
vt 0.842418 0.419737
vt 0.839722 0.420303
vt 0.837251 0.421110
vt 0.835006 0.422157
vt 0.832986 0.423445
vt 0.831190 0.424974
vt 0.829617 0.426760
vt 0.828264 0.428821
vt 0.827131 0.431157
vt 0.826218 0.433768
vt 0.825051 0.439813
vt 0.805510 0.439241
vt 0.806027 0.433874
vt 0.807023 0.428917
vt 0.808498 0.424370
vt 0.810452 0.420232
vt 0.812886 0.416503
vt 0.815799 0.413184
vt 0.819209 0.410294
vt 0.823135 0.407853
vt 0.827576 0.405860
vt 0.832533 0.404316
vt 0.838006 0.403220
vt 0.843995 0.402573
vt 0.850475 0.021318
vt 0.846342 0.021791
vt 0.842906 0.022689
vt 0.841255 0.023342
vt 0.839713 0.024119
vt 0.838279 0.025020
vt 0.836332 0.026604
vt 0.835161 0.027827
vt 0.834080 0.029201
vt 0.833089 0.030725
vt 0.831378 0.034223
vt 0.830333 0.037259
vt 0.829770 0.039605
vt 0.828982 0.045186
vt 0.828757 0.059272
vt 0.829320 0.065587
vt 0.830333 0.070829
vt 0.831365 0.074085
vt 0.809666 0.071152
vt 0.808484 0.064313
vt 0.807977 0.056724
vt 0.808159 0.048027
vt 0.809060 0.039978
vt 0.810681 0.032912
vt 0.812363 0.028217
vt 0.815185 0.022541
vt 0.818669 0.017519
vt 0.822799 0.013179
vt 0.825079 0.011327
vt 0.827498 0.009696
vt 0.830056 0.008287
vt 0.835589 0.006132
vt 0.839199 0.005305
vt 0.797623 0.879213
vt 0.797581 0.873716
vt 0.804314 0.873719
vt 0.804356 0.879217
vt 0.899486 0.056282
vt 0.906219 0.056283
vt 0.886552 0.210813
vt 0.867972 0.210813
vt 0.867972 0.146224
vt 0.828043 0.210813
vt 0.807977 0.210813
vt 0.807977 0.111768
vt 0.826557 0.111768
vt 0.826557 0.177911
vt 0.867094 0.111768
vt 0.886552 0.111768
vt 0.800048 0.766905
vt 0.800723 0.764424
vt 0.820549 0.769024
vt 0.817970 0.776352
vt 0.816395 0.779557
vt 0.814631 0.782455
vt 0.812678 0.785046
vt 0.810534 0.787331
vt 0.806583 0.790639
vt 0.802248 0.793353
vt 0.797531 0.795473
vt 0.792430 0.796998
vt 0.786947 0.797929
vt 0.781080 0.798266
vt 0.774365 0.797929
vt 0.768091 0.796830
vt 0.762259 0.794968
vt 0.756869 0.792343
vt 0.751921 0.788954
vt 0.747414 0.784803
vt 0.745359 0.782460
vt 0.741778 0.777309
vt 0.738903 0.771540
vt 0.736733 0.765152
vt 0.735269 0.758147
vt 0.734510 0.750522
vt 0.734458 0.742651
vt 0.735116 0.735404
vt 0.736484 0.728703
vt 0.738561 0.722547
vt 0.741347 0.716936
vt 0.744842 0.711870
vt 0.746856 0.709542
vt 0.751258 0.705395
vt 0.756055 0.701994
vt 0.761248 0.699339
vt 0.766836 0.697430
vt 0.772819 0.696268
vt 0.779197 0.695852
vt 0.784358 0.696037
vt 0.789213 0.696661
vt 0.793761 0.697725
vt 0.798002 0.699228
vt 0.801936 0.701170
vt 0.805563 0.703551
vt 0.808874 0.706385
vt 0.811860 0.709685
vt 0.814520 0.713450
vt 0.816855 0.717681
vt 0.818865 0.722378
vt 0.820549 0.727540
vt 0.801200 0.733814
vt 0.799130 0.727222
vt 0.797828 0.724411
vt 0.796348 0.721925
vt 0.794690 0.719762
vt 0.792853 0.717924
vt 0.790867 0.716388
vt 0.788759 0.715135
vt 0.786529 0.714165
vt 0.784176 0.713476
vt 0.781702 0.713070
vt 0.779106 0.712946
vt 0.775616 0.713190
vt 0.772355 0.713876
vt 0.769322 0.715003
vt 0.766517 0.716572
vt 0.763941 0.718581
vt 0.761592 0.721033
vt 0.760522 0.722444
vt 0.758667 0.725714
vt 0.757190 0.729582
vt 0.756094 0.734048
vt 0.755376 0.739113
vt 0.755077 0.750712
vt 0.756286 0.760873
vt 0.757457 0.765133
vt 0.759005 0.768846
vt 0.760930 0.772013
vt 0.762034 0.773391
vt 0.764451 0.775791
vt 0.767096 0.777750
vt 0.769969 0.779268
vt 0.773070 0.780346
vt 0.776399 0.780983
vt 0.779956 0.781179
vt 0.782546 0.781039
vt 0.785001 0.780651
vt 0.787321 0.780017
vt 0.789506 0.779135
vt 0.790548 0.778602
vt 0.792531 0.777351
vt 0.794370 0.775861
vt 0.796005 0.774183
vt 0.796742 0.773278
vt 0.798057 0.771332
vt 0.799159 0.769208
vt 0.912891 0.792182
vt 0.919623 0.792185
vt 0.932203 0.188631
vt 0.925471 0.188624
vt 0.899505 0.063016
vt 0.906237 0.063018
vt 0.387532 0.705220
vt 0.387527 0.688060
vt 0.486572 0.688033
vt 0.486578 0.707085
vt 0.469822 0.707090
vt 0.469837 0.760531
vt 0.447879 0.760537
vt 0.447866 0.710812
vt 0.431178 0.710816
vt 0.431191 0.760541
vt 0.404234 0.760549
vt 0.404219 0.705216
vt 0.946630 0.548095
vt 0.946633 0.552021
vt 0.939900 0.552024
vt 0.939897 0.548098
vt 0.881588 0.941634
vt 0.881612 0.943334
vt 0.874879 0.943333
vt 0.874855 0.941633
vt 0.932210 0.186243
vt 0.925478 0.186236
vt 0.946632 0.544336
vt 0.939899 0.544339
vt 0.881554 0.916333
vt 0.874821 0.916332
vt 0.899490 0.024804
vt 0.906223 0.024805
vt 0.946640 0.555761
vt 0.939907 0.555763
vt 0.881568 0.939769
vt 0.874835 0.939768
vt 0.932224 0.183123
vt 0.925491 0.183116
vt 0.946639 0.540803
vt 0.939906 0.540806
vt 0.945329 0.593319
vt 0.952062 0.593282
vt 0.471084 0.836041
vt 0.471209 0.838632
vt 0.470990 0.842187
vt 0.470333 0.845512
vt 0.469236 0.848606
vt 0.467699 0.851470
vt 0.465724 0.854102
vt 0.463309 0.856504
vt 0.461924 0.857600
vt 0.458745 0.859505
vt 0.455022 0.861031
vt 0.450755 0.862175
vt 0.440587 0.863320
vt 0.428990 0.862948
vt 0.423930 0.862199
vt 0.419470 0.861074
vt 0.415612 0.859574
vt 0.412353 0.857698
vt 0.410949 0.856620
vt 0.408512 0.854256
vt 0.406518 0.851666
vt 0.404968 0.848852
vt 0.403859 0.845812
vt 0.403194 0.842546
vt 0.402972 0.839056
vt 0.403112 0.836460
vt 0.403533 0.833989
vt 0.404237 0.831641
vt 0.405221 0.829416
vt 0.406488 0.827316
vt 0.408035 0.825339
vt 0.409885 0.823515
vt 0.412058 0.821870
vt 0.414554 0.820405
vt 0.417372 0.819121
vt 0.423978 0.817092
vt 0.454583 0.817760
vt 0.457061 0.818451
vt 0.459358 0.819354
vt 0.461475 0.820469
vt 0.463412 0.821796
vt 0.464313 0.822539
vt 0.465980 0.824185
vt 0.467459 0.826032
vt 0.468698 0.828023
vt 0.469225 0.829069
vt 0.470092 0.831260
vt 0.470712 0.833583
vt 0.459307 0.797963
vt 0.417824 0.797704
vt 0.387552 0.780551
vt 0.486597 0.780525
vt 0.487105 0.826256
vt 0.485612 0.821146
vt 0.483522 0.816416
vt 0.480835 0.812065
vt 0.477552 0.808092
vt 0.475280 0.805935
vt 0.472701 0.803965
vt 0.469814 0.802183
vt 0.466620 0.800589
vt 0.412652 0.799356
vt 0.407942 0.801336
vt 0.403697 0.803645
vt 0.399915 0.806282
vt 0.396597 0.809247
vt 0.393743 0.812541
vt 0.391338 0.816153
vt 0.389372 0.820075
vt 0.387843 0.824306
vt 0.486567 0.668575
vt 0.420413 0.628056
vt 0.486556 0.628038
vt 0.452111 0.669463
vt 0.387522 0.669480
vt 0.387511 0.629551
vt 0.433729 0.567780
vt 0.436996 0.575301
vt 0.421615 0.573939
vt 0.415661 0.572368
vt 0.413118 0.571281
vt 0.410864 0.569993
vt 0.408898 0.568504
vt 0.407222 0.566815
vt 0.405818 0.564921
vt 0.404669 0.562818
vt 0.403775 0.560507
vt 0.403136 0.557988
vt 0.402752 0.555260
vt 0.402737 0.549236
vt 0.403077 0.546412
vt 0.403643 0.543853
vt 0.404438 0.541559
vt 0.405459 0.539529
vt 0.406707 0.537764
vt 0.408108 0.536267
vt 0.409586 0.535041
vt 0.411140 0.534089
vt 0.412772 0.533408
vt 0.414480 0.533000
vt 0.416266 0.532863
vt 0.417408 0.532920
vt 0.418492 0.533091
vt 0.419518 0.533377
vt 0.420485 0.533778
vt 0.421395 0.534292
vt 0.422246 0.534922
vt 0.423050 0.535694
vt 0.423819 0.536637
vt 0.425250 0.539035
vt 0.426538 0.542116
vt 0.471462 0.549901
vt 0.471648 0.555286
vt 0.471053 0.560465
vt 0.470456 0.562740
vt 0.469661 0.564805
vt 0.468667 0.566659
vt 0.467702 0.568015
vt 0.466850 0.568897
vt 0.465912 0.569603
vt 0.464887 0.570133
vt 0.463776 0.570486
vt 0.462579 0.570662
vt 0.461370 0.570664
vt 0.460255 0.570499
vt 0.459718 0.570355
vt 0.458688 0.569942
vt 0.457714 0.569365
vt 0.456796 0.568622
vt 0.455934 0.567714
vt 0.454868 0.566153
vt 0.453786 0.563991
vt 0.444605 0.533260
vt 0.442175 0.527755
vt 0.458217 0.515691
vt 0.457344 0.535689
vt 0.459770 0.536198
vt 0.461958 0.536870
vt 0.463907 0.537706
vt 0.465618 0.538705
vt 0.467090 0.539867
vt 0.468325 0.541193
vt 0.468859 0.541925
vt 0.469788 0.543567
vt 0.470532 0.545444
vt 0.471090 0.547555
vt 0.486697 0.567390
vt 0.487844 0.560893
vt 0.486551 0.609458
vt 0.387506 0.609486
vt 0.387908 0.569134
vt 0.389598 0.573700
vt 0.391769 0.577781
vt 0.394423 0.581378
vt 0.397538 0.584507
vt 0.401094 0.587186
vt 0.405092 0.589415
vt 0.409529 0.591193
vt 0.414408 0.592520
vt 0.419728 0.593397
vt 0.438782 0.578262
vt 0.440669 0.580690
vt 0.443494 0.583476
vt 0.446518 0.585755
vt 0.449741 0.587528
vt 0.453162 0.588794
vt 0.456783 0.589553
vt 0.460602 0.589805
vt 0.463097 0.589685
vt 0.465538 0.589327
vt 0.467924 0.588731
vt 0.470255 0.587896
vt 0.472532 0.586823
vt 0.474755 0.585511
vt 0.476863 0.583975
vt 0.478797 0.582230
vt 0.480556 0.580274
vt 0.482140 0.578107
vt 0.483549 0.575731
vt 0.484785 0.573145
vt 0.485481 0.470361
vt 0.487221 0.463559
vt 0.487314 0.542246
vt 0.486177 0.537311
vt 0.484586 0.532889
vt 0.482541 0.528980
vt 0.480042 0.525583
vt 0.477165 0.522690
vt 0.473983 0.520296
vt 0.470497 0.518398
vt 0.466708 0.516998
vt 0.462615 0.516096
vt 0.439418 0.523432
vt 0.437815 0.521523
vt 0.436062 0.519784
vt 0.434158 0.518214
vt 0.432105 0.516813
vt 0.429893 0.515605
vt 0.427514 0.514618
vt 0.424968 0.513850
vt 0.422255 0.513302
vt 0.416328 0.512865
vt 0.413521 0.512997
vt 0.410773 0.513391
vt 0.408086 0.514049
vt 0.405459 0.514969
vt 0.402892 0.516152
vt 0.400385 0.517598
vt 0.398014 0.519284
vt 0.395856 0.521187
vt 0.393909 0.523309
vt 0.392175 0.525648
vt 0.390652 0.528204
vt 0.389342 0.530978
vt 0.387336 0.537217
vt 0.388118 0.468771
vt 0.390366 0.474625
vt 0.393363 0.479977
vt 0.397109 0.484825
vt 0.401579 0.489143
vt 0.406638 0.492764
vt 0.412262 0.495659
vt 0.418450 0.497831
vt 0.425203 0.499278
vt 0.432520 0.500000
vt 0.441300 0.499963
vt 0.450308 0.498954
vt 0.458235 0.496941
vt 0.461793 0.495556
vt 0.466664 0.493029
vt 0.471190 0.489954
vt 0.475370 0.486331
vt 0.479032 0.482310
vt 0.482004 0.478041
vt 0.483779 0.474678
vt 0.763208 0.874931
vt 0.759154 0.874851
vt 0.755310 0.874305
vt 0.751740 0.873293
vt 0.748447 0.871816
vt 0.746903 0.870902
vt 0.744023 0.868726
vt 0.741418 0.866084
vt 0.740239 0.864588
vt 0.738201 0.861243
vt 0.736594 0.857427
vt 0.735416 0.853142
vt 0.734667 0.848385
vt 0.734458 0.837624
vt 0.734990 0.832478
vt 0.735944 0.827793
vt 0.737322 0.823568
vt 0.739122 0.819804
vt 0.741345 0.816500
vt 0.742615 0.815021
vt 0.745372 0.812422
vt 0.748353 0.810309
vt 0.751557 0.808683
vt 0.753242 0.808052
vt 0.756781 0.807156
vt 0.760543 0.806747
vt 0.764470 0.806823
vt 0.768207 0.807374
vt 0.771698 0.808399
vt 0.774940 0.809899
vt 0.776469 0.810826
vt 0.779340 0.813036
vt 0.781963 0.815719
vt 0.784245 0.818875
vt 0.786092 0.822501
vt 0.787504 0.826597
vt 0.788480 0.831163
vt 0.789021 0.836199
vt 0.789021 0.844482
vt 0.788506 0.849668
vt 0.787585 0.854365
vt 0.786258 0.858574
vt 0.784526 0.862294
vt 0.782389 0.865526
vt 0.781169 0.866959
vt 0.778495 0.869467
vt 0.775558 0.871505
vt 0.773991 0.872347
vt 0.770660 0.873679
vt 0.767065 0.874540
vt 0.388121 0.435271
vt 0.386618 0.441570
vt 0.387446 0.388356
vt 0.486491 0.388330
vt 0.487346 0.441777
vt 0.485835 0.435452
vt 0.483570 0.429615
vt 0.480551 0.424263
vt 0.478759 0.421770
vt 0.474608 0.417148
vt 0.472270 0.415050
vt 0.467154 0.411401
vt 0.461448 0.408482
vt 0.455153 0.406293
vt 0.448268 0.404835
vt 0.440795 0.404107
vt 0.432913 0.404109
vt 0.425498 0.404835
vt 0.418663 0.406286
vt 0.412409 0.408461
vt 0.406734 0.411360
vt 0.401640 0.414983
vt 0.399310 0.417067
vt 0.395173 0.421659
vt 0.393386 0.424137
vt 0.390377 0.429460
vt 0.830305 0.523698
vt 0.830643 0.553898
vt 0.805510 0.553898
vt 0.805924 0.525991
vt 0.806532 0.521802
vt 0.806726 0.521130
vt 0.807181 0.519980
vt 0.807732 0.518916
vt 0.808382 0.517938
vt 0.809129 0.517046
vt 0.809973 0.516241
vt 0.810915 0.515523
vt 0.811947 0.514903
vt 0.813062 0.514397
vt 0.814260 0.514003
vt 0.815539 0.513721
vt 0.818347 0.513496
vt 0.819960 0.513570
vt 0.821466 0.513792
vt 0.822865 0.514163
vt 0.824157 0.514682
vt 0.825342 0.515349
vt 0.826421 0.516164
vt 0.827382 0.517115
vt 0.828219 0.518188
vt 0.828929 0.519382
vt 0.829513 0.520699
vt 0.829972 0.522137
vt 0.428788 0.368347
vt 0.387440 0.368358
vt 0.387428 0.323227
vt 0.420592 0.345784
vt 0.423547 0.348215
vt 0.425341 0.350143
vt 0.426715 0.352148
vt 0.427245 0.353178
vt 0.427669 0.354227
vt 0.428158 0.356047
vt 0.428406 0.357518
vt 0.387421 0.299310
vt 0.387419 0.288500
vt 0.486464 0.288473
vt 0.485567 0.330670
vt 0.484973 0.327307
vt 0.483805 0.323167
vt 0.482799 0.320848
vt 0.480858 0.317670
vt 0.479275 0.315751
vt 0.477462 0.313991
vt 0.475418 0.312391
vt 0.473158 0.310960
vt 0.470774 0.309760
vt 0.466995 0.308409
vt 0.464339 0.307809
vt 0.461575 0.307450
vt 0.458701 0.307331
vt 0.455093 0.307514
vt 0.451701 0.308061
vt 0.448525 0.308972
vt 0.445565 0.310247
vt 0.442821 0.311886
vt 0.440292 0.313889
vt 0.438021 0.316254
vt 0.436049 0.318980
vt 0.434375 0.322065
vt 0.432999 0.325511
vt 0.431922 0.329318
vt 0.431143 0.333484
vt 0.428537 0.329412
vt 0.425766 0.325844
vt 0.422830 0.322778
vt 0.419031 0.319637
vt 0.387398 0.213169
vt 0.387394 0.196279
vt 0.486439 0.196252
vt 0.486444 0.215034
vt 0.469689 0.215038
vt 0.469703 0.268480
vt 0.447746 0.268486
vt 0.447732 0.218760
vt 0.431045 0.218765
vt 0.431058 0.268490
vt 0.404101 0.268497
vt 0.404086 0.213164
vt 0.850212 0.219295
vt 0.850212 0.284897
vt 0.827093 0.284575
vt 0.823839 0.284102
vt 0.820858 0.283237
vt 0.818075 0.281958
vt 0.816821 0.281177
vt 0.815660 0.280302
vt 0.814587 0.279320
vt 0.813583 0.278143
vt 0.812644 0.276758
vt 0.811772 0.275165
vt 0.810586 0.272384
vt 0.809554 0.269127
vt 0.808540 0.263885
vt 0.807977 0.257570
vt 0.808202 0.243485
vt 0.808991 0.237904
vt 0.809554 0.235558
vt 0.810598 0.232522
vt 0.812310 0.229023
vt 0.813300 0.227500
vt 0.814381 0.226126
vt 0.815552 0.224902
vt 0.817499 0.223319
vt 0.818933 0.222418
vt 0.820476 0.221641
vt 0.822127 0.220988
vt 0.825562 0.220089
vt 0.829695 0.219616
vt 0.677188 0.976553
vt 0.677195 0.980900
vt 0.672918 0.980647
vt 0.672878 0.976226
vt 0.472273 0.873236
vt 0.566292 0.977001
vt 0.311834 0.976684
vt 0.401682 0.873312
vt 0.406725 0.876839
vt 0.412319 0.879660
vt 0.418462 0.881775
vt 0.425155 0.883184
vt 0.432397 0.883888
vt 0.440269 0.883885
vt 0.447898 0.883174
vt 0.454912 0.881753
vt 0.461313 0.879623
vt 0.467100 0.876784
vt 0.599449 0.969934
vt 0.602310 0.018914
vt 0.606642 0.018513
vt 0.603780 0.969918
vt 0.782340 0.568951
vt 0.752774 0.569032
vt 0.752752 0.564772
vt 0.782318 0.564718
vt 0.783952 0.013601
vt 0.783990 0.009666
vt 0.788127 0.009775
vt 0.788175 0.013352
vt 0.278905 0.022098
vt 0.278905 0.977903
vt 0.274559 0.977903
vt 0.274559 0.022098
vt 0.022097 0.015394
vt 0.272201 0.015394
vt 0.272201 0.019740
vt 0.022097 0.019740
vt 0.711283 0.016531
vt 0.681716 0.016460
vt 0.681719 0.012159
vt 0.711287 0.012206
vt 0.932218 0.219666
vt 0.925486 0.219659
vt 0.827472 0.569423
vt 0.820739 0.569463
vt 0.912864 0.798180
vt 0.919596 0.798183
vt 0.932233 0.222812
vt 0.925500 0.222805
vt 0.932249 0.162252
vt 0.925517 0.162249
vt 0.912895 0.831530
vt 0.919628 0.831533
vt 0.899532 0.069265
vt 0.906265 0.069266
vt 0.827477 0.571794
vt 0.820744 0.571835
vt 0.912848 0.804592
vt 0.919580 0.804595
vt 0.932250 0.225470
vt 0.925517 0.225463
vt 0.827486 0.574325
vt 0.820753 0.574366
vt 0.912867 0.825342
vt 0.919600 0.825345
vt 0.940770 0.228788
vt 0.940770 0.208634
vt 0.947502 0.208620
vt 0.947502 0.228775
vt 0.912843 0.811419
vt 0.919576 0.811422
vt 0.932262 0.226975
vt 0.925529 0.226968
vt 0.797548 0.867541
vt 0.804280 0.867544
vt 0.912850 0.818582
vt 0.919583 0.818585
vt 0.932275 0.228266
vt 0.925542 0.228259
vt 0.932230 0.158649
vt 0.925497 0.158647
vt 0.932288 0.229344
vt 0.925556 0.229337
vt 0.932214 0.154476
vt 0.925481 0.154474
vt 0.869874 0.544107
vt 0.869873 0.536859
vt 0.876606 0.536857
vt 0.876607 0.544105
vt 0.851042 0.910906
vt 0.851035 0.912004
vt 0.844302 0.912012
vt 0.844309 0.910914
vt 0.797524 0.860689
vt 0.804256 0.860693
vt 0.869888 0.555486
vt 0.876621 0.555484
vt 0.851029 0.913189
vt 0.844296 0.913197
vt 0.797509 0.853160
vt 0.804241 0.853163
vt 0.869881 0.530334
vt 0.876614 0.530332
vt 0.899572 0.075548
vt 0.906305 0.075550
vt 0.932196 0.144419
vt 0.925463 0.144416
vt 0.869900 0.560389
vt 0.876633 0.560387
vt 0.851023 0.914463
vt 0.844290 0.914470
vt 0.797503 0.845322
vt 0.804235 0.845326
vt 0.869917 0.564768
vt 0.876650 0.564766
vt 0.851016 0.917278
vt 0.844283 0.917286
vt 0.932194 0.132825
vt 0.925462 0.132822
vt 0.869895 0.524531
vt 0.876628 0.524530
vt 0.851012 0.920281
vt 0.844279 0.920289
vt 0.797507 0.838046
vt 0.804240 0.838049
vt 0.869905 0.521914
vt 0.876638 0.521912
vt 0.851012 0.923546
vt 0.844279 0.923554
vt 0.932201 0.127724
vt 0.925468 0.127721
vt 0.869938 0.568623
vt 0.876671 0.568621
vt 0.851042 0.946666
vt 0.844309 0.946673
vt 0.919576 0.931592
vt 0.919576 0.950814
vt 0.912843 0.950793
vt 0.912843 0.931571
vt 0.869917 0.519501
vt 0.876650 0.519499
vt 0.899620 0.080867
vt 0.906352 0.080868
vt 0.797521 0.831251
vt 0.804254 0.831254
vt 0.869930 0.517294
vt 0.876663 0.517293
vt 0.909396 0.406973
vt 0.909448 0.402433
vt 0.916181 0.402424
vt 0.916128 0.406964
vt 0.932212 0.123195
vt 0.925479 0.123192
vt 0.869962 0.571954
vt 0.876695 0.571952
vt 0.909371 0.410159
vt 0.916103 0.410150
vt 0.805510 0.575813
vt 0.805524 0.569425
vt 0.812257 0.569476
vt 0.812243 0.575864
vt 0.869945 0.515293
vt 0.876678 0.515292
vt 0.909357 0.412520
vt 0.916090 0.412511
vt 0.932228 0.119237
vt 0.925495 0.119234
vt 0.943398 0.920540
vt 0.943416 0.917460
vt 0.950149 0.917431
vt 0.950130 0.920511
vt 0.909337 0.417813
vt 0.916069 0.417804
vt 0.805524 0.566738
vt 0.812257 0.566790
vt 0.869962 0.513498
vt 0.876695 0.513496
vt 0.909328 0.421905
vt 0.916061 0.421896
vt 0.797545 0.824938
vt 0.804277 0.824941
vt 0.940086 0.438767
vt 0.940063 0.436811
vt 0.946796 0.436811
vt 0.946819 0.438767
vt 0.909327 0.427138
vt 0.916059 0.427130
vt 0.945403 0.009280
vt 0.945413 0.004241
vt 0.952146 0.004286
vt 0.952136 0.009325
vt 0.943387 0.923887
vt 0.950119 0.923858
vt 0.909335 0.433314
vt 0.916068 0.433305
vt 0.932248 0.115851
vt 0.925515 0.115848
vt 0.940043 0.434720
vt 0.946775 0.434720
vt 0.909448 0.476027
vt 0.916181 0.476018
vt 0.805519 0.564389
vt 0.812252 0.564441
vt 0.943383 0.927502
vt 0.950116 0.927472
vt 0.884473 0.683748
vt 0.884473 0.585135
vt 0.891206 0.585144
vt 0.891206 0.683757
vt 0.932260 0.114372
vt 0.925527 0.114369
vt 0.934843 0.931438
vt 0.934850 0.936782
vt 0.928117 0.936778
vt 0.928110 0.931434
vt 0.916980 0.193666
vt 0.916980 0.267080
vt 0.910247 0.267079
vt 0.910247 0.193665
vt 0.805510 0.562379
vt 0.812243 0.562431
vt 0.940026 0.432553
vt 0.946758 0.432553
vt 0.934987 0.776716
vt 0.934987 0.829918
vt 0.928254 0.829909
vt 0.928254 0.776707
vt 0.945400 0.013833
vt 0.952132 0.013878
vt 0.934857 0.939082
vt 0.928124 0.939078
vt 0.952203 0.078144
vt 0.952203 0.094855
vt 0.945470 0.094849
vt 0.945470 0.078138
vt 0.932287 0.111770
vt 0.925554 0.111768
vt 0.934847 0.926225
vt 0.928115 0.926221
vt 0.950164 0.885541
vt 0.950164 0.907440
vt 0.943431 0.907435
vt 0.943431 0.885535
vt 0.797578 0.819106
vt 0.804311 0.819109
vt 0.934866 0.941131
vt 0.928134 0.941127
vt 0.771619 0.883414
vt 0.771619 0.933122
vt 0.764886 0.933120
vt 0.764886 0.883412
vt 0.896883 0.910906
vt 0.896867 0.912778
vt 0.890134 0.912779
vt 0.890150 0.910907
vt 0.934854 0.923904
vt 0.928122 0.923900
vt 0.786833 0.883421
vt 0.786833 0.932924
vt 0.780101 0.932914
vt 0.780101 0.883412
vt 0.896863 0.939136
vt 0.896883 0.941672
vt 0.890150 0.941673
vt 0.890131 0.939137
vt 0.934879 0.942929
vt 0.928146 0.942925
vt 0.955501 0.294903
vt 0.955501 0.311546
vt 0.948768 0.311540
vt 0.948768 0.294897
vt 0.896853 0.914794
vt 0.890120 0.914796
vt 0.934864 0.921774
vt 0.928132 0.921770
vt 0.931416 0.548311
vt 0.931416 0.575196
vt 0.924683 0.575191
vt 0.924683 0.548305
vt 0.896843 0.916927
vt 0.890110 0.916928
vt 0.934893 0.944476
vt 0.928161 0.944472
vt 0.891910 0.513498
vt 0.891910 0.568811
vt 0.885177 0.568810
vt 0.885177 0.513496
vt 0.945403 0.017899
vt 0.952136 0.017945
vt 0.934877 0.919834
vt 0.928145 0.919830
vt 0.899687 0.660129
vt 0.899687 0.585135
vt 0.906420 0.585145
vt 0.906420 0.660138
vt 0.896848 0.936363
vt 0.890115 0.936364
vt 0.940012 0.430309
vt 0.946744 0.430309
vt 0.955439 0.367532
vt 0.955439 0.384175
vt 0.948707 0.384169
vt 0.948707 0.367526
vt 0.896834 0.919176
vt 0.890101 0.919177
vt 0.934902 0.945155
vt 0.928169 0.945151
vt 0.854045 0.683748
vt 0.854045 0.585136
vt 0.860778 0.585144
vt 0.860778 0.683757
vt 0.896837 0.933352
vt 0.890104 0.933354
vt 0.943387 0.931383
vt 0.950119 0.931354
vt 0.797622 0.813756
vt 0.804354 0.813759
vt 0.934890 0.918393
vt 0.928158 0.918389
vt 0.912843 0.753468
vt 0.912887 0.695852
vt 0.919620 0.695860
vt 0.919576 0.753476
vt 0.896829 0.921542
vt 0.890096 0.921543
vt 0.906220 0.089349
vt 0.906211 0.090702
vt 0.899478 0.090737
vt 0.899487 0.089384
vt 0.912845 0.756814
vt 0.919578 0.756822
vt 0.896829 0.930106
vt 0.890096 0.930107
vt 0.934902 0.917435
vt 0.928169 0.917431
vt 0.912852 0.760922
vt 0.919585 0.760930
vt 0.896826 0.924024
vt 0.890093 0.924025
vt 0.940001 0.427989
vt 0.946734 0.427989
vt 0.912860 0.763214
vt 0.919592 0.763222
vt 0.896826 0.926622
vt 0.890093 0.926623
vt 0.906205 0.092276
vt 0.899473 0.092311
vt 0.912874 0.766340
vt 0.919607 0.766348
vt 0.950220 0.842716
vt 0.950229 0.843601
vt 0.943496 0.843603
vt 0.943487 0.842719
vt 0.912887 0.768218
vt 0.919620 0.768226
vt 0.945413 0.021480
vt 0.952146 0.021525
vt 0.950212 0.841733
vt 0.943479 0.841736
vt 0.933534 0.296833
vt 0.933554 0.294897
vt 0.940287 0.294899
vt 0.940267 0.296835
vt 0.797647 0.811261
vt 0.804380 0.811265
vt 0.906204 0.094073
vt 0.899471 0.094108
vt 0.933516 0.298988
vt 0.940249 0.298990
vt 0.854615 0.516761
vt 0.854659 0.513496
vt 0.861392 0.513498
vt 0.861347 0.516762
vt 0.943398 0.935531
vt 0.950130 0.935502
vt 0.933501 0.301346
vt 0.940234 0.301348
vt 0.797703 0.806747
vt 0.804436 0.806750
vt 0.950206 0.840651
vt 0.943474 0.840653
vt 0.933488 0.303811
vt 0.940221 0.303813
vt 0.854577 0.520309
vt 0.861310 0.520311
vt 0.939993 0.425592
vt 0.946726 0.425593
vt 0.854659 0.574240
vt 0.854605 0.569761
vt 0.861338 0.569763
vt 0.861392 0.574242
vt 0.950203 0.839469
vt 0.943470 0.839472
vt 0.947503 0.175073
vt 0.947503 0.200139
vt 0.940770 0.200133
vt 0.940770 0.175067
vt 0.854546 0.524132
vt 0.861279 0.524134
vt 0.906205 0.096091
vt 0.899473 0.096126
vt 0.835798 0.910924
vt 0.835763 0.940957
vt 0.829031 0.940939
vt 0.829065 0.910906
vt 0.854561 0.564823
vt 0.861294 0.564825
vt 0.950201 0.838263
vt 0.943468 0.838266
vt 0.835766 0.942479
vt 0.829033 0.942460
vt 0.854522 0.528222
vt 0.861255 0.528224
vt 0.939989 0.423119
vt 0.946721 0.423120
vt 0.835771 0.943867
vt 0.829038 0.943849
vt 0.854505 0.532579
vt 0.861237 0.532581
vt 0.906211 0.098332
vt 0.899478 0.098367
vt 0.835778 0.945123
vt 0.829045 0.945104
vt 0.854528 0.559425
vt 0.861261 0.559427
vt 0.950202 0.837139
vt 0.943469 0.837142
vt 0.933474 0.307678
vt 0.940207 0.307680
vt 0.854494 0.537203
vt 0.861226 0.537205
vt 0.943416 0.939946
vt 0.950149 0.939917
vt 0.835787 0.946245
vt 0.829054 0.946226
vt 0.854505 0.553568
vt 0.861238 0.553569
vt 0.950203 0.836594
vt 0.943470 0.836597
vt 0.835798 0.947233
vt 0.829065 0.947215
vt 0.854490 0.542093
vt 0.861222 0.542095
vt 0.950206 0.835536
vt 0.943474 0.835539
vt 0.952117 0.669439
vt 0.952105 0.670485
vt 0.945372 0.670482
vt 0.945384 0.669435
vt 0.854492 0.547251
vt 0.861225 0.547253
vt 0.939987 0.419293
vt 0.946720 0.419294
vt 0.933469 0.310371
vt 0.940201 0.310373
vt 0.906220 0.100795
vt 0.899487 0.100830
vt 0.952094 0.671635
vt 0.945362 0.671631
vt 0.943435 0.715844
vt 0.943435 0.695852
vt 0.950167 0.695857
vt 0.950167 0.715849
vt 0.952086 0.672877
vt 0.945354 0.672873
vt 0.950212 0.834523
vt 0.943479 0.834525
vt 0.933466 0.313154
vt 0.940199 0.313156
vt 0.950219 0.833553
vt 0.943487 0.833556
vt 0.952080 0.674212
vt 0.945348 0.674208
vt 0.950229 0.832628
vt 0.943496 0.832631
vt 0.952076 0.675640
vt 0.945344 0.675636
vt 0.925481 0.239358
vt 0.925476 0.237825
vt 0.932209 0.237850
vt 0.932214 0.239383
vt 0.933466 0.316028
vt 0.940199 0.316030
vt 0.939993 0.415618
vt 0.946726 0.415618
vt 0.952074 0.677160
vt 0.945342 0.677156
vt 0.925483 0.241491
vt 0.932216 0.241516
vt 0.952074 0.678773
vt 0.945342 0.678769
vt 0.940006 0.412093
vt 0.946738 0.412094
vt 0.933470 0.319613
vt 0.940203 0.319615
vt 0.940026 0.408719
vt 0.946758 0.408720
vt 0.952079 0.681547
vt 0.945347 0.681543
vt 0.925461 0.271971
vt 0.932194 0.271996
vt 0.952084 0.682795
vt 0.945351 0.682791
vt 0.940052 0.405496
vt 0.946785 0.405497
vt 0.933479 0.322957
vt 0.940211 0.322959
vt 0.925465 0.277412
vt 0.932198 0.277437
vt 0.952090 0.683951
vt 0.945357 0.683947
vt 0.940086 0.402424
vt 0.946819 0.402424
vt 0.952097 0.685013
vt 0.945365 0.685009
vt 0.925475 0.281662
vt 0.932208 0.281687
vt 0.952106 0.685983
vt 0.945374 0.685979
vt 0.812951 0.936431
vt 0.812936 0.934192
vt 0.819668 0.934238
vt 0.819683 0.936478
vt 0.933491 0.326058
vt 0.940224 0.326060
vt 0.925483 0.283527
vt 0.932216 0.283552
vt 0.952117 0.686854
vt 0.945384 0.686850
vt 0.812925 0.931412
vt 0.819657 0.931459
vt 0.940225 0.342396
vt 0.940218 0.343223
vt 0.933485 0.343228
vt 0.933492 0.342401
vt 0.930237 0.054815
vt 0.930256 0.052940
vt 0.936989 0.052942
vt 0.936969 0.054817
vt 0.940213 0.344134
vt 0.933480 0.344139
vt 0.930219 0.056828
vt 0.936952 0.056829
vt 0.940208 0.345128
vt 0.933475 0.345134
vt 0.812917 0.924233
vt 0.819650 0.924279
vt 0.933508 0.328918
vt 0.940241 0.328920
vt 0.930204 0.058978
vt 0.936937 0.058979
vt 0.940204 0.346206
vt 0.933471 0.346212
vt 0.930192 0.061272
vt 0.936924 0.061273
vt 0.940201 0.347368
vt 0.933468 0.347374
vt 0.930181 0.063716
vt 0.936914 0.063717
vt 0.940200 0.348045
vt 0.933467 0.348051
vt 0.812951 0.899361
vt 0.819683 0.899408
vt 0.940199 0.352249
vt 0.933466 0.352254
vt 0.930174 0.066311
vt 0.936907 0.066312
vt 0.940225 0.380157
vt 0.933492 0.380162
vt 0.812948 0.896415
vt 0.819681 0.896462
vt 0.933529 0.331536
vt 0.940262 0.331538
vt 0.812940 0.894163
vt 0.819672 0.894210
vt 0.933554 0.333912
vt 0.940287 0.333914
vt 0.930169 0.069057
vt 0.936902 0.069058
vt 0.914847 0.084468
vt 0.914863 0.081899
vt 0.921595 0.081864
vt 0.921579 0.084433
vt 0.812934 0.893297
vt 0.819666 0.893343
vt 0.914837 0.087367
vt 0.921569 0.087333
vt 0.950209 0.752741
vt 0.950198 0.753614
vt 0.943466 0.753602
vt 0.943476 0.752729
vt 0.914834 0.090598
vt 0.921566 0.090563
vt 0.950189 0.754520
vt 0.943457 0.754508
vt 0.914837 0.094158
vt 0.921569 0.094123
vt 0.950201 0.776707
vt 0.950201 0.796208
vt 0.943468 0.796212
vt 0.943468 0.776711
vt 0.914847 0.098049
vt 0.921579 0.098014
vt 0.950182 0.755474
vt 0.943449 0.755462
vt 0.914863 0.102270
vt 0.921595 0.102235
vt 0.950176 0.756474
vt 0.943443 0.756462
vt 0.911073 0.279715
vt 0.911073 0.283718
vt 0.904340 0.283676
vt 0.904340 0.279673
vt 0.950172 0.757522
vt 0.943439 0.757510
vt 0.943435 0.744239
vt 0.943435 0.724330
vt 0.950167 0.724339
vt 0.950167 0.744248
vt 0.950169 0.758617
vt 0.943436 0.758605
vt 0.804236 0.894680
vt 0.804236 0.935918
vt 0.797503 0.935912
vt 0.797503 0.894674
vt 0.930168 0.075000
vt 0.936901 0.075001
vt 0.952099 0.643157
vt 0.952075 0.653902
vt 0.945342 0.653873
vt 0.945367 0.643129
vt 0.909773 0.387201
vt 0.909788 0.393253
vt 0.903056 0.393286
vt 0.903040 0.387234
vt 0.952074 0.655343
vt 0.945342 0.655315
vt 0.940807 0.138115
vt 0.940785 0.132737
vt 0.947518 0.132704
vt 0.947539 0.138082
vt 0.952076 0.657108
vt 0.945344 0.657080
vt 0.950167 0.759760
vt 0.943435 0.759748
vt 0.952080 0.658113
vt 0.945347 0.658084
vt 0.950168 0.761525
vt 0.943436 0.761513
vt 0.952085 0.659088
vt 0.945352 0.659060
vt 0.930172 0.077790
vt 0.936904 0.077791
vt 0.911069 0.276220
vt 0.904336 0.276178
vt 0.909771 0.384586
vt 0.903038 0.384618
vt 0.952099 0.660954
vt 0.945367 0.660925
vt 0.950173 0.763188
vt 0.943440 0.763176
vt 0.936860 0.643129
vt 0.936852 0.645095
vt 0.930120 0.645147
vt 0.930128 0.643181
vt 0.930178 0.080502
vt 0.936911 0.080503
vt 0.930174 0.007439
vt 0.930186 0.004288
vt 0.936918 0.004241
vt 0.936907 0.007392
vt 0.950181 0.764749
vt 0.943449 0.764737
vt 0.936848 0.648263
vt 0.930115 0.648315
vt 0.909773 0.382244
vt 0.903040 0.382276
vt 0.930168 0.011456
vt 0.936901 0.011409
vt 0.940773 0.127756
vt 0.947505 0.127723
vt 0.936860 0.683385
vt 0.930128 0.683437
vt 0.950193 0.766208
vt 0.943461 0.766196
vt 0.914901 0.686391
vt 0.914901 0.662581
vt 0.921634 0.662591
vt 0.921634 0.686400
vt 0.909778 0.380176
vt 0.903046 0.380208
vt 0.930186 0.044459
vt 0.936918 0.044412
vt 0.930188 0.083134
vt 0.936920 0.083135
vt 0.914834 0.042304
vt 0.914835 0.034766
vt 0.921568 0.034768
vt 0.921567 0.042306
vt 0.950209 0.767565
vt 0.943476 0.767553
vt 0.914840 0.049092
vt 0.921573 0.049094
vt 0.909788 0.378381
vt 0.903056 0.378413
vt 0.914843 0.027314
vt 0.921576 0.027316
vt 0.947476 0.237825
vt 0.947464 0.239358
vt 0.940731 0.239358
vt 0.940744 0.237825
vt 0.914853 0.055374
vt 0.921586 0.055377
vt 0.940768 0.123171
vt 0.947501 0.123139
vt 0.914860 0.020469
vt 0.921593 0.020471
vt 0.930200 0.085687
vt 0.936933 0.085689
vt 0.914873 0.061151
vt 0.921606 0.061154
vt 0.947463 0.266529
vt 0.947476 0.268386
vt 0.940744 0.268386
vt 0.940730 0.266530
vt 0.914876 0.016109
vt 0.921609 0.016112
vt 0.947453 0.241156
vt 0.940720 0.241156
vt 0.914892 0.012700
vt 0.921625 0.012703
vt 0.947452 0.264458
vt 0.940719 0.264458
vt 0.914900 0.066422
vt 0.921633 0.066424
vt 0.947444 0.243211
vt 0.940711 0.243212
vt 0.914916 0.068868
vt 0.921649 0.068870
vt 0.947443 0.262171
vt 0.940710 0.262171
vt 0.914920 0.008356
vt 0.921653 0.008358
vt 0.930216 0.088162
vt 0.936949 0.088163
vt 0.914954 0.073380
vt 0.921687 0.073383
vt 0.947438 0.245526
vt 0.940705 0.245526
vt 0.914954 0.004241
vt 0.921687 0.004243
vt 0.947437 0.259669
vt 0.940704 0.259669
vt 0.909445 0.486992
vt 0.909469 0.484508
vt 0.916202 0.484512
vt 0.916178 0.486996
vt 0.947433 0.248099
vt 0.940700 0.248099
vt 0.813112 0.884809
vt 0.813062 0.880984
vt 0.819795 0.880990
vt 0.819844 0.884815
vt 0.940773 0.118984
vt 0.947505 0.118951
vt 0.946630 0.503130
vt 0.946634 0.507166
vt 0.939902 0.507164
vt 0.939897 0.503128
vt 0.947433 0.256952
vt 0.940700 0.256952
vt 0.946645 0.510954
vt 0.939912 0.510952
vt 0.947431 0.250930
vt 0.940698 0.250931
vt 0.946633 0.499248
vt 0.939900 0.499246
vt 0.946662 0.514427
vt 0.939930 0.514425
vt 0.930234 0.090557
vt 0.936967 0.090558
vt 0.946643 0.495587
vt 0.939910 0.495585
vt 0.940785 0.115194
vt 0.947518 0.115161
vt 0.909404 0.492361
vt 0.916137 0.492364
vt 0.930256 0.092799
vt 0.936989 0.092800
vt 0.946686 0.517585
vt 0.939953 0.517583
vt 0.839246 0.515595
vt 0.839276 0.513496
vt 0.846009 0.513499
vt 0.845979 0.515598
vt 0.946660 0.492146
vt 0.939927 0.492144
vt 0.940807 0.111800
vt 0.947539 0.111768
vt 0.946700 0.519046
vt 0.939968 0.519044
vt 0.839220 0.517890
vt 0.845952 0.517893
vt 0.946671 0.490509
vt 0.939938 0.490507
vt 0.839276 0.575652
vt 0.839234 0.572321
vt 0.845967 0.572325
vt 0.846009 0.575655
vt 0.813020 0.876764
vt 0.819752 0.876771
vt 0.839197 0.520382
vt 0.845929 0.520386
vt 0.946733 0.521731
vt 0.940001 0.521729
vt 0.839177 0.523071
vt 0.845909 0.523074
vt 0.946699 0.487399
vt 0.939966 0.487397
vt 0.839200 0.568463
vt 0.845932 0.568466
vt 0.909371 0.498263
vt 0.916104 0.498267
vt 0.839160 0.525956
vt 0.845893 0.525960
vt 0.934953 0.695857
vt 0.934920 0.698650
vt 0.928187 0.698646
vt 0.928221 0.695852
vt 0.839171 0.564077
vt 0.845904 0.564081
vt 0.946733 0.484511
vt 0.940001 0.484508
vt 0.839136 0.532356
vt 0.845869 0.532360
vt 0.812984 0.872149
vt 0.819717 0.872156
vt 0.839149 0.559164
vt 0.845882 0.559167
vt 0.934905 0.700212
vt 0.928172 0.700207
vt 0.839125 0.539622
vt 0.845857 0.539626
vt 0.934934 0.907568
vt 0.934949 0.908949
vt 0.928217 0.908948
vt 0.928201 0.907567
vt 0.839134 0.553722
vt 0.845867 0.553726
vt 0.812965 0.868736
vt 0.819698 0.868742
vt 0.839126 0.547754
vt 0.845858 0.547757
vt 0.934879 0.703664
vt 0.928146 0.703660
vt 0.934907 0.904425
vt 0.928175 0.904424
vt 0.869259 0.683748
vt 0.869259 0.585135
vt 0.875992 0.585144
vt 0.875992 0.683756
vt 0.909348 0.504701
vt 0.916080 0.504704
vt 0.950201 0.804695
vt 0.950201 0.824146
vt 0.943468 0.824145
vt 0.943469 0.804694
vt 0.934859 0.707556
vt 0.928126 0.707552
vt 0.921634 0.585136
vt 0.921634 0.654059
vt 0.914901 0.654100
vt 0.914901 0.585177
vt 0.858693 0.285148
vt 0.858693 0.219294
vt 0.865426 0.219303
vt 0.865426 0.285157
vt 0.934885 0.900774
vt 0.928152 0.900773
vt 0.952062 0.612587
vt 0.952062 0.631160
vt 0.945329 0.631159
vt 0.945329 0.612586
vt 0.812936 0.861031
vt 0.819669 0.861038
vt 0.845564 0.585141
vt 0.845564 0.683923
vt 0.838831 0.683918
vt 0.838831 0.585136
vt 0.934845 0.711887
vt 0.928112 0.711883
vt 0.899687 0.687116
vt 0.899687 0.668620
vt 0.906420 0.668629
vt 0.906420 0.687125
vt 0.934868 0.896616
vt 0.928135 0.896614
vt 0.895854 0.219300
vt 0.895854 0.283717
vt 0.889122 0.283712
vt 0.889122 0.219295
vt 0.909333 0.511673
vt 0.916066 0.511676
vt 0.918252 0.362979
vt 0.918252 0.294942
vt 0.924984 0.294897
vt 0.924984 0.362934
vt 0.934837 0.716659
vt 0.928104 0.716654
vt 0.940768 0.166573
vt 0.940768 0.146597
vt 0.947501 0.146606
vt 0.947501 0.166582
vt 0.934855 0.891949
vt 0.928122 0.891948
vt 0.901766 0.111776
vt 0.901766 0.210389
vt 0.895033 0.210380
vt 0.895033 0.111768
vt 0.909327 0.519179
vt 0.916060 0.519183
vt 0.916980 0.111769
vt 0.916980 0.185183
vt 0.910247 0.185182
vt 0.910247 0.111768
vt 0.812920 0.852156
vt 0.819653 0.852163
vt 0.734458 0.936614
vt 0.734458 0.883412
vt 0.741190 0.883421
vt 0.741190 0.936623
vt 0.934834 0.721869
vt 0.928102 0.721865
vt 0.952203 0.052946
vt 0.952203 0.069657
vt 0.945470 0.069651
vt 0.945470 0.052940
vt 0.934843 0.881253
vt 0.928110 0.881251
vt 0.950164 0.855155
vt 0.950164 0.877054
vt 0.943431 0.877048
vt 0.943431 0.855149
vt 0.909330 0.527041
vt 0.916062 0.527044
vt 0.756405 0.883414
vt 0.756405 0.933122
vt 0.749672 0.933120
vt 0.749672 0.883412
vt 0.812917 0.843418
vt 0.819650 0.843424
vt 0.930115 0.634638
vt 0.930115 0.585135
vt 0.936848 0.585145
vt 0.936848 0.634647
vt 0.934841 0.730099
vt 0.928109 0.730095
vt 0.786833 0.941411
vt 0.786833 0.958054
vt 0.780101 0.958049
vt 0.780101 0.941405
vt 0.946720 0.447254
vt 0.946720 0.474140
vt 0.939987 0.474134
vt 0.939987 0.447249
vt 0.934845 0.876080
vt 0.928112 0.876078
vt 0.931416 0.484510
vt 0.931416 0.539824
vt 0.924683 0.539822
vt 0.924683 0.484508
vt 0.934853 0.735042
vt 0.928120 0.735038
vt 0.903038 0.369890
vt 0.903038 0.294897
vt 0.909770 0.294906
vt 0.909770 0.369900
vt 0.909341 0.534383
vt 0.916074 0.534386
vt 0.955439 0.342401
vt 0.955439 0.359045
vt 0.948707 0.359039
vt 0.948707 0.342396
vt 0.812925 0.836065
vt 0.819658 0.836071
vt 0.924667 0.442211
vt 0.924662 0.436352
vt 0.931395 0.436351
vt 0.931400 0.442210
vt 0.934852 0.871326
vt 0.928119 0.871325
vt 0.924663 0.429632
vt 0.931396 0.429631
vt 0.934870 0.739469
vt 0.928137 0.739465
vt 0.900845 0.402432
vt 0.900845 0.501045
vt 0.894113 0.501037
vt 0.894113 0.402424
vt 0.924678 0.447675
vt 0.931411 0.447674
vt 0.934864 0.866992
vt 0.928132 0.866991
vt 0.924671 0.423338
vt 0.931404 0.423336
vt 0.909360 0.541094
vt 0.916093 0.541098
vt 0.912846 0.897497
vt 0.912896 0.855149
vt 0.919629 0.855159
vt 0.919579 0.897506
vt 0.924694 0.452744
vt 0.931427 0.452743
vt 0.812943 0.829207
vt 0.819675 0.829213
vt 0.912843 0.906893
vt 0.919576 0.906903
vt 0.924685 0.417470
vt 0.931418 0.417469
vt 0.934892 0.743380
vt 0.928160 0.743376
vt 0.912846 0.910481
vt 0.919579 0.910491
vt 0.924715 0.457419
vt 0.931448 0.457417
vt 0.934882 0.863078
vt 0.928150 0.863077
vt 0.912860 0.915955
vt 0.919592 0.915964
vt 0.924707 0.412029
vt 0.931440 0.412027
vt 0.934920 0.746775
vt 0.928188 0.746770
vt 0.912869 0.918474
vt 0.919602 0.918484
vt 0.924741 0.461698
vt 0.931474 0.461697
vt 0.909388 0.547174
vt 0.916121 0.547178
vt 0.912881 0.920850
vt 0.919614 0.920859
vt 0.924737 0.407014
vt 0.931470 0.407012
vt 0.812970 0.822843
vt 0.819703 0.822850
vt 0.912896 0.923080
vt 0.919629 0.923090
vt 0.924773 0.465584
vt 0.931506 0.465582
vt 0.934906 0.859583
vt 0.928173 0.859582
vt 0.899574 0.008870
vt 0.899620 0.004241
vt 0.906352 0.004242
vt 0.906307 0.008871
vt 0.924773 0.402425
vt 0.931506 0.402424
vt 0.934919 0.857994
vt 0.928186 0.857992
vt 0.880640 0.219300
vt 0.880640 0.284728
vt 0.873907 0.284722
vt 0.873907 0.219294
vt 0.945338 0.587595
vt 0.945348 0.585172
vt 0.952080 0.585136
vt 0.952070 0.587558
vt 0.934953 0.749653
vt 0.928221 0.749649
vt 0.899536 0.014133
vt 0.906269 0.014134
vt 0.797703 0.886190
vt 0.797674 0.884033
vt 0.804407 0.884037
vt 0.804436 0.886193
vt 0.934949 0.855151
vt 0.928217 0.855149
vt 0.866304 0.910931
vt 0.866259 0.931325
vt 0.859527 0.931300
vt 0.859571 0.910906
vt 0.945331 0.590310
vt 0.952064 0.590273
vt 0.946697 0.530213
vt 0.946675 0.532956
vt 0.939942 0.532959
vt 0.939964 0.530215
vt 0.866256 0.935395
vt 0.859524 0.935369
vt 0.909424 0.552623
vt 0.916157 0.552626
vt 0.866261 0.938730
vt 0.859529 0.938704
vt 0.881519 0.929445
vt 0.881523 0.932012
vt 0.874791 0.932011
vt 0.874786 0.929444
vt 0.813008 0.816975
vt 0.819740 0.816981
vt 0.866267 0.940312
vt 0.859534 0.940287
vt 0.881518 0.925884
vt 0.874785 0.925883
vt 0.946675 0.564036
vt 0.946697 0.566917
vt 0.939964 0.566919
vt 0.939942 0.564039
vt 0.866275 0.941774
vt 0.859542 0.941749
vt 0.881532 0.934424
vt 0.874799 0.934422
vt 0.946657 0.535926
vt 0.939924 0.535928
vt 0.866285 0.943116
vt 0.859552 0.943091
vt 0.881523 0.922513
vt 0.874790 0.922511
vt 0.946650 0.537495
vt 0.939917 0.537498
vt 0.866304 0.944905
vt 0.859571 0.944879
vt 0.881544 0.936679
vt 0.874811 0.936678
vt 0.946658 0.560910
vt 0.939925 0.560913
vt 0.899507 0.019999
vt 0.906240 0.020000
vt 0.881535 0.919329
vt 0.874803 0.919327
vt 0.946651 0.559255
vt 0.939918 0.559258
vt 0.932288 0.175074
vt 0.932273 0.176401
vt 0.925540 0.176395
vt 0.925556 0.175067
vt 0.932259 0.177870
vt 0.925526 0.177863
vt 0.881559 0.938778
vt 0.874826 0.938777
vt 0.909469 0.557441
vt 0.916202 0.557444
vt 0.932246 0.179480
vt 0.925513 0.179473
vt 0.749664 0.022621
vt 0.749543 0.272059
vt 0.745206 0.272003
vt 0.745327 0.022565
vt 0.743107 0.022509
vt 0.742986 0.271947
vt 0.739094 0.271797
vt 0.739215 0.022358
vt 0.022097 0.004241
vt 0.272201 0.004241
vt 0.272201 0.007355
vt 0.022097 0.007355
vt 0.752068 0.009564
vt 0.781635 0.009638
vt 0.781610 0.013674
vt 0.752042 0.013614
vt 0.737863 0.013251
vt 0.735840 0.013090
vt 0.736975 0.010428
vt 0.738413 0.010537
vt 0.749764 0.004426
vt 0.749728 0.007600
vt 0.745428 0.007725
vt 0.745468 0.005105
vt 0.272201 0.022098
vt 0.272201 0.977903
vt 0.022097 0.977903
vt 0.022097 0.022098
vt 0.013166 0.022098
vt 0.013166 0.977903
vt 0.009250 0.977903
vt 0.009250 0.022098
vt 0.007355 0.022098
vt 0.007355 0.977903
vt 0.004241 0.977903
vt 0.004241 0.022098
vt 0.022097 0.009250
vt 0.272201 0.009250
vt 0.272201 0.013166
vt 0.022097 0.013166
vt 0.007858 0.013182
vt 0.005811 0.013174
vt 0.006939 0.010543
vt 0.008394 0.010543
vt 0.713643 0.009964
vt 0.713630 0.006197
vt 0.717968 0.006408
vt 0.718115 0.009866
vt 0.711280 0.018882
vt 0.709119 0.974353
vt 0.679552 0.974279
vt 0.681713 0.018808
vt 0.711285 0.009997
vt 0.681717 0.009952
vt 0.681708 0.006102
vt 0.711276 0.006136
vt 0.752124 0.004241
vt 0.781690 0.004328
vt 0.781652 0.007645
vt 0.752085 0.007573
vt 0.724093 0.019009
vt 0.721933 0.974480
vt 0.718036 0.974417
vt 0.720196 0.018947
vt 0.746051 0.562371
vt 0.745325 0.313361
vt 0.749661 0.313418
vt 0.750388 0.562428
vt 0.900391 0.538940
vt 0.900391 0.538940
vt 0.900391 0.538940
vt 0.013123 0.019738
vt 0.009302 0.019741
vt 0.009484 0.015396
vt 0.012991 0.015258
vt 0.752743 0.562442
vt 0.752016 0.313432
vt 0.781582 0.313383
vt 0.782308 0.562392
vt 0.782393 0.574802
vt 0.752827 0.574895
vt 0.752790 0.571183
vt 0.782356 0.571101
vt 0.679473 0.989111
vt 0.709040 0.989220
vt 0.709004 0.992414
vt 0.679437 0.992291
vt 0.739944 0.562127
vt 0.739217 0.313118
vt 0.743106 0.313297
vt 0.743833 0.562307
vt 0.717918 0.990893
vt 0.717950 0.988790
vt 0.720571 0.988286
vt 0.720554 0.989777
vt 0.019738 0.992597
vt 0.019738 0.995563
vt 0.015429 0.994852
vt 0.015439 0.992407
vt 0.019739 0.980260
vt 0.019743 0.984641
vt 0.015246 0.984786
vt 0.015366 0.980257
vt 0.004435 0.980262
vt 0.007401 0.980262
vt 0.007584 0.984571
vt 0.005136 0.984560
vt 0.711441 0.983371
vt 0.715949 0.983511
vt 0.715771 0.987105
vt 0.711411 0.987251
vt 0.679516 0.983225
vt 0.709084 0.983323
vt 0.709057 0.987289
vt 0.679489 0.987177
vt 0.723277 0.983472
vt 0.725306 0.983540
vt 0.724167 0.986182
vt 0.722726 0.986139
vt 0.019738 0.986877
vt 0.019741 0.990697
vt 0.015396 0.990516
vt 0.015258 0.987009
vt 0.022097 0.980260
vt 0.272201 0.980260
vt 0.272201 0.984606
vt 0.022097 0.984606
vt 0.022097 0.986834
vt 0.272201 0.986834
vt 0.272201 0.990750
vt 0.022097 0.990750
vt 0.022097 0.992645
vt 0.272201 0.992645
vt 0.272201 0.995759
vt 0.022097 0.995759
vt 0.013026 0.987008
vt 0.013155 0.990247
vt 0.010326 0.989671
vt 0.009746 0.986866
vt 0.749543 0.274397
vt 0.749554 0.278713
vt 0.745066 0.278793
vt 0.745179 0.274336
vt 0.900391 0.513496
vt 0.900391 0.513496
vt 0.900391 0.513496
vt 0.718071 0.976782
vt 0.721873 0.976840
vt 0.721675 0.981201
vt 0.718185 0.981283
vt 0.781472 0.278705
vt 0.751905 0.278696
vt 0.751899 0.274414
vt 0.781466 0.274449
vt 0.781501 0.284622
vt 0.751934 0.284625
vt 0.751913 0.280866
vt 0.781480 0.280874
vt 0.606021 0.985033
vt 0.635587 0.985194
vt 0.635531 0.988587
vt 0.605966 0.988411
vt 0.742864 0.280895
vt 0.743012 0.284002
vt 0.740197 0.283334
vt 0.739604 0.280624
vt 0.644442 0.987124
vt 0.644488 0.984889
vt 0.647103 0.984469
vt 0.647077 0.986054
vt 0.274561 0.007403
vt 0.274561 0.004437
vt 0.278870 0.005148
vt 0.278859 0.007593
vt 0.638060 0.970076
vt 0.640922 0.018563
vt 0.645257 0.018647
vt 0.642394 0.970160
vt 0.644612 0.970239
vt 0.647475 0.018725
vt 0.651360 0.018931
vt 0.648497 0.970444
vt 0.290058 0.022098
vt 0.290058 0.977903
vt 0.286944 0.977903
vt 0.286944 0.022098
vt 0.606088 0.978942
vt 0.635654 0.979090
vt 0.635613 0.983176
vt 0.606048 0.983013
vt 0.649819 0.979603
vt 0.651836 0.979815
vt 0.650692 0.982480
vt 0.649259 0.982336
vt 0.274561 0.013123
vt 0.274558 0.009303
vt 0.278903 0.009484
vt 0.279041 0.012991
vt 0.749556 0.280891
vt 0.749581 0.284558
vt 0.745244 0.284320
vt 0.745086 0.280955
vt 0.281169 0.019738
vt 0.281276 0.015222
vt 0.284823 0.015375
vt 0.284998 0.019741
vt 0.281116 0.007858
vt 0.281125 0.005811
vt 0.283756 0.006938
vt 0.283756 0.008394
vt 0.285049 0.022098
vt 0.285049 0.977903
vt 0.281133 0.977903
vt 0.281133 0.022098
vt 0.781578 0.311019
vt 0.752012 0.311067
vt 0.752008 0.306677
vt 0.781575 0.306647
vt 0.900391 0.521977
vt 0.900391 0.521977
vt 0.900391 0.521977
vt 0.644645 0.972608
vt 0.648435 0.972808
vt 0.648230 0.977198
vt 0.644750 0.977148
vt 0.274559 0.980260
vt 0.278939 0.980257
vt 0.279084 0.984754
vt 0.274556 0.984634
vt 0.737385 0.310624
vt 0.734458 0.310352
vt 0.735158 0.306044
vt 0.737571 0.306279
vt 0.749655 0.304338
vt 0.745150 0.304161
vt 0.745317 0.300457
vt 0.749673 0.300341
vt 0.781578 0.304360
vt 0.752011 0.304391
vt 0.752026 0.300306
vt 0.781593 0.300291
vt 0.737838 0.303970
vt 0.735818 0.303773
vt 0.736945 0.301101
vt 0.738381 0.301235
vt 0.749712 0.295091
vt 0.749682 0.298321
vt 0.745383 0.298444
vt 0.745419 0.295778
vt 0.640927 0.016233
vt 0.640926 0.011940
vt 0.645411 0.011891
vt 0.645290 0.016323
vt 0.286895 0.980262
vt 0.289861 0.980262
vt 0.289151 0.984571
vt 0.286706 0.984560
vt 0.274560 0.986870
vt 0.279077 0.986977
vt 0.278924 0.990524
vt 0.274558 0.990700
vt 0.281307 0.986974
vt 0.284546 0.986845
vt 0.283969 0.989674
vt 0.281164 0.990254
vt 0.286441 0.986818
vt 0.288488 0.986826
vt 0.287360 0.989457
vt 0.285905 0.989457
vt 0.640927 0.009782
vt 0.640906 0.006166
vt 0.645240 0.006431
vt 0.645395 0.009750
vt 0.609009 0.011848
vt 0.638575 0.011946
vt 0.638572 0.016205
vt 0.609007 0.016080
vt 0.608987 0.006001
vt 0.638553 0.006087
vt 0.638571 0.009796
vt 0.609005 0.009700
vt 0.781605 0.298273
vt 0.752039 0.298290
vt 0.752071 0.294900
vt 0.781637 0.294897
vt 0.647614 0.009834
vt 0.647470 0.006769
vt 0.650279 0.007472
vt 0.650868 0.010152
vt 0.788270 0.022283
vt 0.788150 0.272322
vt 0.783821 0.272160
vt 0.783942 0.022596
vt 0.900391 0.530459
vt 0.900391 0.530459
vt 0.900391 0.530459
vt 0.281176 0.980262
vt 0.284996 0.980259
vt 0.284815 0.984604
vt 0.281308 0.984742
vt 0.679357 0.016479
vt 0.675043 0.016592
vt 0.675078 0.012331
vt 0.679383 0.012200
vt 0.784012 0.007666
vt 0.784046 0.004521
vt 0.788162 0.005171
vt 0.788122 0.007761
vt 0.790497 0.019711
vt 0.790457 0.015521
vt 0.794056 0.015295
vt 0.794356 0.019261
vt 0.794438 0.021627
vt 0.794314 0.272502
vt 0.790384 0.272395
vt 0.790500 0.022078
vt 0.790436 0.007855
vt 0.790468 0.005671
vt 0.793310 0.006445
vt 0.793287 0.008050
vt 0.799272 0.018446
vt 0.796264 0.018979
vt 0.796006 0.015107
vt 0.798542 0.014729
vt 0.679353 0.018828
vt 0.677193 0.974190
vt 0.672866 0.973884
vt 0.675025 0.018911
vt 0.672765 0.018968
vt 0.670610 0.973714
vt 0.666729 0.973404
vt 0.668889 0.019087
vt 0.666912 0.019165
vt 0.664763 0.973234
vt 0.661717 0.972949
vt 0.663880 0.019311
vt 0.672845 0.010195
vt 0.669503 0.010306
vt 0.669931 0.007289
vt 0.672900 0.006826
vt 0.667505 0.010380
vt 0.665486 0.010465
vt 0.666423 0.007539
vt 0.667897 0.007483
vt 0.310149 0.985812
vt 0.310440 0.989805
vt 0.306761 0.989538
vt 0.306477 0.985838
vt 0.312037 0.979073
vt 0.566133 0.979367
vt 0.565916 0.983761
vt 0.312316 0.983580
vt 0.312473 0.985816
vt 0.565792 0.985993
vt 0.565542 0.989960
vt 0.312791 0.989876
vt 0.312963 0.991793
vt 0.565405 0.991867
vt 0.565143 0.995014
vt 0.313295 0.995006
vt 0.300485 0.976921
vt 0.300377 0.023200
vt 0.303782 0.023511
vt 0.303800 0.976843
vt 0.783824 0.274498
vt 0.788134 0.274623
vt 0.788112 0.278732
vt 0.783805 0.278701
vt 0.795427 0.007845
vt 0.795429 0.007766
vt 0.795504 0.007835
vt 0.672780 0.016644
vt 0.668969 0.016745
vt 0.669275 0.012569
vt 0.672811 0.012416
vt 0.568485 0.979374
vt 0.572242 0.979372
vt 0.572054 0.983710
vt 0.568238 0.983745
vt 0.567506 0.994784
vt 0.567753 0.991785
vt 0.571545 0.991527
vt 0.571384 0.994042
vt 0.783822 0.280882
vt 0.788078 0.280906
vt 0.788004 0.284295
vt 0.783855 0.284557
vt 0.790342 0.280915
vt 0.793709 0.280936
vt 0.793299 0.283719
vt 0.790297 0.284096
vt 0.573688 0.993426
vt 0.573824 0.991294
vt 0.576437 0.990931
vt 0.576367 0.992512
vt 0.603662 0.984960
vt 0.603610 0.988171
vt 0.599505 0.987376
vt 0.599545 0.984717
vt 0.568543 0.977020
vt 0.568751 0.024192
vt 0.572363 0.023906
vt 0.572299 0.977045
vt 0.574505 0.977062
vt 0.574561 0.023706
vt 0.577875 0.023356
vt 0.577937 0.977094
vt 0.588259 0.970403
vt 0.591126 0.020687
vt 0.594175 0.020054
vt 0.591326 0.970187
vt 0.574148 0.985919
vt 0.577155 0.985907
vt 0.576647 0.988956
vt 0.573945 0.989347
vt 0.589789 0.979239
vt 0.591863 0.979091
vt 0.592234 0.982049
vt 0.590720 0.982170
vt 0.603746 0.978943
vt 0.603691 0.982938
vt 0.599550 0.982669
vt 0.599513 0.978976
vt 0.790384 0.274709
vt 0.794234 0.274834
vt 0.793940 0.278710
vt 0.790367 0.278727
vt 0.597197 0.972325
vt 0.597226 0.976677
vt 0.593655 0.976687
vt 0.593366 0.972450
vt 0.597236 0.984519
vt 0.597199 0.986780
vt 0.594362 0.985861
vt 0.594381 0.984197
vt 0.593296 0.970091
vt 0.596159 0.019715
vt 0.600046 0.019175
vt 0.597190 0.969972
vt 0.784674 0.564753
vt 0.788983 0.564834
vt 0.788981 0.568919
vt 0.784666 0.568931
vt 0.592245 0.984347
vt 0.592167 0.984268
vt 0.592246 0.984262
vt 0.574451 0.979394
vt 0.577836 0.979443
vt 0.577433 0.983629
vt 0.574274 0.983680
vt 0.784662 0.562423
vt 0.783934 0.313293
vt 0.788262 0.312963
vt 0.788991 0.562546
vt 0.791201 0.562590
vt 0.790468 0.312739
vt 0.794455 0.312221
vt 0.795183 0.562631
vt 0.313211 0.004242
vt 0.565016 0.004241
vt 0.565358 0.007861
vt 0.312926 0.007801
vt 0.791201 0.571054
vt 0.794604 0.571027
vt 0.794205 0.573786
vt 0.791171 0.574205
vt 0.304657 0.005786
vt 0.304508 0.008188
vt 0.301908 0.008478
vt 0.301983 0.006684
vt 0.677119 0.988988
vt 0.677085 0.992020
vt 0.672980 0.991103
vt 0.672998 0.988569
vt 0.400975 0.123642
vt 0.396545 0.127783
vt 0.311954 0.024158
vt 0.566528 0.024436
vt 0.480966 0.132762
vt 0.479335 0.130343
vt 0.477482 0.128064
vt 0.473141 0.123934
vt 0.468118 0.120452
vt 0.462442 0.117631
vt 0.457746 0.115951
vt 0.450680 0.114332
vt 0.442630 0.113433
vt 0.433933 0.113254
vt 0.426344 0.113762
vt 0.419506 0.114947
vt 0.413097 0.116920
vt 0.406578 0.119928
vt 0.661919 0.975321
vt 0.664836 0.975593
vt 0.665107 0.980053
vt 0.662690 0.979894
vt 0.310178 0.014283
vt 0.306389 0.014149
vt 0.306669 0.010007
vt 0.310439 0.009813
vt 0.312788 0.009763
vt 0.565522 0.009830
vt 0.565864 0.014472
vt 0.312505 0.014319
vt 0.663244 0.982218
vt 0.665316 0.982356
vt 0.665705 0.985490
vt 0.664215 0.985432
vt 0.677182 0.983148
vt 0.677137 0.987054
vt 0.672995 0.986595
vt 0.672944 0.982910
vt 0.791212 0.564893
vt 0.795111 0.564958
vt 0.794826 0.568812
vt 0.791216 0.568885
vt 0.670628 0.976056
vt 0.670665 0.980487
vt 0.667100 0.980194
vt 0.666797 0.975764
vt 0.670707 0.988249
vt 0.670686 0.990424
vt 0.667832 0.989363
vt 0.667835 0.987746
vt 0.670690 0.982751
vt 0.670704 0.986271
vt 0.667721 0.985713
vt 0.667312 0.982502
vt 0.783933 0.310923
vt 0.783900 0.306579
vt 0.788184 0.306297
vt 0.788234 0.310612
vt 0.665741 0.987731
vt 0.665616 0.987594
vt 0.665742 0.987598
vt 0.303831 0.021160
vt 0.300475 0.020840
vt 0.300900 0.016191
vt 0.304037 0.016324
vt 0.606648 0.016181
vt 0.602325 0.016619
vt 0.602358 0.012361
vt 0.606673 0.011961
vt 0.783963 0.298278
vt 0.783989 0.295076
vt 0.788118 0.295692
vt 0.788075 0.298343
vt 0.790459 0.310369
vt 0.790412 0.306145
vt 0.794048 0.305867
vt 0.794365 0.309855
vt 0.790385 0.303820
vt 0.790358 0.300454
vt 0.793411 0.300637
vt 0.793812 0.303540
vt 0.790380 0.298410
vt 0.790411 0.296166
vt 0.793279 0.296913
vt 0.793253 0.298573
vt 0.567711 0.007906
vt 0.567384 0.004478
vt 0.571228 0.005207
vt 0.571431 0.008054
vt 0.568678 0.021832
vt 0.568335 0.016676
vt 0.572015 0.016493
vt 0.572294 0.021567
vt 0.594256 0.017727
vt 0.591350 0.018335
vt 0.592168 0.013768
vt 0.594549 0.013342
vt 0.606668 0.009811
vt 0.602391 0.010202
vt 0.602475 0.006695
vt 0.606635 0.006141
vt 0.600127 0.010450
vt 0.596766 0.010827
vt 0.597200 0.007728
vt 0.600175 0.007078
vt 0.594767 0.011121
vt 0.592724 0.011487
vt 0.593696 0.008311
vt 0.595166 0.008083
vt 0.568189 0.014421
vt 0.567874 0.009872
vt 0.571569 0.010037
vt 0.571868 0.014231
vt 0.783914 0.304272
vt 0.783943 0.300306
vt 0.788085 0.300378
vt 0.788145 0.303987
vt 0.574498 0.021352
vt 0.574228 0.016394
vt 0.577310 0.016259
vt 0.577770 0.020996
vt 0.573713 0.008216
vt 0.573541 0.005813
vt 0.576176 0.006681
vt 0.576275 0.008491
vt 0.574088 0.014123
vt 0.573845 0.010203
vt 0.576490 0.010508
vt 0.577036 0.013970
vt 0.795368 0.298308
vt 0.795370 0.298175
vt 0.795495 0.298288
vt 0.600068 0.016880
vt 0.596235 0.017387
vt 0.596546 0.013055
vt 0.600094 0.012609
vt 0.751898 0.272076
vt 0.752019 0.022637
vt 0.781585 0.022677
vt 0.781464 0.272116
vt 0.737388 0.019888
vt 0.734458 0.019667
vt 0.735172 0.015358
vt 0.737589 0.015550
vt 0.749686 0.013558
vt 0.745180 0.013384
vt 0.745356 0.009713
vt 0.749714 0.009595
vt 0.012992 0.013026
vt 0.009753 0.013155
vt 0.010329 0.010326
vt 0.013134 0.009746
vt 0.019740 0.019740
vt 0.015360 0.019743
vt 0.015215 0.015246
vt 0.019743 0.015366
vt 0.750433 0.571212
vt 0.750473 0.574831
vt 0.746137 0.574593
vt 0.745965 0.571272
vt 0.013130 0.980262
vt 0.013023 0.984778
vt 0.009476 0.984625
vt 0.009300 0.980259
vt 0.013182 0.992142
vt 0.013174 0.994189
vt 0.010543 0.993062
vt 0.010543 0.991606
vt 0.743744 0.571202
vt 0.743905 0.574268
vt 0.741090 0.573585
vt 0.740486 0.570906
vt 0.750397 0.564759
vt 0.750422 0.569053
vt 0.745937 0.569129
vt 0.746033 0.564696
vt 0.717975 0.018922
vt 0.715814 0.974393
vt 0.711475 0.974364
vt 0.713636 0.018893
vt 0.007403 0.019738
vt 0.004437 0.019738
vt 0.005148 0.015429
vt 0.007593 0.015440
vt 0.019738 0.013130
vt 0.015222 0.013023
vt 0.015375 0.009476
vt 0.019741 0.009300
vt 0.720339 0.009893
vt 0.720202 0.006700
vt 0.723019 0.007315
vt 0.723604 0.010089
vt 0.713640 0.016541
vt 0.713639 0.012181
vt 0.718129 0.012069
vt 0.718006 0.016574
vt 0.638568 0.018535
vt 0.635705 0.970048
vt 0.606140 0.969919
vt 0.609003 0.018405
vt 0.650313 0.972950
vt 0.653235 0.973244
vt 0.652509 0.977547
vt 0.650100 0.977294
vt 0.638010 0.979157
vt 0.642513 0.979363
vt 0.642322 0.983067
vt 0.637966 0.983156
vt 0.281272 0.012992
vt 0.281143 0.009753
vt 0.283973 0.010329
vt 0.284553 0.013134
vt 0.274559 0.019740
vt 0.274556 0.015359
vt 0.279053 0.015214
vt 0.278933 0.019743
vt 0.394245 0.130764
vt 0.392866 0.133006
vt 0.390480 0.138096
vt 0.389139 0.142080
vt 0.388093 0.147237
vt 0.387513 0.153385
vt 0.385867 0.448356
vt 0.385868 0.455551
vt 0.386619 0.462412
vt 0.386133 0.544402
vt 0.385734 0.552532
vt 0.385976 0.558550
vt 0.386701 0.564084
vt 0.386751 0.828847
vt 0.386096 0.833698
vt 0.385879 0.838858
vt 0.386255 0.845238
vt 0.387380 0.851229
vt 0.389253 0.856828
vt 0.391876 0.862037
vt 0.395246 0.866856
vt 0.399366 0.871284
vt 0.303869 0.979176
vt 0.304116 0.983586
vt 0.301037 0.983546
vt 0.300595 0.979269
vt 0.797919 0.012443
vt 0.795778 0.012760
vt 0.795416 0.010075
vt 0.797025 0.009863
vt 0.790436 0.013210
vt 0.790417 0.009876
vt 0.793435 0.010096
vt 0.793827 0.012979
vt 0.783948 0.020226
vt 0.783932 0.015895
vt 0.788209 0.015649
vt 0.788250 0.019933
vt 0.312378 0.016571
vt 0.566015 0.016727
vt 0.566328 0.021922
vt 0.312121 0.021665
vt 0.310845 0.004465
vt 0.310576 0.007853
vt 0.306794 0.008017
vt 0.306967 0.005178
vt 0.784693 0.571094
vt 0.788955 0.571072
vt 0.788895 0.574426
vt 0.784742 0.574723
vt 0.304161 0.014058
vt 0.301166 0.013904
vt 0.301702 0.010487
vt 0.304389 0.010180
vt 0.309770 0.021584
vt 0.306044 0.021348
vt 0.306260 0.016404
vt 0.310056 0.016537
vt 0.305998 0.976799
vt 0.305986 0.023686
vt 0.309709 0.023944
vt 0.309611 0.976736
vt 0.666991 0.016820
vt 0.664109 0.016963
vt 0.664903 0.012748
vt 0.667280 0.012651
vt 0.679377 0.009989
vt 0.675116 0.010114
vt 0.675203 0.006562
vt 0.679354 0.006195
vt 0.304263 0.985831
vt 0.304488 0.989310
vt 0.301847 0.988925
vt 0.301326 0.985826
vt 0.309683 0.979090
vt 0.309995 0.983579
vt 0.306326 0.983597
vt 0.306071 0.979126
vt 0.482376 0.135320
vt 0.474630 0.871196
vt 0.478809 0.866715
vt 0.482228 0.861787
vt 0.484887 0.856414
vt 0.486785 0.850594
vt 0.487924 0.844327
vt 0.488302 0.837614
vt 0.488002 0.831746
vt 0.488225 0.553652
vt 0.488090 0.456127
vt 0.488102 0.448587
vt 0.486309 0.153886
vt 0.485361 0.144462
vt 0.484532 0.140851
vt 0.588466 0.972755
vt 0.591393 0.972549
vt 0.591652 0.976754
vt 0.589210 0.976930
vt 0.568116 0.985976
vt 0.571925 0.985945
vt 0.571669 0.989582
vt 0.567890 0.989880
vt 0.597243 0.978987
vt 0.597249 0.982469
vt 0.594261 0.982107
vt 0.593869 0.979014
vt 0.603770 0.972281
vt 0.603769 0.976650
vt 0.599490 0.976671
vt 0.599460 0.972283
vt 0.743068 0.020140
vt 0.739271 0.019994
vt 0.739463 0.015611
vt 0.742948 0.015610
vt 0.720235 0.016594
vt 0.720345 0.012102
vt 0.723875 0.012312
vt 0.724047 0.016659
vt 0.743214 0.005745
vt 0.743181 0.007939
vt 0.740563 0.008393
vt 0.740581 0.006837
vt 0.742959 0.013328
vt 0.739740 0.013329
vt 0.740333 0.010419
vt 0.743124 0.009932
vt 0.749667 0.020255
vt 0.745296 0.020201
vt 0.745162 0.015657
vt 0.749681 0.015841
vt 0.638050 0.972441
vt 0.642419 0.972525
vt 0.642538 0.977077
vt 0.638023 0.976862
vt 0.644731 0.979443
vt 0.647945 0.979489
vt 0.647342 0.982419
vt 0.644554 0.982870
vt 0.742952 0.274284
vt 0.742852 0.278727
vt 0.739327 0.278436
vt 0.739146 0.274133
vt 0.637891 0.988411
vt 0.637944 0.985178
vt 0.642242 0.985082
vt 0.642188 0.987750
vt 0.606130 0.972282
vt 0.635695 0.972413
vt 0.635672 0.976803
vt 0.606106 0.976655
vt 0.749656 0.311053
vt 0.745286 0.310997
vt 0.745139 0.306446
vt 0.749657 0.306632
vt 0.742930 0.304095
vt 0.739714 0.304071
vt 0.740299 0.301138
vt 0.743086 0.300669
vt 0.743168 0.296418
vt 0.743138 0.298651
vt 0.740524 0.299088
vt 0.740539 0.297505
vt 0.647514 0.016397
vt 0.647622 0.011981
vt 0.651141 0.012322
vt 0.651314 0.016603
vt 0.743059 0.310928
vt 0.739265 0.310754
vt 0.739443 0.306363
vt 0.742926 0.306389
vt 0.711468 0.976726
vt 0.715841 0.976752
vt 0.715969 0.981269
vt 0.711448 0.981117
vt 0.718172 0.983534
vt 0.721396 0.983458
vt 0.720801 0.986317
vt 0.718006 0.986858
vt 0.743807 0.564636
vt 0.743724 0.569054
vt 0.740201 0.568736
vt 0.740003 0.564455
vt 0.711364 0.992229
vt 0.711398 0.989186
vt 0.715700 0.989033
vt 0.715662 0.991545
vt 0.679545 0.976638
vt 0.709112 0.976715
vt 0.709096 0.981076
vt 0.679528 0.980978
vt 0.019740 0.022098
vt 0.019740 0.977903
vt 0.015394 0.977903
vt 0.015394 0.022098
vt 0.752022 0.020272
vt 0.737336 0.022255
vt 0.752033 0.015889
vt 0.738531 0.008378
vt 0.019738 0.007401
vt 0.013174 0.007850
vt 0.015429 0.007584
vt 0.008492 0.008492
vt 0.010543 0.008391
vt 0.711267 0.004277
vt 0.713625 0.004335
vt 0.717916 0.004554
vt 0.720166 0.004842
vt 0.725976 0.019050
vt 0.725933 0.016696
vt 0.725486 0.010170
vt 0.725754 0.012407
vt 0.722794 0.005414
vt 0.724830 0.005559
vt 0.724941 0.007568
vt 0.752851 0.576654
vt 0.750494 0.576593
vt 0.746204 0.576346
vt 0.743956 0.576024
vt 0.738123 0.564333
vt 0.738066 0.562002
vt 0.738609 0.570739
vt 0.738327 0.568556
vt 0.741330 0.575389
vt 0.739300 0.575148
vt 0.739172 0.573252
vt 0.723816 0.974521
vt 0.723759 0.976885
vt 0.723554 0.981199
vt 0.722608 0.988230
vt 0.007850 0.986826
vt 0.008492 0.991508
vt 0.008391 0.989457
vt 0.751950 0.286416
vt 0.749593 0.286351
vt 0.745303 0.286105
vt 0.743054 0.285789
vt 0.737263 0.274033
vt 0.737215 0.271694
vt 0.737725 0.280480
vt 0.737452 0.278279
vt 0.740429 0.285169
vt 0.738397 0.284954
vt 0.738278 0.283022
vt 0.650372 0.970583
vt 0.649131 0.984524
vt 0.286898 0.019738
vt 0.286448 0.013174
vt 0.286715 0.015429
vt 0.285807 0.008492
vt 0.285908 0.010543
vt 0.737340 0.312992
vt 0.738494 0.299047
vt 0.274561 0.992599
vt 0.281125 0.992150
vt 0.278870 0.992416
vt 0.285807 0.991508
vt 0.283756 0.991609
vt 0.638538 0.004330
vt 0.640895 0.004405
vt 0.645181 0.004680
vt 0.647427 0.005016
vt 0.653235 0.019070
vt 0.653193 0.016739
vt 0.652743 0.010332
vt 0.653013 0.012516
vt 0.650048 0.005668
vt 0.652075 0.005922
vt 0.652193 0.007817
vt 0.781589 0.020314
vt 0.781600 0.015949
vt 0.796335 0.021357
vt 0.681700 0.004241
vt 0.679343 0.004332
vt 0.672915 0.004910
vt 0.675223 0.004647
vt 0.667938 0.005441
vt 0.670069 0.005337
vt 0.310612 0.991717
vt 0.306903 0.991477
vt 0.304628 0.991253
vt 0.298660 0.976972
vt 0.298766 0.979324
vt 0.299438 0.985847
vt 0.299151 0.983553
vt 0.302068 0.990910
vt 0.300037 0.990895
vt 0.299915 0.988791
vt 0.796221 0.272541
vt 0.796150 0.274881
vt 0.795883 0.278695
vt 0.795656 0.280948
vt 0.783875 0.286355
vt 0.781517 0.286416
vt 0.790303 0.285936
vt 0.787990 0.286132
vt 0.795292 0.283553
vt 0.795290 0.285549
vt 0.793150 0.285583
vt 0.579777 0.977114
vt 0.579679 0.979467
vt 0.579316 0.983624
vt 0.579041 0.985915
vt 0.578591 0.988813
vt 0.578483 0.990906
vt 0.797029 0.562629
vt 0.796966 0.564964
vt 0.796718 0.568759
vt 0.796500 0.571002
vt 0.784772 0.576492
vt 0.782417 0.576564
vt 0.791192 0.576011
vt 0.788889 0.576228
vt 0.796152 0.573582
vt 0.796175 0.575550
vt 0.794058 0.575615
vt 0.298540 0.023005
vt 0.298631 0.020634
vt 0.299014 0.016074
vt 0.299278 0.013758
vt 0.299754 0.010558
vt 0.299852 0.008404
vt 0.796212 0.309540
vt 0.796291 0.311919
vt 0.795713 0.303286
vt 0.795946 0.305645
vt 0.795348 0.300582
vt 0.608972 0.004241
vt 0.606619 0.004380
vt 0.600191 0.005247
vt 0.602487 0.004867
vt 0.595215 0.006152
vt 0.597320 0.005847
vt 0.579700 0.023132
vt 0.579602 0.020760
vt 0.578926 0.013813
vt 0.579199 0.016131
vt 0.578318 0.008408
vt 0.578427 0.010572
vt 0.019738 0.004435
vt 0.738531 0.008378
vt 0.008492 0.008492
vt 0.738531 0.008378
vt 0.722608 0.988230
vt 0.725976 0.981280
vt 0.722608 0.988230
vt 0.008492 0.991508
vt 0.649131 0.984524
vt 0.289864 0.019738
vt 0.649131 0.984524
vt 0.285807 0.008492
vt 0.274561 0.995565
vt 0.738494 0.299047
vt 0.285806 0.991508
vt 0.738494 0.299047
vt 0.667862 0.005443
vt 0.799496 0.020797
vt 0.578480 0.990985
vt 0.299858 0.008267
vt 0.578432 0.008399
vt 0.579777 0.010467
vt 0.797029 0.300312
vn -0.9411 -0.3382 0.0000
vn -0.6696 0.7427 0.0000
vn -0.7845 0.6202 0.0000
vn -0.5850 0.8111 0.0000
vn -0.9998 -0.0209 0.0000
vn 0.9999 0.0160 -0.0000
vn -0.7092 0.7050 0.0000
vn 0.8248 0.5654 0.0000
vn 0.4883 0.8727 0.0000
vn 0.6111 0.7915 0.0000
vn 0.0000 0.0000 1.0000
vn 0.7115 0.7027 0.0000
vn 0.9960 -0.0888 0.0000
vn -0.7456 0.6664 0.0000
vn -0.9938 -0.1112 0.0000
vn 0.7192 0.6948 0.0000
vn 0.7713 0.6365 0.0000
vn 0.8979 -0.4402 0.0000
vn -0.9978 0.0666 0.0000
vn -0.4923 0.8704 0.0000
vn 0.9902 0.1398 0.0000
vn -0.9854 0.1704 0.0000
vn -0.0001 -1.0000 0.0000
vn 0.6246 0.7810 0.0000
vn 0.9724 0.2334 0.0000
vn 0.1267 -0.9919 0.0000
vn -0.6004 0.7997 0.0000
vn -0.9747 -0.2237 0.0000
vn -0.1275 -0.9918 0.0000
vn 0.5282 0.8491 0.0000
vn 0.9456 0.3253 0.0000
vn 0.2631 -0.9648 0.0000
vn -0.8946 -0.4468 0.0000
vn 0.2149 -0.9526 0.2154
vn -0.0000 0.9879 0.1551
vn 0.9865 -0.1637 0.0015
vn -0.8852 -0.4133 0.2133
vn -0.0000 0.1565 -0.9877
vn -0.1565 0.0000 -0.9877
vn -0.1637 -0.9865 0.0015
vn 0.9818 -0.1898 0.0000
vn 0.8847 0.4663 0.0000
vn -0.3622 0.9321 0.0000
vn 0.9533 -0.3021 0.0000
vn -0.8578 0.5140 0.0000
vn 0.3582 0.9336 0.0000
vn -0.9558 0.2940 0.0000
vn 0.9306 0.3661 0.0000
vn -0.2324 0.9726 0.0000
vn 0.9198 -0.3923 0.0000
vn 0.9632 0.2689 0.0000
vn 0.2293 0.9734 0.0000
vn -0.1102 0.9939 0.0000
vn 0.8771 -0.4804 0.0000
vn 0.9489 -0.3155 0.0000
vn 0.1085 0.9941 0.0000
vn 0.8279 -0.5609 0.0000
vn -0.9255 0.3788 0.0000
vn -0.0001 1.0000 0.0000
vn 0.7607 -0.6491 0.0000
vn -0.9660 0.2587 0.0000
vn 0.0528 -0.9986 0.0000
vn 0.6754 -0.7375 0.0000
vn 0.9802 -0.1982 0.0000
vn -0.0794 -0.9968 0.0000
vn 0.6014 -0.7989 0.0000
vn 0.9957 -0.0926 0.0000
vn 0.1741 -0.9847 0.0000
vn -0.9081 0.4188 0.0000
vn -0.9937 0.1117 -0.0000
vn -0.2242 -0.9745 0.0000
vn 0.5286 -0.8489 0.0000
vn 1.0000 -0.0001 0.0000
vn -0.3382 -0.9411 0.0000
vn 0.4178 -0.9085 0.0000
vn -0.9995 -0.0323 0.0000
vn 0.3157 -0.9489 0.0000
vn 0.2786 -0.9604 0.0000
vn 0.9953 0.0970 0.0000
vn 0.4312 -0.9023 0.0000
vn 0.1438 -0.9896 0.0000
vn -0.9892 -0.1468 0.0000
vn -0.4632 -0.8862 0.0000
vn 0.0139 -0.9999 0.0000
vn -0.3022 -0.9532 0.0000
vn 0.5104 -0.8599 0.0000
vn -0.8337 0.5523 0.0000
vn 0.9785 0.2063 0.0000
vn 0.5906 -0.8070 0.0000
vn -0.7307 0.6827 0.0000
vn -0.9696 -0.2448 0.0000
vn -0.5923 -0.8057 0.0000
vn -0.6111 0.7916 0.0000
vn 0.9560 -0.2933 0.0000
vn 0.6688 -0.7434 0.0000
vn -0.5242 0.8516 0.0000
vn -0.9319 -0.3626 0.0000
vn -0.7051 -0.7091 0.0000
vn -0.4246 0.9054 0.0000
vn 0.9101 -0.4144 0.0000
vn 0.7424 -0.6700 0.0000
vn -0.3193 0.9476 0.0000
vn 0.9454 0.3258 0.0000
vn 0.8084 -0.5886 0.0000
vn -0.1990 0.9800 0.0000
vn -0.9527 0.3040 0.0000
vn -0.7988 -0.6016 0.0000
vn -0.0942 0.9956 0.0000
vn -0.8665 -0.4991 0.0000
vn 0.8614 -0.5080 0.0000
vn -0.0031 1.0000 0.0000
vn 0.8626 -0.5059 0.0000
vn -0.8782 -0.4783 0.0000
vn 1.0000 0.0000 0.0000
vn -0.7928 -0.6095 0.0000
vn 0.0342 0.9994 0.0000
vn 0.0000 -1.0000 0.0000
vn 0.7975 -0.6033 0.0000
vn 0.9047 -0.4261 0.0000
vn 0.0000 1.0000 0.0000
vn -0.9219 0.3874 0.0000
vn 0.1564 0.9877 0.0000
vn -1.0000 0.0000 0.0000
vn -0.7175 -0.6965 0.0000
vn -0.1145 0.9934 0.0000
vn 0.8927 0.4506 0.0000
vn 0.2553 0.9669 0.0000
vn 0.7121 -0.7020 0.0000
vn -0.2538 0.9673 0.0000
vn -0.6099 -0.7925 0.0000
vn 0.3682 0.9298 0.0000
vn 0.6167 -0.7872 0.0000
vn -0.3597 0.9331 0.0000
vn 0.5165 -0.8563 0.0000
vn 0.4924 0.8704 0.0000
vn -0.8786 0.4775 0.0000
vn -0.4727 0.8812 0.0000
vn -0.4824 -0.8760 0.0000
vn 0.9416 -0.3368 0.0000
vn 0.4051 -0.9143 0.0000
vn 0.5889 0.8082 0.0000
vn -0.3422 -0.9396 0.0000
vn -0.9379 -0.3468 0.0000
vn 0.8194 0.5733 0.0000
vn -0.5802 0.8145 0.0000
vn -0.0157 -0.9999 0.0000
vn 0.2871 -0.9579 0.0000
vn 0.6813 0.7320 0.0000
vn -0.1737 -0.9848 0.0000
vn -0.1994 -0.9799 0.0000
vn -0.6948 0.7192 0.0000
vn -0.2714 -0.9625 0.0000
vn 0.1684 -0.9857 0.0000
vn 0.9702 -0.2423 0.0000
vn -0.3977 -0.9175 0.0000
vn -0.0633 -0.9980 0.0000
vn 0.7848 0.6197 0.0000
vn -0.5210 -0.8536 0.0000
vn 0.0541 -0.9985 0.0000
vn -0.7992 0.6010 0.0000
vn -0.6359 -0.7717 0.0000
vn -0.8204 0.5717 0.0000
vn -0.8885 0.4589 0.0000
vn -0.7174 -0.6966 0.0000
vn 0.7521 0.6590 0.0000
vn 0.8634 0.5044 0.0000
vn -0.7873 -0.6166 0.0000
vn -0.7458 0.6661 0.0000
vn -0.9765 -0.2156 0.0000
vn -0.8448 -0.5351 0.0000
vn 0.6810 0.7323 0.0000
vn -0.9531 0.3027 0.0000
vn -0.8930 -0.4500 0.0000
vn -0.6552 0.7555 0.0000
vn 0.9894 -0.1449 0.0000
vn 0.5730 0.8195 0.0000
vn -0.9893 0.1458 0.0000
vn -0.5543 0.8323 0.0000
vn 0.9190 0.3942 0.0000
vn 0.0112 0.9999 0.0000
vn 0.4494 0.8933 0.0000
vn -1.0000 0.0012 0.0000
vn 0.2088 0.9780 0.0000
vn -0.4485 0.8938 0.0000
vn 0.9989 -0.0477 0.0000
vn 0.3039 0.9527 0.0000
vn -0.3402 0.9404 0.0000
vn 0.9558 0.2940 0.0000
vn 0.4058 0.9139 0.0000
vn 0.3170 0.9484 0.0000
vn -0.9892 -0.1466 0.0000
vn -0.9416 -0.3367 0.0000
vn -0.2341 0.9722 0.0000
vn -0.9958 -0.0920 0.0000
vn 0.5111 0.8595 0.0000
vn 0.1843 0.9829 0.0000
vn -0.9656 -0.2602 0.0000
vn 0.6148 0.7887 0.0000
vn -0.1340 0.9910 0.0000
vn -0.9282 -0.3720 0.0000
vn 0.7113 0.7029 0.0000
vn 0.0586 0.9983 0.0000
vn 0.9978 0.0662 0.0000
vn -0.9754 -0.2206 0.0000
vn -0.0423 0.9991 0.0000
vn 0.9786 0.2056 0.0000
vn 0.7976 0.6032 0.0000
vn -0.0439 0.9990 0.0000
vn 0.8714 0.4906 0.0000
vn -0.8600 -0.5104 0.0000
vn -0.9916 -0.1293 0.0000
vn -0.7771 -0.6293 0.0000
vn 0.9280 0.3727 0.0000
vn -0.6881 -0.7256 0.0000
vn 0.9667 0.2561 0.0000
vn -0.5638 -0.8259 0.0000
vn -0.9991 -0.0418 0.0000
vn 0.9787 0.2055 0.0000
vn 0.9893 0.1461 0.0000
vn -0.4472 -0.8944 0.0000
vn 0.9989 0.0459 0.0000
vn 0.9378 0.3472 0.0000
vn -0.9987 0.0504 0.0000
vn 0.8761 0.4822 0.0000
vn 0.9968 -0.0800 0.0000
vn -0.2860 -0.9582 0.0000
vn 0.9767 -0.2148 0.0000
vn 0.7984 0.6021 0.0000
vn -0.9873 0.1589 0.0000
vn -0.4035 -0.9150 0.0000
vn 0.9499 -0.3127 0.0000
vn 0.7118 0.7024 0.0000
vn 0.9104 -0.4138 0.0000
vn -0.5373 -0.8434 0.0000
vn 0.8575 -0.5145 0.0000
vn 0.6134 0.7898 0.0000
vn -0.9613 0.2755 0.0000
vn -0.6431 -0.7658 -0.0000
vn 0.7950 -0.6065 0.0000
vn 0.5162 0.8565 0.0000
vn 0.7238 -0.6900 0.0000
vn -0.7098 -0.7044 0.0000
vn 0.6422 -0.7665 0.0000
vn -0.7712 -0.6366 0.0000
vn 0.5532 -0.8330 0.0000
vn 0.3982 0.9173 0.0000
vn -0.9185 0.3954 0.0000
vn -0.8258 -0.5639 0.0000
vn 0.4603 -0.8878 0.0000
vn -0.8777 -0.4792 0.0000
vn 0.3672 -0.9301 0.0000
vn -0.9235 -0.3836 0.0000
vn 0.2777 -0.9607 0.0000
vn 0.2695 0.9630 0.0000
vn 0.1437 -0.9896 0.0000
vn -0.9573 -0.2890 0.0000
vn 0.0148 -0.9999 0.0000
vn 0.3855 0.9227 0.0000
vn -0.8587 0.5125 -0.0000
vn 0.5121 0.8589 0.0000
vn -0.7840 0.6208 -0.0000
vn -0.9801 -0.1983 0.0000
vn -0.6928 0.7211 -0.0000
vn 0.6317 0.7752 0.0000
vn -0.5865 0.8099 -0.0000
vn 0.7213 0.6927 0.0000
vn -0.4771 0.8788 -0.0000
vn 0.8039 0.5947 0.0000
vn -0.3710 0.9286 -0.0000
vn 0.0968 -0.9953 0.0000
vn -0.2726 0.9621 -0.0000
vn 0.8701 0.4929 0.0000
vn -0.1840 0.9829 0.0000
vn 0.9239 0.3826 0.0000
vn -0.5388 -0.8424 0.0000
vn 0.9632 0.2688 0.0000
vn 0.9877 0.1565 0.0000
vn -0.9973 -0.0739 0.0000
vn 0.0350 0.9994 0.0000
vn -0.9668 -0.2554 0.0000
vn 0.1660 0.9861 0.0000
vn 0.9866 0.1629 0.0000
vn 0.2589 0.9659 0.0000
vn 0.9987 0.0501 0.0000
vn 0.3748 0.9271 0.0000
vn 0.9971 -0.0760 0.0000
vn 0.4569 0.8895 0.0000
vn -0.9989 0.0467 0.0000
vn -0.6131 -0.7900 0.0000
vn -0.9194 -0.3932 0.0000
vn 0.5653 0.8249 0.0000
vn 0.9726 -0.2323 0.0000
vn -0.9899 0.1420 0.0000
vn -0.6915 -0.7224 0.0000
vn 0.9230 -0.3848 0.0000
vn 0.7720 0.6356 0.0000
vn -0.8682 -0.4963 0.0000
vn -0.7706 -0.6373 0.0000
vn 0.9649 0.2628 0.0000
vn 0.8267 0.5626 0.0000
vn 0.8527 -0.5223 0.0000
vn -0.7970 -0.6040 0.0000
vn -0.8409 -0.5411 0.0000
vn -0.9714 0.2374 0.0000
vn 0.0019 -1.0000 0.0000
vn 0.7700 -0.6380 0.0000
vn -0.1101 -0.9939 0.0000
vn -0.7041 -0.7101 0.0000
vn 0.1164 -0.9932 0.0000
vn 0.6834 -0.7301 0.0000
vn -0.2321 -0.9727 0.0000
vn 0.9282 0.3721 0.0000
vn 0.2481 -0.9687 0.0000
vn -0.9439 0.3304 0.0000
vn -0.3614 -0.9324 0.0000
vn -0.5953 -0.8035 0.0000
vn 0.3670 -0.9302 0.0000
vn 0.5776 -0.8163 0.0000
vn 0.4670 -0.8842 0.0000
vn -0.4793 -0.8776 0.0000
vn -0.4911 -0.8711 0.0000
vn 0.4497 -0.8932 0.0000
vn -0.5835 -0.8121 0.0000
vn -0.3605 -0.9327 0.0000
vn 0.5716 -0.8206 0.0000
vn -0.9083 0.4183 0.0000
vn -0.6679 -0.7442 0.0000
vn 0.3273 -0.9449 0.0000
vn 0.6736 -0.7391 0.0000
vn -0.2455 -0.9694 0.0000
vn -0.7440 -0.6682 0.0000
vn 0.2166 -0.9763 0.0000
vn 0.7558 -0.6548 0.0000
vn 0.8733 0.4872 0.0000
vn -0.0002 1.0000 0.0000
vn -0.1390 -0.9903 0.0000
vn 0.1200 0.9928 0.0000
vn 0.1198 -0.9928 0.0000
vn -0.1213 0.9926 0.0000
vn -0.0023 -1.0000 0.0000
vn 0.2518 0.9678 0.0000
vn -0.8664 0.4993 0.0000
vn -0.2539 0.9672 0.0000
vn 0.7986 0.6019 0.0000
vn -0.8140 -0.5808 0.0000
vn -0.8151 0.5793 0.0000
vn 0.3892 0.9212 0.0000
vn -0.7502 0.6612 0.0000
vn -0.3915 0.9202 0.0000
vn 0.7053 0.7089 0.0000
vn 0.4905 0.8714 0.0000
vn -0.6763 0.7366 0.0000
vn -0.4925 0.8703 0.0000
vn 0.5935 0.8049 0.0000
vn 0.8273 -0.5618 0.0000
vn -0.5959 0.8031 0.0000
vn 0.5859 0.8104 0.0000
vn -0.5119 0.8591 0.0000
vn -0.5872 0.8094 0.0000
vn 0.4695 0.8829 0.0000
vn -0.8902 -0.4556 0.0000
vn -0.4273 0.9041 0.0000
vn 0.6982 0.7159 0.0000
vn 0.3468 0.9380 0.0000
vn -0.6983 0.7158 0.0000
vn -0.3064 0.9519 0.0000
vn 0.8878 -0.4603 0.0000
vn 0.2322 0.9727 0.0000
vn 0.7737 0.6335 -0.0000
vn -0.1654 0.9862 0.0000
vn -0.7731 0.6343 -0.0000
vn 0.1296 0.9916 0.0000
vn 0.9321 -0.3623 0.0000
vn 0.0400 0.9992 0.0000
vn 0.8447 0.5352 0.0000
vn -0.0493 0.9988 0.0000
vn -0.8438 0.5367 -0.0000
vn -0.9445 -0.3286 0.0000
vn 0.9146 0.4043 -0.0000
vn -0.8526 -0.5225 0.0000
vn -0.9138 0.4061 -0.0000
vn 0.9693 -0.2460 0.0000
vn 0.9594 0.2820 -0.0000
vn -0.9589 0.2837 -0.0000
vn -0.9782 -0.2075 0.0000
vn 0.8506 0.5258 0.0000
vn 0.9849 0.1733 -0.0000
vn -0.9846 0.1746 0.0000
vn -0.9953 -0.0972 0.0000
vn 0.9938 -0.1110 0.0000
vn 0.9968 0.0796 -0.0000
vn -0.9992 0.0389 -0.0000
vn -1.0000 -0.0001 0.0000
vn 1.0000 -0.0040 0.0000
vn 0.9998 -0.0195 0.0000
vn -0.9965 -0.0834 0.0000
vn 0.9920 -0.1262 0.0000
vn -0.9953 0.0972 -0.0000
vn 0.9951 0.0985 -0.0000
vn -0.0508 -0.9987 0.0000
vn -0.9836 -0.1805 0.0000
vn 0.0565 -0.9984 0.0000
vn 0.9736 -0.2281 0.0000
vn -0.1609 -0.9870 0.0000
vn -0.9566 -0.2914 0.0000
vn 0.1790 -0.9838 0.0000
vn -0.9783 0.2074 -0.0000
vn -0.0028 -1.0000 0.0000
vn -0.2803 -0.9599 0.0000
vn 0.9777 0.2098 -0.0000
vn -0.0999 -0.9950 0.0000
vn 0.3104 -0.9506 0.0000
vn 0.9389 -0.3442 0.0000
vn -0.2234 -0.9747 0.0000
vn -0.4039 -0.9148 0.0000
vn -0.9104 -0.4138 0.0000
vn -0.3629 -0.9318 0.0000
vn 0.4437 -0.8962 0.0000
vn 0.8821 -0.4711 0.0000
vn -0.4826 -0.8759 0.0000
vn -0.5251 -0.8510 0.0000
vn -0.9446 0.3282 -0.0000
vn -0.5590 -0.8292 0.0000
vn 0.5703 -0.8214 0.0000
vn 0.9435 0.3314 0.0000
vn -0.6305 -0.7762 0.0000
vn -0.6369 -0.7709 0.0000
vn -0.8404 -0.5420 0.0000
vn -0.7244 -0.6894 0.0000
vn 0.6823 -0.7311 0.0000
vn -0.7249 -0.6889 0.0000
vn 0.7988 -0.6017 0.0000
vn -0.8217 -0.5699 0.0000
vn 0.7562 -0.6543 0.0000
vn -0.7000 -0.7141 0.0000
vn 0.0157 0.9999 0.0000
vn -0.7946 -0.6072 0.0000
vn 0.7013 -0.7128 0.0000
vn 0.1137 0.9935 0.0000
vn -0.8508 -0.5255 0.0000
vn -0.8906 0.4547 0.0000
vn 0.2530 0.9675 0.0000
vn 0.0478 0.9989 0.0000
vn 0.8889 0.4581 0.0000
vn 0.3677 0.9299 0.0000
vn -0.0616 0.9981 0.0000
vn -0.5941 -0.8044 0.0000
vn 0.4498 0.8931 0.0000
vn 0.1495 0.9888 0.0000
vn 0.5944 -0.8042 0.0000
vn 0.5320 0.8467 0.0000
vn -0.1944 0.9809 0.0000
vn 0.5019 -0.8649 0.0000
vn 0.6310 0.7757 0.0000
vn 0.2575 0.9663 0.0000
vn -0.4698 -0.8827 0.0000
vn -0.8954 -0.4453 0.0000
vn -0.3344 0.9424 0.0000
vn -0.3685 -0.9296 0.0000
vn 0.7224 0.6914 0.0000
vn 0.8248 -0.5654 0.0000
vn 0.4019 -0.9157 0.0000
vn 0.7859 0.6184 0.0000
vn 0.3679 0.9298 0.0000
vn -0.8150 0.5794 0.0000
vn 0.8384 0.5451 0.0000
vn 0.4497 0.8932 0.0000
vn 0.8130 0.5822 0.0000
vn -0.9414 -0.3372 0.0000
vn -0.4730 0.8811 0.0000
vn -0.2642 -0.9645 0.0000
vn 0.8982 0.4395 0.0000
vn -0.9877 -0.0000 -0.1565
vn -0.8910 0.0000 -0.4540
vn -0.7071 0.0000 -0.7071
vn -0.8921 -0.4518 0.0026
vn -0.6456 -0.4090 -0.6449
vn -0.6997 -0.6996 -0.1450
vn 0.0000 0.0000 -1.0000
vn -0.0000 -0.4540 -0.8910
vn -0.0000 -0.7071 -0.7071
vn -0.4540 0.0000 -0.8910
vn -0.4090 -0.6449 -0.6456
vn -0.4560 -0.8765 -0.1542
vn -0.4518 -0.8921 0.0026
vn -0.7071 -0.7071 0.0021
vn -0.0000 -0.8910 -0.4540
vn 0.9877 0.0000 -0.1565
vn -0.1542 -0.4560 -0.8765
vn 0.8921 -0.4518 0.0026
vn 0.7071 -0.7071 0.0021
vn 0.8910 -0.0000 -0.4540
vn 0.6456 -0.6449 -0.4090
vn 0.6997 -0.1450 -0.6996
vn 0.1636 -0.1636 -0.9729
vn 0.1450 -0.6996 -0.6997
vn 0.4555 -0.8765 -0.1555
vn 0.4518 -0.8921 0.0026
vn 0.4090 -0.6456 -0.6449
vn 0.4560 -0.1542 -0.8765
vn 0.1565 0.0000 -0.9877
vn 0.4540 0.0000 -0.8910
vn 0.7071 0.0000 -0.7071
vn 0.4315 -0.4315 -0.7923
vn -0.9729 0.1636 -0.1636
vn 0.1542 -0.8765 -0.4560
vn -0.9865 0.1637 0.0015
vn -0.8921 0.4518 0.0026
vn -0.7071 0.7071 0.0021
vn -0.7923 0.4315 -0.4315
vn -0.6456 0.6449 -0.4090
vn -0.6997 0.1450 -0.6996
vn 0.0000 0.9877 -0.1565
vn 0.0000 0.8910 -0.4540
vn 0.0000 0.7071 -0.7071
vn -0.4518 0.8921 0.0026
vn -0.4090 0.6456 -0.6449
vn -0.4560 0.1542 -0.8765
vn -0.8765 0.4560 -0.1542
vn -0.1555 0.4555 -0.8765
vn -0.6449 0.4090 -0.6456
vn 0.0000 0.4540 -0.8910
vn 0.9865 0.1637 0.0015
vn -0.1542 0.8765 -0.4560
vn 0.1636 0.1636 -0.9729
vn 0.6996 0.1450 -0.6997
vn 0.8765 0.4555 -0.1555
vn 0.8921 0.4518 0.0026
vn 0.6456 0.4090 -0.6449
vn 0.6997 0.6996 -0.1450
vn 0.1636 0.9729 -0.1636
vn 0.1450 0.6997 -0.6996
vn 0.4555 0.1555 -0.8765
vn 0.4315 0.4315 -0.7923
vn 0.4090 0.6449 -0.6456
vn 0.4560 0.8765 -0.1542
vn 0.1637 0.9865 0.0015
vn 0.4518 0.8921 0.0026
vn 0.7071 0.7071 0.0021
vn 0.4315 0.7923 -0.4315
vn -0.9847 -0.0000 0.1741
vn 0.1542 0.4560 -0.8765
vn -0.2168 -0.9549 0.2031
vn -0.6924 -0.7028 0.1630
vn -0.8824 -0.2348 0.4078
vn -0.8898 -0.0002 0.4564
vn -0.6652 -0.6874 0.2915
vn -0.6976 -0.1844 0.6923
vn 0.0000 -0.9880 0.1547
vn 0.0000 -0.9103 0.4140
vn 0.0001 -0.7423 0.6701
vn -0.3572 -0.8774 0.3202
vn -0.3176 -0.6938 0.6464
vn -0.4131 -0.2372 0.8793
vn -0.1678 -0.0002 0.9858
vn -0.4428 -0.0004 0.8966
vn -0.7003 -0.0003 0.7138
vn 0.0001 -0.4866 0.8736
vn -0.9522 0.2204 0.2117
vn -0.5791 -0.5961 0.5561
vn -0.2247 -0.8984 0.3772
vn -0.2256 0.2352 0.9454
vn -0.6955 0.1842 0.6945
vn -0.8830 0.4159 0.2177
vn -0.8681 0.3645 0.3369
vn -0.6717 0.3217 0.6673
vn -0.6989 0.6962 0.1639
vn -0.0001 0.1881 0.9822
vn -0.0001 0.4856 0.8742
vn -0.0001 0.7413 0.6711
vn -0.3644 0.3648 0.8568
vn -0.3178 0.6974 0.6423
vn -0.4102 0.8879 0.2082
vn -0.8865 0.2290 0.4022
vn -0.2291 0.8936 0.3860
vn -0.6755 0.6766 0.2930
vn -0.0001 0.9099 0.4149
vn 0.9475 -0.2218 0.2302
vn -0.5808 0.5929 0.5578
vn -0.2324 0.4347 0.8701
vn 0.9816 0.0000 0.1910
vn 0.8709 0.0001 0.4915
vn 0.6652 0.0003 0.7467
vn 0.8568 -0.3620 0.3672
vn 0.6449 -0.3115 0.6979
vn 0.6946 -0.6956 0.1838
vn 0.1774 -0.7192 0.6718
vn 0.3895 -0.2298 0.8919
vn 0.4094 0.0003 0.9123
vn 0.3041 -0.6905 0.6563
vn 0.4059 -0.8861 0.2239
vn 0.8711 -0.2260 0.4360
vn 0.2223 -0.8900 0.3981
vn 0.6643 -0.6766 0.3177
vn 0.3402 -0.8732 0.3491
vn 0.9468 0.2231 0.2319
vn 0.5617 -0.5865 0.5836
vn 0.2179 -0.4251 0.8785
vn 0.2148 0.9527 0.2149
vn 0.6882 0.7020 0.1834
vn 0.8668 0.2325 0.4411
vn 0.8559 0.3516 0.3793
vn 0.6544 0.6866 0.3166
vn 0.6658 0.1736 0.7256
vn 0.2067 0.2283 0.9514
vn 0.1779 0.7179 0.6730
vn 0.4080 0.8839 0.2285
vn 0.3480 0.8748 0.3371
vn 0.3036 0.6855 0.6617
vn 0.3844 0.2255 0.8952
vn 0.8806 0.4115 0.2351
vn 0.2217 0.4323 0.8741
vn 0.6510 0.3123 0.6919
vn 0.3328 0.3671 0.8686
vn 0.5600 0.5882 0.5835
vn 0.2180 0.8943 0.3907
vn -0.6996 -0.1450 -0.6997
vn -0.8765 -0.4555 -0.1555
vn -0.4315 -0.4315 -0.7923
vn -0.1636 -0.1636 -0.9729
vn 0.8765 -0.4560 -0.1542
vn 0.1555 -0.4555 -0.8765
vn 0.6449 -0.4090 -0.6456
vn 0.7923 -0.4315 -0.4315
vn 0.9729 -0.1636 -0.1636
vn -0.0000 -0.9877 -0.1565
vn -0.1450 -0.6997 -0.6996
vn -0.4555 -0.1555 -0.8765
vn -0.4315 -0.7923 -0.4315
vn -0.1636 -0.9729 -0.1636
vn -0.1450 0.6996 -0.6997
vn -0.4555 0.8765 -0.1555
vn -0.4315 0.4315 -0.7923
vn -0.1636 0.1636 -0.9729
vn -0.2369 -0.4433 0.8645
vn -0.6774 -0.3231 0.6609
vn -0.8669 -0.3558 0.3490
vn -0.9518 -0.2212 0.2124
vn 0.1527 0.0002 0.9883
vn 0.6631 -0.1736 0.7281
vn 0.8782 -0.4149 0.2381
vn 0.3426 -0.3538 0.8703
vn 0.2075 -0.2263 0.9517
vn 0.0001 -0.1886 0.9821
vn -0.1867 -0.7251 0.6628
vn -0.4123 -0.8860 0.2120
vn -0.3540 -0.3787 0.8552
vn -0.2248 -0.2381 0.9449
vn -0.1859 0.7249 0.6633
vn -0.4188 0.2408 0.8756
vn -0.3493 0.8754 0.3341
vn -0.2170 0.9545 0.2044
vn -0.8765 -0.1542 -0.4560
vn -0.1555 -0.8765 -0.4555
vn -0.6449 -0.6456 -0.4090
vn -0.7923 -0.4314 -0.4315
vn -0.9729 -0.1636 -0.1636
vn -0.1636 0.9729 -0.1636
vn -0.4315 0.7923 -0.4315
vn -0.8765 0.1555 -0.4555
vn -0.6996 0.6997 -0.1450
vn -0.1637 0.9865 0.0015
vn 0.9729 0.1636 -0.1636
vn 0.7923 0.4315 -0.4315
vn 0.6449 0.6456 -0.4090
vn 0.1555 0.8765 -0.4555
vn 0.8765 0.1542 -0.4560
vn 0.1636 -0.9729 -0.1636
vn 0.4315 -0.7923 -0.4315
vn 0.8765 -0.1555 -0.4555
vn 0.6996 -0.6997 -0.1450
vn 0.1637 -0.9865 0.0015
vn 0.0000 -0.1565 -0.9877
vn -0.9939 -0.0782 -0.0782
vn -0.0782 -0.0782 -0.9939
vn -0.0782 -0.9939 -0.0782
vn -0.9478 -0.0815 -0.3082
vn -0.8064 -0.0783 -0.5861
vn -0.9479 -0.3083 -0.0803
vn -0.8979 -0.3109 -0.3117
vn -0.7665 -0.2921 -0.5719
vn -0.8065 -0.5861 -0.0776
vn -0.7664 -0.5719 -0.2925
vn -0.6704 -0.5246 -0.5248
vn -0.0815 -0.3082 -0.9478
vn -0.0784 -0.5861 -0.8064
vn -0.3082 -0.0819 -0.9478
vn -0.3109 -0.3117 -0.8979
vn -0.2921 -0.5719 -0.7665
vn -0.5861 -0.0786 -0.8064
vn -0.5719 -0.2925 -0.7664
vn -0.5246 -0.5248 -0.6704
vn -0.3083 -0.9479 -0.0800
vn -0.5861 -0.8065 -0.0773
vn -0.0819 -0.9478 -0.3082
vn -0.3117 -0.8979 -0.3109
vn -0.5719 -0.7665 -0.2921
vn -0.0786 -0.8064 -0.5861
vn -0.2925 -0.7664 -0.5719
vn -0.5248 -0.6703 -0.5246
vn 0.9939 -0.0782 -0.0782
vn 0.0782 -0.9939 -0.0782
vn 0.0782 -0.0782 -0.9939
vn 0.9479 -0.3083 -0.0800
vn 0.8065 -0.5862 -0.0773
vn 0.9478 -0.0819 -0.3082
vn 0.8979 -0.3117 -0.3109
vn 0.7665 -0.5719 -0.2921
vn 0.8064 -0.0786 -0.5861
vn 0.7664 -0.2925 -0.5719
vn 0.6704 -0.5249 -0.5246
vn 0.0815 -0.9478 -0.3082
vn 0.0784 -0.8064 -0.5861
vn 0.3082 -0.9479 -0.0803
vn 0.3109 -0.8979 -0.3117
vn 0.2921 -0.7665 -0.5719
vn 0.5862 -0.8065 -0.0776
vn 0.5719 -0.7664 -0.2925
vn 0.5246 -0.6704 -0.5248
vn 0.3082 -0.0815 -0.9478
vn 0.5861 -0.0783 -0.8064
vn 0.0819 -0.3082 -0.9478
vn 0.3117 -0.3109 -0.8979
vn 0.5719 -0.2921 -0.7665
vn 0.0786 -0.5861 -0.8064
vn 0.2925 -0.5719 -0.7664
vn 0.5248 -0.5246 -0.6704
vn -0.9939 0.0782 -0.0782
vn -0.0782 0.9939 -0.0782
vn -0.0782 0.0782 -0.9939
vn -0.9479 0.3083 -0.0800
vn -0.8065 0.5862 -0.0773
vn -0.9478 0.0819 -0.3082
vn -0.8979 0.3117 -0.3109
vn -0.7665 0.5719 -0.2921
vn -0.8064 0.0786 -0.5861
vn -0.7664 0.2925 -0.5719
vn -0.6704 0.5249 -0.5246
vn -0.0815 0.9478 -0.3082
vn -0.0784 0.8064 -0.5861
vn -0.3082 0.9479 -0.0803
vn -0.3109 0.8979 -0.3117
vn -0.2921 0.7665 -0.5719
vn -0.5862 0.8065 -0.0776
vn -0.5719 0.7664 -0.2925
vn -0.5246 0.6704 -0.5248
vn -0.3082 0.0815 -0.9478
vn -0.5861 0.0783 -0.8064
vn -0.0819 0.3082 -0.9478
vn -0.3117 0.3109 -0.8979
vn -0.5719 0.2921 -0.7665
vn -0.0786 0.5861 -0.8064
vn -0.2925 0.5719 -0.7664
vn -0.5248 0.5246 -0.6704
vn 0.9939 0.0782 -0.0782
vn 0.0782 0.0782 -0.9939
vn 0.0782 0.9939 -0.0782
vn 0.9478 0.0815 -0.3082
vn 0.8064 0.0783 -0.5861
vn 0.9479 0.3083 -0.0803
vn 0.8979 0.3109 -0.3117
vn 0.7665 0.2921 -0.5719
vn 0.8065 0.5861 -0.0776
vn 0.7664 0.5719 -0.2925
vn 0.6704 0.5246 -0.5248
vn 0.0815 0.3082 -0.9478
vn 0.0784 0.5861 -0.8064
vn 0.3082 0.0819 -0.9478
vn 0.3109 0.3117 -0.8979
vn 0.2921 0.5719 -0.7665
vn 0.5861 0.0786 -0.8064
vn 0.5719 0.2925 -0.7664
vn 0.5246 0.5248 -0.6704
vn 0.3083 0.9479 -0.0800
vn 0.5861 0.8065 -0.0773
vn 0.0819 0.9478 -0.3082
vn 0.3117 0.8979 -0.3109
vn 0.5719 0.7665 -0.2921
vn 0.0786 0.8064 -0.5861
vn 0.2925 0.7664 -0.5719
vn 0.5248 0.6703 -0.5246
vn -0.9927 -0.0855 0.0853
vn -0.0855 -0.9933 0.0774
vn -0.0880 -0.0964 0.9914
vn -0.9411 -0.3115 0.1317
vn -0.8072 -0.5838 0.0871
vn -0.9407 -0.1373 0.3102
vn -0.8939 -0.3221 0.3119
vn -0.7976 -0.5505 0.2466
vn -0.8031 -0.1008 0.5872
vn -0.8018 -0.2683 0.5340
vn -0.7146 -0.5056 0.4834
vn -0.1317 -0.9495 0.2848
vn -0.0953 -0.8334 0.5444
vn -0.3113 -0.9418 0.1269
vn -0.3179 -0.9014 0.2939
vn -0.2637 -0.8183 0.5107
vn -0.5835 -0.8071 0.0904
vn -0.5360 -0.8093 0.2405
vn -0.4941 -0.7343 0.4654
vn -0.3123 -0.1437 0.9390
vn -0.5789 -0.0967 0.8097
vn -0.1369 -0.3393 0.9307
vn -0.3224 -0.3427 0.8824
vn -0.5446 -0.2725 0.7932
vn -0.1019 -0.6214 0.7768
vn -0.2680 -0.5667 0.7791
vn -0.4942 -0.5149 0.7004
vn -0.9928 0.0855 0.0844
vn -0.0886 0.0944 0.9916
vn -0.0855 0.9932 0.0787
vn -0.9417 0.1363 0.3075
vn -0.8070 0.0956 0.5828
vn -0.9412 0.3114 0.1313
vn -0.8947 0.3253 0.3061
vn -0.8010 0.2677 0.5355
vn -0.8069 0.5835 0.0918
vn -0.8017 0.5446 0.2462
vn -0.7170 0.5085 0.4768
vn -0.1376 0.3340 0.9325
vn -0.0973 0.6142 0.7831
vn -0.3149 0.1422 0.9384
vn -0.3279 0.3344 0.8836
vn -0.2684 0.5656 0.7798
vn -0.5837 0.1009 0.8057
vn -0.5430 0.2707 0.7949
vn -0.5011 0.5061 0.7019
vn -0.3114 0.9417 0.1273
vn -0.5837 0.8074 0.0864
vn -0.1321 0.9481 0.2893
vn -0.3146 0.9002 0.3009
vn -0.5421 0.8045 0.2428
vn -0.0994 0.8280 0.5519
vn -0.2636 0.8176 0.5119
vn -0.4909 0.7310 0.4739
vn 0.9920 -0.0855 0.0931
vn 0.0788 -0.0906 0.9928
vn 0.0854 -0.9930 0.0811
vn 0.9323 -0.1375 0.3346
vn 0.7803 -0.0918 0.6187
vn 0.9398 -0.3111 0.1416
vn 0.8855 -0.3259 0.3312
vn 0.7803 -0.2615 0.5681
vn 0.8060 -0.5830 0.1019
vn 0.7939 -0.5450 0.2697
vn 0.6990 -0.5064 0.5049
vn 0.1278 -0.3281 0.9359
vn 0.0923 -0.6112 0.7861
vn 0.2900 -0.1373 0.9471
vn 0.3058 -0.3237 0.8954
vn 0.2545 -0.5576 0.7902
vn 0.5484 -0.0951 0.8308
vn 0.5147 -0.2594 0.8172
vn 0.4810 -0.4975 0.7219
vn 0.3109 -0.9410 0.1339
vn 0.5831 -0.8067 0.0957
vn 0.1291 -0.9463 0.2963
vn 0.3084 -0.8975 0.3152
vn 0.5341 -0.8039 0.2618
vn 0.0952 -0.8258 0.5559
vn 0.2538 -0.8132 0.5237
vn 0.4755 -0.7290 0.4924
vn 0.9919 0.0855 0.0940
vn 0.0854 0.9931 0.0802
vn 0.0783 0.0921 0.9927
vn 0.9396 0.3111 0.1428
vn 0.8064 0.5833 0.0976
vn 0.9311 0.1389 0.3372
vn 0.8844 0.3222 0.3376
vn 0.7902 0.5499 0.2706
vn 0.7768 0.0972 0.6222
vn 0.7816 0.2615 0.5663
vn 0.6969 0.5023 0.5119
vn 0.1287 0.9474 0.2931
vn 0.0912 0.8301 0.5501
vn 0.3108 0.9410 0.1340
vn 0.3117 0.8984 0.3094
vn 0.2538 0.8130 0.5240
vn 0.5829 0.8064 0.1000
vn 0.5282 0.8082 0.2603
vn 0.4788 0.7316 0.4853
vn 0.2879 0.1382 0.9476
vn 0.5443 0.0906 0.8340
vn 0.1270 0.3321 0.9346
vn 0.3006 0.3311 0.8944
vn 0.5170 0.2605 0.8154
vn 0.0964 0.6164 0.7815
vn 0.2537 0.5574 0.7905
vn 0.4743 0.5056 0.7207
vn -0.9840 -0.1588 -0.0813
vn -0.9840 -0.0821 -0.1584
vn -0.9357 -0.1611 -0.3137
vn -0.9357 -0.3135 -0.1618
vn -0.8873 -0.0777 -0.4546
vn -0.7967 -0.1532 -0.5847
vn -0.8423 -0.2958 -0.4506
vn -0.7052 -0.0727 -0.7052
vn -0.5844 -0.1538 -0.7968
vn -0.6791 -0.2797 -0.6787
vn -0.8875 -0.4544 -0.0770
vn -0.8422 -0.4503 -0.2964
vn -0.7968 -0.5844 -0.1538
vn -0.7254 -0.4236 -0.5426
vn -0.7251 -0.5429 -0.4236
vn -0.5429 -0.4236 -0.7251
vn -0.6145 -0.4955 -0.6139
vn -0.1584 -0.0821 -0.9840
vn -0.0821 -0.1584 -0.9840
vn -0.1611 -0.3137 -0.9357
vn -0.3135 -0.1618 -0.9357
vn -0.0777 -0.4546 -0.8873
vn -0.1532 -0.5847 -0.7967
vn -0.2958 -0.4507 -0.8423
vn -0.0727 -0.7052 -0.7052
vn -0.1538 -0.7968 -0.5844
vn -0.2797 -0.6787 -0.6791
vn -0.4544 -0.0783 -0.8873
vn -0.4503 -0.2964 -0.8422
vn -0.4235 -0.5426 -0.7254
vn -0.4236 -0.7251 -0.5429
vn -0.4955 -0.6139 -0.6145
vn -0.0821 -0.9840 -0.1584
vn -0.1588 -0.9840 -0.0813
vn -0.3137 -0.9357 -0.1611
vn -0.1618 -0.9357 -0.3134
vn -0.4545 -0.8875 -0.0764
vn -0.5847 -0.7967 -0.1532
vn -0.4506 -0.8423 -0.2958
vn -0.7053 -0.7053 -0.0717
vn -0.6787 -0.6791 -0.2797
vn -0.0783 -0.8873 -0.4545
vn -0.2964 -0.8422 -0.4503
vn -0.5426 -0.7254 -0.4235
vn -0.6139 -0.6145 -0.4955
vn 0.9840 -0.0821 -0.1584
vn 0.9840 -0.1588 -0.0813
vn 0.9357 -0.3137 -0.1611
vn 0.9357 -0.1618 -0.3134
vn 0.8875 -0.4545 -0.0764
vn 0.7967 -0.5847 -0.1532
vn 0.8423 -0.4506 -0.2958
vn 0.7053 -0.7053 -0.0717
vn 0.5844 -0.7968 -0.1538
vn 0.6791 -0.6787 -0.2797
vn 0.8873 -0.0783 -0.4545
vn 0.8422 -0.2964 -0.4503
vn 0.7968 -0.1538 -0.5844
vn 0.7254 -0.5426 -0.4236
vn 0.7251 -0.4236 -0.5429
vn 0.5429 -0.7251 -0.4236
vn 0.6145 -0.6139 -0.4955
vn 0.1588 -0.9840 -0.0813
vn 0.0821 -0.9840 -0.1584
vn 0.1611 -0.9357 -0.3137
vn 0.3134 -0.9357 -0.1618
vn 0.0777 -0.8873 -0.4546
vn 0.1532 -0.7967 -0.5847
vn 0.2958 -0.8423 -0.4506
vn 0.0727 -0.7052 -0.7052
vn 0.1538 -0.5844 -0.7968
vn 0.2797 -0.6791 -0.6787
vn 0.4544 -0.8875 -0.0770
vn 0.4503 -0.8422 -0.2964
vn 0.4236 -0.7254 -0.5426
vn 0.4236 -0.5429 -0.7251
vn 0.4955 -0.6145 -0.6139
vn 0.0821 -0.1584 -0.9840
vn 0.1584 -0.0821 -0.9840
vn 0.3137 -0.1611 -0.9357
vn 0.1618 -0.3134 -0.9357
vn 0.4546 -0.0776 -0.8873
vn 0.5847 -0.1532 -0.7967
vn 0.4506 -0.2958 -0.8423
vn 0.7052 -0.0727 -0.7052
vn 0.6787 -0.2797 -0.6791
vn 0.0783 -0.4544 -0.8873
vn 0.2964 -0.4503 -0.8422
vn 0.5426 -0.4236 -0.7254
vn 0.6139 -0.4956 -0.6145
vn -0.9840 0.0821 -0.1584
vn -0.9840 0.1588 -0.0813
vn -0.9357 0.3137 -0.1611
vn -0.9357 0.1618 -0.3134
vn -0.8875 0.4545 -0.0764
vn -0.7967 0.5847 -0.1532
vn -0.8423 0.4506 -0.2958
vn -0.7053 0.7053 -0.0717
vn -0.5844 0.7968 -0.1538
vn -0.6791 0.6787 -0.2797
vn -0.8873 0.0783 -0.4545
vn -0.8422 0.2964 -0.4503
vn -0.7968 0.1538 -0.5844
vn -0.7254 0.5426 -0.4236
vn -0.7251 0.4236 -0.5429
vn -0.5429 0.7251 -0.4236
vn -0.6145 0.6139 -0.4955
vn -0.1588 0.9840 -0.0813
vn -0.0821 0.9840 -0.1584
vn -0.1611 0.9357 -0.3137
vn -0.3134 0.9357 -0.1618
vn -0.0777 0.8873 -0.4546
vn -0.1532 0.7967 -0.5847
vn -0.2958 0.8423 -0.4506
vn -0.0727 0.7052 -0.7052
vn -0.1538 0.5844 -0.7968
vn -0.2797 0.6791 -0.6787
vn -0.4544 0.8875 -0.0770
vn -0.4503 0.8422 -0.2964
vn -0.4236 0.7254 -0.5426
vn -0.4236 0.5429 -0.7251
vn -0.4955 0.6145 -0.6139
vn -0.0821 0.1584 -0.9840
vn -0.1584 0.0821 -0.9840
vn -0.3137 0.1611 -0.9357
vn -0.1618 0.3134 -0.9357
vn -0.4546 0.0776 -0.8873
vn -0.5847 0.1532 -0.7967
vn -0.4506 0.2958 -0.8423
vn -0.7052 0.0727 -0.7052
vn -0.6787 0.2796 -0.6791
vn -0.0783 0.4544 -0.8873
vn -0.2964 0.4503 -0.8422
vn -0.5426 0.4236 -0.7254
vn -0.6139 0.4956 -0.6145
vn 0.9840 0.1588 -0.0813
vn 0.9840 0.0821 -0.1584
vn 0.9357 0.1611 -0.3137
vn 0.9357 0.3135 -0.1618
vn 0.8873 0.0777 -0.4546
vn 0.7967 0.1532 -0.5847
vn 0.8423 0.2958 -0.4506
vn 0.7052 0.0727 -0.7052
vn 0.5844 0.1538 -0.7968
vn 0.6791 0.2797 -0.6787
vn 0.8875 0.4544 -0.0770
vn 0.8422 0.4503 -0.2964
vn 0.7968 0.5844 -0.1538
vn 0.7254 0.4236 -0.5426
vn 0.7251 0.5429 -0.4236
vn 0.5429 0.4236 -0.7251
vn 0.6145 0.4955 -0.6139
vn 0.1584 0.0821 -0.9840
vn 0.0821 0.1584 -0.9840
vn 0.1611 0.3137 -0.9357
vn 0.3135 0.1618 -0.9357
vn 0.0777 0.4546 -0.8873
vn 0.1532 0.5847 -0.7967
vn 0.2958 0.4507 -0.8423
vn 0.0727 0.7052 -0.7052
vn 0.1538 0.7968 -0.5844
vn 0.2797 0.6787 -0.6791
vn 0.4544 0.0783 -0.8873
vn 0.4503 0.2964 -0.8422
vn 0.4236 0.5426 -0.7254
vn 0.4236 0.7251 -0.5429
vn 0.4955 0.6139 -0.6145
vn 0.0821 0.9840 -0.1584
vn 0.1588 0.9840 -0.0813
vn 0.3137 0.9357 -0.1611
vn 0.1618 0.9357 -0.3134
vn 0.4545 0.8875 -0.0764
vn 0.5847 0.7967 -0.1532
vn 0.4506 0.8423 -0.2958
vn 0.7053 0.7053 -0.0717
vn 0.6787 0.6791 -0.2797
vn 0.0783 0.8873 -0.4545
vn 0.2964 0.8422 -0.4503
vn 0.5426 0.7254 -0.4235
vn 0.6139 0.6145 -0.4955
vn -0.9768 -0.1120 0.1824
vn -0.9768 -0.1841 0.1093
vn -0.9194 -0.3170 0.2327
vn -0.9183 -0.2476 0.3091
vn -0.8915 -0.4401 0.1072
vn -0.8032 -0.5669 0.1829
vn -0.8806 -0.3816 0.2810
vn -0.7032 -0.7061 0.0828
vn -0.5591 -0.8082 0.1850
vn -0.6791 -0.6978 0.2277
vn -0.8892 -0.1172 0.4422
vn -0.8786 -0.2946 0.3760
vn -0.8037 -0.2074 0.5577
vn -0.7831 -0.5304 0.3247
vn -0.7866 -0.3427 0.5136
vn -0.5187 -0.7974 0.3083
vn -0.6287 -0.6490 0.4285
vn -0.1829 -0.9777 0.1030
vn -0.1095 -0.9797 0.1677
vn -0.2392 -0.9267 0.2897
vn -0.3143 -0.9219 0.2267
vn -0.1122 -0.9083 0.4029
vn -0.2009 -0.8255 0.5275
vn -0.2907 -0.8922 0.3457
vn -0.0937 -0.7394 0.6667
vn -0.2104 -0.5921 0.7779
vn -0.2527 -0.7100 0.6573
vn -0.4398 -0.8917 0.1071
vn -0.3815 -0.8855 0.2653
vn -0.3412 -0.8020 0.4903
vn -0.3395 -0.5450 0.7667
vn -0.4534 -0.6511 0.6087
vn -0.1127 -0.2029 0.9727
vn -0.1868 -0.1203 0.9750
vn -0.3191 -0.2587 0.9117
vn -0.2481 -0.3401 0.9071
vn -0.4359 -0.1185 0.8922
vn -0.5631 -0.2053 0.8005
vn -0.3808 -0.3077 0.8720
vn -0.7000 -0.0927 0.7081
vn -0.6900 -0.2544 0.6776
vn -0.1184 -0.4766 0.8711
vn -0.2946 -0.4081 0.8641
vn -0.5227 -0.3550 0.7751
vn -0.6379 -0.4651 0.6138
vn -0.9770 0.1838 0.1085
vn -0.9771 0.1117 0.1809
vn -0.9201 0.2450 0.3055
vn -0.9188 0.3183 0.2336
vn -0.8922 0.1140 0.4371
vn -0.8055 0.2017 0.5572
vn -0.8820 0.2963 0.3665
vn -0.7031 0.0923 0.7050
vn -0.5638 0.2099 0.7988
vn -0.6845 0.2536 0.6835
vn -0.8909 0.4408 0.1096
vn -0.8792 0.3878 0.2768
vn -0.8045 0.5634 0.1883
vn -0.7867 0.3477 0.5101
vn -0.7865 0.5296 0.3178
vn -0.5258 0.3461 0.7770
vn -0.6328 0.4627 0.6208
vn -0.1880 0.1185 0.9750
vn -0.1135 0.1996 0.9733
vn -0.2476 0.3339 0.9095
vn -0.3226 0.2578 0.9108
vn -0.1161 0.4684 0.8759
vn -0.2052 0.5889 0.7817
vn -0.2978 0.3963 0.8685
vn -0.0934 0.7341 0.6726
vn -0.2051 0.8221 0.5311
vn -0.2524 0.7134 0.6537
vn -0.4411 0.1201 0.8894
vn -0.3892 0.3022 0.8702
vn -0.3461 0.5394 0.7677
vn -0.3361 0.8007 0.4959
vn -0.4543 0.6544 0.6044
vn -0.1095 0.9793 0.1701
vn -0.1830 0.9776 0.1039
vn -0.3130 0.9224 0.2262
vn -0.2408 0.9246 0.2950
vn -0.4392 0.8922 0.1050
vn -0.5627 0.8066 0.1810
vn -0.3761 0.8862 0.2706
vn -0.7050 0.7043 0.0833
vn -0.6894 0.6873 0.2290
vn -0.1146 0.9046 0.4106
vn -0.2886 0.8881 0.3578
vn -0.5196 0.7932 0.3174
vn -0.6374 0.6393 0.4301
vn 0.9758 -0.1842 0.1180
vn 0.9736 -0.1124 0.1984
vn 0.9108 -0.2458 0.3317
vn 0.9135 -0.3184 0.2533
vn 0.8742 -0.1123 0.4725
vn 0.7822 -0.1945 0.5918
vn 0.8691 -0.2934 0.3983
vn 0.6684 -0.0870 0.7387
vn 0.5323 -0.1981 0.8231
vn 0.6549 -0.2432 0.7155
vn 0.8896 -0.4406 0.1201
vn 0.8713 -0.3866 0.3023
vn 0.7998 -0.5629 0.2085
vn 0.7683 -0.3417 0.5413
vn 0.7752 -0.5289 0.3455
vn 0.5010 -0.3345 0.7982
vn 0.6091 -0.4543 0.6501
vn 0.1712 -0.1147 0.9785
vn 0.1044 -0.1937 0.9755
vn 0.2307 -0.3240 0.9175
vn 0.2991 -0.2495 0.9210
vn 0.1087 -0.4646 0.8788
vn 0.1938 -0.5817 0.7900
vn 0.2795 -0.3855 0.8793
vn 0.0891 -0.7317 0.6758
vn 0.1972 -0.8176 0.5410
vn 0.2413 -0.7071 0.6647
vn 0.4086 -0.1145 0.9055
vn 0.3638 -0.2914 0.8847
vn 0.3281 -0.5309 0.7814
vn 0.3242 -0.7967 0.5101
vn 0.4373 -0.6465 0.6252
vn 0.1082 -0.9785 0.1756
vn 0.1824 -0.9772 0.1085
vn 0.3094 -0.9202 0.2398
vn 0.2363 -0.9218 0.3075
vn 0.4381 -0.8917 0.1133
vn 0.5582 -0.8056 0.1988
vn 0.3691 -0.8844 0.2857
vn 0.7039 -0.7042 0.0933
vn 0.6815 -0.6873 0.2513
vn 0.1112 -0.9025 0.4161
vn 0.2808 -0.8851 0.3711
vn 0.5087 -0.7922 0.3371
vn 0.6227 -0.6356 0.4563
vn 0.9732 0.1130 0.2002
vn 0.9756 0.1845 0.1192
vn 0.9139 0.3168 0.2538
vn 0.9085 0.2491 0.3354
vn 0.8903 0.4397 0.1183
vn 0.7988 0.5660 0.2040
vn 0.8729 0.3790 0.3072
vn 0.7021 0.7059 0.0933
vn 0.5546 0.8069 0.2035
vn 0.6714 0.6974 0.2506
vn 0.8713 0.1158 0.4769
vn 0.8656 0.2912 0.4073
vn 0.7807 0.2007 0.5917
vn 0.7721 0.5285 0.3528
vn 0.7685 0.3353 0.5449
vn 0.5080 0.7960 0.3291
vn 0.6146 0.6443 0.4552
vn 0.1824 0.9773 0.1080
vn 0.1082 0.9788 0.1740
vn 0.2348 0.9235 0.3032
vn 0.3107 0.9194 0.2411
vn 0.1089 0.9056 0.4100
vn 0.1929 0.8200 0.5389
vn 0.2828 0.8888 0.3607
vn 0.0892 0.7355 0.6717
vn 0.1985 0.5833 0.7876
vn 0.2412 0.7020 0.6700
vn 0.4387 0.8911 0.1158
vn 0.3746 0.8834 0.2817
vn 0.3292 0.7971 0.5062
vn 0.3215 0.5355 0.7809
vn 0.4363 0.6424 0.6301
vn 0.1036 0.1962 0.9751
vn 0.1702 0.1160 0.9786
vn 0.2959 0.2496 0.9220
vn 0.2310 0.3290 0.9156
vn 0.4043 0.1124 0.9077
vn 0.5321 0.1927 0.8245
vn 0.3559 0.2963 0.8863
vn 0.6659 0.0872 0.7409
vn 0.6612 0.2435 0.7096
vn 0.1107 0.4709 0.8752
vn 0.2764 0.3966 0.8754
vn 0.4984 0.3430 0.7962
vn 0.6141 0.4560 0.6442
vn -0.9969 0.0000 -0.0785
vn -0.9511 -0.0000 -0.3090
vn -0.8090 -0.0000 -0.5878
vn -0.5878 0.0000 -0.8090
vn -0.3090 0.0000 -0.9511
vn -0.0785 0.0000 -0.9969
vn 0.0785 0.0000 -0.9969
vn 0.3090 0.0000 -0.9511
vn 0.5878 -0.0000 -0.8090
vn 0.8090 0.0000 -0.5878
vn 0.9511 -0.0000 -0.3090
vn 0.9969 0.0000 -0.0785
vn 0.0000 -0.0785 -0.9969
vn -0.0000 -0.3090 -0.9511
vn -0.0000 -0.5878 -0.8090
vn -0.0000 -0.8090 -0.5878
vn -0.0000 -0.9511 -0.3090
vn -0.0000 -0.9969 -0.0785
vn 0.0000 0.9969 -0.0785
vn 0.0000 0.9511 -0.3090
vn 0.0000 0.8090 -0.5878
vn 0.0000 0.5878 -0.8090
vn -0.0000 0.3090 -0.9511
vn -0.0000 0.0785 -0.9969
vn -0.0834 -0.0001 0.9965
vn -0.3085 -0.0003 0.9512
vn -0.5789 -0.0003 0.8154
vn -0.8054 -0.0002 0.5927
vn -0.9478 -0.0001 0.3188
vn -0.9962 -0.0000 0.0874
vn 0.9954 0.0000 0.0960
vn 0.9383 0.0001 0.3458
vn 0.7785 0.0002 0.6276
vn 0.5437 0.0003 0.8393
vn 0.2836 0.0002 0.9589
vn 0.0722 0.0001 0.9974
vn 0.0000 -0.9970 0.0776
vn 0.0000 -0.9579 0.2870
vn 0.0001 -0.8362 0.5485
vn 0.0001 -0.6228 0.7824
vn 0.0001 -0.3419 0.9397
vn 0.0000 -0.0996 0.9950
vn -0.0000 0.0992 0.9951
vn -0.0001 0.3412 0.9400
vn -0.0001 0.6219 0.7831
vn -0.0001 0.8355 0.5495
vn -0.0000 0.9577 0.2877
vn -0.0000 0.9970 0.0778
vn -0.0821 -0.9966 0.0003
vn -0.3113 -0.9503 0.0027
vn -0.5868 -0.8098 0.0022
vn -0.8097 -0.5868 0.0022
vn -0.9503 -0.3113 0.0027
vn -0.9966 -0.0821 0.0003
vn -0.0821 0.9966 0.0003
vn -0.3113 0.9503 0.0027
vn -0.5868 0.8098 0.0022
vn -0.8097 0.5868 0.0022
vn -0.9503 0.3113 0.0027
vn -0.9966 0.0821 0.0003
vn 0.9966 0.0821 0.0003
vn 0.9503 0.3113 0.0027
vn 0.8097 0.5868 0.0022
vn 0.5868 0.8097 0.0022
vn 0.3113 0.9503 0.0027
vn 0.0821 0.9966 0.0003
vn 0.0821 -0.9966 0.0003
vn 0.3113 -0.9503 0.0027
vn 0.5868 -0.8098 0.0022
vn 0.8097 -0.5868 0.0022
vn 0.9503 -0.3113 0.0027
vn 0.9966 -0.0821 0.0003
vn -0.9865 -0.1637 0.0015
usemtl Sign
s off
f 946/1/1 936/2/1 182/3/1 417/4/1
f 735/5/2 733/6/2 150/7/2 148/8/2
f 944/9/3 941/10/3 372/11/3 375/12/3
f 736/13/4 735/5/4 148/8/4 147/14/4
f 534/15/5 533/16/5 112/17/5 111/18/5
f 532/19/6 535/20/6 110/21/6 113/22/6
f 941/23/7 938/24/7 184/25/7 372/26/7
f 942/27/8 945/28/8 416/29/8 373/30/8
f 737/31/9 739/32/9 144/33/9 146/34/9
f 734/35/10 737/31/10 146/34/10 149/36/10
f 481/37/11 482/38/11 469/39/11 479/40/11 480/41/11
f 939/42/12 940/43/12 371/44/12 370/45/12
f 316/46/11 317/47/11 318/48/11 319/49/11 320/50/11 321/51/11 322/52/11 323/53/11 324/54/11 329/55/11 334/56/11 338/57/11 341/58/11 344/59/11 457/60/11 460/61/11 464/62/11 470/63/11 471/64/11 472/65/11 473/66/11 474/67/11 475/68/11 476/69/11 477/70/11 478/71/11 480/41/11 479/40/11 468/72/11 467/73/11 466/74/11 465/75/11 463/76/11 462/77/11 461/78/11 459/79/11 458/80/11 346/81/11 345/82/11 343/83/11 342/84/11 340/85/11 339/86/11 337/87/11 336/88/11 335/89/11 333/90/11 332/91/11 331/92/11 330/93/11 328/94/11 327/95/11 326/96/11 325/97/11 469/39/11 482/38/11 315/98/11 314/99/11 300/100/11 299/101/11 298/102/11 297/103/11 296/104/11 294/105/11 293/106/11 291/107/11 289/108/11 288/109/11 290/110/11 292/111/11 295/112/11
f 11/113/11 452/114/11 451/115/11 450/116/11 449/117/11 448/118/11 447/119/11 29/120/11 7/121/11 8/122/11 9/123/11 10/124/11
f 535/20/13 537/125/13 108/126/13 110/21/13
f 733/6/14 727/127/14 367/128/14 150/7/14
f 382/129/11 248/130/11 247/131/11 244/132/11 381/133/11 377/134/11 306/135/11 304/136/11 379/137/11
f 496/138/11 497/139/11 498/140/11 499/141/11 500/142/11 501/143/11 502/144/11 430/145/11 456/146/11 436/147/11 435/148/11 434/149/11 433/150/11 432/151/11 431/152/11 429/153/11 428/154/11 427/155/11 406/156/11 133/157/11 141/158/11 219/159/11 221/160/11 220/161/11 495/162/11
f 492/163/11 493/164/11 494/165/11 483/166/11 484/167/11 485/168/11 486/169/11 487/170/11 488/171/11 489/172/11 490/173/11 491/174/11
f 533/16/15 530/175/15 117/176/15 112/17/15
f 728/177/16 734/178/16 149/179/16 368/180/16
f 247/131/11 248/130/11 257/181/11 265/182/11 273/183/11 275/184/11 277/185/11 278/186/11 281/187/11 283/188/11 285/189/11 286/190/11 287/191/11 284/192/11 282/193/11 280/194/11 279/195/11 276/196/11 274/197/11 272/198/11 260/199/11 254/200/11 251/201/11 245/202/11 378/203/11 305/204/11 310/205/11 348/206/11 353/207/11 360/208/11 368/209/11 149/210/11 146/211/11 144/212/11 193/213/11 191/214/11 189/215/11 190/216/11 192/217/11 143/218/11 145/219/11 147/220/11 148/221/11 150/222/11 367/223/11 359/224/11 352/225/11 347/226/11 309/227/11 304/136/11 306/135/11 308/228/11 312/229/11 349/230/11 351/231/11 356/232/11 358/233/11 362/234/11 363/235/11 366/236/11 153/237/11 151/238/11 152/239/11 369/240/11 365/241/11 364/242/11 361/243/11 357/244/11 355/245/11 354/246/11 350/247/11 313/248/11 311/249/11 307/250/11 376/251/11 380/252/11 383/253/11 246/254/11 249/255/11 252/256/11 255/257/11 258/258/11 261/259/11 263/260/11 266/261/11 268/262/11 270/263/11 271/264/11 269/265/11 267/266/11 264/267/11 262/268/11 259/269/11 256/270/11 253/271/11 250/272/11
f 940/43/17 942/27/17 373/30/17 371/44/17
f 45/273/11 47/274/11 49/275/11 51/276/11 52/277/11 54/278/11 56/279/11 57/280/11 30/281/11 37/282/11 68/283/11 63/284/11 98/285/11 95/286/11 90/287/11 80/288/11 77/289/11 75/290/11 74/291/11 142/292/11 178/293/11 179/294/11 176/295/11 174/296/11 172/297/11 170/298/11 167/299/11 165/300/11 164/301/11 163/302/11 162/303/11 159/304/11 158/305/11 223/306/11 226/307/11 228/308/11 230/309/11 233/310/11 234/311/11 237/312/11 239/313/11 243/314/11 195/315/11 197/316/11 199/317/11 202/318/11 203/319/11 200/320/11 198/321/11 196/322/11 194/323/11 241/324/11 238/325/11 235/326/11 232/327/11 227/328/11 224/329/11 161/330/11 222/331/11 231/332/11 240/333/11 204/334/11 206/335/11 209/336/11 211/337/11 214/338/11 217/339/11 218/340/11 186/341/11 187/342/11 188/343/11 185/344/11 216/345/11 215/346/11 213/347/11 212/348/11 210/349/11 208/350/11 207/351/11 205/352/11 201/353/11 242/354/11 236/355/11 229/356/11 225/357/11 160/358/11 166/359/11 168/360/11 169/361/11 171/362/11 173/363/11 175/364/11 177/365/11 115/366/11 76/367/11 78/368/11 79/369/11 81/370/11 82/371/11 83/372/11 86/373/11 87/374/11 88/375/11 89/376/11 93/377/11 94/378/11 97/379/11 99/380/11 102/381/11 64/382/11 66/383/11 20/384/11 39/385/11 36/386/11 34/387/11 31/388/11 32/389/11 35/390/11 38/391/11 19/392/11 69/393/11 65/394/11 62/395/11 100/396/11 96/397/11 91/398/11 85/399/11 84/400/11 92/401/11 101/402/11 67/403/11 33/404/11 58/405/11 55/406/11 53/407/11 50/408/11 48/409/11 46/410/11 44/411/11 43/412/11
f 141/158/11 131/413/11 130/414/11 129/415/11 128/416/11 127/417/11 126/418/11 125/419/11 123/420/11 122/421/11 121/422/11 119/423/11 118/424/11 116/425/11 113/426/11 110/427/11 108/428/11 106/429/11 105/430/11 436/147/11 456/146/11 107/431/11 109/432/11 111/433/11 112/434/11 117/435/11 120/436/11 124/437/11 132/438/11 134/439/11 135/440/11 136/441/11 137/442/11 138/443/11 139/444/11 140/445/11 219/159/11
f 932/446/18 943/447/18 374/448/18 114/449/18
f 536/450/19 534/15/19 111/18/19 109/451/19
f 42/452/11 14/453/11 13/454/11 12/455/11 15/456/11 16/457/11 17/458/11 18/459/11 40/460/11 41/461/11
f 420/462/11 421/463/11 417/464/11 182/465/11 25/466/11 24/467/11 22/468/11 415/469/11 413/470/11 411/471/11 409/472/11 407/473/11 454/474/11 453/475/11 455/476/11 408/477/11 410/478/11 412/479/11 414/480/11 21/481/11 23/482/11 114/483/11 374/484/11 422/485/11 425/486/11 426/487/11 392/488/11 390/489/11 438/490/11 443/491/11 302/492/11 61/493/11 395/494/11 384/495/11 396/496/11 398/497/11 401/498/11 403/499/11 404/500/11 405/501/11 402/502/11 400/503/11 399/504/11 397/505/11 385/506/11 394/507/11 4/508/11 157/509/11 389/510/11 444/511/11 437/512/11 6/513/11 440/514/11 442/515/11 446/516/11 388/517/11 303/518/11 155/519/11 156/520/11 73/521/11 1/522/11 3/523/11 5/524/11 2/525/11 60/526/11 72/527/11 154/528/11 301/529/11 386/530/11 445/531/11 441/532/11 439/533/11 387/534/11 391/535/11 393/536/11 424/537/11 423/538/11 419/539/11 375/540/11 372/541/11 184/542/11 181/543/11 104/544/11 59/545/11 28/546/11 27/547/11 26/548/11 70/549/11 103/550/11 71/551/11 180/552/11 183/553/11 370/554/11 371/555/11 373/556/11 416/557/11 418/558/11
f 738/559/20 736/13/20 147/14/20 145/560/20
f 531/561/21 532/19/21 113/22/21 116/562/21
f 538/563/22 536/450/22 109/451/22 107/564/22
f 907/565/11 886/566/11 887/567/11 898/568/11 899/569/11 900/570/11 901/571/11 902/572/11 903/573/11 904/574/11 905/575/11 906/576/11
f 732/577/23 731/578/23 152/579/23 151/580/23
f 937/581/24 939/582/24 370/583/24 183/584/24
f 529/585/25 531/561/25 116/562/25 118/586/25
f 730/587/26 732/577/26 151/580/26 153/588/26
f 938/24/27 935/589/27 181/590/27 184/25/27
f 530/175/28 527/591/28 120/592/28 117/176/28
f 731/578/29 729/593/29 369/594/29 152/579/29
f 934/595/30 937/581/30 183/584/30 180/596/30
f 528/597/31 529/585/31 118/586/31 119/598/31
f 726/599/32 730/587/32 153/588/32 366/600/32
f 936/2/33 924/601/33 25/602/33 182/3/33
f 925/603/11 926/604/11 927/605/11 929/606/11 931/607/11 935/608/11 938/609/11 941/610/11 944/611/11 948/612/11 952/613/11 953/614/11 956/615/11 958/616/11 960/617/11 964/618/11 966/619/11 970/620/11 972/621/11 975/622/11 978/623/11 982/624/11 984/625/11 987/626/11 989/627/11 988/628/11 986/629/11 983/630/11 980/631/11 979/632/11 977/633/11 973/634/11 971/635/11 967/636/11 965/637/11 961/638/11 950/639/11 949/640/11 947/641/11 945/642/11 942/643/11 940/644/11 939/645/11 937/646/11 934/647/11 933/648/11 930/649/11 928/650/11
f 946/651/11 950/639/11 961/638/11 962/652/11
f 896/653/11 897/654/11 911/655/11 913/656/11 915/657/11 917/658/11 919/659/11 921/660/11 923/661/11 924/662/11 936/663/11 946/651/11 962/652/11 969/664/11 974/665/11 981/666/11 990/667/11 992/668/11 994/669/11 996/670/11 998/671/11 999/672/11
f 888/673/11 889/674/11 890/675/11
f 894/676/11 893/677/11 895/678/11
f 819/679/11 816/680/11 832/681/11 838/682/11 843/683/11 847/684/11 850/685/11 853/686/11 857/687/11 859/688/11 861/689/11 864/690/11 867/691/11 868/692/11 865/693/11 863/694/11 860/695/11 858/696/11 854/697/11 852/698/11 849/699/11 846/700/11 844/701/11 841/702/11 840/703/11 836/704/11 835/705/11 834/706/11 833/707/11 830/708/11 829/709/11 828/710/11 826/711/11 825/712/11 823/713/11
f 765/714/11 766/715/11 769/716/11 771/717/11 773/718/11 775/719/11 779/720/11 781/721/11 784/722/11 785/723/11 788/724/11 790/725/11 792/726/11 795/727/11 797/728/11 798/729/11 801/730/11 802/731/11 803/732/11 804/733/11 806/734/11 809/735/11 811/736/11 796/737/11 800/738/11 794/739/11 791/740/11 786/741/11 783/742/11 780/743/11 777/744/11 774/745/11 772/746/11 770/747/11 768/748/11
f 749/749/11 746/750/11 891/751/11 892/752/11 880/753/11 878/754/11 875/755/11 873/756/11 870/757/11 866/758/11 855/759/11 848/760/11 839/761/11 831/762/11 832/681/11 816/680/11 814/763/11 812/764/11 810/765/11 808/766/11 807/767/11 805/768/11 799/769/11 793/770/11 789/771/11 782/772/11 776/773/11 767/774/11 763/775/11 761/776/11 760/777/11 758/778/11 756/779/11 755/780/11 753/781/11 752/782/11
f 650/783/11 648/784/11 748/785/11 750/786/11 751/787/11 754/788/11 757/789/11 759/790/11 762/791/11 764/792/11 778/793/11 787/794/11 796/737/11 811/736/11 813/795/11 815/796/11 817/797/11 818/798/11 820/799/11 821/800/11 822/801/11 824/802/11 827/803/11 837/804/11 842/805/11 845/806/11 851/807/11 856/808/11 862/809/11 869/810/11 871/811/11 872/812/11 874/813/11 876/814/11 877/815/11 879/816/11 881/817/11 741/818/11 739/819/11 737/820/11 734/821/11 728/822/11 720/823/11 713/824/11 708/825/11 703/826/11 698/827/11 694/828/11 687/829/11 681/830/11 678/831/11 672/832/11 660/833/11 658/834/11 656/835/11 653/836/11 652/837/11
f 661/838/11 662/839/11 664/840/11 666/841/11 669/842/11 671/843/11 674/844/11 677/845/11 680/846/11 683/847/11 686/848/11 689/849/11 692/850/11 696/851/11 700/852/11 704/853/11 706/854/11 710/855/11 714/856/11 715/857/11 717/858/11 721/859/11 724/860/11 725/861/11 729/862/11 731/863/11 732/864/11 730/865/11 726/866/11 723/867/11 722/868/11 718/869/11 716/870/11 711/871/11 709/872/11 705/873/11 701/874/11 699/875/11 695/876/11 691/877/11 688/878/11 685/879/11 682/880/11 679/881/11 676/882/11 673/883/11 670/884/11 668/885/11 665/886/11 663/887/11
f 740/888/11 742/889/11 573/890/11 574/891/11 647/892/11 649/893/11 651/894/11 654/895/11 655/896/11 657/897/11 659/898/11 667/899/11 675/900/11 684/901/11 690/902/11 693/903/11 697/904/11 702/905/11 707/906/11 712/907/11 719/908/11 727/909/11 733/910/11 735/911/11 736/912/11 738/913/11
f 587/914/11 576/915/11 586/916/11 620/917/11 619/918/11 618/919/11 617/920/11 615/921/11 614/922/11 613/923/11 612/924/11 610/925/11 609/926/11 608/927/11 606/928/11 605/929/11 603/930/11 602/931/11 600/932/11 599/933/11 597/934/11 596/935/11 594/936/11 593/937/11 592/938/11 590/939/11 589/940/11 588/941/11
f 631/942/11 630/943/11 643/944/11 641/945/11 639/946/11 638/947/11 636/948/11 635/949/11 634/950/11 633/951/11 632/952/11
f 644/953/11 561/954/11 562/955/11 575/956/11 577/957/11 578/958/11 579/959/11 580/960/11 581/961/11 582/962/11 583/963/11 584/964/11 585/965/11 591/966/11 595/967/11 598/968/11 601/969/11 604/970/11 607/971/11 611/972/11 616/973/11 621/974/11 622/975/11 623/976/11 624/977/11 625/978/11 626/979/11 627/980/11 628/981/11 629/982/11 637/983/11 640/984/11 642/985/11
f 572/986/11 504/987/11 503/988/11 563/989/11 564/990/11 565/991/11 566/992/11 567/993/11 568/994/11 569/995/11 570/996/11 571/997/11
f 506/998/11 514/999/11 552/1000/11 551/1001/11 550/1002/11 549/1003/11 547/1004/11 546/1005/11 545/1006/11 544/1007/11 543/1008/11 542/1009/11 540/1010/11 539/1011/11 537/1012/11 535/1013/11 532/1014/11 531/1015/11 529/1016/11 528/1017/11 526/1018/11 525/1019/11 524/1020/11 522/1021/11 521/1022/11 520/1023/11 519/1024/11 518/1025/11 517/1026/11 516/1027/11
f 1664/1028/34 1732/1029/34 1744/1030/34 1738/1031/34
f 922/1032/11 1550/1033/11 1446/1034/11 985/1035/11 976/1036/11 968/1037/11 963/1038/11 959/1039/11 957/1040/11 955/1041/11 954/1042/11 951/1043/11 943/1044/11 932/1045/11
f 1629/1046/35 1805/1047/35 1767/1048/35 1553/1049/35
f 1673/1050/36 1125/1051/36 1115/1052/36 1653/1053/36
f 1451/1054/37 1456/1055/37 1468/1056/37 1461/1057/37
f 1305/1058/38 1373/1059/38 1335/1060/38 1229/1061/38
f 1057/1062/39 1297/1063/39 1231/1064/39 1009/1065/39
f 1015/1066/40 1441/1067/40 1489/1068/40 1081/1069/40
f 537/125/41 539/1070/41 106/1071/41 108/126/41
f 945/28/42 947/1072/42 418/1073/42 416/29/42
f 740/1074/43 738/559/43 145/560/43 143/1075/43
f 539/1070/44 540/1076/44 105/1077/44 106/1071/44
f 948/1078/45 944/9/45 375/12/45 419/1079/45
f 739/32/46 741/1080/46 193/1081/46 144/33/46
f 541/1082/47 538/563/47 107/564/47 456/1083/47
f 947/1072/48 949/1084/48 420/1085/48 418/1073/48
f 742/1086/49 740/1074/49 143/1075/49 192/1087/49
f 540/1076/50 542/1088/50 436/1089/50 105/1077/50
f 949/1084/51 950/1090/51 421/1091/51 420/1085/51
f 741/1080/52 743/1092/52 191/1093/52 193/1081/52
f 950/1094/49 946/1095/49 417/1096/49 421/1097/49
f 744/1098/53 742/1086/53 192/1087/53 190/1099/53
f 542/1088/54 543/1100/54 435/1101/54 436/1089/54
f 943/447/55 951/1102/55 422/1103/55 374/448/55
f 743/1092/56 745/1104/56 189/1105/56 191/1093/56
f 543/1100/57 544/1106/57 434/1107/57 435/1101/57
f 952/1108/58 948/1078/58 419/1079/58 423/1109/58
f 745/1104/59 744/1098/59 190/1099/59 189/1105/59
f 544/1106/60 545/1110/60 433/1111/60 434/1107/60
f 953/1112/61 952/1108/61 423/1109/61 424/1113/61
f 747/1114/62 746/1115/62 188/1116/62 187/1117/62
f 545/1118/63 546/1119/63 432/1120/63 433/1121/63
f 951/1102/64 954/1122/64 425/1123/64 422/1103/64
f 748/1124/65 747/1114/65 187/1117/65 186/1125/65
f 546/1119/66 547/1126/66 431/1127/66 432/1120/66
f 954/1122/67 955/1128/67 426/1129/67 425/1123/67
f 746/1115/68 749/1130/68 185/1131/68 188/1116/68
f 548/1132/69 541/1082/69 456/1083/69 430/1133/69
f 956/1134/70 953/1112/70 424/1113/70 393/1135/70
f 750/1136/71 748/1124/71 186/1125/71 218/1137/71
f 547/1126/72 549/1138/72 429/1139/72 431/1127/72
f 955/1128/73 957/1140/73 392/1141/73 426/1129/73
f 751/1142/74 750/1136/74 218/1137/74 217/1143/74
f 549/1138/75 550/1144/75 428/1145/75 429/1139/75
f 958/1146/76 956/1134/76 393/1135/76 391/1147/76
f 749/1130/77 752/1148/77 216/1149/77 185/1131/77
f 550/1144/78 551/1150/78 427/1151/78 428/1145/78
f 957/1140/79 959/1152/79 390/1153/79 392/1141/79
f 752/1148/80 753/1154/80 215/1155/80 216/1149/80
f 551/1150/81 552/1156/81 406/1157/81 427/1151/81
f 960/1158/82 958/1146/82 391/1147/82 387/1159/82
f 754/1160/83 751/1142/83 217/1143/83 214/1161/83
f 552/1156/84 514/1162/84 133/1163/84 406/1157/84
f 962/1164/85 961/1165/85 6/1166/85 437/1167/85
f 753/1154/86 755/1168/86 213/1169/86 215/1155/86
f 553/1170/87 548/1132/87 430/1133/87 502/1171/87
f 959/1152/88 963/1172/88 438/1173/88 390/1153/88
f 755/1168/89 756/1174/89 212/1175/89 213/1169/89
f 554/1176/90 553/1177/90 502/1178/90 501/1179/90
f 964/1180/91 960/1158/91 387/1159/91 439/1181/91
f 757/1182/92 754/1160/92 214/1161/92 211/1183/92
f 555/1184/93 554/1176/93 501/1179/93 500/1185/93
f 961/1186/94 965/1187/94 440/1188/94 6/1189/94
f 756/1174/95 758/1190/95 210/1191/95 212/1175/95
f 556/1192/96 555/1184/96 500/1185/96 499/1193/96
f 966/1194/97 964/1180/97 439/1181/97 441/1195/97
f 759/1196/98 757/1197/98 211/1198/98 209/1199/98
f 557/1200/99 556/1192/99 499/1193/99 498/1201/99
f 965/1187/100 967/1202/100 442/1203/100 440/1188/100
f 758/1190/101 760/1204/101 208/1205/101 210/1191/101
f 558/1206/102 557/1200/102 498/1201/102 497/1207/102
f 963/1172/103 968/1208/103 443/1209/103 438/1173/103
f 760/1210/104 761/1211/104 207/1212/104 208/1213/104
f 559/1214/105 558/1206/105 497/1207/105 496/1215/105
f 969/1216/106 962/1217/106 437/1218/106 444/1219/106
f 762/1220/107 759/1196/107 209/1199/107 206/1221/107
f 560/1222/108 559/1214/108 496/1215/108 495/1223/108
f 970/1224/109 966/1194/109 441/1195/109 445/1225/109
f 761/1211/110 763/1226/110 205/1227/110 207/1212/110
f 504/1228/111 560/1222/111 495/1223/111 220/1229/111
f 967/1202/112 971/1230/112 446/1231/112 442/1203/112
f 764/1232/113 762/1220/113 206/1221/113 204/1233/113
f 562/1234/114 561/1235/114 494/1236/114 493/1237/114
f 972/1238/115 970/1224/115 445/1225/115 386/1239/115
f 766/1240/116 765/1241/116 203/1242/116 202/1243/116
f 563/1244/117 562/1245/117 493/1246/117 492/1247/117
f 971/1230/118 973/1248/118 388/1249/118 446/1231/118
f 763/1226/119 767/1250/119 201/1251/119 205/1227/119
f 565/1252/120 564/1253/120 491/1254/120 490/1255/120
f 974/1256/121 969/1216/121 444/1219/121 389/1257/121
f 765/1241/122 768/1258/122 200/1259/122 203/1242/122
f 564/1260/123 563/1261/123 492/1262/123 491/1263/123
f 975/1264/124 972/1238/124 386/1239/124 301/1265/124
f 769/1266/125 766/1240/125 202/1243/125 199/1267/125
f 566/1268/123 565/1269/123 490/1270/123 489/1271/123
f 968/1208/126 976/1272/126 302/1273/126 443/1209/126
f 768/1258/127 770/1274/127 198/1275/127 200/1259/127
f 567/1276/117 566/1277/117 489/1278/117 488/1279/117
f 973/1280/128 977/1281/128 303/1282/128 388/1283/128
f 771/1284/129 769/1266/129 199/1267/129 197/1285/129
f 569/1286/120 568/1287/120 487/1288/120 486/1289/120
f 978/1290/130 975/1291/130 301/1292/130 154/1293/130
f 770/1274/131 772/1294/131 196/1295/131 198/1275/131
f 568/1296/123 567/1297/123 488/1298/123 487/1299/123
f 977/1281/132 979/1300/132 155/1301/132 303/1282/132
f 773/1302/133 771/1284/133 197/1285/133 195/1303/133
f 570/1304/123 569/1305/123 486/1306/123 485/1307/123
f 979/1300/134 980/1308/134 156/1309/134 155/1301/134
f 772/1294/135 774/1310/135 194/1311/135 196/1295/135
f 571/1312/117 570/1313/117 485/1314/117 484/1315/117
f 981/1316/136 974/1256/136 389/1257/136 157/1317/136
f 775/1318/137 773/1302/137 195/1303/137 243/1319/137
f 561/1320/120 572/1321/120 483/1322/120 494/1323/120
f 982/1324/138 978/1290/138 154/1293/138 72/1325/138
f 767/1250/139 776/1326/139 242/1327/139 201/1251/139
f 572/1328/123 571/1329/123 484/1330/123 483/1331/123
f 980/1308/140 983/1332/140 73/1333/140 156/1309/140
f 774/1310/141 777/1334/141 241/1335/141 194/1311/141
f 574/1336/114 573/1337/114 482/1338/114 481/1339/114
f 984/1340/142 982/1324/142 72/1325/142 60/1341/142
f 778/1342/143 764/1232/143 204/1233/143 240/1343/143
f 976/1272/144 985/1344/144 61/1345/144 302/1273/144
f 779/1346/145 775/1318/145 243/1319/145 239/1347/145
f 575/1348/146 574/1349/146 481/1350/146 480/1351/146
f 983/1332/147 986/1352/147 1/1353/147 73/1333/147
f 777/1354/148 780/1355/148 238/1356/148 241/1357/148
f 577/1358/149 575/1348/149 480/1351/149 478/1359/149
f 987/1360/150 984/1340/150 60/1341/150 2/1361/150
f 781/1362/151 779/1346/151 239/1347/151 237/1363/151
f 578/1364/152 577/1358/152 478/1359/152 477/1365/152
f 986/1352/153 988/1366/153 3/1367/153 1/1353/153
f 776/1326/154 782/1368/154 236/1369/154 242/1327/154
f 579/1370/155 578/1364/155 477/1365/155 476/1371/155
f 989/1372/156 987/1360/156 2/1361/156 5/1373/156
f 780/1355/157 783/1374/157 235/1375/157 238/1356/157
f 580/1376/158 579/1370/158 476/1371/158 475/1377/158
f 988/1366/159 989/1372/159 5/1373/159 3/1367/159
f 784/1378/160 781/1379/160 237/1380/160 234/1381/160
f 581/1382/161 580/1376/161 475/1377/161 474/1383/161
f 990/1384/162 981/1316/162 157/1317/162 4/1385/162
f 785/1386/163 784/1378/163 234/1381/163 233/1387/163
f 582/1388/164 581/1389/164 474/1390/164 473/1391/164
f 985/1344/165 991/1392/165 395/1393/165 61/1345/165
f 783/1374/166 786/1394/166 232/1395/166 235/1375/166
f 583/1396/167 582/1388/167 473/1391/167 472/1397/167
f 992/1398/168 990/1399/168 4/1400/168 394/1401/168
f 787/1402/169 778/1342/169 240/1343/169 231/1403/169
f 584/1404/170 583/1396/170 472/1397/170 471/1405/170
f 991/1392/171 993/1406/171 384/1407/171 395/1393/171
f 788/1408/172 785/1386/172 233/1387/172 230/1409/172
f 585/1410/173 584/1404/173 471/1405/173 470/1411/173
f 994/1412/174 992/1398/174 394/1401/174 385/1413/174
f 782/1368/175 789/1414/175 229/1415/175 236/1369/175
f 993/1416/176 995/1417/176 396/1418/176 384/1419/176
f 790/1420/177 788/1408/177 230/1409/177 228/1421/177
f 586/1422/123 576/1423/123 479/1424/123 469/1425/123
f 996/1426/178 994/1412/178 385/1413/178 397/1427/178
f 786/1394/179 791/1428/179 227/1429/179 232/1395/179
f 576/1430/180 587/1431/180 468/1432/180 479/1433/180
f 995/1417/181 997/1434/181 398/1435/181 396/1418/181
f 792/1436/182 790/1420/182 228/1421/182 226/1437/182
f 587/1431/183 588/1438/183 467/1439/183 468/1432/183
f 998/1440/184 996/1426/184 397/1427/184 399/1441/184
f 789/1414/185 793/1442/185 225/1443/185 229/1415/185
f 588/1438/186 589/1444/186 466/1445/186 467/1439/186
f 999/1446/187 998/1440/187 399/1441/187 400/1447/187
f 791/1428/188 794/1448/188 224/1449/188 227/1429/188
f 589/1444/189 590/1450/189 465/1451/189 466/1445/189
f 997/1434/190 1000/1452/190 401/1453/190 398/1435/190
f 795/1454/191 792/1436/191 226/1437/191 223/1455/191
f 591/1456/192 585/1410/192 470/1411/192 464/1457/192
f 1001/1458/193 999/1446/193 400/1447/193 402/1459/193
f 796/1460/194 787/1402/194 231/1403/194 222/1461/194
f 590/1450/195 592/1462/195 463/1463/195 465/1451/195
f 1000/1452/196 1002/1464/196 403/1465/196 401/1453/196
f 797/1466/197 795/1454/197 223/1455/197 158/1467/197
f 592/1462/198 593/1468/198 462/1469/198 463/1463/198
f 1003/1470/199 1001/1458/199 402/1459/199 405/1471/199
f 798/1472/200 797/1466/200 158/1467/200 159/1473/200
f 593/1474/201 594/1475/201 461/1476/201 462/1477/201
f 1002/1464/202 1004/1478/202 404/1479/202 403/1465/202
f 793/1442/203 799/1480/203 160/1481/203 225/1443/203
f 595/1482/204 591/1456/204 464/1457/204 460/1483/204
f 1004/1478/205 1003/1470/205 405/1471/205 404/1479/205
f 794/1448/206 800/1484/206 161/1485/206 224/1449/206
f 594/1475/207 596/1486/207 459/1487/207 461/1476/207
f 800/1488/208 796/1489/208 222/1490/208 161/1491/208
f 596/1486/209 597/1492/209 458/1493/209 459/1487/209
f 801/1494/210 798/1472/210 159/1473/210 162/1495/210
f 598/1496/211 595/1482/211 460/1483/211 457/1497/211
f 802/1498/212 801/1494/212 162/1495/212 163/1499/212
f 597/1492/213 599/1500/213 346/1501/213 458/1493/213
f 803/1502/214 802/1498/214 163/1499/214 164/1503/214
f 599/1500/215 600/1504/215 345/1505/215 346/1501/215
f 804/1506/216 803/1507/216 164/1508/216 165/1509/216
f 601/1510/217 598/1496/217 457/1497/217 344/1511/217
f 799/1480/218 805/1512/218 166/1513/218 160/1481/218
f 600/1504/219 602/1514/219 343/1515/219 345/1505/219
f 806/1516/220 804/1506/220 165/1509/220 167/1517/220
f 602/1514/221 603/1518/221 342/1519/221 343/1515/221
f 805/1512/222 807/1520/222 168/1521/222 166/1513/222
f 604/1522/223 601/1510/223 344/1511/223 341/1523/223
f 807/1520/224 808/1524/224 169/1525/224 168/1521/224
f 603/1518/225 605/1526/225 340/1527/225 342/1519/225
f 809/1528/226 806/1516/226 167/1517/226 170/1529/226
f 605/1526/227 606/1530/227 339/1531/227 340/1527/227
f 808/1524/228 810/1532/228 171/1533/228 169/1525/228
f 607/1534/229 604/1522/229 341/1523/229 338/1535/229
f 811/1536/230 809/1528/230 170/1529/230 172/1537/230
f 606/1530/231 608/1538/231 337/1539/231 339/1531/231
f 810/1532/232 812/1540/232 173/1541/232 171/1533/232
f 608/1538/233 609/1542/233 336/1543/233 337/1539/233
f 813/1544/234 811/1536/234 172/1537/234 174/1545/234
f 609/1542/235 610/1546/235 335/1547/235 336/1543/235
f 812/1548/236 814/1549/236 175/1550/236 173/1551/236
f 611/1552/237 607/1534/237 338/1535/237 334/1553/237
f 815/1554/238 813/1544/238 174/1545/238 176/1555/238
f 610/1546/239 612/1556/239 333/1557/239 335/1547/239
f 814/1549/240 816/1558/240 177/1559/240 175/1550/240
f 612/1560/241 613/1561/241 332/1562/241 333/1563/241
f 817/1564/242 815/1565/242 176/1566/242 179/1567/242
f 613/1561/243 614/1568/243 331/1569/243 332/1562/243
f 818/1570/244 817/1564/244 179/1567/244 178/1571/244
f 614/1568/245 615/1572/245 330/1573/245 331/1569/245
f 816/1558/246 819/1574/246 115/1575/246 177/1559/246
f 616/1576/247 611/1552/247 334/1553/247 329/1577/247
f 820/1578/248 818/1570/248 178/1571/248 142/1579/248
f 615/1572/249 617/1580/249 328/1581/249 330/1573/249
f 821/1582/250 820/1578/250 142/1579/250 74/1583/250
f 617/1580/251 618/1584/251 327/1585/251 328/1581/251
f 822/1586/252 821/1582/252 74/1583/252 75/1587/252
f 618/1584/253 619/1588/253 326/1589/253 327/1585/253
f 819/1574/254 823/1590/254 76/1591/254 115/1575/254
f 619/1588/255 620/1592/255 325/1593/255 326/1589/255
f 824/1594/256 822/1586/256 75/1587/256 77/1595/256
f 620/1592/257 586/1596/257 469/1597/257 325/1593/257
f 823/1590/258 825/1598/258 78/1599/258 76/1591/258
f 621/1600/259 616/1576/259 329/1577/259 324/1601/259
f 825/1598/260 826/1602/260 79/1603/260 78/1599/260
f 622/1604/261 621/1600/261 324/1601/261 323/1605/261
f 827/1606/262 824/1594/262 77/1595/262 80/1607/262
f 623/1608/263 622/1609/263 323/1610/263 322/1611/263
f 826/1602/264 828/1612/264 81/1613/264 79/1603/264
f 624/1614/265 623/1608/265 322/1611/265 321/1615/265
f 828/1616/266 829/1617/266 82/1618/266 81/1619/266
f 625/1620/267 624/1614/267 321/1615/267 320/1621/267
f 829/1617/268 830/1622/268 83/1623/268 82/1618/268
f 626/1624/269 625/1620/269 320/1621/269 319/1625/269
f 832/1626/270 831/1627/270 84/1628/270 85/1629/270
f 627/1630/271 626/1624/271 319/1625/271 318/1631/271
f 830/1622/272 833/1632/272 86/1633/272 83/1623/272
f 628/1634/273 627/1630/273 318/1631/273 317/1635/273
f 833/1632/274 834/1636/274 87/1637/274 86/1633/274
f 629/1638/275 628/1639/275 317/1640/275 316/1641/275
f 834/1636/276 835/1642/276 88/1643/276 87/1637/276
f 573/1644/120 630/1645/120 315/1646/120 482/1647/120
f 835/1642/277 836/1648/277 89/1649/277 88/1643/277
f 630/1650/123 631/1651/123 314/1652/123 315/1653/123
f 837/1654/278 827/1606/278 80/1607/278 90/1655/278
f 631/1656/279 632/1657/279 300/1658/279 314/1659/279
f 838/1660/280 832/1661/280 85/1662/280 91/1663/280
f 632/1657/281 633/1664/281 299/1665/281 300/1658/281
f 831/1666/282 839/1667/282 92/1668/282 84/1669/282
f 633/1664/283 634/1670/283 298/1671/283 299/1665/283
f 836/1648/284 840/1672/284 93/1673/284 89/1649/284
f 634/1670/285 635/1674/285 297/1675/285 298/1671/285
f 840/1672/286 841/1676/286 94/1677/286 93/1673/286
f 635/1674/287 636/1678/287 296/1679/287 297/1675/287
f 842/1680/288 837/1654/288 90/1655/288 95/1681/288
f 637/1682/289 629/1638/289 316/1641/289 295/1683/289
f 843/1684/290 838/1660/290 91/1663/290 96/1685/290
f 636/1678/291 638/1686/291 294/1687/291 296/1679/291
f 841/1676/292 844/1688/292 97/1689/292 94/1677/292
f 638/1690/171 639/1691/171 293/1692/171 294/1693/171
f 845/1694/293 842/1680/293 95/1681/293 98/1695/293
f 640/1696/294 637/1697/294 295/1698/294 292/1699/294
f 844/1688/295 846/1700/295 99/1701/295 97/1689/295
f 639/1691/296 641/1702/296 291/1703/296 293/1692/296
f 847/1704/297 843/1684/297 96/1685/297 100/1705/297
f 642/1706/298 640/1696/298 292/1699/298 290/1707/298
f 839/1667/299 848/1708/299 101/1709/299 92/1668/299
f 641/1702/300 643/1710/300 289/1711/300 291/1703/300
f 846/1700/301 849/1712/301 102/1713/301 99/1701/301
f 643/1714/120 644/1715/120 288/1716/120 289/1717/120
f 850/1718/302 847/1704/302 100/1705/302 62/1719/302
f 644/1720/303 642/1706/303 290/1707/303 288/1721/303
f 851/1722/304 845/1694/304 98/1695/304 63/1723/304
f 646/1724/305 645/1725/305 287/1726/305 286/1727/305
f 849/1712/306 852/1728/306 64/1729/306 102/1713/306
f 647/1730/307 646/1724/307 286/1727/307 285/1731/307
f 853/1732/308 850/1718/308 62/1719/308 65/1733/308
f 645/1725/309 648/1734/309 284/1735/309 287/1726/309
f 852/1736/310 854/1737/310 66/1738/310 64/1739/310
f 649/1740/311 647/1730/311 285/1731/311 283/1741/311
f 848/1708/312 855/1742/312 67/1743/312 101/1709/312
f 648/1734/313 650/1744/313 282/1745/313 284/1735/313
f 856/1746/314 851/1722/314 63/1723/314 68/1747/314
f 651/1748/315 649/1740/315 283/1741/315 281/1749/315
f 857/1750/316 853/1751/316 65/1752/316 69/1753/316
f 650/1744/317 652/1754/317 280/1755/317 282/1745/317
f 854/1737/318 858/1756/318 20/1757/318 66/1738/318
f 652/1754/319 653/1758/319 279/1759/319 280/1755/319
f 859/1760/320 857/1750/320 69/1753/320 19/1761/320
f 654/1762/321 651/1748/321 281/1749/321 278/1763/321
f 858/1756/322 860/1764/322 39/1765/322 20/1757/322
f 655/1766/323 654/1762/323 278/1763/323 277/1767/323
f 861/1768/324 859/1760/324 19/1761/324 38/1769/324
f 653/1758/325 656/1770/325 276/1771/325 279/1759/325
f 862/1772/326 856/1746/326 68/1747/326 37/1773/326
f 657/1774/327 655/1766/327 277/1767/327 275/1775/327
f 860/1764/328 863/1776/328 36/1777/328 39/1765/328
f 656/1770/329 658/1778/329 274/1779/329 276/1771/329
f 864/1780/330 861/1768/330 38/1769/330 35/1781/330
f 659/1782/331 657/1783/331 275/1784/331 273/1785/331
f 863/1776/332 865/1786/332 34/1787/332 36/1777/332
f 658/1788/333 660/1789/333 272/1790/333 274/1791/333
f 855/1742/334 866/1792/334 33/1793/334 67/1743/334
f 662/1794/335 661/1795/335 271/1796/335 270/1797/335
f 867/1798/336 864/1780/336 35/1781/336 32/1799/336
f 661/1795/337 663/1800/337 269/1801/337 271/1796/337
f 865/1786/338 868/1802/338 31/1803/338 34/1787/338
f 664/1804/339 662/1794/339 270/1797/339 268/1805/339
f 868/1802/340 867/1798/340 32/1799/340 31/1803/340
f 663/1800/341 665/1806/341 267/1807/341 269/1801/341
f 869/1808/342 862/1772/342 37/1773/342 30/1809/342
f 666/1810/343 664/1804/343 268/1805/343 266/1811/343
f 866/1792/344 870/1812/344 58/1813/344 33/1793/344
f 667/1814/345 659/1782/345 273/1785/345 265/1815/345
f 871/1816/346 869/1808/346 30/1809/346 57/1817/346
f 665/1806/347 668/1818/347 264/1819/347 267/1807/347
f 872/1820/348 871/1821/348 57/1822/348 56/1823/348
f 669/1824/349 666/1810/349 266/1811/349 263/1825/349
f 870/1812/350 873/1826/350 55/1827/350 58/1813/350
f 668/1818/351 670/1828/351 262/1829/351 264/1819/351
f 874/1830/352 872/1820/352 56/1823/352 54/1831/352
f 671/1832/353 669/1824/353 263/1825/353 261/1833/353
f 873/1834/354 875/1835/354 53/1836/354 55/1837/354
f 660/1789/355 672/1838/355 260/1839/355 272/1790/355
f 876/1840/356 874/1830/356 54/1831/356 52/1841/356
f 670/1828/357 673/1842/357 259/1843/357 262/1829/357
f 877/1844/358 876/1840/358 52/1841/358 51/1845/358
f 674/1846/359 671/1832/359 261/1833/359 258/1847/359
f 875/1835/360 878/1848/360 50/1849/360 53/1836/360
f 675/1850/361 667/1814/361 265/1815/361 257/1851/361
f 879/1852/362 877/1844/362 51/1845/362 49/1853/362
f 673/1854/363 676/1855/363 256/1856/363 259/1857/363
f 878/1848/364 880/1858/364 48/1859/364 50/1849/364
f 677/1860/365 674/1846/365 258/1847/365 255/1861/365
f 881/1862/366 879/1852/366 49/1853/366 47/1863/366
f 672/1838/367 678/1864/367 254/1865/367 260/1839/367
f 880/1858/368 882/1866/368 46/1867/368 48/1859/368
f 676/1855/369 679/1868/369 253/1869/369 256/1856/369
f 883/1870/370 881/1862/370 47/1863/370 45/1871/370
f 680/1872/371 677/1873/371 255/1874/371 252/1875/371
f 882/1866/372 884/1876/372 44/1877/372 46/1867/372
f 678/1864/373 681/1878/373 251/1879/373 254/1865/373
f 884/1876/374 885/1880/374 43/1881/374 44/1877/374
f 679/1868/375 682/1882/375 250/1883/375 253/1869/375
f 885/1880/376 883/1870/376 45/1871/376 43/1881/376
f 683/1884/377 680/1872/377 252/1875/377 249/1885/377
f 887/1886/114 886/1887/114 42/1888/114 41/1889/114
f 684/1890/378 675/1850/378 257/1851/378 248/1891/378
f 888/1892/117 887/1893/117 41/1894/117 40/1895/117
f 682/1882/379 685/1896/379 247/1897/379 250/1883/379
f 889/1898/380 888/1899/380 40/1900/380 18/1901/380
f 890/1902/114 889/1903/114 18/1904/114 17/1905/114
f 686/1906/381 683/1884/381 249/1885/381 246/1907/381
f 891/1908/117 890/1909/117 17/1910/117 16/1911/117
f 681/1878/382 687/1912/382 245/1913/382 251/1879/382
f 892/1914/123 891/1915/123 16/1916/123 15/1917/123
f 685/1896/383 688/1918/383 244/1919/383 247/1897/383
f 886/1920/120 893/1921/120 14/1922/120 42/1923/120
f 689/1924/384 686/1906/384 246/1907/384 383/1925/384
f 893/1926/123 894/1927/123 13/1928/123 14/1929/123
f 690/1930/385 684/1890/385 248/1891/385 382/1931/385
f 894/1932/386 895/1933/386 12/1934/386 13/1935/386
f 688/1918/387 691/1936/387 381/1937/387 244/1919/387
f 895/1938/120 892/1939/120 15/1940/120 12/1941/120
f 692/1942/388 689/1924/388 383/1925/388 380/1943/388
f 897/1944/114 896/1945/114 11/1946/114 10/1947/114
f 693/1948/389 690/1930/389 382/1931/389 379/1949/389
f 898/1950/117 897/1951/117 10/1952/117 9/1953/117
f 687/1912/390 694/1954/390 378/1955/390 245/1913/390
f 900/1956/120 899/1957/120 8/1958/120 7/1959/120
f 691/1936/391 695/1960/391 377/1961/391 381/1937/391
f 899/1962/123 898/1963/123 9/1964/123 8/1965/123
f 696/1966/392 692/1942/392 380/1943/392 376/1967/392
f 901/1968/123 900/1969/123 7/1970/123 29/1971/123
f 697/1972/393 693/1948/393 379/1949/393 304/1973/393
f 902/1974/117 901/1975/117 29/1976/117 447/1977/117
f 694/1954/394 698/1978/394 305/1979/394 378/1955/394
f 904/1980/120 903/1981/120 448/1982/120 449/1983/120
f 695/1960/395 699/1984/395 306/1985/395 377/1961/395
f 903/1986/123 902/1987/123 447/1988/123 448/1989/123
f 905/1990/123 904/1991/123 449/1992/123 450/1993/123
f 700/1994/396 696/1966/396 376/1967/396 307/1995/396
f 906/1996/117 905/1997/117 450/1998/117 451/1999/117
f 699/1984/397 701/2000/397 308/2001/397 306/1985/397
f 896/2002/120 907/2003/120 452/2004/120 11/2005/120
f 702/2006/398 697/1972/398 304/1973/398 309/2007/398
f 907/2008/123 906/2009/123 451/2010/123 452/2011/123
f 698/1978/399 703/2012/399 310/2013/399 305/1979/399
f 909/2014/400 908/2015/400 453/2016/400 454/2017/400
f 704/2018/401 700/1994/401 307/1995/401 311/2019/401
f 908/2015/402 910/2020/402 455/2021/402 453/2016/402
f 701/2000/403 705/2022/403 312/2023/403 308/2001/403
f 503/2024/114 504/2025/114 220/2026/114 221/2027/114
f 911/2028/404 909/2014/404 454/2017/404 407/2029/404
f 706/2030/405 704/2018/405 311/2019/405 313/2031/405
f 910/2020/406 912/2032/406 408/2033/406 455/2021/406
f 707/2034/407 702/2006/407 309/2007/407 347/2035/407
f 505/2036/408 503/2037/408 221/2038/408 219/2039/408
f 913/2040/409 911/2028/409 407/2029/409 409/2041/409
f 703/2012/410 708/2042/410 348/2043/410 310/2013/410
f 507/2044/411 505/2036/411 219/2039/411 140/2045/411
f 912/2032/412 914/2046/412 410/2047/412 408/2033/412
f 705/2022/413 709/2048/413 349/2049/413 312/2023/413
f 508/2050/414 507/2044/414 140/2045/414 139/2051/414
f 915/2052/415 913/2040/415 409/2041/415 411/2053/415
f 710/2054/416 706/2030/416 313/2031/416 350/2055/416
f 509/2056/417 508/2050/417 139/2051/417 138/2057/417
f 914/2046/418 916/2058/418 412/2059/418 410/2047/418
f 709/2048/419 711/2060/419 351/2061/419 349/2049/419
f 510/2062/420 509/2056/420 138/2057/420 137/2063/420
f 917/2064/421 915/2052/421 411/2053/421 413/2065/421
f 712/2066/422 707/2034/422 347/2035/422 352/2067/422
f 511/2068/423 510/2062/423 137/2063/423 136/2069/423
f 916/2058/424 918/2070/424 414/2071/424 412/2059/424
f 708/2042/425 713/2072/425 353/2073/425 348/2043/425
f 512/2074/426 511/2068/426 136/2069/426 135/2075/426
f 919/2076/427 917/2064/427 413/2065/427 415/2077/427
f 714/2078/428 710/2054/428 350/2055/428 354/2079/428
f 513/2080/429 512/2081/429 135/2082/429 134/2083/429
f 918/2070/430 920/2084/430 21/2085/430 414/2071/430
f 715/2086/244 714/2078/244 354/2079/244 355/2087/244
f 514/2088/123 506/2089/123 141/2090/123 133/2091/123
f 921/2092/431 919/2093/431 415/2094/431 22/2095/431
f 711/2060/432 716/2096/432 356/2097/432 351/2061/432
f 515/2098/433 513/2080/433 134/2083/433 132/2099/433
f 920/2100/434 922/2101/434 23/2102/434 21/2103/434
f 717/2104/435 715/2086/435 355/2087/435 357/2105/435
f 506/2106/436 516/2107/436 131/2108/436 141/2109/436
f 923/2110/437 921/2092/437 22/2095/437 24/2111/437
f 716/2112/438 718/2113/438 358/2114/438 356/2115/438
f 516/2107/439 517/2116/439 130/2117/439 131/2108/439
f 924/601/440 923/2110/440 24/2111/440 25/602/440
f 719/2118/441 712/2066/441 352/2067/441 359/2119/441
f 517/2116/442 518/2120/442 129/2121/442 130/2117/442
f 926/2122/443 925/2123/443 26/2124/443 27/2125/443
f 713/2072/444 720/2126/444 360/2127/444 353/2073/444
f 518/2120/445 519/2128/445 128/2129/445 129/2121/445
f 927/2130/446 926/2122/446 27/2125/446 28/2131/446
f 721/2132/447 717/2133/447 357/2134/447 361/2135/447
f 519/2128/448 520/2136/448 127/2137/448 128/2129/448
f 925/2123/449 928/2138/449 70/2139/449 26/2124/449
f 718/2113/450 722/2140/450 362/2141/450 358/2114/450
f 520/2136/451 521/2142/451 126/2143/451 127/2137/451
f 929/2144/452 927/2130/452 28/2131/452 59/2145/452
f 722/2140/453 723/2146/453 363/2147/453 362/2141/453
f 521/2142/454 522/2148/454 125/2149/454 126/2143/454
f 928/2138/455 930/2150/455 103/2151/455 70/2139/455
f 724/2152/456 721/2132/456 361/2135/456 364/2153/456
f 523/2154/457 515/2098/457 132/2099/457 124/2155/457
f 931/2156/458 929/2144/458 59/2145/458 104/2157/458
f 725/2158/459 724/2152/459 364/2153/459 365/2159/459
f 522/2160/460 524/2161/460 123/2162/460 125/2163/460
f 922/2101/461 932/446/461 114/449/461 23/2102/461
f 723/2146/462 726/599/462 366/600/462 363/2147/462
f 524/2161/463 525/2164/463 122/2165/463 123/2162/463
f 930/2150/464 933/2166/464 71/2167/464 103/2151/464
f 727/2168/465 719/2118/465 359/2119/465 367/2169/465
f 525/2164/466 526/2170/466 121/2171/466 122/2165/466
f 933/2166/467 934/595/467 180/596/467 71/2167/467
f 720/2126/468 728/177/468 368/180/468 360/2127/468
f 527/591/469 523/2154/469 124/2155/469 120/592/469
f 935/589/470 931/2156/470 104/2157/470 181/590/470
f 729/593/471 725/2158/471 365/2159/471 369/594/471
f 526/2170/472 528/597/472 119/598/472 121/2171/472
f 1007/2172/473 1221/2173/473 1241/2174/473 1017/2175/473
f 1018/2176/474 1244/2177/474 1253/2178/474 1021/2179/474
f 1022/2180/475 1256/2181/475 1302/2182/475 1069/2183/475
f 1037/2184/476 1453/2185/476 1450/2186/476 1028/2187/476
f 1034/2188/477 1075/2189/477 1080/2190/477 1045/2191/477
f 1087/2192/478 1039/2193/478 1043/2194/478 1097/2195/478
f 1230/2196/479 1334/2197/479 1122/2198/479 1010/2199/479
f 1050/2200/480 1200/2201/480 1210/2202/480 1053/2203/480
f 1054/2204/481 1209/2205/481 1162/2206/481 1101/2207/481
f 1070/2208/482 1301/2209/482 1298/2210/482 1060/2211/482
f 1066/2212/483 1107/2213/483 1112/2214/483 1078/2215/483
f 1083/2216/484 1088/2217/484 1100/2218/484 1093/2219/484
f 1014/2220/117 1118/2221/117 1662/2222/117 1442/2223/117
f 1082/2224/485 1492/2225/485 1502/2226/485 1085/2227/485
f 1086/2228/486 1501/2229/486 1454/2230/486 1040/2231/486
f 1102/2232/487 1161/2233/487 1158/2234/487 1092/2235/487
f 1133/2236/488 1341/2237/488 1331/2238/488 1113/2239/488
f 1046/2240/11 1079/2241/11 1111/2242/11
f 1051/2243/489 1056/2244/489 1068/2245/489 1061/2246/489
f 1114/2247/114 1330/2248/114 1762/2249/114 1654/2250/114
f 1685/2251/490 1129/2252/490 1126/2253/490 1676/2254/490
f 1734/2255/491 1177/2256/491 1130/2257/491 1688/2258/491
f 1145/2259/492 1345/2260/492 1342/2261/492 1136/2262/492
f 1142/2263/493 1183/2264/493 1188/2265/493 1153/2266/493
f 1195/2267/494 1147/2268/494 1151/2269/494 1205/2270/494
f 1124/2271/495 1192/2272/495 1204/2273/495 1198/2274/495
f 1163/2275/496 1212/2276/496 1216/2277/496 1173/2278/496
f 1167/2279/497 1171/2280/497 1181/2281/497 1179/2282/497
f 1730/2283/498 1168/2284/498 1178/2285/498 1733/2286/498
f 1174/2287/499 1215/2288/499 1220/2289/499 1186/2290/499
f 1191/2291/500 1196/2292/500 1208/2293/500 1201/2294/500
f 1123/2295/501 1333/2296/501 1381/2297/501 1189/2298/501
f 1190/2299/502 1384/2300/502 1394/2301/502 1193/2302/502
f 1194/2303/503 1393/2304/503 1346/2305/503 1148/2306/503
f 1202/2307/504 1207/2308/504 1217/2309/504 1214/2310/504
f 1224/2311/505 1236/2312/505 1248/2313/505 1242/2314/505
f 1154/2315/11 1187/2316/11 1219/2317/11
f 1159/2318/506 1164/2319/506 1176/2320/506 1169/2321/506
f 1565/2322/507 1233/2323/507 1223/2324/507 1545/2325/507
f 1577/2326/508 1237/2327/508 1234/2328/508 1568/2329/508
f 1626/2330/509 1285/2331/509 1238/2332/509 1580/2333/509
f 1246/2334/510 1251/2335/510 1264/2336/510 1257/2337/510
f 1250/2338/511 1291/2339/511 1296/2340/511 1261/2341/511
f 1303/2342/512 1255/2343/512 1259/2344/512 1313/2345/512
f 1227/2346/513 1337/2347/513 1413/2348/513 1265/2349/513
f 1266/2350/514 1416/2351/514 1426/2352/514 1269/2353/514
f 1270/2354/515 1425/2355/515 1378/2356/515 1317/2357/515
f 1622/2358/516 1276/2359/516 1286/2360/516 1625/2361/516
f 1282/2362/517 1323/2363/517 1328/2364/517 1294/2365/517
f 1299/2366/518 1304/2367/518 1316/2368/518 1309/2369/518
f 1235/2370/519 1240/2371/519 1252/2372/519 1245/2373/519
f 1307/2374/520 1311/2375/520 1321/2376/520 1319/2377/520
f 1314/2378/521 1258/2379/521 1263/2380/521 1326/2381/521
f 1318/2382/522 1377/2383/522 1374/2384/522 1308/2385/522
f 1763/2386/523 1329/2387/523 1349/2388/523 1773/2389/523
f 1262/2390/11 1295/2391/11 1327/2392/11
f 1267/2393/524 1272/2394/524 1284/2395/524 1277/2396/524
f 1336/2397/525 1376/2398/525 1388/2399/525 1382/2400/525
f 1347/2401/526 1396/2402/526 1400/2403/526 1357/2404/526
f 1351/2405/527 1355/2406/527 1368/2407/527 1362/2408/527
f 1774/2409/528 1352/2410/528 1361/2411/528 1777/2412/528
f 1358/2413/529 1399/2414/529 1404/2415/529 1369/2416/529
f 1411/2417/530 1363/2418/530 1367/2419/530 1421/2420/530
f 1340/2421/531 1408/2422/531 1420/2423/531 1414/2424/531
f 1379/2425/532 1428/2426/532 1432/2427/532 1389/2428/532
f 1383/2429/533 1387/2430/533 1397/2431/533 1395/2432/533
f 1386/2433/534 1391/2434/534 1401/2435/534 1398/2436/534
f 1390/2437/535 1431/2438/535 1436/2439/535 1402/2440/535
f 1407/2441/536 1412/2442/536 1424/2443/536 1417/2444/536
f 1813/2445/537 1405/2446/537 1339/2447/537 1765/2448/537
f 1826/2449/538 1409/2450/538 1406/2451/538 1816/2452/538
f 1778/2453/539 1364/2454/539 1410/2455/539 1825/2456/539
f 1418/2457/540 1423/2458/540 1433/2459/540 1430/2460/540
f 1457/2461/541 1557/2462/541 1547/2463/541 1437/2464/541
f 1370/2465/11 1403/2466/11 1435/2467/11
f 1375/2468/542 1380/2469/542 1392/2470/542 1385/2471/542
f 1444/2472/543 1484/2473/543 1496/2474/543 1490/2475/543
f 1455/2476/544 1504/2477/544 1508/2478/544 1465/2479/544
f 1459/2480/545 1463/2481/545 1476/2482/545 1470/2483/545
f 1469/2484/546 1561/2485/546 1558/2486/546 1460/2487/546
f 1466/2488/547 1507/2489/547 1512/2490/547 1477/2491/547
f 1519/2492/548 1471/2493/548 1475/2494/548 1529/2495/548
f 1443/2496/549 1661/2497/549 1737/2498/549 1481/2499/549
f 1482/2500/550 1740/2501/550 1750/2502/550 1485/2503/550
f 1486/2504/551 1749/2505/551 1702/2506/551 1533/2507/551
f 1494/2508/552 1499/2509/552 1509/2510/552 1506/2511/552
f 1498/2512/553 1539/2513/553 1544/2514/553 1510/2515/553
f 1515/2516/554 1520/2517/554 1532/2518/554 1525/2519/554
f 1447/2520/555 1549/2521/555 1597/2522/555 1513/2523/555
f 1514/2524/556 1600/2525/556 1610/2526/556 1517/2527/556
f 1518/2528/557 1609/2529/557 1562/2530/557 1472/2531/557
f 1534/2532/558 1701/2533/558 1698/2534/558 1524/2535/558
f 1548/2536/559 1560/2537/559 1572/2538/559 1566/2539/559
f 1478/2540/560 1511/2541/560 1543/2542/560
f 1483/2543/561 1488/2544/561 1500/2545/561 1493/2546/561
f 1552/2547/562 1592/2548/562 1604/2549/562 1598/2550/562
f 1563/2551/563 1612/2552/563 1616/2553/563 1573/2554/563
f 1567/2555/564 1571/2556/564 1584/2557/564 1578/2558/564
f 1570/2559/565 1575/2560/565 1588/2561/565 1581/2562/565
f 1574/2563/566 1615/2564/566 1620/2565/566 1585/2566/566
f 1627/2567/567 1579/2568/567 1583/2569/567 1637/2570/567
f 1551/2571/568 1769/2572/568 1845/2573/568 1589/2574/568
f 1590/2575/569 1848/2576/569 1858/2577/569 1593/2578/569
f 1594/2579/570 1857/2580/570 1810/2581/570 1641/2582/570
f 1602/2583/571 1607/2584/571 1617/2585/571 1614/2586/571
f 1606/2587/572 1647/2588/572 1652/2589/572 1618/2590/572
f 1623/2591/573 1628/2592/573 1640/2593/573 1633/2594/573
f 1559/2595/574 1564/2596/574 1576/2597/574 1569/2598/574
f 1631/2599/575 1635/2600/575 1645/2601/575 1643/2602/575
f 1638/2603/576 1582/2604/576 1587/2605/576 1650/2606/576
f 1642/2607/577 1809/2608/577 1806/2609/577 1632/2610/577
f 1656/2611/578 1668/2612/578 1680/2613/578 1674/2614/578
f 1586/2615/579 1619/2616/579 1651/2617/579
f 1591/2618/580 1596/2619/580 1608/2620/580 1601/2621/580
f 1655/2622/581 1761/2623/581 1781/2624/581 1665/2625/581
f 1666/2626/582 1784/2627/582 1793/2628/582 1669/2629/582
f 1670/2630/583 1796/2631/583 1842/2632/583 1717/2633/583
f 1678/2634/584 1683/2635/584 1696/2636/584 1689/2637/584
f 1682/2638/585 1723/2639/585 1728/2640/585 1693/2641/585
f 1735/2642/586 1687/2643/586 1691/2644/586 1745/2645/586
f 553/2646/11 554/2647/11 1658/2648/11 1770/2649/11 510/2650/11 511/2651/11 512/2652/11 513/2653/11 515/2654/11 523/2655/11 527/2656/11 530/2657/11 533/2658/11 534/2659/11 536/2660/11 538/2661/11 541/2662/11 548/2663/11
f 1703/2664/587 1752/2665/587 1756/2666/587 1713/2667/587
f 1707/2668/588 1711/2669/588 1721/2670/588 1719/2671/588
f 1718/2672/589 1841/2673/589 1838/2674/589 1708/2675/589
f 1714/2676/590 1755/2677/590 1760/2678/590 1726/2679/590
f 1731/2680/591 1736/2681/591 1748/2682/591 1741/2683/591
f 1667/2684/592 1672/2685/592 1684/2686/592 1677/2687/592
f 1739/2688/593 1743/2689/593 1753/2690/593 1751/2691/593
f 1746/2692/594 1690/2693/594 1695/2694/594 1758/2695/594
f 1742/2696/595 1747/2697/595 1757/2698/595 1754/2699/595
f 1764/2700/596 1776/2701/596 1788/2702/596 1782/2703/596
f 1694/2704/597 1727/2705/597 1759/2706/597
f 1699/2707/598 1704/2708/598 1716/2709/598 1709/2710/598
f 1768/2711/599 1808/2712/599 1820/2713/599 1814/2714/599
f 1779/2715/600 1828/2716/600 1832/2717/600 1789/2718/600
f 1783/2719/601 1787/2720/601 1800/2721/601 1794/2722/601
f 1786/2723/602 1791/2724/602 1804/2725/602 1797/2726/602
f 1790/2727/603 1831/2728/603 1836/2729/603 1801/2730/603
f 1843/2731/604 1795/2732/604 1799/2733/604 1853/2734/604
f 1772/2735/605 1840/2736/605 1852/2737/605 1846/2738/605
f 1811/2739/606 1860/2740/606 1864/2741/606 1821/2742/606
f 1815/2743/607 1819/2744/607 1829/2745/607 1827/2746/607
f 1818/2747/608 1823/2748/608 1833/2749/608 1830/2750/608
f 1822/2751/609 1863/2752/609 1868/2753/609 1834/2754/609
f 1839/2755/610 1844/2756/610 1856/2757/610 1849/2758/610
f 1775/2759/611 1780/2760/611 1792/2761/611 1785/2762/611
f 1847/2763/612 1851/2764/612 1861/2765/612 1859/2766/612
f 1854/2767/613 1798/2768/613 1803/2769/613 1866/2770/613
f 1850/2771/614 1855/2772/614 1865/2773/614 1862/2774/614
f 1802/2775/615 1835/2776/615 1867/2777/615
f 1807/2778/616 1812/2779/616 1824/2780/616 1817/2781/616
f 1222/2782/123 1006/2783/123 1438/2784/123 1546/2785/123
f 1023/2786/617 1072/2787/617 1076/2788/617 1033/2789/617
f 1027/2790/618 1031/2791/618 1044/2792/618 1038/2793/618
f 1062/2794/619 1067/2795/619 1077/2796/619 1074/2797/619
f 1012/2798/620 1052/2799/620 1064/2800/620 1058/2801/620
f 1127/2802/621 1132/2803/621 1144/2804/621 1137/2805/621
f 1199/2806/622 1203/2807/622 1213/2808/622 1211/2809/622
f 1206/2810/623 1150/2811/623 1155/2812/623 1218/2813/623
f 1138/2814/624 1143/2815/624 1156/2816/624 1149/2817/624
f 1116/2818/625 1128/2819/625 1140/2820/625 1134/2821/625
f 1089/2822/626 1157/2823/626 1119/2824/626 1013/2825/626
f 1055/2826/627 1104/2827/627 1108/2828/627 1065/2829/627
f 1059/2830/628 1063/2831/628 1073/2832/628 1071/2833/628
f 1094/2834/629 1099/2835/629 1109/2836/629 1106/2837/629
f 1016/2838/630 1084/2839/630 1096/2840/630 1090/2841/630
f 1338/2842/120 1226/2843/120 1554/2844/120 1766/2845/120
f 1271/2846/631 1320/2847/631 1324/2848/631 1281/2849/631
f 1275/2850/632 1279/2851/632 1289/2852/632 1287/2853/632
f 1310/2854/633 1315/2855/633 1325/2856/633 1322/2857/633
f 1232/2858/634 1300/2859/634 1312/2860/634 1306/2861/634
f 1446/1034/11 1658/2648/11 554/2647/11 555/2862/11 556/2863/11 557/2864/11 558/2865/11 559/2866/11 560/2867/11 504/987/11 572/986/11 561/954/11 644/953/11 643/944/11 630/943/11 573/890/11 742/889/11 744/2868/11 745/2869/11 743/2870/11 741/818/11 881/817/11 883/2871/11 885/2872/11 884/2873/11 882/2874/11 880/753/11 892/752/11 895/678/11 893/677/11 886/566/11 907/565/11 896/653/11 999/672/11 1001/2875/11 1003/2876/11 1004/2877/11 1002/2878/11 1000/2879/11 997/2880/11 995/2881/11 993/2882/11 991/2883/11 985/1035/11
f 1523/2884/635 1527/2885/635 1537/2886/635 1535/2887/635
f 1530/2888/636 1474/2889/636 1479/2890/636 1542/2891/636
f 1462/2892/637 1467/2893/637 1480/2894/637 1473/2895/637
f 1440/2896/638 1452/2897/638 1464/2898/638 1458/2899/638
f 1705/2900/639 1837/2901/639 1771/2902/639 1657/2903/639
f 1671/2904/640 1720/2905/640 1724/2906/640 1681/2907/640
f 1675/2908/641 1679/2909/641 1692/2910/641 1686/2911/641
f 1710/2912/642 1715/2913/642 1725/2914/642 1722/2915/642
f 1660/2916/643 1700/2917/643 1712/2918/643 1706/2919/643
f 1521/2920/644 1697/2921/644 1659/2922/644 1445/2923/644
f 1487/2924/645 1536/2925/645 1540/2926/645 1497/2927/645
f 1491/2928/646 1495/2929/646 1505/2930/646 1503/2931/646
f 1526/2932/647 1531/2933/647 1541/2934/647 1538/2935/647
f 1448/2936/648 1516/2937/648 1528/2938/648 1522/2939/648
f 509/2940/11 510/2650/11 1770/2649/11 1550/1033/11 922/1032/11 920/2941/11 918/2942/11 916/2943/11 914/2944/11 912/2945/11 910/2946/11 908/2947/11 909/2948/11 911/655/11 897/654/11 898/568/11 887/567/11 888/673/11 890/675/11 891/751/11 746/750/11 747/2949/11 748/785/11 648/784/11 645/2950/11 646/2951/11 647/892/11 574/891/11 575/956/11 562/955/11 563/989/11 503/988/11 505/2952/11 507/2953/11 508/2954/11
f 1595/2955/649 1644/2956/649 1648/2957/649 1605/2958/649
f 1599/2959/650 1603/2960/650 1613/2961/650 1611/2962/650
f 1634/2963/651 1639/2964/651 1649/2965/651 1646/2966/651
f 1556/2967/652 1624/2968/652 1636/2969/652 1630/2970/652
f 1019/2971/653 1024/2972/653 1036/2973/653 1029/2974/653
f 1091/2975/654 1095/2976/654 1105/2977/654 1103/2978/654
f 1098/2979/655 1042/2980/655 1047/2981/655 1110/2982/655
f 1030/2983/656 1035/2984/656 1048/2985/656 1041/2986/656
f 1008/2987/657 1020/2988/657 1032/2989/657 1026/2990/657
f 1228/2991/658 1268/2992/658 1280/2993/658 1274/2994/658
f 1278/2995/659 1283/2996/659 1293/2997/659 1290/2998/659
f 1243/2999/660 1247/3000/660 1260/3001/660 1254/3002/660
f 1239/3003/661 1288/3004/661 1292/3005/661 1249/3006/661
f 1555/3007/662 1225/3008/662 1273/3009/662 1621/3010/662
f 1332/3011/663 1344/3012/663 1356/3013/663 1350/3014/663
f 1354/3015/664 1359/3016/664 1372/3017/664 1365/3018/664
f 1422/3019/665 1366/3020/665 1371/3021/665 1434/3022/665
f 1415/3023/666 1419/3024/666 1429/3025/666 1427/3026/666
f 1343/3027/667 1348/3028/667 1360/3029/667 1353/3030/667
f 1120/3031/668 1160/3032/668 1172/3033/668 1166/3034/668
f 1170/3035/669 1175/3036/669 1185/3037/669 1182/3038/669
f 1135/3039/670 1139/3040/670 1152/3041/670 1146/3042/670
f 1131/3043/671 1180/3044/671 1184/3045/671 1141/3046/671
f 1663/3047/672 1117/3048/672 1165/3049/672 1729/3050/672
f 1011/3051/673 1121/3052/673 1197/3053/673 1049/3054/673
f 1005/3055/674 1006/2783/674 1007/2172/674 1008/2987/674
f 1009/1065/675 1010/2199/675 1011/3051/675 1012/2798/675
f 1013/2825/676 1014/2220/676 1015/1066/676 1016/2838/676
f 1017/2175/677 1018/2176/677 1019/2971/677 1020/2988/677
f 1021/2179/678 1022/3056/678 1023/2786/678 1024/2972/678
f 1025/3057/679 1026/2990/679 1027/2790/679 1028/2187/679
f 1029/2974/680 1030/2983/680 1031/2791/680 1032/2989/680
f 1033/2789/681 1034/2188/681 1035/2984/681 1036/2973/681
f 1037/2184/682 1038/2793/682 1039/2193/682 1040/2231/682
f 1041/2986/683 1042/2980/683 1043/2194/683 1044/2792/683
f 1045/2191/684 1046/3058/684 1047/2981/684 1048/2985/684
f 1049/3054/685 1050/2200/685 1051/2243/685 1052/2799/685
f 1053/2203/686 1054/2204/686 1055/2826/686 1056/2244/686
f 1057/1062/687 1058/2801/687 1059/2830/687 1060/2211/687
f 1061/2246/688 1062/2794/688 1063/2831/688 1064/2800/688
f 1065/2829/689 1066/2212/689 1067/2795/689 1068/2245/689
f 1069/2183/690 1070/2208/690 1071/2833/690 1072/3059/690
f 1073/2832/691 1074/2797/691 1075/3060/691 1076/3061/691
f 1077/2796/692 1078/2215/692 1079/3062/692 1080/3063/692
f 1081/1069/693 1082/2224/693 1083/2216/693 1084/2839/693
f 1085/2227/694 1086/3064/694 1087/3065/694 1088/2217/694
f 1089/2822/695 1090/2841/695 1091/2975/695 1092/2235/695
f 1093/2219/696 1094/2834/696 1095/2976/696 1096/2840/696
f 1097/3066/697 1098/3067/697 1099/2835/697 1100/2218/697
f 1101/3068/698 1102/2232/698 1103/2978/698 1104/3069/698
f 1105/2977/699 1106/2837/699 1107/3070/699 1108/3071/699
f 1109/2836/700 1110/3072/700 1111/3073/700 1112/3074/700
f 1113/2239/701 1114/2247/701 1115/1052/701 1116/2818/701
f 1117/3048/702 1118/2221/702 1119/2824/702 1120/3031/702
f 1121/3052/703 1122/2198/703 1123/2295/703 1124/2271/703
f 1125/1051/704 1126/2253/704 1127/2802/704 1128/2819/704
f 1129/2252/705 1130/3075/705 1131/3076/705 1132/2803/705
f 1133/2236/706 1134/2821/706 1135/3039/706 1136/2262/706
f 1137/2805/707 1138/2814/707 1139/3040/707 1140/2820/707
f 1141/3077/708 1142/3078/708 1143/2815/708 1144/2804/708
f 1145/2259/709 1146/3042/709 1147/3079/709 1148/3080/709
f 1149/2817/710 1150/3081/710 1151/3082/710 1152/3041/710
f 1153/3083/711 1154/3084/711 1155/3085/711 1156/2816/711
f 1157/2823/712 1158/2234/712 1159/2318/712 1160/3032/712
f 1161/2233/713 1162/3086/713 1163/3087/713 1164/2319/713
f 1165/3049/714 1166/3034/714 1167/2279/714 1168/2284/714
f 1169/2321/715 1170/3035/715 1171/2280/715 1172/3033/715
f 1173/3088/716 1174/2287/716 1175/3036/716 1176/2320/716
f 1177/2256/717 1178/2285/717 1179/2282/717 1180/3044/717
f 1181/2281/718 1182/3038/718 1183/2264/718 1184/3045/718
f 1185/3037/719 1186/2290/719 1187/3089/719 1188/2265/719
f 1189/2298/720 1190/2299/720 1191/2291/720 1192/2272/720
f 1193/2302/721 1194/2303/721 1195/2267/721 1196/2292/721
f 1197/3053/722 1198/2274/722 1199/2806/722 1200/2201/722
f 1201/2294/723 1202/2307/723 1203/2807/723 1204/2273/723
f 1205/2270/724 1206/2810/724 1207/2308/724 1208/2293/724
f 1209/2205/725 1210/2202/725 1211/2809/725 1212/2276/725
f 1213/2808/726 1214/2310/726 1215/3090/726 1216/2277/726
f 1217/2309/727 1218/2813/727 1219/3091/727 1220/3092/727
f 1221/2173/728 1222/2782/728 1223/2324/728 1224/2311/728
f 1225/3008/729 1226/2843/729 1227/2346/729 1228/2991/729
f 1229/1061/730 1230/2196/730 1231/1064/730 1232/2858/730
f 1233/2323/731 1234/2328/731 1235/2370/731 1236/2312/731
f 1237/2327/732 1238/3093/732 1239/3094/732 1240/2371/732
f 1241/2174/733 1242/2314/733 1243/2999/733 1244/2177/733
f 1245/2373/734 1246/2334/734 1247/3000/734 1248/2313/734
f 1249/3095/735 1250/3096/735 1251/2335/735 1252/2372/735
f 1253/2178/736 1254/3002/736 1255/3097/736 1256/3098/736
f 1257/2337/737 1258/3099/737 1259/3100/737 1260/3001/737
f 1261/3101/738 1262/3102/738 1263/3103/738 1264/2336/738
f 1265/2349/739 1266/2350/739 1267/2393/739 1268/2992/739
f 1269/2353/740 1270/3104/740 1271/2846/740 1272/2394/740
f 1273/3009/741 1274/2994/741 1275/2850/741 1276/2359/741
f 1277/2396/742 1278/2995/742 1279/2851/742 1280/2993/742
f 1281/2849/743 1282/2362/743 1283/2996/743 1284/2395/743
f 1285/2331/744 1286/2360/744 1287/2853/744 1288/3004/744
f 1289/2852/745 1290/2998/745 1291/2339/745 1292/3005/745
f 1293/2997/746 1294/2365/746 1295/3105/746 1296/2340/746
f 1297/1063/747 1298/2210/747 1299/2366/747 1300/2859/747
f 1301/2209/748 1302/2182/748 1303/2342/748 1304/2367/748
f 1305/1058/749 1306/2861/749 1307/2374/749 1308/2385/749
f 1309/2369/750 1310/2854/750 1311/2375/750 1312/2860/750
f 1313/2345/751 1314/2378/751 1315/2855/751 1316/2368/751
f 1317/2357/752 1318/2382/752 1319/2377/752 1320/3106/752
f 1321/2376/753 1322/2857/753 1323/3107/753 1324/3108/753
f 1325/2856/754 1326/2381/754 1327/3109/754 1328/3110/754
f 1329/2387/755 1330/2248/755 1331/2238/755 1332/3011/755
f 1333/2296/756 1334/2197/756 1335/1060/756 1336/2397/756
f 1337/2347/757 1338/2842/757 1339/2447/757 1340/2421/757
f 1341/2237/758 1342/2261/758 1343/3027/758 1344/3012/758
f 1345/2260/759 1346/3111/759 1347/2401/759 1348/3028/759
f 1349/2388/760 1350/3014/760 1351/2405/760 1352/2410/760
f 1353/3030/761 1354/3015/761 1355/2406/761 1356/3013/761
f 1357/2404/762 1358/2413/762 1359/3016/762 1360/3029/762
f 1361/2411/763 1362/2408/763 1363/2418/763 1364/2454/763
f 1365/3018/764 1366/3020/764 1367/2419/764 1368/2407/764
f 1369/2416/765 1370/3112/765 1371/3021/765 1372/3017/765
f 1373/1059/766 1374/2384/766 1375/2468/766 1376/2398/766
f 1377/2383/767 1378/2356/767 1379/2425/767 1380/2469/767
f 1381/2297/768 1382/2400/768 1383/2429/768 1384/2300/768
f 1385/2471/769 1386/2433/769 1387/2430/769 1388/2399/769
f 1389/2428/770 1390/2437/770 1391/2434/770 1392/2470/770
f 1393/2304/771 1394/2301/771 1395/2432/771 1396/3113/771
f 1397/2431/772 1398/2436/772 1399/3114/772 1400/3115/772
f 1401/2435/773 1402/2440/773 1403/3116/773 1404/3117/773
f 1405/2446/774 1406/2451/774 1407/2441/774 1408/2422/774
f 1409/2450/775 1410/3118/775 1411/3119/775 1412/2442/775
f 1413/2348/776 1414/2424/776 1415/3023/776 1416/2351/776
f 1417/2444/777 1418/2457/777 1419/3024/777 1420/2423/777
f 1421/3120/778 1422/3121/778 1423/2458/778 1424/2443/778
f 1425/3122/779 1426/2352/779 1427/3026/779 1428/3123/779
f 1429/3025/780 1430/2460/780 1431/3124/780 1432/3125/780
f 1433/2459/781 1434/3126/781 1435/3127/781 1436/3128/781
f 1437/2464/782 1438/2784/782 1439/3129/782 1440/2896/782
f 1441/1067/783 1442/2223/783 1443/2496/783 1444/2472/783
f 1445/2923/784 1446/1034/784 1447/2520/784 1448/2936/784
f 1449/3130/785 1450/2186/785 1451/1054/785 1452/2897/785
f 1453/2185/786 1454/2230/786 1455/2476/786 1456/1055/786
f 1457/2461/787 1458/2899/787 1459/2480/787 1460/2487/787
f 1461/1057/788 1462/2892/788 1463/2481/788 1464/2898/788
f 1465/2479/789 1466/2488/789 1467/2893/789 1468/1056/789
f 1469/2484/790 1470/2483/790 1471/2493/790 1472/3131/790
f 1473/2895/791 1474/2889/791 1475/2494/791 1476/2482/791
f 1477/2491/792 1478/2540/792 1479/2890/792 1480/2894/792
f 1481/2499/793 1482/2500/793 1483/2543/793 1484/2473/793
f 1485/2503/794 1486/2504/794 1487/2924/794 1488/2544/794
f 1489/1068/795 1490/2475/795 1491/2928/795 1492/2225/795
f 1493/2546/796 1494/2508/796 1495/2929/796 1496/2474/796
f 1497/2927/797 1498/2512/797 1499/2509/797 1500/2545/797
f 1501/3132/798 1502/2226/798 1503/2931/798 1504/3133/798
f 1505/2930/799 1506/2511/799 1507/3134/799 1508/3135/799
f 1509/2510/800 1510/2515/800 1511/3136/800 1512/3137/800
f 1513/2523/801 1514/2524/801 1515/2516/801 1516/2937/801
f 1517/2527/802 1518/2528/802 1519/3138/802 1520/2517/802
f 1521/2920/803 1522/2939/803 1523/2884/803 1524/2535/803
f 1525/2519/804 1526/2932/804 1527/2885/804 1528/2938/804
f 1529/3139/805 1530/3140/805 1531/2933/805 1532/2518/805
f 1533/3141/806 1534/2532/806 1535/2887/806 1536/3142/806
f 1537/2886/807 1538/2935/807 1539/3143/807 1540/3144/807
f 1541/2934/808 1542/3145/808 1543/3146/808 1544/3147/808
f 1545/2325/809 1546/2785/809 1547/2463/809 1548/2536/809
f 1549/2521/810 1550/1033/810 1551/2571/810 1552/2547/810
f 1553/1049/811 1554/2844/811 1555/3007/811 1556/2967/811
f 1557/2462/812 1558/2486/812 1559/2595/812 1560/2537/812
f 1561/2485/813 1562/3148/813 1563/3149/813 1564/2596/813
f 1565/2322/814 1566/2539/814 1567/2555/814 1568/2329/814
f 1569/2598/815 1570/2559/815 1571/2556/815 1572/2538/815
f 1573/3150/816 1574/3151/816 1575/2560/816 1576/2597/816
f 1577/2326/817 1578/2558/817 1579/3152/817 1580/3153/817
f 1581/2562/818 1582/3154/818 1583/3155/818 1584/2557/818
f 1585/3156/819 1586/3157/819 1587/3158/819 1588/2561/819
f 1589/2574/820 1590/2575/820 1591/2618/820 1592/2548/820
f 1593/2578/821 1594/3159/821 1595/3160/821 1596/2619/821
f 1597/2522/822 1598/2550/822 1599/2959/822 1600/2525/822
f 1601/2621/823 1602/2583/823 1603/2960/823 1604/2549/823
f 1605/3161/824 1606/3162/824 1607/2584/824 1608/2620/824
f 1609/2529/825 1610/2526/825 1611/2962/825 1612/2552/825
f 1613/2961/826 1614/2586/826 1615/2564/826 1616/2553/826
f 1617/2585/827 1618/3163/827 1619/3164/827 1620/2565/827
f 1621/3010/828 1622/2358/828 1623/2591/828 1624/2968/828
f 1625/2361/829 1626/2330/829 1627/2567/829 1628/2592/829
f 1629/1046/830 1630/2970/830 1631/2599/830 1632/2610/830
f 1633/2594/831 1634/2963/831 1635/2600/831 1636/2969/831
f 1637/2570/832 1638/2603/832 1639/2964/832 1640/2593/832
f 1641/2582/833 1642/2607/833 1643/2602/833 1644/2956/833
f 1645/2601/834 1646/2966/834 1647/2588/834 1648/2957/834
f 1649/2965/835 1650/2606/835 1651/2617/835 1652/2589/835
f 1653/1053/836 1654/2250/836 1655/2622/836 1656/2611/836
f 1657/2903/837 1658/2648/837 1659/2922/837 1660/2916/837
f 1661/2497/838 1662/2222/838 1663/3047/838 1664/1028/838
f 1665/2625/839 1666/2626/839 1667/2684/839 1668/2612/839
f 1669/2629/840 1670/3165/840 1671/3166/840 1672/2685/840
f 1673/1050/841 1674/2614/841 1675/2908/841 1676/2254/841
f 1677/2687/842 1678/2634/842 1679/2909/842 1680/2613/842
f 1681/3167/843 1682/3168/843 1683/2635/843 1684/2686/843
f 1685/2251/844 1686/2911/844 1687/3169/844 1688/3170/844
f 1689/2637/845 1690/3171/845 1691/3172/845 1692/2910/845
f 1693/3173/846 1694/3174/846 1695/3175/846 1696/2636/846
f 1697/2921/847 1698/2534/847 1699/2707/847 1700/2917/847
f 1701/2533/848 1702/3176/848 1703/3177/848 1704/2708/848
f 1705/2900/849 1706/2919/849 1707/2668/849 1708/2675/849
f 1709/2710/850 1710/2912/850 1711/2669/850 1712/2918/850
f 1713/3178/851 1714/3179/851 1715/2913/851 1716/2709/851
f 1717/2633/852 1718/2672/852 1719/2671/852 1720/2905/852
f 1721/2670/853 1722/2915/853 1723/2639/853 1724/2906/853
f 1725/2914/854 1726/3180/854 1727/3181/854 1728/2640/854
f 1729/3050/855 1730/2283/855 1731/2680/855 1732/1029/855
f 1733/2286/856 1734/2255/856 1735/2642/856 1736/2681/856
f 1737/2498/857 1738/1031/857 1739/2688/857 1740/2501/857
f 1741/2683/858 1742/2696/858 1743/2689/858 1744/1030/858
f 1745/2645/859 1746/2692/859 1747/2697/859 1748/2682/859
f 1749/2505/860 1750/2502/860 1751/2691/860 1752/2665/860
f 1753/2690/861 1754/2699/861 1755/2677/861 1756/2666/861
f 1757/2698/862 1758/2695/862 1759/2706/862 1760/2678/862
f 1761/2623/863 1762/2249/863 1763/2386/863 1764/2700/863
f 1765/2448/864 1766/2845/864 1767/1048/864 1768/2711/864
f 1769/2572/865 1770/2649/865 1771/2902/865 1772/2735/865
f 1773/2389/866 1774/2409/866 1775/2759/866 1776/2701/866
f 1777/2412/867 1778/2453/867 1779/2715/867 1780/2760/867
f 1781/2624/868 1782/2703/868 1783/2719/868 1784/2627/868
f 1785/2762/869 1786/2723/869 1787/2720/869 1788/2702/869
f 1789/2718/870 1790/2727/870 1791/2724/870 1792/2761/870
f 1793/2628/871 1794/2722/871 1795/3182/871 1796/3183/871
f 1797/2726/872 1798/3184/872 1799/3185/872 1800/2721/872
f 1801/2730/873 1802/2775/873 1803/3186/873 1804/2725/873
f 1805/1047/874 1806/2609/874 1807/2778/874 1808/2712/874
f 1809/2608/875 1810/2581/875 1811/2739/875 1812/2779/875
f 1813/2445/876 1814/2714/876 1815/2743/876 1816/2452/876
f 1817/2781/877 1818/2747/877 1819/2744/877 1820/2713/877
f 1821/2742/878 1822/2751/878 1823/2748/878 1824/2780/878
f 1825/3187/879 1826/2449/879 1827/2746/879 1828/3188/879
f 1829/2745/880 1830/2750/880 1831/3189/880 1832/3190/880
f 1833/2749/881 1834/2754/881 1835/3191/881 1836/3192/881
f 1837/2901/882 1838/2674/882 1839/2755/882 1840/2736/882
f 1841/2673/883 1842/2632/883 1843/2731/883 1844/2756/883
f 1845/2573/884 1846/2738/884 1847/2763/884 1848/2576/884
f 1849/2758/885 1850/2771/885 1851/2764/885 1852/2737/885
f 1853/2734/886 1854/2767/886 1855/2772/886 1856/2757/886
f 1857/3193/887 1858/2577/887 1859/2766/887 1860/3194/887
f 1861/2765/888 1862/2774/888 1863/3195/888 1864/3196/888
f 1865/2773/889 1866/2770/889 1867/3197/889 1868/3198/889
f 1025/3057/890 1005/3055/890 1008/2987/890 1026/2990/890
f 1007/2172/891 1017/2175/891 1020/2988/891 1008/2987/891
f 1019/2971/892 1029/2974/892 1032/2989/892 1020/2988/892
f 1031/2791/893 1027/2790/893 1026/2990/893 1032/2989/893
f 1018/2176/894 1021/2179/894 1024/2972/894 1019/2971/894
f 1023/2786/895 1033/2789/895 1036/2973/895 1024/2972/895
f 1035/2984/896 1030/2983/896 1029/2974/896 1036/2973/896
f 1022/2180/897 1069/2183/897 1072/3059/897 1023/3199/897
f 1071/2833/898 1073/2832/898 1076/3061/898 1072/3059/898
f 1075/2189/899 1034/2188/899 1033/2789/899 1076/2788/899
f 1037/2184/900 1028/2187/900 1027/2790/900 1038/2793/900
f 1030/2983/901 1041/2986/901 1044/2792/901 1031/2791/901
f 1043/2194/902 1039/2193/902 1038/2793/902 1044/2792/902
f 1034/2188/903 1045/2191/903 1048/2985/903 1035/2984/903
f 1047/2981/904 1042/2980/904 1041/2986/904 1048/2985/904
f 1074/2797/905 1077/2796/905 1080/3063/905 1075/3060/905
f 1079/3200/906 1046/3058/906 1045/2191/906 1080/2190/906
f 1057/1062/907 1009/1065/907 1012/2798/907 1058/2801/907
f 1011/3051/908 1049/3054/908 1052/2799/908 1012/2798/908
f 1051/2243/909 1061/2246/909 1064/2800/909 1052/2799/909
f 1063/2831/910 1059/2830/910 1058/2801/910 1064/2800/910
f 1050/2200/911 1053/2203/911 1056/2244/911 1051/2243/911
f 1055/2826/912 1065/2829/912 1068/2245/912 1056/2244/912
f 1067/2795/913 1062/2794/913 1061/2246/913 1068/2245/913
f 1054/2204/914 1101/2207/914 1104/2827/914 1055/2826/914
f 1103/2978/915 1105/2977/915 1108/3071/915 1104/3069/915
f 1107/2213/916 1066/2212/916 1065/2829/916 1108/2828/916
f 1070/2208/917 1060/2211/917 1059/2830/917 1071/2833/917
f 1062/2794/918 1074/2797/918 1073/2832/918 1063/2831/918
f 1066/2212/919 1078/2215/919 1077/2796/919 1067/2795/919
f 1106/2837/920 1109/2836/920 1112/3074/920 1107/3070/920
f 1111/3201/921 1079/3062/921 1078/2215/921 1112/2214/921
f 1089/2822/922 1013/2825/922 1016/2838/922 1090/2841/922
f 1015/1066/923 1081/1069/923 1084/2839/923 1016/2838/923
f 1083/2216/924 1093/2219/924 1096/2840/924 1084/2839/924
f 1095/2976/925 1091/2975/925 1090/2841/925 1096/2840/925
f 1082/2224/926 1085/2227/926 1088/2217/926 1083/2216/926
f 1087/3065/927 1097/3066/927 1100/2218/927 1088/2217/927
f 1099/2835/928 1094/2834/928 1093/2219/928 1100/2218/928
f 1086/2228/929 1040/2231/929 1039/2193/929 1087/2192/929
f 1042/2980/930 1098/2979/930 1097/2195/930 1043/2194/930
f 1102/2232/931 1092/2235/931 1091/2975/931 1103/2978/931
f 1094/2834/932 1106/2837/932 1105/2977/932 1095/2976/932
f 1098/3067/933 1110/3072/933 1109/2836/933 1099/2835/933
f 1046/3058/934 1111/3202/934 1110/2982/934 1047/2981/934
f 1133/2236/935 1113/2239/935 1116/2818/935 1134/2821/935
f 1115/1052/936 1125/1051/936 1128/2819/936 1116/2818/936
f 1127/2802/937 1137/2805/937 1140/2820/937 1128/2819/937
f 1139/3040/938 1135/3039/938 1134/2821/938 1140/2820/938
f 1126/2253/939 1129/2252/939 1132/2803/939 1127/2802/939
f 1131/3076/940 1141/3077/940 1144/2804/940 1132/2803/940
f 1143/2815/941 1138/2814/941 1137/2805/941 1144/2804/941
f 1130/2257/942 1177/2256/942 1180/3044/942 1131/3043/942
f 1179/2282/943 1181/2281/943 1184/3045/943 1180/3044/943
f 1183/2264/944 1142/2263/944 1141/3046/944 1184/3045/944
f 1145/2259/945 1136/2262/945 1135/3039/945 1146/3042/945
f 1138/2814/946 1149/2817/946 1152/3041/946 1139/3040/946
f 1151/3082/947 1147/3079/947 1146/3042/947 1152/3041/947
f 1142/3078/948 1153/3083/948 1156/2816/948 1143/2815/948
f 1155/3085/949 1150/3081/949 1149/2817/949 1156/2816/949
f 1182/3038/950 1185/3037/950 1188/2265/950 1183/2264/950
f 1187/3089/951 1154/3203/951 1153/2266/951 1188/2265/951
f 1165/3049/952 1117/3048/952 1120/3031/952 1166/3034/952
f 1119/2824/953 1157/2823/953 1160/3032/953 1120/3031/953
f 1159/2318/954 1169/2321/954 1172/3033/954 1160/3032/954
f 1171/2280/955 1167/2279/955 1166/3034/955 1172/3033/955
f 1158/2234/956 1161/2233/956 1164/2319/956 1159/2318/956
f 1163/3087/957 1173/3088/957 1176/2320/957 1164/2319/957
f 1175/3036/958 1170/3035/958 1169/2321/958 1176/2320/958
f 1162/2206/959 1209/2205/959 1212/2276/959 1163/2275/959
f 1211/2809/960 1213/2808/960 1216/2277/960 1212/2276/960
f 1215/2288/961 1174/2287/961 1173/3088/961 1216/3204/961
f 1178/2285/962 1168/2284/962 1167/2279/962 1179/2282/962
f 1170/3035/963 1182/3038/963 1181/2281/963 1171/2280/963
f 1174/2287/964 1186/2290/964 1185/3037/964 1175/3036/964
f 1214/2310/965 1217/2309/965 1220/3092/965 1215/3090/965
f 1219/3205/966 1187/3089/966 1186/2290/966 1220/2289/966
f 1197/3053/967 1121/3052/967 1124/2271/967 1198/2274/967
f 1123/2295/968 1189/2298/968 1192/2272/968 1124/2271/968
f 1191/2291/969 1201/2294/969 1204/2273/969 1192/2272/969
f 1203/2807/970 1199/2806/970 1198/2274/970 1204/2273/970
f 1190/2299/971 1193/2302/971 1196/2292/971 1191/2291/971
f 1195/2267/972 1205/2270/972 1208/2293/972 1196/2292/972
f 1207/2308/973 1202/2307/973 1201/2294/973 1208/2293/973
f 1194/2303/974 1148/2306/974 1147/2268/974 1195/2267/974
f 1150/2811/975 1206/2810/975 1205/2270/975 1151/2269/975
f 1210/2202/976 1200/2201/976 1199/2806/976 1211/2809/976
f 1202/2307/977 1214/2310/977 1213/2808/977 1203/2807/977
f 1206/2810/978 1218/2813/978 1217/2309/978 1207/2308/978
f 1154/3206/979 1219/3091/979 1218/2813/979 1155/2812/979
f 1241/2174/980 1221/2173/980 1224/2311/980 1242/2314/980
f 1223/2324/981 1233/2323/981 1236/2312/981 1224/2311/981
f 1235/2370/982 1245/2373/982 1248/2313/982 1236/2312/982
f 1247/3000/983 1243/2999/983 1242/2314/983 1248/2313/983
f 1234/2328/984 1237/2327/984 1240/2371/984 1235/2370/984
f 1239/3094/985 1249/3095/985 1252/2372/985 1240/2371/985
f 1251/2335/986 1246/2334/986 1245/2373/986 1252/2372/986
f 1238/2332/987 1285/2331/987 1288/3004/987 1239/3003/987
f 1287/2853/988 1289/2852/988 1292/3005/988 1288/3004/988
f 1291/2339/989 1250/2338/989 1249/3006/989 1292/3005/989
f 1253/2178/990 1244/2177/990 1243/2999/990 1254/3002/990
f 1246/2334/991 1257/2337/991 1260/3001/991 1247/3000/991
f 1259/3100/992 1255/3097/992 1254/3002/992 1260/3001/992
f 1250/3096/993 1261/3101/993 1264/2336/993 1251/2335/993
f 1263/3103/994 1258/3099/994 1257/2337/994 1264/2336/994
f 1290/2998/995 1293/2997/995 1296/2340/995 1291/2339/995
f 1295/3105/996 1262/3207/996 1261/2341/996 1296/2340/996
f 1273/3009/997 1225/3008/997 1228/2991/997 1274/2994/997
f 1227/2346/998 1265/2349/998 1268/2992/998 1228/2991/998
f 1267/2393/999 1277/2396/999 1280/2993/999 1268/2992/999
f 1279/2851/1000 1275/2850/1000 1274/2994/1000 1280/2993/1000
f 1266/2350/1001 1269/2353/1001 1272/2394/1001 1267/2393/1001
f 1271/2846/1002 1281/2849/1002 1284/2395/1002 1272/2394/1002
f 1283/2996/1003 1278/2995/1003 1277/2396/1003 1284/2395/1003
f 1270/2354/1004 1317/2357/1004 1320/3106/1004 1271/3208/1004
f 1319/2377/1005 1321/2376/1005 1324/3108/1005 1320/3106/1005
f 1323/2363/1006 1282/2362/1006 1281/2849/1006 1324/2848/1006
f 1286/2360/1007 1276/2359/1007 1275/2850/1007 1287/2853/1007
f 1278/2995/1008 1290/2998/1008 1289/2852/1008 1279/2851/1008
f 1282/2362/1009 1294/2365/1009 1293/2997/1009 1283/2996/1009
f 1322/2857/1010 1325/2856/1010 1328/3110/1010 1323/3107/1010
f 1327/3209/1011 1295/3105/1011 1294/2365/1011 1328/2364/1011
f 1305/1058/1012 1229/1061/1012 1232/2858/1012 1306/2861/1012
f 1231/1064/1013 1297/1063/1013 1300/2859/1013 1232/2858/1013
f 1299/2366/1014 1309/2369/1014 1312/2860/1014 1300/2859/1014
f 1311/2375/1015 1307/2374/1015 1306/2861/1015 1312/2860/1015
f 1298/2210/1016 1301/2209/1016 1304/2367/1016 1299/2366/1016
f 1303/2342/1017 1313/2345/1017 1316/2368/1017 1304/2367/1017
f 1315/2855/1018 1310/2854/1018 1309/2369/1018 1316/2368/1018
f 1302/2182/1019 1256/2181/1019 1255/2343/1019 1303/2342/1019
f 1258/2379/1020 1314/2378/1020 1313/2345/1020 1259/2344/1020
f 1318/2382/1021 1308/2385/1021 1307/2374/1021 1319/2377/1021
f 1310/2854/1022 1322/2857/1022 1321/2376/1022 1311/2375/1022
f 1314/2378/1023 1326/2381/1023 1325/2856/1023 1315/2855/1023
f 1262/3210/1024 1327/3109/1024 1326/2381/1024 1263/2380/1024
f 1349/2388/1025 1329/2387/1025 1332/3011/1025 1350/3014/1025
f 1331/2238/1026 1341/2237/1026 1344/3012/1026 1332/3011/1026
f 1343/3027/1027 1353/3030/1027 1356/3013/1027 1344/3012/1027
f 1355/2406/1028 1351/2405/1028 1350/3014/1028 1356/3013/1028
f 1342/2261/1029 1345/2260/1029 1348/3028/1029 1343/3027/1029
f 1347/2401/1030 1357/2404/1030 1360/3029/1030 1348/3028/1030
f 1359/3016/1031 1354/3015/1031 1353/3030/1031 1360/3029/1031
f 1346/2305/1032 1393/2304/1032 1396/3113/1032 1347/3211/1032
f 1395/2432/1033 1397/2431/1033 1400/3115/1033 1396/3113/1033
f 1399/2414/1034 1358/2413/1034 1357/2404/1034 1400/2403/1034
f 1361/2411/1035 1352/2410/1035 1351/2405/1035 1362/2408/1035
f 1354/3015/1036 1365/3018/1036 1368/2407/1036 1355/2406/1036
f 1367/2419/1037 1363/2418/1037 1362/2408/1037 1368/2407/1037
f 1358/2413/1038 1369/2416/1038 1372/3017/1038 1359/3016/1038
f 1371/3021/1039 1366/3020/1039 1365/3018/1039 1372/3017/1039
f 1398/2436/1040 1401/2435/1040 1404/3117/1040 1399/3114/1040
f 1403/3212/1041 1370/3112/1041 1369/2416/1041 1404/2415/1041
f 1381/2297/1042 1333/2296/1042 1336/2397/1042 1382/2400/1042
f 1335/1060/1043 1373/1059/1043 1376/2398/1043 1336/2397/1043
f 1375/2468/1044 1385/2471/1044 1388/2399/1044 1376/2398/1044
f 1387/2430/1045 1383/2429/1045 1382/2400/1045 1388/2399/1045
f 1374/2384/1046 1377/2383/1046 1380/2469/1046 1375/2468/1046
f 1379/2425/1047 1389/2428/1047 1392/2470/1047 1380/2469/1047
f 1391/2434/1048 1386/2433/1048 1385/2471/1048 1392/2470/1048
f 1378/2356/1049 1425/2355/1049 1428/2426/1049 1379/2425/1049
f 1427/3026/1050 1429/3025/1050 1432/3125/1050 1428/3123/1050
f 1431/2438/1051 1390/2437/1051 1389/2428/1051 1432/2427/1051
f 1394/2301/1052 1384/2300/1052 1383/2429/1052 1395/2432/1052
f 1386/2433/1053 1398/2436/1053 1397/2431/1053 1387/2430/1053
f 1390/2437/1054 1402/2440/1054 1401/2435/1054 1391/2434/1054
f 1430/2460/1055 1433/2459/1055 1436/3128/1055 1431/3124/1055
f 1435/3213/1056 1403/3116/1056 1402/2440/1056 1436/2439/1056
f 1413/2348/1057 1337/2347/1057 1340/2421/1057 1414/2424/1057
f 1339/2447/1058 1405/2446/1058 1408/2422/1058 1340/2421/1058
f 1407/2441/1059 1417/2444/1059 1420/2423/1059 1408/2422/1059
f 1419/3024/1060 1415/3023/1060 1414/2424/1060 1420/2423/1060
f 1406/2451/1061 1409/2450/1061 1412/2442/1061 1407/2441/1061
f 1411/3119/1062 1421/3120/1062 1424/2443/1062 1412/2442/1062
f 1423/2458/1063 1418/2457/1063 1417/2444/1063 1424/2443/1063
f 1410/2455/1064 1364/2454/1064 1363/2418/1064 1411/2417/1064
f 1366/3020/1065 1422/3019/1065 1421/2420/1065 1367/2419/1065
f 1426/2352/1066 1416/2351/1066 1415/3023/1066 1427/3026/1066
f 1418/2457/1067 1430/2460/1067 1429/3025/1067 1419/3024/1067
f 1422/3121/1068 1434/3126/1068 1433/2459/1068 1423/2458/1068
f 1370/3112/1069 1435/3214/1069 1434/3022/1069 1371/3021/1069
f 1457/2461/1070 1437/2464/1070 1440/2896/1070 1458/2899/1070
f 1439/3129/1071 1449/3130/1071 1452/2897/1071 1440/2896/1071
f 1451/1054/1072 1461/1057/1072 1464/2898/1072 1452/2897/1072
f 1463/2481/1073 1459/2480/1073 1458/2899/1073 1464/2898/1073
f 1450/2186/1074 1453/2185/1074 1456/1055/1074 1451/1054/1074
f 1455/2476/1075 1465/2479/1075 1468/1056/1075 1456/1055/1075
f 1467/2893/1076 1462/2892/1076 1461/1057/1076 1468/1056/1076
f 1454/2230/1077 1501/2229/1077 1504/2477/1077 1455/2476/1077
f 1503/2931/1078 1505/2930/1078 1508/3135/1078 1504/3133/1078
f 1507/2489/1079 1466/2488/1079 1465/2479/1079 1508/2478/1079
f 1469/2484/1080 1460/2487/1080 1459/2480/1080 1470/2483/1080
f 1462/2892/1081 1473/2895/1081 1476/2482/1081 1463/2481/1081
f 1475/2494/1082 1471/2493/1082 1470/2483/1082 1476/2482/1082
f 1466/2488/1083 1477/2491/1083 1480/2894/1083 1467/2893/1083
f 1479/2890/1084 1474/2889/1084 1473/2895/1084 1480/2894/1084
f 1506/2511/1085 1509/2510/1085 1512/3137/1085 1507/3134/1085
f 1511/2541/1086 1478/2540/1086 1477/2491/1086 1512/2490/1086
f 1489/1068/1087 1441/1067/1087 1444/2472/1087 1490/2475/1087
f 1443/2496/1088 1481/2499/1088 1484/2473/1088 1444/2472/1088
f 1483/2543/1089 1493/2546/1089 1496/2474/1089 1484/2473/1089
f 1495/2929/1090 1491/2928/1090 1490/2475/1090 1496/2474/1090
f 1482/2500/1091 1485/2503/1091 1488/2544/1091 1483/2543/1091
f 1487/2924/1092 1497/2927/1092 1500/2545/1092 1488/2544/1092
f 1499/2509/1093 1494/2508/1093 1493/2546/1093 1500/2545/1093
f 1486/2504/1094 1533/2507/1094 1536/2925/1094 1487/2924/1094
f 1535/2887/1095 1537/2886/1095 1540/3144/1095 1536/3142/1095
f 1539/2513/1096 1498/2512/1096 1497/2927/1096 1540/2926/1096
f 1502/2226/1097 1492/2225/1097 1491/2928/1097 1503/2931/1097
f 1494/2508/1098 1506/2511/1098 1505/2930/1098 1495/2929/1098
f 1498/2512/1099 1510/2515/1099 1509/2510/1099 1499/2509/1099
f 1538/2935/1100 1541/2934/1100 1544/3147/1100 1539/3143/1100
f 1543/3215/1101 1511/3136/1101 1510/2515/1101 1544/2514/1101
f 1521/2920/1102 1445/2923/1102 1448/2936/1102 1522/2939/1102
f 1447/2520/1103 1513/2523/1103 1516/2937/1103 1448/2936/1103
f 1515/2516/1104 1525/2519/1104 1528/2938/1104 1516/2937/1104
f 1527/2885/1105 1523/2884/1105 1522/2939/1105 1528/2938/1105
f 1514/2524/1106 1517/2527/1106 1520/2517/1106 1515/2516/1106
f 1519/3138/1107 1529/3139/1107 1532/2518/1107 1520/2517/1107
f 1531/2933/1108 1526/2932/1108 1525/2519/1108 1532/2518/1108
f 1518/3216/1109 1472/3131/1109 1471/2493/1109 1519/2492/1109
f 1474/2889/1110 1530/2888/1110 1529/2495/1110 1475/2494/1110
f 1534/2532/1111 1524/2535/1111 1523/2884/1111 1535/2887/1111
f 1526/2932/1112 1538/2935/1112 1537/2886/1112 1527/2885/1112
f 1530/3140/1113 1542/3145/1113 1541/2934/1113 1531/2933/1113
f 1478/2540/1114 1543/2542/1114 1542/2891/1114 1479/2890/1114
f 1565/2322/1115 1545/2325/1115 1548/2536/1115 1566/2539/1115
f 1547/2463/1116 1557/2462/1116 1560/2537/1116 1548/2536/1116
f 1559/2595/1117 1569/2598/1117 1572/2538/1117 1560/2537/1117
f 1571/2556/1118 1567/2555/1118 1566/2539/1118 1572/2538/1118
f 1558/2486/1119 1561/2485/1119 1564/2596/1119 1559/2595/1119
f 1563/3149/1120 1573/3150/1120 1576/2597/1120 1564/2596/1120
f 1575/2560/1121 1570/2559/1121 1569/2598/1121 1576/2597/1121
f 1562/2530/1122 1609/2529/1122 1612/2552/1122 1563/2551/1122
f 1611/2962/1123 1613/2961/1123 1616/2553/1123 1612/2552/1123
f 1615/2564/1124 1574/2563/1124 1573/2554/1124 1616/2553/1124
f 1577/2326/1125 1568/2329/1125 1567/2555/1125 1578/2558/1125
f 1570/2559/1126 1581/2562/1126 1584/2557/1126 1571/2556/1126
f 1583/3155/1127 1579/3152/1127 1578/2558/1127 1584/2557/1127
f 1574/3151/1128 1585/3156/1128 1588/2561/1128 1575/2560/1128
f 1587/3158/1129 1582/3154/1129 1581/2562/1129 1588/2561/1129
f 1614/2586/1130 1617/2585/1130 1620/2565/1130 1615/2564/1130
f 1619/3164/1131 1586/3217/1131 1585/2566/1131 1620/2565/1131
f 1597/2522/1132 1549/2521/1132 1552/2547/1132 1598/2550/1132
f 1551/2571/1133 1589/2574/1133 1592/2548/1133 1552/2547/1133
f 1591/2618/1134 1601/2621/1134 1604/2549/1134 1592/2548/1134
f 1603/2960/1135 1599/2959/1135 1598/2550/1135 1604/2549/1135
f 1590/2575/1136 1593/2578/1136 1596/2619/1136 1591/2618/1136
f 1595/3160/1137 1605/3161/1137 1608/2620/1137 1596/2619/1137
f 1607/2584/1138 1602/2583/1138 1601/2621/1138 1608/2620/1138
f 1594/2579/1139 1641/2582/1139 1644/2956/1139 1595/2955/1139
f 1643/2602/1140 1645/2601/1140 1648/2957/1140 1644/2956/1140
f 1647/2588/1141 1606/2587/1141 1605/2958/1141 1648/2957/1141
f 1610/2526/1142 1600/2525/1142 1599/2959/1142 1611/2962/1142
f 1602/2583/1143 1614/2586/1143 1613/2961/1143 1603/2960/1143
f 1606/3162/1144 1618/3163/1144 1617/2585/1144 1607/2584/1144
f 1646/2966/1145 1649/2965/1145 1652/2589/1145 1647/2588/1145
f 1651/2617/1146 1619/2616/1146 1618/2590/1146 1652/2589/1146
f 1629/1046/1147 1553/1049/1147 1556/2967/1147 1630/2970/1147
f 1555/3007/1148 1621/3010/1148 1624/2968/1148 1556/2967/1148
f 1623/2591/1149 1633/2594/1149 1636/2969/1149 1624/2968/1149
f 1635/2600/1150 1631/2599/1150 1630/2970/1150 1636/2969/1150
f 1622/2358/1151 1625/2361/1151 1628/2592/1151 1623/2591/1151
f 1627/2567/1152 1637/2570/1152 1640/2593/1152 1628/2592/1152
f 1639/2964/1153 1634/2963/1153 1633/2594/1153 1640/2593/1153
f 1626/2330/1154 1580/2333/1154 1579/2568/1154 1627/2567/1154
f 1582/2604/1155 1638/2603/1155 1637/2570/1155 1583/2569/1155
f 1642/2607/1156 1632/2610/1156 1631/2599/1156 1643/2602/1156
f 1634/2963/1157 1646/2966/1157 1645/2601/1157 1635/2600/1157
f 1638/2603/1158 1650/2606/1158 1649/2965/1158 1639/2964/1158
f 1586/2615/1159 1651/2617/1159 1650/2606/1159 1587/2605/1159
f 1673/1050/1160 1653/1053/1160 1656/2611/1160 1674/2614/1160
f 1655/2622/1161 1665/2625/1161 1668/2612/1161 1656/2611/1161
f 1667/2684/1162 1677/2687/1162 1680/2613/1162 1668/2612/1162
f 1679/2909/1163 1675/2908/1163 1674/2614/1163 1680/2613/1163
f 1666/2626/1164 1669/2629/1164 1672/2685/1164 1667/2684/1164
f 1671/3166/1165 1681/3167/1165 1684/2686/1165 1672/2685/1165
f 1683/2635/1166 1678/2634/1166 1677/2687/1166 1684/2686/1166
f 1670/2630/1167 1717/2633/1167 1720/2905/1167 1671/2904/1167
f 1719/2671/1168 1721/2670/1168 1724/2906/1168 1720/2905/1168
f 1723/2639/1169 1682/2638/1169 1681/2907/1169 1724/2906/1169
f 1685/2251/1170 1676/2254/1170 1675/2908/1170 1686/2911/1170
f 1678/2634/1171 1689/2637/1171 1692/2910/1171 1679/2909/1171
f 1691/3172/1172 1687/3169/1172 1686/2911/1172 1692/2910/1172
f 1682/3168/1173 1693/3173/1173 1696/2636/1173 1683/2635/1173
f 1695/3175/1174 1690/3171/1174 1689/2637/1174 1696/2636/1174
f 1722/2915/1175 1725/2914/1175 1728/2640/1175 1723/2639/1175
f 1727/3181/1176 1694/3218/1176 1693/2641/1176 1728/2640/1176
f 1705/2900/1177 1657/2903/1177 1660/2916/1177 1706/2919/1177
f 1659/2922/1178 1697/2921/1178 1700/2917/1178 1660/2916/1178
f 1699/2707/1179 1709/2710/1179 1712/2918/1179 1700/2917/1179
f 1711/2669/1180 1707/2668/1180 1706/2919/1180 1712/2918/1180
f 1698/2534/1181 1701/2533/1181 1704/2708/1181 1699/2707/1181
f 1703/3177/1182 1713/3178/1182 1716/2709/1182 1704/2708/1182
f 1715/2913/1183 1710/2912/1183 1709/2710/1183 1716/2709/1183
f 1702/2506/1184 1749/2505/1184 1752/2665/1184 1703/2664/1184
f 1751/2691/1185 1753/2690/1185 1756/2666/1185 1752/2665/1185
f 1755/2677/1186 1714/2676/1186 1713/2667/1186 1756/2666/1186
f 1718/2672/1187 1708/2675/1187 1707/2668/1187 1719/2671/1187
f 1710/2912/1188 1722/2915/1188 1721/2670/1188 1711/2669/1188
f 1714/3179/1189 1726/3180/1189 1725/2914/1189 1715/2913/1189
f 1754/2699/1190 1757/2698/1190 1760/2678/1190 1755/2677/1190
f 1759/2706/1191 1727/2705/1191 1726/2679/1191 1760/2678/1191
f 1737/2498/1192 1661/2497/1192 1664/1028/1192 1738/1031/1192
f 1663/3047/1193 1729/3050/1193 1732/1029/1193 1664/1028/1193
f 1731/2680/1194 1741/2683/1194 1744/1030/1194 1732/1029/1194
f 1743/2689/1195 1739/2688/1195 1738/1031/1195 1744/1030/1195
f 1730/2283/1196 1733/2286/1196 1736/2681/1196 1731/2680/1196
f 1735/2642/1197 1745/2645/1197 1748/2682/1197 1736/2681/1197
f 1747/2697/1198 1742/2696/1198 1741/2683/1198 1748/2682/1198
f 1734/2255/1199 1688/2258/1199 1687/2643/1199 1735/2642/1199
f 1690/2693/1200 1746/2692/1200 1745/2645/1200 1691/2644/1200
f 1750/2502/1201 1740/2501/1201 1739/2688/1201 1751/2691/1201
f 1742/2696/1202 1754/2699/1202 1753/2690/1202 1743/2689/1202
f 1746/2692/1203 1758/2695/1203 1757/2698/1203 1747/2697/1203
f 1694/2704/1204 1759/2706/1204 1758/2695/1204 1695/2694/1204
f 1781/2624/1205 1761/2623/1205 1764/2700/1205 1782/2703/1205
f 1763/2386/1206 1773/2389/1206 1776/2701/1206 1764/2700/1206
f 1775/2759/1207 1785/2762/1207 1788/2702/1207 1776/2701/1207
f 1787/2720/1208 1783/2719/1208 1782/2703/1208 1788/2702/1208
f 1774/2409/1209 1777/2412/1209 1780/2760/1209 1775/2759/1209
f 1779/2715/1210 1789/2718/1210 1792/2761/1210 1780/2760/1210
f 1791/2724/1211 1786/2723/1211 1785/2762/1211 1792/2761/1211
f 1778/2453/1212 1825/2456/1212 1828/2716/1212 1779/2715/1212
f 1827/2746/1213 1829/2745/1213 1832/3190/1213 1828/3188/1213
f 1831/2728/1214 1790/2727/1214 1789/2718/1214 1832/2717/1214
f 1793/2628/1215 1784/2627/1215 1783/2719/1215 1794/2722/1215
f 1786/2723/1216 1797/2726/1216 1800/2721/1216 1787/2720/1216
f 1799/3185/1217 1795/3182/1217 1794/2722/1217 1800/2721/1217
f 1790/2727/1218 1801/2730/1218 1804/2725/1218 1791/2724/1218
f 1803/3186/1219 1798/3184/1219 1797/2726/1219 1804/2725/1219
f 1830/2750/1220 1833/2749/1220 1836/3192/1220 1831/3189/1220
f 1835/2776/1221 1802/2775/1221 1801/2730/1221 1836/2729/1221
f 1813/2445/1222 1765/2448/1222 1768/2711/1222 1814/2714/1222
f 1767/1048/1223 1805/1047/1223 1808/2712/1223 1768/2711/1223
f 1807/2778/1224 1817/2781/1224 1820/2713/1224 1808/2712/1224
f 1819/2744/1225 1815/2743/1225 1814/2714/1225 1820/2713/1225
f 1806/2609/1226 1809/2608/1226 1812/2779/1226 1807/2778/1226
f 1811/2739/1227 1821/2742/1227 1824/2780/1227 1812/2779/1227
f 1823/2748/1228 1818/2747/1228 1817/2781/1228 1824/2780/1228
f 1810/2581/1229 1857/2580/1229 1860/2740/1229 1811/2739/1229
f 1859/2766/1230 1861/2765/1230 1864/3196/1230 1860/3194/1230
f 1863/2752/1231 1822/2751/1231 1821/2742/1231 1864/2741/1231
f 1826/2449/1232 1816/2452/1232 1815/2743/1232 1827/2746/1232
f 1818/2747/1233 1830/2750/1233 1829/2745/1233 1819/2744/1233
f 1822/2751/1234 1834/2754/1234 1833/2749/1234 1823/2748/1234
f 1862/2774/1235 1865/2773/1235 1868/3198/1235 1863/3195/1235
f 1867/3197/1236 1835/3219/1236 1834/3220/1236 1868/3198/1236
f 1845/2573/1237 1769/2572/1237 1772/2735/1237 1846/2738/1237
f 1771/2902/1238 1837/2901/1238 1840/2736/1238 1772/2735/1238
f 1839/2755/1239 1849/2758/1239 1852/2737/1239 1840/2736/1239
f 1851/2764/1240 1847/2763/1240 1846/2738/1240 1852/2737/1240
f 1838/2674/1241 1841/2673/1241 1844/2756/1241 1839/2755/1241
f 1843/2731/1242 1853/2734/1242 1856/2757/1242 1844/2756/1242
f 1855/2772/1243 1850/2771/1243 1849/2758/1243 1856/2757/1243
f 1842/2632/1244 1796/2631/1244 1795/2732/1244 1843/2731/1244
f 1798/2768/1245 1854/2767/1245 1853/2734/1245 1799/2733/1245
f 1858/2577/1246 1848/2576/1246 1847/2763/1246 1859/2766/1246
f 1850/2771/1247 1862/2774/1247 1861/2765/1247 1851/2764/1247
f 1854/2767/1248 1866/2770/1248 1865/2773/1248 1855/2772/1248
f 1802/2775/1249 1867/2777/1249 1866/3221/1249 1803/3186/1249
f 1006/2783/1250 1222/2782/1250 1221/2173/1250 1007/2172/1250
f 1244/2177/1251 1018/2176/1251 1017/2175/1251 1241/2174/1251
f 1256/3098/1252 1022/3056/1252 1021/2179/1252 1253/2178/1252
f 1301/2209/1253 1070/2208/1253 1069/2183/1253 1302/2182/1253
f 1297/1063/1254 1057/1062/1254 1060/2211/1254 1298/2210/1254
f 1230/2196/1255 1010/2199/1255 1009/1065/1255 1231/1064/1255
f 1122/2198/1256 1334/2197/1256 1333/2296/1256 1123/2295/1256
f 1384/2300/1257 1190/2299/1257 1189/2298/1257 1381/2297/1257
f 1393/2304/1258 1194/2303/1258 1193/2302/1258 1394/2301/1258
f 1345/2260/1259 1145/2259/1259 1148/3080/1259 1346/3111/1259
f 1341/2237/1260 1133/2236/1260 1136/2262/1260 1342/2261/1260
f 1330/2248/1261 1114/2247/1261 1113/2239/1261 1331/2238/1261
f 1010/2199/1262 1122/2198/1262 1121/3052/1262 1011/3051/1262
f 1200/2201/1263 1050/2200/1263 1049/3054/1263 1197/3053/1263
f 1209/2205/1264 1054/2204/1264 1053/2203/1264 1210/2202/1264
f 1161/2233/1265 1102/2232/1265 1101/3068/1265 1162/3086/1265
f 1157/2823/1266 1089/2822/1266 1092/2235/1266 1158/2234/1266
f 1118/2221/1267 1014/2220/1267 1013/2825/1267 1119/2824/1267
f 1226/2843/1268 1338/2842/1268 1337/2347/1268 1227/2346/1268
f 1416/2351/1269 1266/2350/1269 1265/2349/1269 1413/2348/1269
f 1425/3122/1270 1270/3104/1270 1269/2353/1270 1426/2352/1270
f 1377/2383/1271 1318/2382/1271 1317/2357/1271 1378/2356/1271
f 1373/1059/1272 1305/1058/1272 1308/2385/1272 1374/2384/1272
f 1334/2197/1273 1230/2196/1273 1229/1061/1273 1335/1060/1273
f 1446/1034/1274 1550/1033/1274 1549/2521/1274 1447/2520/1274
f 1600/2525/1275 1514/2524/1275 1513/2523/1275 1597/2522/1275
f 1609/2529/1276 1518/2528/1276 1517/2527/1276 1610/2526/1276
f 1561/2485/1277 1469/2484/1277 1472/3131/1277 1562/3148/1277
f 1557/2462/1278 1457/2461/1278 1460/2487/1278 1558/2486/1278
f 1546/2785/1279 1438/2784/1279 1437/2464/1279 1547/2463/1279
f 1654/2250/1280 1762/2249/1280 1761/2623/1280 1655/2622/1280
f 1784/2627/1281 1666/2626/1281 1665/2625/1281 1781/2624/1281
f 1796/3183/1282 1670/3165/1282 1669/2629/1282 1793/2628/1282
f 1841/2673/1283 1718/2672/1283 1717/2633/1283 1842/2632/1283
f 1837/2901/1284 1705/2900/1284 1708/2675/1284 1838/2674/1284
f 1770/2649/1285 1658/2648/1285 1657/2903/1285 1771/2902/1285
f 1442/2223/1286 1662/2222/1286 1661/2497/1286 1443/2496/1286
f 1740/2501/1287 1482/2500/1287 1481/2499/1287 1737/2498/1287
f 1749/2505/1288 1486/2504/1288 1485/2503/1288 1750/2502/1288
f 1701/2533/1289 1534/2532/1289 1533/3141/1289 1702/3176/1289
f 1697/2921/1290 1521/2920/1290 1524/2535/1290 1698/2534/1290
f 1658/2648/1291 1446/1034/1291 1445/2923/1291 1659/2922/1291
f 1550/1033/1292 1770/2649/1292 1769/2572/1292 1551/2571/1292
f 1848/2576/1293 1590/2575/1293 1589/2574/1293 1845/2573/1293
f 1857/3193/1294 1594/3159/1294 1593/2578/1294 1858/2577/1294
f 1809/2608/1295 1642/2607/1295 1641/2582/1295 1810/2581/1295
f 1805/1047/1296 1629/1046/1296 1632/2610/1296 1806/2609/1296
f 1766/2845/1297 1554/2844/1297 1553/1049/1297 1767/1048/1297
f 1014/2220/1298 1442/2223/1298 1441/1067/1298 1015/1066/1298
f 1492/2225/1299 1082/2224/1299 1081/1069/1299 1489/1068/1299
f 1501/3132/1300 1086/3064/1300 1085/2227/1300 1502/2226/1300
f 1453/2185/1301 1037/2184/1301 1040/2231/1301 1454/2230/1301
f 1449/3130/1302 1025/3057/1302 1028/2187/1302 1450/2186/1302
f 1438/2784/1303 1006/2783/1303 1005/3055/1303 1439/3129/1303
f 1554/2844/1304 1226/2843/1304 1225/3008/1304 1555/3007/1304
f 1276/2359/1305 1622/2358/1305 1621/3010/1305 1273/3009/1305
f 1285/2331/1306 1626/2330/1306 1625/2361/1306 1286/2360/1306
f 1237/2327/1307 1577/2326/1307 1580/3153/1307 1238/3093/1307
f 1233/2323/1308 1565/2322/1308 1568/2329/1308 1234/2328/1308
f 1222/2782/1309 1546/2785/1309 1545/2325/1309 1223/2324/1309
f 1762/2249/1310 1330/2248/1310 1329/2387/1310 1763/2386/1310
f 1352/2410/1311 1774/2409/1311 1773/2389/1311 1349/2388/1311
f 1364/2454/1312 1778/2453/1312 1777/2412/1312 1361/2411/1312
f 1409/2450/1313 1826/2449/1313 1825/3187/1313 1410/3118/1313
f 1405/2446/1314 1813/2445/1314 1816/2452/1314 1406/2451/1314
f 1338/2842/1315 1766/2845/1315 1765/2448/1315 1339/2447/1315
f 1662/2222/1316 1118/2221/1316 1117/3048/1316 1663/3047/1316
f 1168/2284/1317 1730/2283/1317 1729/3050/1317 1165/3049/1317
f 1177/2256/1318 1734/2255/1318 1733/2286/1318 1178/2285/1318
f 1129/2252/1319 1685/2251/1319 1688/3170/1319 1130/3075/1319
f 1125/1051/1320 1673/1050/1320 1676/2254/1320 1126/2253/1320
f 1114/2247/1321 1654/2250/1321 1653/1053/1321 1115/1052/1321
f 1025/3057/1322 1449/3130/1322 1439/3129/1322 1005/3055/1322
