# File produced by Open Asset Import Library (http://www.assimp.sf.net)
# (assimp v3.1.128981410)

mtllib GOLDEN%20CAP%20LP.mtl

# vertex positions
v 7.777278 10.259044 -6.141432
v 7.712903 10.624731 -5.182828
v 8.278910 8.676126 -4.268652
v 8.348208 8.306022 -5.250412
v 7.630924 10.945747 -4.354289
v 8.182334 9.018703 -3.389508
v 7.572701 11.163743 -3.787895
v 8.085883 9.282410 -2.718322
v 7.433495 11.410448 -3.184678
v 7.890013 9.555861 -2.031692
v 7.108561 11.817592 -2.245670
v 7.495172 9.927673 -1.106217
v 6.627733 12.247340 -1.227957
v 6.979868 10.344432 -0.089797
v 6.020837 12.561857 -0.388622
v 6.422608 10.752724 0.869665
v 5.346968 12.790035 0.267104
v 5.772686 11.112839 1.717659
v 4.665220 12.960762 0.733992
v 4.979396 11.385073 2.399672
v 3.940773 13.113640 1.129047
v 4.056865 11.621166 2.974583
v 3.138804 13.288264 1.569277
v 3.019219 11.872863 3.501268
v 2.226452 13.470366 1.990758
v 1.936656 12.076814 3.895729
v 1.170857 13.645676 2.329568
v 0.879376 12.169666 4.073966
v 0.064239 13.746141 2.517731
v -0.177128 12.174931 4.101490
v -1.001181 13.703713 2.487271
v -1.257362 12.116117 4.043807
v -1.930693 13.553769 2.306292
v -2.243391 11.987922 3.885642
v -2.629585 13.331683 2.042901
v -3.017276 11.785037 3.611716
v -3.249326 13.071007 1.697516
v -3.721478 11.530683 3.220426
v -3.941385 12.805288 1.270565
v -4.498455 11.248070 2.710164
v -4.678345 12.573292 0.753794
v -5.276183 10.968976 2.105865
v -5.432789 12.413777 0.138953
v -5.982640 10.725177 1.432459
v -6.122707 12.248996 -0.521347
v -6.608550 10.457674 0.685963
v -6.666087 12.001194 -1.174494
v -7.144641 10.107474 -0.137608
v -7.078365 11.726714 -1.790022
v -7.571217 9.755091 -0.938239
v -7.374972 11.481895 -2.337467
v -7.868581 9.481036 -1.615920
v -7.576524 11.218777 -2.951403
v -8.076420 9.216527 -2.322078
v -7.703632 10.889398 -3.766406
v -8.234421 8.892775 -3.208144
v -7.775806 10.519430 -4.741160
v -8.338798 8.534568 -4.222901
v -7.812541 10.134547 -5.834356
v -8.385759 8.166689 -5.315130
v -7.772618 9.750689 -6.949653
v -8.348397 7.806142 -6.415963
v -7.614811 9.383788 -7.990712
v -8.199809 7.469927 -7.456531
v -7.304678 9.026558 -8.944544
v -7.909172 7.138146 -8.439991
v -6.807780 8.671710 -9.798164
v -7.445669 6.790901 -9.369501
v -6.205379 8.340615 -10.511009
v -6.858718 6.460623 -10.200012
v -5.578736 8.054647 -11.042521
v -6.197743 6.179743 -10.886470
v -4.946791 7.821183 -11.466078
v -5.517647 5.936742 -11.453179
v -4.328480 7.647600 -11.855069
v -4.873336 5.720103 -11.924448
v -3.701139 7.514351 -12.228022
v -4.145376 5.542139 -12.354907
v -3.042104 7.401886 -12.603470
v -3.214338 5.415161 -12.799190
v -2.261607 7.318982 -12.962361
v -2.166905 5.339041 -13.192175
v -1.269881 7.274419 -13.285650
v -1.089762 5.313651 -13.468743
v -0.191935 7.268699 -13.496531
v -0.028845 5.324784 -13.608150
v 0.847222 7.302325 -13.518202
v 0.969910 5.358230 -13.589648
v 1.766272 7.359465 -13.386959
v 1.927426 5.419063 -13.424481
v 2.483902 7.424285 -13.139105
v 2.864627 5.512357 -13.123893
v 3.135674 7.503472 -12.792285
v 3.753403 5.630703 -12.727118
v 3.857153 7.603715 -12.364146
v 4.565647 5.766696 -12.273395
v 4.638580 7.758653 -11.847987
v 5.347467 5.940594 -11.723605
v 5.470202 8.001923 -11.237107
v 6.144977 6.172655 -11.038639
v 6.230803 8.307165 -10.557978
v 6.864609 6.446202 -10.261333
v 6.799168 8.648017 -9.837069
v 7.412802 6.744562 -9.434517
v 7.214255 8.986408 -9.150513
v 7.819012 7.048887 -8.623864
v 7.515026 9.284272 -8.574437
v 8.112692 7.340337 -7.895040
v 7.703750 9.578762 -7.944916
v 8.293936 7.637690 -7.134688
v 7.782697 9.907037 -7.098022
v 8.362829 7.959731 -6.229451
v 8.235582 7.607003 -2.044924
v 8.363504 7.323052 -2.792889
v 8.030444 7.928761 -1.260724
v 7.688548 8.310453 -0.259418
v 7.220688 8.714251 0.833333
v 6.637662 9.102316 1.891868
v 5.922317 9.482255 2.877154
v 5.057496 9.861673 3.750164
v 4.013080 10.213094 4.492238
v 2.758953 10.509039 5.084720
v 1.492056 10.721370 5.481601
v 0.409332 10.821943 5.636874
v -0.578786 10.818471 5.617792
v -1.561864 10.718659 5.491606
v -2.501705 10.551481 5.251310
v -3.360110 10.345908 4.889893
v -4.152931 10.105876 4.411119
v -4.896021 9.835320 3.818746
v -5.595531 9.526096 3.126128
v -6.257614 9.170063 2.346622
v -6.852572 8.799155 1.501366
v -7.350714 8.445308 0.611502
v -7.735871 8.142607 -0.246938
v -7.991880 7.925136 -0.997919
v -8.174685 7.716085 -1.727308
v -8.340232 7.438647 -2.520970
v -8.476106 7.109057 -3.427238
v -8.569893 6.743552 -4.494440
v -8.586039 6.377324 -5.605667
v -8.488977 6.045568 -6.644008
v -8.257184 5.738315 -7.656059
v -7.869130 5.445594 -8.688416
v -7.323985 5.159127 -9.684522
v -6.620918 4.870636 -10.587825
v -5.854966 4.604637 -11.352091
v -5.121162 4.385647 -11.931087
v -4.253911 4.254252 -12.426178
v -3.087616 4.251040 -12.938722
v -1.888864 4.287932 -13.362410
v -0.924240 4.276858 -13.590934
v -0.021956 4.267728 -13.659696
v 0.989779 4.310457 -13.604098
v 2.022165 4.347241 -13.428469
v 2.986403 4.320274 -13.137128
v 3.895506 4.289732 -12.745423
v 4.762490 4.315787 -12.268695
v 5.613599 4.425049 -11.624906
v 6.475074 4.644126 -10.732010
v 7.231186 4.924654 -9.781506
v 7.766205 5.218267 -8.964884
v 8.127789 5.518697 -8.199731
v 8.363587 5.819673 -7.403634
v 8.498101 6.129787 -6.552250
v 8.555826 6.457631 -5.621240
v 8.544972 6.775273 -4.651890
v 8.473749 7.054778 -3.685493
v -8.116495 3.823160 -7.870410
v -8.406751 4.129539 -6.742363
v -7.653131 3.526696 -9.006505
v -6.977497 3.247874 -10.084725
v -6.121351 2.995463 -11.057271
v -5.116455 2.778226 -11.876339
v -3.893729 2.661867 -12.641148
v -2.788839 3.239106 -13.148145
v -1.540657 3.707170 -13.606629
v -0.938355 3.853127 -13.669561
v -0.121974 3.939860 -13.705175
v 0.862004 3.949943 -13.665188
v 1.777613 3.852460 -13.577170
v 2.388885 3.616500 -13.468688
v 2.771491 3.230517 -13.350031
v 4.255561 3.069325 -12.529805
v 5.402328 2.974415 -11.623106
v 6.418183 3.083251 -10.321812
v 7.257968 3.316712 -9.022488
v 7.876524 3.595678 -8.121699
v 8.283805 3.894423 -7.382044
v 8.489765 4.187224 -6.566117
v 8.566963 4.489088 -5.681361
v 8.587959 4.815023 -4.735228
v 8.556482 5.130544 -3.762516
v 8.476260 5.401164 -2.798031
v 8.360639 5.660339 -1.886585
v 8.222960 5.941525 -1.072992
v 8.028098 6.266242 -0.232306
v 7.740922 6.656006 0.760415
v 7.332857 7.084164 1.832646
v 6.775328 7.524065 2.911854
v 6.040412 7.972343 3.960885
v 5.100183 8.425636 4.942578
v 3.970445 8.834240 5.775194
v 2.666999 9.148447 6.376987
v 1.343136 9.349779 6.753046
v 0.152149 9.419758 6.908465
v -0.934517 9.377314 6.883395
v -1.945417 9.241377 6.717989
v -2.876184 9.047583 6.429226
v -3.722449 8.831564 6.034086
v -4.485795 8.588015 5.542124
v -5.167805 8.311634 4.962893
v -5.789465 8.001909 4.273806
v -6.371758 7.658328 3.452279
v -6.896780 7.298104 2.554672
v -7.346622 6.938449 1.637346
v -7.706849 6.611186 0.755140
v -7.963035 6.348135 -0.037107
v -8.152393 6.099667 -0.794122
v -8.312140 5.816152 -1.570635
v -8.445260 5.494451 -2.449617
v -8.554732 5.131429 -3.514042
v -8.605637 4.766253 -4.636175
v -8.563053 4.438097 -5.688283
v 5.836648 1.100874 -11.061184
v 4.334284 1.716751 -12.298293
v 3.112001 2.072355 -13.113997
v -2.540654 2.953851 -13.284948
v -1.859797 3.440493 -13.568021
v -2.060828 3.217451 -13.537776
v -2.255836 2.759786 -13.432394
v -3.021303 2.348996 -13.048309
v -2.357943 2.186005 -13.326455
v 4.225435 1.313745 -12.325427
v 5.305684 1.023876 -11.640092
v 4.928863 0.964499 -11.959934
v 4.020987 0.875695 -12.413156
v 3.138478 1.497185 -12.998497
v 3.113112 0.786891 -12.866377
v 8.248440 2.171895 -6.823487
v 7.992782 1.929433 -7.720232
v 7.515628 1.676199 -8.750374
v 6.688460 1.412380 -9.987119
v -2.262922 0.801330 -13.074301
v -3.094709 0.790695 -12.772525
v -4.033181 0.878662 -12.303648
v -6.307832 1.241110 -10.451238
v -7.158543 1.452296 -9.331278
v -7.773136 1.729875 -8.179903
v -5.185141 1.030775 -11.484948
v -8.434816 2.452346 -5.944870
v -8.548122 2.777130 -4.895681
v -8.557182 3.099099 -3.824459
v -8.386974 3.811399 -1.570642
v -8.278125 4.106311 -0.737500
v -8.208805 4.286035 -0.158879
v -8.187523 2.083244 -7.045356
v -8.491730 3.459758 -2.657870
v -7.678883 5.237393 1.511507
v -7.331285 5.631042 2.391426
v -6.909145 6.068324 3.282354
v -7.949094 4.892582 0.702228
v -5.860291 6.999568 4.895678
v -5.254620 7.376332 5.572754
v -4.572944 7.704730 6.163897
v -6.415307 6.544032 4.124659
v -2.916413 8.284162 7.087934
v -1.963297 8.488266 7.371833
v -0.935471 8.614590 7.527792
v -3.789918 8.015160 6.677122
v 1.351774 8.566081 7.400552
v 2.655528 8.332932 7.012823
v 3.949961 7.966455 6.387699
v 0.162163 8.650248 7.554789
v 6.084787 6.937100 4.512235
v 6.813793 6.387439 3.459127
v 7.341272 5.854609 2.422208
v 5.111611 7.482308 5.521297
v 8.036294 4.605630 0.417425
v 8.184703 4.338926 -0.249682
v 8.357292 3.991407 -1.260446
v 7.709858 5.359894 1.461699
v 8.553343 3.342143 -3.202245
v 8.556903 2.992036 -4.186843
v 8.505664 2.663560 -5.133680
v 8.483489 3.667207 -2.235706
v 8.411121 2.403392 -5.986932
v -6.967185 12.205522 -4.854196
v -6.996178 11.911622 -5.645260
v -6.890573 12.486585 -4.186944
v -6.723822 12.783193 -3.617426
v -6.460754 13.064421 -3.057041
v -6.095189 13.299347 -2.417187
v -5.609142 13.487680 -1.768724
v -4.984627 13.629133 -1.182509
v -4.308437 13.764860 -0.664219
v -3.667368 13.936023 -0.219528
v -3.055737 14.144503 0.163946
v -2.467864 14.392180 0.498586
v -1.837777 14.634626 0.760730
v -1.099502 14.827409 0.926716
v -0.229226 14.910644 0.936600
v 0.796863 14.824444 0.730437
v 1.791109 14.659264 0.398805
v 2.565853 14.505551 0.032278
v 3.208960 14.377033 -0.346288
v 3.808292 14.287433 -0.714038
v 4.404710 14.177733 -1.142950
v 5.039075 13.988924 -1.705003
v 5.637288 13.716290 -2.447820
v 6.125251 13.355119 -3.419026
v 6.458580 13.012300 -4.342207
v 6.592888 12.794724 -4.940948
v 6.640433 12.584534 -5.499101
v 6.713467 12.263875 -6.300522
v 6.736995 11.891557 -7.216687
v 6.636024 11.526387 -8.119070
v 6.463948 11.187122 -8.906490
v 6.274162 10.892517 -9.477768
v 6.016466 10.602647 -9.939936
v 5.640659 10.277586 -10.400028
v 5.122628 9.967602 -10.877661
v 4.438259 9.722960 -11.392443
v 3.703331 9.540576 -11.895965
v 3.033626 9.417366 -12.339806
v 2.414658 9.334611 -12.717891
v 1.831943 9.273591 -13.024134
v 1.201862 9.209638 -13.239193
v 0.440793 9.118077 -13.343732
v -0.426312 9.047289 -13.278637
v -1.374501 9.045650 -12.984801
v -2.247365 9.107675 -12.586023
v -2.888490 9.227877 -12.206100
v -3.443402 9.366878 -11.839423
v -4.057625 9.485304 -11.480371
v -4.665547 9.615929 -11.133131
v -5.201559 9.791532 -10.801873
v -5.687386 10.004145 -10.416558
v -6.144756 10.245803 -9.907143
v -6.533802 10.527787 -9.261848
v -6.814656 10.861382 -8.468897
v -6.979389 11.219861 -7.564837
v -7.020071 11.576505 -6.586216
v -5.538733 12.353671 -8.892024
v -5.354835 12.037380 -9.446229
v -5.690869 12.691538 -8.215552
v -5.760273 12.980309 -7.474251
v -5.783821 13.226286 -6.750434
v -5.798391 13.435766 -6.126414
v -5.760472 13.661661 -5.541747
v -5.626553 13.956889 -4.935992
v -5.371237 14.268428 -4.300649
v -4.969129 14.543259 -3.627220
v -4.542395 14.748379 -3.047911
v -4.213198 14.850780 -2.694930
v -3.877013 14.922752 -2.438966
v -3.429317 15.036575 -2.150707
v -2.934086 15.178774 -1.856457
v -2.455301 15.335867 -1.582522
v -1.956184 15.495831 -1.304663
v -1.399960 15.646633 -0.998634
v -0.766716 15.769733 -0.818396
v -0.036540 15.846582 -0.917901
v 0.701765 15.854021 -1.192128
v 1.359392 15.768888 -1.536054
v 1.956712 15.649790 -1.910160
v 2.514096 15.555332 -2.274928
v 3.070548 15.434555 -2.691822
v 3.665077 15.236502 -3.222305
v 4.237332 14.966902 -3.903059
v 4.726966 14.631493 -4.770764
v 5.063418 14.318514 -5.619180
v 5.176124 14.116211 -6.242062
v 5.169857 13.898563 -6.840331
v 5.149390 13.539545 -7.614909
v 5.074074 13.150317 -8.417907
v 4.903263 12.842033 -9.101432
v 4.696507 12.568151 -9.648412
v 4.513359 12.282129 -10.041772
v 4.288785 12.009146 -10.361196
v 3.957751 11.774380 -10.686359
v 3.525817 11.595253 -11.022718
v 2.998547 11.489190 -11.375723
v 2.462489 11.420065 -11.715130
v 2.004194 11.351751 -12.010703
v 1.545110 11.280042 -12.255770
v 1.006683 11.200729 -12.443658
v 0.427421 11.104437 -12.577008
v -0.154172 10.981789 -12.658459
v -0.766206 10.895766 -12.602101
v -1.436793 10.909355 -12.322016
v -2.111549 10.959598 -11.947274
v -2.736091 10.983540 -11.606944
v -3.313541 11.043763 -11.275826
v -3.847021 11.202854 -10.928722
v -4.315212 11.387252 -10.603865
v -4.696792 11.523396 -10.339493
v -4.989270 11.651891 -10.092736
v -5.190148 11.813336 -9.820724
v 3.793964 15.112070 -6.413252
v 3.914089 15.120025 -5.973880
v 3.690719 14.970103 -6.940602
v 3.616297 14.703352 -7.554345
v 3.550656 14.395132 -8.179481
v 3.473757 14.128757 -8.741005
v 3.372498 13.886692 -9.214924
v 3.233778 13.651400 -9.577237
v 3.057156 13.427288 -9.880381
v 2.842188 13.218773 -10.176786
v 2.601456 13.047676 -10.450565
v 2.347539 12.935816 -10.685832
v 2.062660 12.872861 -10.895167
v 1.729042 12.848480 -11.091150
v 1.347479 12.846189 -11.251060
v 0.918766 12.849512 -11.352179
v 0.452037 12.796937 -11.454314
v -0.043571 12.626947 -11.617286
v -0.482054 12.362699 -11.755354
v -0.814924 12.610785 -11.488861
v -1.372479 12.690900 -11.200312
v -2.029149 12.510957 -11.044727
v -2.524103 12.299319 -10.955861
v -2.548561 12.614553 -10.720280
v -2.591839 12.996397 -10.406627
v -2.798802 13.254702 -10.123836
v -3.053186 13.440050 -9.849715
v -3.238727 13.603027 -9.562070
v -3.374598 13.774373 -9.246908
v -3.479970 13.984829 -8.890236
v -3.585255 14.210320 -8.457592
v -3.720862 14.426776 -7.914521
v -3.853856 14.626976 -7.325177
v -3.951300 14.803696 -6.753711
v -3.881716 15.064384 -6.137228
v -4.078126 15.109715 -5.429238
v -4.129014 15.139059 -4.947009
v -3.642240 15.450200 -4.689165
v -3.137981 15.718551 -4.377811
v -2.810364 15.853399 -4.115301
v -2.532577 15.928177 -3.860844
v -2.177804 16.016321 -3.573653
v -1.771103 16.106426 -3.303885
v -1.337530 16.187092 -3.101699
v -0.799333 16.287878 -2.896217
v -0.647020 16.221973 -2.433754
v -0.436191 16.182781 -2.171666
v -0.043158 16.259453 -2.373365
v 0.391112 16.313951 -2.664428
v 0.841631 16.293734 -3.067634
v 1.304532 16.230671 -3.481065
v 1.775946 16.156639 -3.802798
v 2.248032 16.045700 -4.102852
v 2.712948 15.871918 -4.451242
v 3.159084 15.648233 -4.904106
v 3.574830 15.387595 -5.517578
v -0.868144 16.331591 -3.778919
v -0.342089 16.339424 -3.649526
v -0.032245 16.286219 -4.425024
v -0.725972 16.332926 -4.383280
v -1.305722 16.306036 -3.913968
v -1.087734 16.329685 -4.298107
v -2.218642 16.073904 -4.718439
v -1.982484 16.163692 -4.401392
v -1.658940 16.227238 -4.700602
v -1.672050 16.180344 -5.036350
v -2.578175 15.900766 -5.034439
v -1.802356 16.011654 -5.546668
v -1.677673 16.245569 -4.127347
v -1.323216 16.315767 -4.565942
v -3.253113 15.568840 -5.305345
v -2.790741 15.605682 -5.859070
v 0.295294 16.346718 -3.453116
v -0.051354 16.364788 -2.964901
v 0.760938 16.297812 -3.983732
v -1.084217 16.274597 -4.863527
v -0.757801 16.193947 -5.119017
v -0.141091 16.145702 -5.431324
v 0.665861 16.230091 -4.925981
v 1.302600 16.159828 -5.308988
v 0.566642 16.086939 -5.762919
v -1.039734 15.982279 -5.873392
v -0.261910 15.963203 -6.149025
v 1.298071 16.243561 -4.402064
v 1.836106 16.152676 -4.744065
v 1.166127 15.974731 -6.076266
v 1.821220 16.020058 -5.602131
v 2.340878 15.783220 -5.945426
v 1.821651 15.729429 -6.469874
v 0.373946 15.874243 -6.505682
v 1.107489 15.645334 -7.043436
v 2.304456 15.993868 -5.045684
v 2.754951 15.768705 -5.415238
v 3.239420 15.478769 -5.961042
v 2.980735 15.421752 -6.478888
v 2.697500 15.271379 -7.042248
v 2.472000 15.064287 -7.620840
v 2.243765 14.408109 -9.072519
v 2.122874 14.211605 -9.399030
v 1.132566 14.806753 -9.011587
v 1.161987 14.985003 -8.666042
v 2.343095 14.611250 -8.684426
v 1.191828 15.159925 -8.264342
v 2.386519 14.837111 -8.184384
v 1.165642 15.354927 -7.764193
v -2.754539 15.242952 -7.043426
v -2.604698 15.462433 -6.556513
v -1.744112 15.615753 -6.750432
v -1.551883 15.532598 -7.166199
v -2.626740 15.063722 -7.571109
v -1.361456 15.354467 -7.650489
v -1.947016 15.731699 -6.207479
v -1.073200 15.817814 -6.510478
v -2.115274 14.584871 -8.820534
v -2.267969 14.766036 -8.458570
v -0.966174 15.134727 -8.387951
v -0.790679 14.977619 -8.726983
v -2.005657 14.383434 -9.164234
v -0.538052 14.787716 -9.125308
v -2.451504 14.915201 -8.042459
v -1.161326 15.241092 -8.043430
v -0.520556 15.734947 -6.927973
v -0.190961 15.577188 -7.391836
v 0.013708 15.438627 -7.833942
v 0.137915 15.300219 -8.244363
v 0.226123 15.142918 -8.613173
v 0.334607 14.963786 -8.952430
v 1.835696 13.659794 -10.231400
v 1.709276 13.550570 -10.429440
v 1.262722 14.080975 -10.049240
v 1.301752 14.219656 -9.864519
v 1.919138 13.813860 -9.998446
v 1.223387 14.397056 -9.635961
v 2.014764 14.005659 -9.714331
v 1.160012 14.601763 -9.343271
v 1.484717 13.493292 -10.608816
v 1.154232 13.474180 -10.741186
v 0.932914 13.821037 -10.420428
v 1.112975 13.976783 -10.228840
v 0.519638 14.759888 -9.274181
v 0.735969 14.568558 -9.541549
v 0.063761 14.648451 -9.429564
v 0.421051 14.467565 -9.669032
v -0.237497 14.435869 -9.731927
v -0.831469 14.453324 -9.580723
v 0.145097 14.291510 -9.906999
v -0.274264 13.920750 -10.295629
v -0.702035 14.141169 -10.012548
v -1.082881 14.206721 -9.825837
v -1.951351 14.173452 -9.525555
v -1.862126 13.968805 -9.854909
v -1.647751 13.783376 -10.102714
v -1.519255 13.522847 -10.353805
v -1.687669 13.092903 -10.693027
v -0.892682 13.297164 -10.800020
v -0.327465 13.121025 -11.137684
v 0.200134 13.398575 -10.892753
v 0.710035 13.479450 -10.798210
v 0.538248 13.937225 -10.336137
v 0.630845 14.190668 -10.033768
v 0.820116 14.325424 -9.843480
v 0.938353 14.427134 -9.717649
v -0.231499 16.326527 -2.673768
v -8.306310 4.293979 3.858639
v -8.084177 4.593369 4.532414
v -7.977081 4.636615 2.013622
v -8.222642 4.292105 1.242850
v -7.825747 4.914720 5.258427
v -7.700729 4.998795 2.816767
v -7.101109 5.664810 6.876292
v -6.654915 6.044793 7.472942
v -6.496462 6.277526 5.263954
v -6.961853 5.824206 4.529610
v -6.133538 6.428339 8.006948
v -5.962090 6.719579 5.931355
v -4.792343 7.217119 9.208891
v -3.962368 7.594005 9.752105
v -3.850615 7.817689 7.700633
v -4.655977 7.474731 7.173003
v -3.044793 7.921964 10.199064
v -2.955193 8.113226 8.127377
v -0.992380 8.309942 10.670846
v 0.173453 8.322783 10.650662
v 0.182623 8.491719 8.585619
v -0.941996 8.462173 8.577562
v 1.374993 8.204138 10.460861
v 1.375498 8.398188 8.417508
v 3.696083 7.578103 9.538218
v 4.812677 7.099267 8.685418
v 5.000904 7.294432 6.575636
v 3.857979 7.786993 7.439279
v 5.771050 6.594063 7.715334
v 5.976893 6.742139 5.580179
v 6.952838 5.708261 5.795045
v 7.426218 5.258576 4.606159
v 7.650908 5.163717 2.508248
v 7.249571 5.658665 3.560343
v 7.881258 4.800876 3.321137
v 7.982632 4.687386 1.439784
v 6.442776 6.141909 6.791657
v 6.709007 6.190845 4.579700
v 2.549695 7.951152 10.110040
v 2.625064 8.159096 8.044316
v -2.059963 8.168474 10.512812
v -1.986793 8.332031 8.422250
v -5.514373 6.823840 8.606386
v -5.354199 7.113671 6.575474
v -7.494721 5.279993 6.088921
v -7.362797 5.396310 3.684654
v 6.568062 5.837585 9.020130
v 7.006388 5.536415 8.012493
v 7.424153 5.232217 6.932053
v 5.471641 6.464388 10.649586
v 6.088615 6.132704 9.882154
v 3.596596 7.296745 11.999447
v 4.620737 6.875254 11.373455
v 1.266831 7.932392 12.789979
v 2.459916 7.660304 12.473258
v -1.078359 8.083120 12.946676
v 0.073479 8.079470 12.944712
v -3.148789 7.643635 12.530087
v -2.146899 7.924927 12.805094
v -4.962026 6.881480 11.655188
v -4.100671 7.277987 12.131775
v -6.318271 6.146937 10.607397
v -5.692332 6.507605 11.145351
v -7.335735 5.444007 9.411057
v -6.866526 5.790049 10.046453
v -8.020363 4.831690 7.828270
v -7.724540 5.115882 8.649748
v -8.348119 4.438196 6.199259
v -8.210629 4.617454 7.012370
v 6.351513 5.880269 11.066672
v 6.736526 5.697088 10.221852
v 7.062135 5.539347 9.322567
v 5.218939 6.405249 12.417026
v 5.847688 6.114330 11.802559
v 3.532463 7.132088 13.298298
v 4.459152 6.758999 12.897581
v 1.187197 7.758499 13.953923
v 2.403011 7.481013 13.673254
v -1.135225 7.926030 14.054434
v 0.001425 7.917271 14.071783
v -3.222364 7.446001 13.693995
v -2.203671 7.753471 13.929486
v -5.102934 6.637801 12.935459
v -4.209758 7.050016 13.345029
v -6.464787 5.949121 12.041386
v -5.838975 6.281639 12.518170
v -7.503261 5.283150 10.779195
v -7.027274 5.607838 11.453343
v -8.125759 4.774231 9.209888
v -7.869575 5.000411 10.044093
v -8.361673 4.499784 7.198342
v -8.271363 4.619216 8.238428
v 8.034525 8.625920 -4.271991
v 7.481669 10.532496 -5.166103
v 7.546516 10.168120 -6.114277
v 8.103418 8.258205 -5.243583
v 7.938421 8.967384 -3.400821
v 7.399551 10.853145 -4.342169
v 7.844728 9.225077 -2.746826
v 7.342670 11.067095 -3.788388
v 7.656352 9.486272 -2.084758
v 7.208334 11.305200 -3.206603
v 7.269267 9.848508 -1.176610
v 6.890434 11.703854 -2.287381
v 6.760512 10.258974 -0.172477
v 6.424994 12.117952 -1.294372
v 6.215755 10.654081 0.770987
v 5.845557 12.410374 -0.481280
v 5.592319 10.989374 1.597327
v 5.202734 12.619942 0.155210
v 4.833848 11.235487 2.262940
v 4.546244 12.779287 0.610838
v 3.936317 11.456078 2.831511
v 3.832308 12.927616 1.003008
v 2.917940 11.700749 3.351685
v 3.035094 13.101376 1.440542
v 1.868961 11.895572 3.738172
v 2.139229 13.281723 1.852697
v 0.852545 11.982818 3.910800
v 1.110641 13.456547 2.178373
v -0.171977 11.991611 3.932307
v 0.046250 13.557360 2.355577
v -1.221792 11.938390 3.872334
v -0.966382 13.515743 2.326921
v -2.167358 11.815392 3.722215
v -1.846535 13.369247 2.160947
v -2.900376 11.619442 3.466223
v -2.506892 13.154831 1.916705
v -3.582175 11.371044 3.088646
v -3.111442 12.898790 1.580961
v -4.348711 11.094992 2.582104
v -3.803140 12.634198 1.152784
v -5.114172 10.827502 1.979401
v -4.539462 12.405795 0.631678
v -5.804361 10.599936 1.310857
v -5.285661 12.254104 0.016018
v -6.409878 10.352101 0.578076
v -5.952898 12.103348 -0.631831
v -6.929164 10.020548 -0.228541
v -6.472622 11.872161 -1.264921
v -7.345918 9.681877 -1.016572
v -6.870324 11.609888 -1.863002
v -7.634656 9.419608 -1.677249
v -7.154623 11.375854 -2.387037
v -7.835399 9.164212 -2.359871
v -7.346304 11.124243 -2.969220
v -7.990284 8.844096 -3.224965
v -7.470119 10.801746 -3.759776
v -8.094018 8.486223 -4.224041
v -7.542404 10.433287 -4.722220
v -8.141201 8.119348 -5.300784
v -7.579484 10.050344 -5.805205
v -8.105215 7.762918 -6.380613
v -7.540762 9.672223 -6.901262
v -7.961244 7.434094 -7.392825
v -7.388728 9.313504 -7.911958
v -7.681535 7.110603 -8.341612
v -7.092865 8.966630 -8.827075
v -7.235857 6.767972 -9.236425
v -6.618481 8.621154 -9.643680
v -6.671239 6.438221 -10.036901
v -6.043101 8.294886 -10.327080
v -6.033616 6.154268 -10.700274
v -5.442326 8.009455 -10.838548
v -5.372530 5.905705 -11.252597
v -4.824092 7.773087 -11.254212
v -4.744643 5.687310 -11.713218
v -4.210632 7.597210 -11.640993
v -4.033494 5.512507 -12.133863
v -3.586348 7.465619 -12.011912
v -3.118235 5.390611 -12.570241
v -2.935368 7.358962 -12.382064
v -2.091729 5.317191 -12.955266
v -2.173795 7.283317 -12.731554
v -1.042655 5.293936 -13.224515
v -1.207368 7.246841 -13.045678
v -0.014998 5.312037 -13.359350
v -0.164203 7.248220 -13.249413
v 0.947280 5.350141 -13.341297
v 0.832532 7.283459 -13.269839
v 1.869601 5.410325 -13.181922
v 1.708880 7.335805 -13.145294
v 2.776497 5.498960 -12.890851
v 2.388942 7.390564 -12.910848
v 3.642969 5.610201 -12.504319
v 3.019917 7.460520 -12.575465
v 4.435343 5.740415 -12.062242
v 3.732418 7.556177 -12.153345
v 5.197061 5.914425 -11.526251
v 4.505468 7.710011 -11.642632
v 5.975524 6.152279 -10.856633
v 5.324588 7.954133 -11.040211
v 6.673858 6.426851 -10.101662
v 6.063493 8.257294 -10.379720
v 7.202811 6.719563 -9.302100
v 6.610662 8.596151 -9.682050
v 7.596483 7.022778 -8.514069
v 7.012692 8.936202 -9.012283
v 7.879245 7.314150 -7.810941
v 7.300818 9.225323 -8.460879
v 8.051842 7.604410 -7.084302
v 7.479086 9.500710 -7.869484
v 8.118013 7.917276 -6.206678
v 7.553876 9.818083 -7.053482
v 7.991080 7.576470 -2.084184
v 8.116762 7.297447 -2.819683
v 7.790567 7.887809 -1.315837
v 7.455350 8.254303 -0.328136
v 6.996733 8.641758 0.750600
v 6.426519 9.015192 1.791451
v 5.729836 9.379204 2.756376
v 4.892496 9.736917 3.610641
v 3.883240 10.065536 4.338534
v 2.663124 10.348272 4.919715
v 1.431713 10.552956 5.307673
v 0.391582 10.646353 5.460498
v -0.556545 10.640754 5.444076
v -1.506159 10.545796 5.320518
v -2.413514 10.387499 5.085215
v -3.239974 10.191021 4.735514
v -4.006436 9.959473 4.271976
v -4.728947 9.700027 3.692106
v -5.410810 9.406909 3.008111
v -6.057570 9.070532 2.235573
v -6.638973 8.719213 1.400173
v -7.126334 8.381485 0.522982
v -7.503348 8.091963 -0.321932
v -7.752758 7.886503 -1.057782
v -7.931377 7.686401 -1.773949
v -8.094318 7.414247 -2.555426
v -8.228373 7.088146 -3.448371
v -8.321114 6.725492 -4.500583
v -8.337324 6.363588 -5.591239
v -8.243008 6.038267 -6.602763
v -8.018072 5.736459 -7.584802
v -7.642201 5.445163 -8.584691
v -7.115692 5.157576 -9.547163
v -6.435335 4.866425 -10.421103
v -5.692058 4.597067 -11.163256
v -4.982148 4.376779 -11.724079
v -4.140524 4.240961 -12.204317
v -2.993456 4.230731 -12.708553
v -1.818341 4.251338 -13.125887
v -0.887707 4.241978 -13.346588
v -0.018124 4.241920 -13.411552
v 0.965339 4.288318 -13.356776
v 1.964464 4.320230 -13.187229
v 2.896839 4.299008 -12.905220
v 3.782444 4.280957 -12.523172
v 4.623814 4.315043 -12.061274
v 5.444065 4.432673 -11.441997
v 6.284806 4.665083 -10.571964
v 7.027438 4.951607 -9.640029
v 7.547461 5.233172 -8.845786
v 7.894943 5.518677 -8.110073
v 8.121105 5.813432 -7.345163
v 8.250734 6.120996 -6.520823
v 8.306921 6.444223 -5.610189
v 8.296237 6.756150 -4.656472
v 8.225902 7.031596 -3.702519
v -7.879561 3.841044 -7.794269
v -8.161950 4.141943 -6.695724
v -7.429764 3.546982 -8.897184
v -6.776090 3.269594 -9.939058
v -5.946316 3.018019 -10.880892
v -4.970321 2.801876 -11.675487
v -3.772647 2.676944 -12.423507
v -2.684778 3.222108 -12.922007
v -1.474126 3.638906 -13.376045
v -0.902934 3.801218 -13.428096
v -0.115056 3.902400 -13.458590
v 0.844125 3.915304 -13.418741
v 1.731560 3.806416 -13.336308
v 2.308427 3.579260 -13.235461
v 2.658879 3.224620 -13.127457
v 4.122289 3.088398 -12.319733
v 5.229508 2.993971 -11.444202
v 6.215627 3.101030 -10.177206
v 7.047452 3.341954 -8.890951
v 7.657992 3.630110 -8.006313
v 8.048481 3.920528 -7.303324
v 8.243297 4.198212 -6.528856
v 8.317879 4.492573 -5.667207
v 8.338454 4.813345 -4.735115
v 8.307358 5.123953 -3.774732
v 8.228059 5.390336 -2.821157
v 8.113626 5.646032 -1.918760
v 7.977760 5.922223 -1.114937
v 7.785799 6.239316 -0.285427
v 7.503179 6.618331 0.694732
v 7.103045 7.031826 1.750774
v 6.558781 7.453896 2.809682
v 5.842717 7.883829 3.837040
v 4.928675 8.318274 4.796587
v 3.833892 8.705034 5.611137
v 2.572196 8.999331 6.200827
v 1.288373 9.190206 6.569218
v 0.140972 9.255855 6.720673
v -0.903117 9.212799 6.698452
v -1.876125 9.079805 6.540933
v -2.774774 8.893772 6.260958
v -3.593956 8.687874 5.875662
v -4.329416 8.457985 5.397579
v -4.989046 8.196549 4.832295
v -5.591805 7.902992 4.158042
v -6.160902 7.574772 3.348291
v -6.674966 7.231472 2.461859
v -7.117446 6.886457 1.553492
v -7.471587 6.570951 0.682418
v -7.722623 6.317687 -0.096527
v -7.908486 6.076905 -0.841519
v -8.066047 5.800649 -1.608757
v -8.197513 5.485458 -2.477825
v -8.305833 5.128208 -3.531185
v -8.356136 4.767915 -4.637802
v -8.314544 4.445381 -5.667178
v 4.195283 1.735173 -12.091908
v 5.655123 1.097478 -10.890035
v 2.977430 2.085419 -12.904295
v -1.919958 3.168825 -13.424236
v -1.760470 3.353843 -13.423326
v -2.427657 2.946040 -13.062628
v -2.143970 2.767830 -13.209511
v -2.914656 2.372147 -12.823932
v -2.254930 2.222476 -13.102147
v 4.790436 0.887396 -11.767195
v 5.142148 0.951913 -11.465926
v 4.099057 1.327957 -12.110759
v 3.900444 0.895475 -12.195593
v 3.016288 1.534105 -12.784110
v 2.999984 0.831458 -12.648498
v 7.761849 1.927392 -7.625778
v 8.007063 2.187391 -6.762230
v 7.299625 1.662871 -8.626192
v 6.486249 1.408361 -9.841000
v -2.995191 0.825732 -12.546418
v -2.173419 0.841333 -12.844856
v -3.902562 0.908290 -12.093132
v -6.947670 1.489147 -9.203100
v -6.122492 1.281493 -10.289146
v -7.543295 1.757367 -8.086777
v -5.030580 1.067425 -11.292535
v -8.299079 2.786819 -4.883899
v -8.188476 2.467883 -5.908387
v -8.307817 3.102556 -3.832245
v -8.030694 4.093169 -0.766845
v -8.139023 3.804813 -1.597705
v -7.963923 4.249518 -0.189773
v -7.947775 2.104597 -6.979627
v -8.242943 3.458555 -2.676826
v -7.106682 5.535591 2.339487
v -7.448399 5.153982 1.464867
v -6.691216 5.961004 3.225394
v -7.711825 4.824234 0.666354
v -5.081127 7.219412 5.485968
v -5.666347 6.861791 4.820454
v -4.421538 7.531089 6.068083
v -6.207345 6.422848 4.058918
v -1.900446 8.275072 7.258460
v -2.820461 8.080114 6.981098
v -0.907849 8.396781 7.409248
v -3.665384 7.825062 6.574121
v 2.563690 8.132848 6.895398
v 1.300125 8.352934 7.281571
v 3.816360 7.788157 6.275379
v 0.151711 8.431652 7.434947
v 6.596800 6.289557 3.384375
v 5.888375 6.812310 4.422206
v 7.110985 5.779619 2.362210
v 4.943441 7.329951 5.417558
v 7.939376 4.322848 -0.292251
v 7.793594 4.571568 0.370605
v 8.110277 3.979476 -1.293565
v 7.470737 5.307365 1.413558
v 8.307497 2.998643 -4.183895
v 8.304037 3.340793 -3.212249
v 8.257041 2.676808 -5.117347
v 8.235148 3.659364 -2.258538
v 8.164469 2.421772 -5.954074
v -6.754366 12.079649 -4.820728
v -6.783676 11.786802 -5.606291
v -6.679928 12.354313 -4.167233
v -6.520851 12.638107 -3.620416
v -6.270668 12.905689 -3.087488
v -5.920824 13.130400 -2.474712
v -5.457078 13.309477 -1.854605
v -4.854716 13.444157 -1.288162
v -4.184781 13.577347 -0.772865
v -3.540736 13.748301 -0.324315
v -2.924510 13.957424 0.063762
v -2.342249 14.201658 0.397702
v -1.739123 14.434494 0.649060
v -1.048634 14.618249 0.800540
v -0.239138 14.698345 0.805884
v 0.739139 14.615879 0.606243
v 1.707327 14.454457 0.283519
v 2.468148 14.302595 -0.075045
v 3.109884 14.173872 -0.451954
v 3.705648 14.084214 -0.816127
v 4.285445 13.976912 -1.230710
v 4.896838 13.794889 -1.771148
v 5.471057 13.534403 -2.487061
v 5.941643 13.186909 -3.434808
v 6.264258 12.855803 -4.340461
v 6.390900 12.650068 -4.917896
v 6.436989 12.445050 -5.461539
v 6.511770 12.124316 -6.254726
v 6.536923 11.756726 -7.153068
v 6.440985 11.396481 -8.033400
v 6.277037 11.063158 -8.797162
v 6.097641 10.784794 -9.338155
v 5.854332 10.515250 -9.771620
v 5.493980 10.201705 -10.212992
v 4.989738 9.893232 -10.680013
v 4.314178 9.646788 -11.189816
v 3.582190 9.463190 -11.692023
v 2.915640 9.340265 -12.133916
v 2.306040 9.258185 -12.506662
v 1.745646 9.199392 -12.802092
v 1.153562 9.143111 -13.003617
v 0.438786 9.062816 -13.100425
v -0.379147 8.997981 -13.038637
v -1.290475 8.991913 -12.756094
v -2.143277 9.046171 -12.367760
v -2.772966 9.161402 -11.995173
v -3.328324 9.297517 -11.629181
v -3.948523 9.414270 -11.267518
v -4.557104 9.544723 -10.919998
v -5.082664 9.719315 -10.594741
v -5.544473 9.927551 -10.226915
v -5.975819 10.160446 -9.744570
v -6.345059 10.430536 -9.130799
v -6.612286 10.753393 -8.370712
v -6.769418 11.103129 -7.497449
v -6.808082 11.453293 -6.540008
v -5.379450 12.205864 -8.769396
v -5.203347 11.897551 -9.305677
v -5.522280 12.534675 -8.119492
v -5.585328 12.817215 -7.403190
v -5.605515 13.062534 -6.690037
v -5.618252 13.272264 -6.070985
v -5.581162 13.494915 -5.493794
v -5.451574 13.782030 -4.903402
v -5.206898 14.080715 -4.297160
v -4.819301 14.345209 -3.651364
v -4.406908 14.544167 -3.094779
v -4.095077 14.642778 -2.765913
v -3.769448 14.713505 -2.522040
v -3.321720 14.827062 -2.233063
v -2.825054 14.968288 -1.934325
v -2.346568 15.122887 -1.653740
v -1.853705 15.278875 -1.373108
v -1.316456 15.424297 -1.075113
v -0.726326 15.539963 -0.906884
v -0.047717 15.615353 -1.010976
v 0.649198 15.626662 -1.280447
v 1.278881 15.545986 -1.614079
v 1.868637 15.428314 -1.983964
v 2.422985 15.334131 -2.345811
v 2.965052 15.215965 -2.749656
v 3.541699 15.023115 -3.261030
v 4.097170 14.761215 -3.920469
v 4.573358 14.434875 -4.769285
v 4.900662 14.130540 -5.598388
v 5.007674 13.939064 -6.192065
v 5.002416 13.729176 -6.765986
v 4.985427 13.373535 -7.526521
v 4.914317 12.988433 -8.315306
v 4.750401 12.686686 -8.979957
v 4.556916 12.423183 -9.500917
v 4.389453 12.152401 -9.868356
v 4.176042 11.890582 -10.172813
v 3.850416 11.659870 -10.492395
v 3.419054 11.481531 -10.827977
v 2.890808 11.375022 -11.181780
v 2.354633 11.305679 -11.521381
v 1.905810 11.238758 -11.811182
v 1.471218 11.168436 -12.045199
v 0.961098 11.088153 -12.225702
v 0.406933 10.991835 -12.355293
v -0.139755 10.875488 -12.433186
v -0.703171 10.797660 -12.381516
v -1.341565 10.811058 -12.113389
v -2.007964 10.859135 -11.743724
v -2.630319 10.885196 -11.403482
v -3.207194 10.946781 -11.072012
v -3.743661 11.102929 -10.724792
v -4.213375 11.283520 -10.401073
v -4.588151 11.415010 -10.142756
v -4.863615 11.535133 -9.911533
v -5.047616 11.684204 -9.661773
v 3.671396 14.903833 -6.351040
v 3.777825 14.913536 -5.941473
v 3.579619 14.765892 -6.849993
v 3.510077 14.503113 -7.450051
v 3.443639 14.196970 -8.072077
v 3.366368 13.934414 -8.627190
v 3.272615 13.702202 -9.079859
v 3.145798 13.480480 -9.418171
v 2.973341 13.265604 -9.709826
v 2.755009 13.062153 -10.003218
v 2.509042 12.895111 -10.276096
v 2.251274 12.786597 -10.510555
v 1.966919 12.725956 -10.717662
v 1.643674 12.701162 -10.908762
v 1.286532 12.695515 -11.061752
v 0.883773 12.694361 -11.159931
v 0.435486 12.639692 -11.261297
v -0.037481 12.474091 -11.420174
v -0.442404 12.223288 -11.552257
v -0.752963 12.459341 -11.300495
v -1.296167 12.542669 -11.014677
v -1.944263 12.374577 -10.853807
v -2.420734 12.176369 -10.764934
v -2.450016 12.477141 -10.536806
v -2.507261 12.854298 -10.219785
v -2.714962 13.109350 -9.939176
v -2.959531 13.281342 -9.681499
v -3.136788 13.430627 -9.413267
v -3.269523 13.596024 -9.107602
v -3.372323 13.801668 -8.759390
v -3.472474 14.019904 -8.342362
v -3.602059 14.231260 -7.814947
v -3.729201 14.429602 -7.237085
v -3.821305 14.604535 -6.678267
v -3.757972 14.857393 -6.073219
v -3.940279 14.905910 -5.387794
v -3.989444 14.932646 -4.933995
v -3.519763 15.232880 -4.684006
v -3.027694 15.494801 -4.383090
v -2.710970 15.625739 -4.138702
v -2.440007 15.699820 -3.900074
v -2.091322 15.787050 -3.620678
v -1.697510 15.873723 -3.355737
v -1.276379 15.949387 -3.146561
v -0.750634 16.044744 -2.923974
v -0.597024 15.984434 -2.491477
v -0.409619 15.943321 -2.236544
v -0.042204 16.017998 -2.436253
v 0.359443 16.070494 -2.708932
v 0.792371 16.050716 -3.095415
v 1.250945 15.988446 -3.507725
v 1.712427 15.916883 -3.829954
v 2.164442 15.811437 -4.122578
v 2.609782 15.644821 -4.457510
v 3.044900 15.426485 -4.897412
v 3.451875 15.171482 -5.496769
v -0.037442 16.037790 -4.402402
v -0.335971 16.089989 -3.648941
v -0.854452 16.083166 -3.797715
v -0.733860 16.084217 -4.364925
v -1.269852 16.060316 -3.938280
v -1.077945 16.080366 -4.298051
v -1.600407 15.985859 -4.676820
v -1.908954 15.925262 -4.401083
v -2.139031 15.838554 -4.695447
v -1.626981 15.941208 -4.981231
v -2.491386 15.670454 -4.993460
v -1.755217 15.783360 -5.457703
v -1.617865 16.003874 -4.143529
v -1.298530 16.068235 -4.546599
v -2.712004 15.384007 -5.775905
v -3.151076 15.345337 -5.261868
v 0.285495 16.097473 -3.447078
v -0.043826 16.115406 -2.967526
v 0.744103 16.049007 -3.975410
v -0.756094 15.951307 -5.060891
v -1.083168 16.031296 -4.808219
v 1.280203 15.915693 -5.262589
v 0.660684 15.982480 -4.895685
v -0.134775 15.901985 -5.378243
v 0.563685 15.845006 -5.701966
v -1.015418 15.746132 -5.796585
v -0.250847 15.721521 -6.088009
v 1.271264 15.995686 -4.392354
v 1.784610 15.909153 -4.726757
v 2.276055 15.551876 -5.878091
v 1.772447 15.783089 -5.541118
v 1.142357 15.738020 -6.001046
v 1.774702 15.499321 -6.385605
v 0.367081 15.635643 -6.433032
v 1.075235 15.412315 -6.960261
v 2.227200 15.758438 -5.016351
v 2.666906 15.538361 -5.377231
v 3.144429 15.253582 -5.910811
v 2.905621 15.197741 -6.398685
v 2.632764 15.051402 -6.943887
v 2.405924 14.845673 -7.520356
v 1.081395 14.594872 -8.890164
v 2.052311 14.020882 -9.254457
v 2.174278 14.208817 -8.939440
v 1.111474 14.765852 -8.557981
v 2.269423 14.401621 -8.570921
v 1.142474 14.933893 -8.170909
v 2.313632 14.620718 -8.083797
v 1.121834 15.125592 -7.676206
v -1.689172 15.380966 -6.686312
v -2.528402 15.232198 -6.497980
v -2.672549 15.022522 -6.960100
v -1.506338 15.303350 -7.078868
v -2.549715 14.846382 -7.475788
v -1.319914 15.126720 -7.557423
v -1.893434 15.495687 -6.146792
v -1.041535 15.576509 -6.455478
v -0.928150 14.912174 -8.281741
v -2.199263 14.557242 -8.340502
v -2.050503 14.383846 -8.687684
v -0.753228 14.763148 -8.605098
v -1.939898 14.182751 -9.031354
v -0.505618 14.575413 -8.998301
v -2.378334 14.699530 -7.940540
v -1.120018 15.012558 -7.952209
v -0.506532 15.499195 -6.847476
v -0.182585 15.341969 -7.309031
v 0.017015 15.202559 -7.753221
v 0.136424 15.067440 -8.154547
v 0.327437 14.746859 -8.829356
v 0.222809 14.917152 -8.506990
v 1.200065 13.895576 -9.894460
v 1.621199 13.379129 -10.270988
v 1.745067 13.484632 -10.078558
v 1.225389 14.026049 -9.726895
v 1.832946 13.634161 -9.848330
v 1.157953 14.195361 -9.504456
v 1.937418 13.820900 -9.565547
v 1.103767 14.395340 -9.214891
v 1.412646 13.323426 -10.440867
v 1.111144 13.303013 -10.564833
v 0.908281 13.643031 -10.247332
v 1.069875 13.792931 -10.065757
v 0.502400 14.547346 -9.144626
v 0.708881 14.360159 -9.407043
v 0.070743 14.439159 -9.293903
v 0.420195 14.269207 -9.517674
v -0.786431 14.248774 -9.445127
v -0.223791 14.237135 -9.581686
v 0.147759 14.098500 -9.748897
v -0.250698 13.742205 -10.122936
v -0.666327 13.962063 -9.842543
v -1.032574 14.017731 -9.670896
v -1.795918 13.787918 -9.696316
v -1.881274 13.974812 -9.391814
v -1.461019 13.360483 -10.173521
v -1.592422 13.621144 -9.921397
v -0.841099 13.123684 -10.628268
v -1.614653 12.931719 -10.517118
v 0.206086 13.220007 -10.718588
v -0.297374 12.944023 -10.964419
v 0.695558 13.305246 -10.620170
v 0.535580 13.754135 -10.166646
v 0.621351 13.997090 -9.876627
v 0.806047 14.132614 -9.685740
v 0.882547 14.215342 -9.598127
v -0.215794 16.081196 -2.716445
v -7.770048 4.497499 2.007307
v -7.897027 4.428586 4.541189
v -8.113411 4.135869 3.865493
v -8.003454 4.173176 1.234583
v -7.499468 4.851499 2.809416
v -7.643503 4.744416 5.264711
v -6.319215 6.102574 5.248754
v -6.494927 5.853467 7.465588
v -6.931980 5.481374 6.874728
v -6.775465 5.658670 4.518975
v -5.800030 6.531140 5.909379
v -5.984502 6.228626 7.994349
v -3.749690 7.591227 7.672622
v -3.859495 7.367651 9.731192
v -4.671125 6.999870 9.189812
v -4.533677 7.259111 7.144614
v -2.879130 7.877144 8.100263
v -2.965056 7.686502 10.177726
v 0.174085 8.243999 8.557034
v 0.160448 8.074767 10.626691
v -0.972818 8.062140 10.649250
v -0.920999 8.214983 8.550890
v 1.335718 8.153805 8.386680
v 1.330429 7.960141 10.433737
v 4.863775 7.089980 6.535006
v 4.685784 6.886378 8.656582
v 3.592848 7.352972 9.507982
v 3.752936 7.563927 7.401029
v 5.811341 6.559602 5.541088
v 5.621686 6.395907 7.689269
v 7.428793 5.052730 2.483701
v 7.236944 5.096398 4.594801
v 6.765125 5.544934 5.776496
v 7.037338 5.531475 3.528163
v 7.778386 4.544073 1.439022
v 7.705747 4.623533 3.321707
v 6.517340 6.035143 4.543977
v 6.270276 5.963061 6.769012
v 2.553628 7.922438 8.010469
v 2.474532 7.715074 10.080492
v -1.937946 8.088774 8.395887
v -2.008408 7.925260 10.491734
v -5.211788 6.910574 6.548515
v -5.378015 6.615517 8.590162
v -7.169127 5.239229 3.676096
v -7.318703 5.103177 6.091932
v 6.857700 5.336066 8.009678
v 6.416616 5.639604 9.009066
v 7.292009 5.020723 6.940063
v 5.943306 5.930748 9.863329
v 5.338512 6.254785 10.625122
v 4.502742 6.657191 11.345493
v 3.497579 7.069958 11.967525
v 2.383592 7.425389 12.437977
v 1.217344 7.690383 12.754789
v 0.055956 7.832683 12.912395
v -1.058243 7.836203 12.916970
v -2.089522 7.683832 12.776156
v -3.062255 7.411373 12.501419
v -3.993892 7.054140 12.104458
v -4.842469 6.663799 11.631165
v -5.562926 6.295115 11.126435
v -6.179152 5.940255 10.593824
v -6.718196 5.589594 10.037983
v -7.178627 5.250197 9.407876
v -7.560353 4.928012 8.651463
v -7.851670 4.647940 7.834121
v -8.042583 4.433284 7.022267
v -8.175538 4.258332 6.210249
v 6.236411 5.658997 11.059904
v 6.637535 5.468112 10.226967
v 7.008107 5.296843 9.345543
v 5.099537 6.187384 12.393918
v 5.727909 5.896032 11.786595
v 3.440115 6.902578 13.265858
v 4.350108 6.536272 12.870070
v 1.138641 7.516907 13.914789
v 2.330166 7.245351 13.635671
v -1.114177 7.679741 14.020455
v -0.016095 7.671126 14.034892
v -3.134094 7.214939 13.661217
v -2.144397 7.513348 13.896570
v -4.985065 6.419819 12.906362
v -4.102352 6.827066 13.313200
v -6.331007 5.739239 12.023828
v -5.714022 6.067005 12.494199
v -7.351630 5.085110 10.772552
v -6.884027 5.403882 11.441597
v -7.962013 4.585985 9.212342
v -7.710880 4.807878 10.042387
v -8.201115 4.309041 7.208055
v -8.105213 4.433162 8.244295
v -1.242560 0.754951 -13.116063
v -0.697506 0.727540 -13.204415
v -0.616897 0.744449 -12.990975
v -1.161950 0.771860 -12.902624
v -1.306096 1.941707 -13.332741
v -1.236702 1.969459 -13.139955
v -0.689084 1.966869 -13.228306
v -0.758478 1.939117 -13.421093
v -0.040690 0.708005 -13.268997
v 0.039920 0.724915 -13.055557
v -0.032268 1.947335 -13.292888
v -0.101661 1.919583 -13.485675
v 0.538894 0.784638 -13.126579
v 0.619503 0.798994 -12.913139
v 0.547316 1.836852 -13.150470
v 0.477923 1.813291 -13.343257
v -1.861711 0.778082 -12.784783
v -1.942320 0.761172 -12.998222
v -2.005857 1.947927 -13.214900
v -1.936463 1.975680 -13.022114
v -2.312836 0.781581 -12.782093
v -2.404868 0.705626 -12.903046
v -2.457935 1.946496 -13.204487
v -2.387588 1.979179 -13.019423
v 1.201632 0.592208 -13.044824
v 1.277708 0.675377 -12.845645
v 1.205520 1.897796 -13.082973
v 1.140661 1.803785 -13.261500
v 1.942112 0.674361 -12.888002
v 1.918249 0.621340 -12.646150
v 2.032182 1.838850 -12.889206
v 1.918082 1.885936 -13.108826
v 2.381272 0.617920 -12.736959
v 2.223734 0.645224 -12.583555
v 2.347674 1.758998 -12.768571
v 2.412971 1.736925 -12.959140
v 2.641387 0.892979 -12.674968
v 2.551604 1.060808 -12.573277
v 2.598550 1.531748 -12.684890
v 2.578786 1.538383 -12.893118
v 1.537828 0.692651 -13.264878
v 2.076758 0.719069 -13.117720
v 2.044825 0.744173 -12.892574
v 1.505894 0.717756 -13.039731
v 1.477280 1.866592 -13.543394
v 1.444313 1.901329 -13.342249
v 1.983243 1.952700 -13.195093
v 2.016210 1.917963 -13.396235
v 0.991297 0.749928 -13.131130
v 1.023231 0.724823 -13.356277
v 0.963999 1.860449 -13.636799
v 0.931032 1.895187 -13.435654
v 0.791403 0.762135 -13.276409
v 0.759397 0.739206 -13.543566
v 0.762789 1.811370 -13.780074
v 0.729822 1.841048 -13.578929
v 0.362061 0.679397 -13.511312
v 0.488058 0.656645 -13.687310
v 0.463631 1.822462 -13.912389
v 0.339830 1.852395 -13.752007
v 0.162889 0.684156 -13.696885
v 0.287796 0.667473 -13.872426
v 0.237451 1.673168 -14.071441
v 0.111861 1.696981 -13.911016
v -0.044055 1.448011 -14.000550
v 0.083296 1.429808 -14.160961
v 0.182934 0.815788 -14.025553
v 0.059265 0.828933 -13.850744
v 2.709317 0.763757 -12.912217
v 2.677384 0.788861 -12.687071
v 2.615802 1.997387 -12.989591
v 2.648769 1.962650 -13.190735
v 3.362041 0.800754 -12.735072
v 3.330107 0.825859 -12.509924
v 3.268525 2.034386 -12.812445
v 3.264441 1.999649 -12.991039
v 0.682748 10.374952 6.494987
v 0.683135 10.203512 6.667854
v 1.375554 10.198718 6.678344
v 1.375553 10.395753 6.481239
v 1.318533 10.596767 6.272619
v 0.564555 10.530213 6.339819
v 1.128156 10.822825 6.048323
v 0.309424 10.636695 6.233517
v 0.862487 10.983221 5.886679
v 0.011830 10.684236 6.186425
v 0.033769 10.196760 6.672952
v 0.266598 10.196098 6.674114
v 0.035084 9.952224 6.917624
v 0.287253 9.893414 6.976993
v 1.255584 9.914333 6.957878
v 0.532473 9.988016 6.882433
v 0.364149 9.700727 7.169798
v 0.819505 9.569883 7.300166
v 1.091106 9.717484 7.153224
v 0.275710 9.015790 7.854975
v 0.278968 9.444527 7.426652
v 0.010689 9.438582 7.431468
v 0.037319 9.008307 7.862677
v -0.022973 9.835478 7.034986
v -0.449111 9.435591 7.435045
v -0.441498 9.851740 7.018728
v -0.743714 9.447394 7.423313
v -0.711422 9.006805 7.864110
v -0.489008 9.001339 7.870625
v -0.751085 9.940699 6.930305
v -1.212160 9.608824 7.260563
v -0.463511 10.447145 6.422427
v -0.722149 10.480268 6.389812
v -0.963128 10.079280 6.790434
v -1.472171 9.764085 7.106409
v -1.618522 9.926396 6.944361
v -1.047013 10.196655 6.673438
v -1.796375 10.325006 6.546258
v -1.714092 10.084665 6.786301
v -1.144364 10.367596 6.501862
v -1.146989 10.372981 6.496116
v -0.451876 10.764569 6.106073
v -0.733485 10.802612 6.067403
v -0.458976 11.289412 5.580333
v 0.004968 11.197762 5.673257
v -0.170461 10.725460 6.145163
v 0.282758 11.157093 5.712736
v -0.738923 11.357562 5.512862
v -1.126943 10.942163 5.928334
v -0.729017 11.869802 4.999673
v -0.451881 11.953039 4.915843
v -0.737878 12.346617 4.523778
v -0.450938 12.338301 4.531596
v -0.472074 12.797194 4.071337
v -0.724090 12.799105 4.069331
v -1.160646 12.212723 4.657062
v -0.940763 11.813905 5.055004
v -1.479686 12.013612 4.856267
v -1.023910 11.688990 5.179376
v -1.636593 11.802528 5.066876
v -1.017354 11.574167 5.295475
v -1.678819 11.536396 5.333217
v -0.983379 11.502945 5.366673
v -0.902356 11.433411 5.435580
v -1.446377 11.130180 5.739659
v -0.934583 11.454556 5.415706
v -1.630122 11.357470 5.512201
v 0.004313 11.962230 4.907185
v 0.027209 12.357899 4.510724
v 0.279256 12.358920 4.510916
v 0.286731 11.866360 5.004347
v 0.027207 12.805822 4.063188
v 0.257226 12.809594 4.058171
v 0.653576 12.231278 4.638620
v 0.492467 11.719935 5.148875
v 0.981885 12.049702 4.819639
v 0.538385 11.625891 5.244236
v 1.199555 11.787939 5.080375
v 0.549148 11.568186 5.301289
v 1.237939 11.580445 5.289047
v 0.551559 11.556765 5.312099
v 0.614971 10.338300 6.480115
v 0.614903 10.137733 6.279269
v 0.615216 9.985456 6.430373
v 0.615280 10.187655 6.632084
v 0.512431 10.473271 6.345698
v 0.512480 10.271853 6.144455
v 1.443553 10.373444 6.452874
v 1.443405 10.165841 6.243251
v 1.383637 10.385167 6.031683
v 1.383132 10.586869 6.231420
v 0.369802 10.532718 6.286222
v 0.369802 10.331336 6.084943
v 1.181847 10.623089 5.791793
v 1.182105 10.825503 5.994537
v 0.900437 10.794220 5.621824
v 0.900288 10.995667 5.823038
v 0.349972 9.944071 6.875167
v 0.349972 9.742690 6.673888
v 0.334549 9.968735 6.447729
v 0.334549 10.170115 6.649008
v 0.479928 9.994182 6.825031
v 0.479955 9.792821 6.623731
v -0.032849 9.933558 6.885062
v -0.032808 9.732972 6.684236
v -0.071116 9.655447 6.761173
v -0.071116 9.856829 6.962454
v -0.375196 9.667259 6.749357
v -0.375196 9.868640 6.950636
v -0.425319 8.929098 7.891904
v -0.425319 8.726467 7.689376
v -0.385221 9.164104 7.252767
v -0.385221 9.365485 7.454046
v -0.809597 9.393832 7.425684
v -0.809597 9.192451 7.224406
v -0.776181 8.736541 7.680547
v -0.776181 8.937922 7.881826
v -1.250987 9.545883 7.272308
v -1.251282 9.345886 7.072141
v -0.395680 10.221839 6.195120
v -0.395680 10.422831 6.395541
v -1.525242 9.709658 7.109700
v -1.525177 9.508224 6.908473
v -1.679546 9.880870 6.938831
v -1.679362 9.678850 6.737329
v -0.906993 10.080172 6.738373
v -0.906659 9.879100 6.538029
v -0.985788 9.989317 6.427401
v -0.985641 10.190205 6.628644
v -0.800394 10.749691 6.069139
v -0.800394 10.548310 5.867859
v -0.789982 10.252280 6.164039
v -0.789982 10.453605 6.365375
v -0.062935 11.232652 5.587183
v -0.062935 11.030021 5.384655
v -0.390766 11.095840 5.320050
v -0.390766 11.297222 5.521330
v -0.386042 10.683861 6.135627
v -0.386042 10.481854 5.933723
v -0.188438 10.454408 5.961185
v -0.188438 10.656413 6.163088
v -1.166082 10.879457 5.939933
v -1.165934 10.677382 5.738097
v -0.805117 11.317005 5.300156
v -0.805117 11.418045 5.401145
v -0.798161 11.777651 5.040658
v -0.798161 11.576267 4.839375
v -0.805117 11.216002 5.199204
v -0.406237 12.815992 4.001166
v -0.406237 12.615235 3.800511
v -0.790571 12.618223 3.797522
v -0.790571 12.818981 3.998177
v -0.385256 12.360537 4.458101
v -0.385256 12.158530 4.256197
v -0.889947 11.753241 5.064458
v -0.889948 11.552483 4.863802
v -0.804872 12.349726 4.469543
v -0.804872 12.147095 4.267015
v -1.199353 12.022798 4.392000
v -1.199418 12.224773 4.593933
v -1.535107 11.813270 4.601634
v -1.535061 12.015317 4.803496
v -0.949810 11.556000 5.262424
v -0.949892 11.354931 5.060830
v -0.955575 11.454325 4.962632
v -0.955488 11.654761 5.162361
v -0.859051 11.342265 5.274884
v -0.861240 11.443875 5.374046
v -1.694991 11.316909 5.501634
v -1.694991 11.115527 5.300354
v -1.500476 10.874889 5.541114
v -1.500435 11.076236 5.742428
v -0.882207 11.356997 5.260143
v -0.881840 11.457711 5.361387
v -0.883832 11.257252 5.157866
v -0.921351 11.295286 5.120502
v -0.921573 11.496976 5.321476
v -0.040643 12.374493 4.442890
v -0.040643 12.173736 4.242234
v 0.322856 12.830243 3.986284
v 0.322856 12.630110 3.786253
v -0.040645 12.622540 3.792577
v -0.040645 12.823923 3.993856
v 0.345782 12.361227 4.457411
v 0.345782 12.159222 4.255508
v 0.471725 11.590929 5.228101
v 0.471983 11.388151 5.026963
v 0.481723 11.336176 5.079592
v 0.481723 11.537563 5.280870
v 0.493172 11.283436 5.132980
v 0.493172 11.484196 5.333637
v 0.682748 10.122652 6.242814
v 1.375553 10.136389 6.222007
v 1.375554 9.939384 6.419141
v 0.683135 9.949871 6.414342
v 1.318533 10.344908 6.020886
v 0.564555 10.277740 6.087474
v 1.128156 10.569088 5.794714
v 0.309424 10.383989 5.980938
v 0.862487 10.730651 5.634237
v 0.011830 10.431056 5.933374
v 0.033798 9.943591 6.422283
v 0.266598 9.943615 6.421759
v 0.035084 9.700228 6.665756
v 0.287253 9.640889 6.724596
v 1.256086 9.661163 6.702476
v 0.532473 9.735401 6.629947
v 0.364149 9.448182 6.917381
v 0.816114 9.317081 7.049071
v 1.121189 9.519695 6.845604
v 0.010689 9.186645 7.179657
v 0.278968 9.191458 7.173711
v 0.275710 8.763352 7.602665
v 0.037319 8.755654 7.610153
v -0.022973 9.582926 6.782563
v -0.449111 9.183070 7.182652
v -0.441498 9.599176 6.766292
v -0.743714 9.194796 7.170842
v -0.711422 8.754222 7.611654
v -0.489008 8.747709 7.617124
v -0.751085 9.687553 6.677289
v -1.212160 9.357464 7.009330
v -0.463511 10.197379 6.168377
v -0.722173 10.225121 6.140101
v -0.963128 9.827354 6.538636
v -1.472171 9.511539 6.853991
v -1.618337 9.673300 6.691803
v -1.049229 9.947750 6.417737
v -1.146139 10.119359 6.246594
v -1.714093 9.831491 6.533244
v -1.796375 10.071405 6.292785
v -1.146989 10.121523 6.244786
v -0.451876 10.511368 5.853000
v -0.733485 10.550018 5.814938
v -0.458976 11.036841 5.327890
v 0.004968 10.943965 5.419589
v 0.282758 10.904506 5.460277
v -0.170461 10.472299 5.892129
v -0.738923 11.104279 5.259707
v -1.126942 10.689016 5.675317
v -0.729017 11.617208 4.747207
v -0.451881 11.700996 4.663928
v -0.737878 12.092861 4.270151
v -0.450938 12.085048 4.278472
v -0.472074 12.545074 3.819345
v -0.724090 12.547081 3.817433
v -1.160647 11.959645 4.404113
v -0.940763 11.561906 4.803132
v -1.479686 11.760541 4.603324
v -1.023910 11.437597 4.928110
v -1.636593 11.550038 4.814514
v -1.017354 11.321556 5.042992
v -1.678819 11.283833 5.080782
v -0.983379 11.250394 5.114250
v -0.902356 11.181521 5.183820
v -1.446377 10.877596 5.487204
v -0.934583 11.201385 5.162665
v -1.630122 11.104939 5.259799
v 0.004313 11.709649 4.654733
v 0.027209 12.105909 4.258862
v 0.279256 12.105717 4.257841
v 0.286731 11.612535 4.750652
v 0.027207 12.553219 3.810712
v 0.257226 12.558235 3.806938
v 0.653576 11.978077 4.385548
v 0.492467 11.468081 4.897149
v 0.981885 11.797151 4.567216
v 0.538385 11.372768 4.991242
v 1.199555 11.536548 4.829111
v 0.548983 11.316566 5.048153
v 1.237939 11.327980 5.036710
v 0.551559 11.304941 5.060402
v 1.443402 10.167148 6.659248
v 1.443497 9.958948 6.450242
v -0.034053 10.169804 6.648695
v -0.054586 10.626137 6.193380
v -0.054586 10.424131 5.991477
v -0.034057 9.969155 6.447933
v 1.318738 9.872006 6.949148
v 1.319137 9.668433 6.746305
v 1.144618 9.665174 7.154538
v 0.852956 9.504732 7.314110
v 0.853305 9.303314 7.114102
v 1.174079 9.514372 6.901944
v 0.343236 8.947371 7.872373
v -0.027676 8.935559 7.884189
v -0.027676 8.734179 7.682910
v 0.343236 8.745990 7.671093
v 0.346577 9.387057 7.433088
v 0.346577 9.185052 7.231184
v -0.054408 9.367536 7.451371
v -0.054408 9.166779 7.250716
v -0.813373 10.019337 6.800513
v -0.813373 9.817318 6.598597
v -1.879325 10.338537 6.481750
v -1.097404 10.396344 6.421417
v -1.097404 10.196210 6.221384
v -1.879325 10.135906 6.279222
v -1.779095 10.045774 6.774182
v -1.779093 9.843616 6.572143
v -1.080675 10.357421 6.460747
v -1.080791 10.157138 6.260092
v 0.350772 11.160470 5.658152
v 0.350772 10.959088 5.456872
v -0.384495 11.883705 4.933926
v -0.384495 11.682948 4.733271
v -1.702804 11.789676 5.028626
v -1.702781 11.588347 4.827294
v -1.747311 11.509130 5.309316
v -1.747311 11.307749 5.108036
v -0.857985 11.241296 5.175131
v -0.063499 11.890295 4.927957
v -0.063499 11.688913 4.726677
v 0.691251 12.243423 4.575274
v 0.691175 12.041451 4.373337
v 0.432742 11.670763 5.146980
v 0.400329 11.694114 5.124422
v 0.400344 11.492584 4.922977
v 0.432222 11.470584 4.945730
v 1.035060 12.053313 4.764856
v 1.035020 11.851964 4.563544
v 1.265269 11.776510 5.040550
v 1.265350 11.576213 4.840684
v 1.314130 11.512448 5.305995
v 1.314130 11.311067 5.104716
v 0.353695 11.682485 5.137103
v 0.353695 11.479914 4.934634
v 0.330643 11.775661 5.061704
v -1.362573 11.672878 5.249173
v -1.421664 11.717932 5.203358
v -1.508523 11.711819 5.209577
v -1.463316 11.641183 5.281408
v -1.572778 11.670388 5.251711
v -1.564059 11.609488 5.313643
v -1.504968 11.564435 5.359459
v -1.418109 11.570547 5.353239
v -1.353853 11.611979 5.311107
v -1.394753 11.509330 5.366042
v -1.297298 11.572165 5.302137
v -1.526488 11.500059 5.375473
v -1.616110 11.568388 5.305986
v -1.310523 11.664530 5.208207
v -1.400145 11.732860 5.138720
v -1.531881 11.723589 5.148152
v -1.629335 11.660753 5.212055
v -1.031070 11.484222 5.441020
v -1.090161 11.529275 5.395204
v -1.177020 11.523162 5.401423
v -1.131813 11.452528 5.473255
v -1.241276 11.481731 5.443557
v -1.232556 11.420832 5.505489
v -1.173465 11.375779 5.551305
v -1.086606 11.381892 5.545086
v -1.022350 11.423323 5.502952
v -1.063249 11.320673 5.557887
v -0.965795 11.383509 5.493983
v -1.194986 11.311402 5.567319
v -1.284607 11.379732 5.497832
v -0.979020 11.475875 5.400054
v -1.068642 11.544204 5.330566
v -1.200378 11.534934 5.339998
v -1.297832 11.472097 5.403902
v -0.940154 11.186773 5.743509
v -0.999245 11.231827 5.697695
v -1.086104 11.225714 5.703913
v -1.040897 11.155078 5.775744
v -1.150360 11.184284 5.746048
v -1.141640 11.123384 5.807980
v -1.082549 11.078331 5.853795
v -0.995690 11.084443 5.847576
v -0.931434 11.125874 5.805443
v -0.972333 11.023225 5.860379
v -0.874879 11.086061 5.796474
v -1.104070 11.013954 5.869809
v -1.193691 11.082284 5.800323
v -0.888104 11.178426 5.702543
v -0.977726 11.246755 5.633056
v -1.109461 11.237485 5.642488
v -1.206915 11.174648 5.706392
v -0.522469 11.318184 5.609861
v -0.581559 11.363236 5.564045
v -0.668418 11.357123 5.570264
v -0.623211 11.286488 5.642095
v -0.732674 11.315694 5.612398
v -0.723954 11.254793 5.674331
v -0.664863 11.209742 5.720147
v -0.578004 11.215853 5.713927
v -0.513749 11.257284 5.671793
v -0.554648 11.154634 5.726729
v -0.457193 11.217470 5.662825
v -0.686384 11.145364 5.736160
v -0.776005 11.213694 5.666674
v -0.470419 11.309835 5.568893
v -0.560040 11.378165 5.499408
v -0.691776 11.368895 5.508840
v -0.789230 11.306059 5.572742
v -0.345979 11.028923 5.904021
v -0.405069 11.073977 5.858207
v -0.491929 11.067863 5.864425
v -0.446721 10.997228 5.936256
v -0.556184 11.026433 5.906559
v -0.547464 10.965533 5.968491
v -0.488373 10.920481 6.014306
v -0.401514 10.926592 6.008088
v -0.337259 10.968023 5.965953
v -0.378158 10.865375 6.020889
v -0.280704 10.928209 5.956985
v -0.509894 10.856104 6.030320
v -0.599515 10.924433 5.960834
v -0.293929 11.020576 5.863054
v -0.383550 11.088905 5.793569
v -0.515286 11.079635 5.803000
v -0.612740 11.016798 5.866903
v 0.059177 11.177241 5.753178
v 0.000087 11.222295 5.707364
v -0.086772 11.216182 5.713582
v -0.041565 11.145546 5.785413
v -0.151028 11.174751 5.755715
v -0.142308 11.113851 5.817647
v -0.083217 11.068799 5.863463
v 0.003642 11.074911 5.857245
v 0.067897 11.116341 5.815110
v 0.026998 11.013692 5.870046
v 0.124452 11.076529 5.806142
v -0.104738 11.004421 5.879477
v -0.194359 11.072751 5.809990
v 0.111227 11.168894 5.712211
v 0.021606 11.237223 5.642725
v -0.110130 11.227952 5.652156
v -0.207584 11.165116 5.716060
v 0.235960 10.901023 6.034075
v 0.176869 10.946075 5.988260
v 0.090010 10.939963 5.994480
v 0.135217 10.869328 6.066311
v 0.025754 10.898533 6.036613
v 0.034474 10.837633 6.098546
v 0.093565 10.792580 6.144361
v 0.180424 10.798693 6.138143
v 0.244680 10.840122 6.096008
v 0.203781 10.737473 6.150943
v 0.301235 10.800310 6.087039
v 0.072044 10.728203 6.160374
v -0.017577 10.796534 6.090889
v 0.288010 10.892675 5.993108
v 0.198388 10.961005 5.923623
v 0.066652 10.951734 5.933053
v -0.030802 10.888899 5.996958
v 0.637003 11.065656 5.866642
v 0.577913 11.110708 5.820826
v 0.491054 11.104595 5.827044
v 0.536261 11.033961 5.898876
v 0.426798 11.063166 5.869179
v 0.435518 11.002266 5.931111
v 0.494609 10.957213 5.976927
v 0.581468 10.963326 5.970708
v 0.645723 11.004756 5.928574
v 0.604824 10.902106 5.983509
v 0.702278 10.964942 5.919605
v 0.473088 10.892837 5.992940
v 0.383467 10.961165 5.923454
v 0.689053 11.057307 5.825674
v 0.599432 11.125638 5.756187
v 0.467696 11.116366 5.765620
v 0.370242 11.053531 5.829523
v 0.767809 10.744338 6.193405
v 0.708718 10.789390 6.147589
v 0.621859 10.783278 6.153808
v 0.667066 10.712642 6.225639
v 0.557604 10.741847 6.195942
v 0.566323 10.680947 6.257875
v 0.625414 10.635895 6.303690
v 0.712273 10.642007 6.297471
v 0.776529 10.683436 6.255337
v 0.735630 10.580788 6.310273
v 0.833084 10.643623 6.246369
v 0.603894 10.571517 6.319704
v 0.514272 10.639847 6.250218
v 0.819859 10.735989 6.152438
v 0.730237 10.804318 6.082952
v 0.598501 10.795048 6.092382
v 0.501047 10.732213 6.156287
v 1.206790 10.684097 6.254655
v 1.147699 10.729150 6.208839
v 1.060840 10.723038 6.215058
v 1.106047 10.652402 6.286890
v 0.996584 10.681607 6.257192
v 1.005304 10.620707 6.319125
v 1.064395 10.575655 6.364940
v 1.151254 10.581767 6.358722
v 1.215510 10.623198 6.316587
v 1.174610 10.520548 6.371522
v 1.272064 10.583384 6.307619
v 1.042874 10.511278 6.380954
v 0.953253 10.579607 6.311467
v 1.258839 10.675750 6.213688
v 1.169218 10.744079 6.144201
v 1.037482 10.734809 6.153633
v 0.940028 10.671972 6.217536
v 0.952000 10.388892 6.554872
v 0.892909 10.433944 6.509057
v 0.806050 10.427832 6.515275
v 0.851257 10.357197 6.587107
v 0.741794 10.386402 6.557410
v 0.750514 10.325501 6.619341
v 0.809605 10.280449 6.665157
v 0.896464 10.286561 6.658940
v 0.960719 10.327991 6.616805
v 0.919820 10.225343 6.671740
v 1.017274 10.288178 6.607836
v 0.788084 10.216073 6.681171
v 0.698463 10.284401 6.611685
v 1.004049 10.380544 6.513906
v 0.914428 10.448874 6.444419
v 0.782692 10.439604 6.453851
v 0.685238 10.376766 6.517754
v 1.170475 10.108746 6.839763
v 1.111384 10.153798 6.793948
v 1.024525 10.147686 6.800166
v 1.069732 10.077050 6.871998
v 0.960269 10.106255 6.842300
v 0.968989 10.045355 6.904234
v 1.028080 10.000302 6.950047
v 1.114939 10.006415 6.943829
v 1.179194 10.047846 6.901695
v 1.138295 9.945196 6.956630
v 1.235749 10.008032 6.892727
v 1.006559 9.935925 6.966063
v 0.916938 10.004255 6.896576
v 1.222524 10.100397 6.798797
v 1.132903 10.168728 6.729311
v 1.001167 10.159456 6.738741
v 0.903713 10.096622 6.802646
v 0.742812 10.032166 6.917652
v 0.683721 10.077218 6.871837
v 0.596862 10.071107 6.878056
v 0.642069 10.000470 6.949888
v 0.532606 10.029675 6.920190
v 0.541326 9.968776 6.982123
v 0.600417 9.923723 7.027936
v 0.687276 9.929835 7.021718
v 0.751531 9.971266 6.979585
v 0.710633 9.868617 7.034519
v 0.808087 9.931453 6.970616
v 0.578896 9.859346 7.043951
v 0.489275 9.927675 6.974465
v 0.794861 10.023818 6.876686
v 0.705240 10.092147 6.807199
v 0.573504 10.082877 6.816630
v 0.476050 10.020041 6.880534
v 0.559995 9.751645 7.202934
v 0.500904 9.796697 7.157119
v 0.414045 9.790585 7.163337
v 0.459252 9.719949 7.235168
v 0.349790 9.749154 7.205472
v 0.358509 9.688254 7.267405
v 0.417600 9.643203 7.313220
v 0.504459 9.649315 7.307002
v 0.568715 9.690745 7.264866
v 0.527816 9.588096 7.319803
v 0.625270 9.650931 7.255899
v 0.396080 9.578825 7.329235
v 0.306458 9.647155 7.259748
v 0.612045 9.743296 7.161967
v 0.522423 9.811627 7.092482
v 0.390687 9.802356 7.101913
v 0.293233 9.739519 7.165816
v 0.226830 9.915898 7.035903
v 0.167739 9.960952 6.990088
v 0.080880 9.954839 6.996307
v 0.126087 9.884203 7.068138
v 0.016625 9.913409 7.038441
v 0.025344 9.852509 7.100374
v 0.084436 9.807455 7.146188
v 0.171295 9.813569 7.139970
v 0.235550 9.854998 7.097836
v 0.194651 9.752350 7.152771
v 0.292105 9.815186 7.088868
v 0.062915 9.743079 7.162202
v -0.026706 9.811409 7.092717
v 0.278880 9.907550 6.994937
v 0.189259 9.975882 6.925450
v 0.057523 9.966610 6.934882
v -0.039931 9.903774 6.998785
v 0.230174 10.272162 6.673599
v 0.171083 10.317215 6.627783
v 0.084224 10.311103 6.634003
v 0.129431 10.240467 6.705833
v 0.019968 10.269672 6.676136
v 0.028688 10.208772 6.738069
v 0.087779 10.163719 6.783885
v 0.174638 10.169832 6.777666
v 0.238893 10.211263 6.735531
v 0.197994 10.108613 6.790467
v 0.295448 10.171449 6.726563
v 0.066258 10.099342 6.799898
v -0.023363 10.167673 6.730412
v 0.282223 10.263815 6.632631
v 0.192602 10.332144 6.563147
v 0.060866 10.322873 6.572578
v -0.036588 10.260038 6.636481
v 0.249239 10.600409 6.339787
v 0.190148 10.645460 6.293972
v 0.103289 10.639348 6.300190
v 0.148496 10.568713 6.372022
v 0.039034 10.597918 6.342325
v 0.047753 10.537018 6.404257
v 0.106844 10.491965 6.450072
v 0.193703 10.498077 6.443854
v 0.257959 10.539508 6.401720
v 0.217060 10.436859 6.456656
v 0.314514 10.499695 6.392752
v 0.085324 10.427588 6.466086
v -0.004298 10.495917 6.396600
v 0.301289 10.592060 6.298821
v 0.211667 10.660390 6.229334
v 0.079931 10.651119 6.238766
v -0.017522 10.588284 6.302669
v 0.230356 11.534652 5.389703
v 0.171265 11.579704 5.343889
v 0.084406 11.573592 5.350107
v 0.129613 11.502956 5.421938
v 0.020151 11.532161 5.392241
v 0.028870 11.471261 5.454173
v 0.087962 11.426208 5.499989
v 0.174821 11.432322 5.493770
v 0.239076 11.473751 5.451635
v 0.198177 11.371102 5.506571
v 0.295631 11.433939 5.442668
v 0.066441 11.361832 5.516002
v -0.023180 11.430161 5.446517
v 0.282406 11.526304 5.348737
v 0.192785 11.594633 5.279251
v 0.061049 11.585362 5.288682
v -0.036405 11.522528 5.352585
v 0.214254 11.913607 5.004322
v 0.155163 11.958659 4.958507
v 0.068304 11.952547 4.964726
v 0.113512 11.881912 5.036558
v 0.004049 11.911118 5.006860
v 0.012768 11.850217 5.068793
v 0.071860 11.805164 5.114608
v 0.158719 11.811277 5.108390
v 0.222974 11.852706 5.066255
v 0.182075 11.750058 5.121191
v 0.279529 11.812893 5.057287
v 0.050339 11.740787 5.130622
v -0.039282 11.809116 5.061137
v 0.266304 11.905259 4.963357
v 0.176683 11.973589 4.893870
v 0.044947 11.964317 4.903301
v -0.052507 11.901482 4.967205
v -0.492006 11.691407 5.230308
v -0.551097 11.736461 5.184493
v -0.637956 11.730348 5.190711
v -0.592749 11.659712 5.262543
v -0.702212 11.688918 5.232846
v -0.693492 11.628017 5.294779
v -0.634401 11.582964 5.340592
v -0.547542 11.589077 5.334374
v -0.483287 11.630507 5.292241
v -0.524186 11.527859 5.347177
v -0.426732 11.590693 5.283272
v -0.655922 11.518587 5.356607
v -0.745543 11.586917 5.287121
v -0.439957 11.683059 5.189342
v -0.529578 11.751390 5.119855
v -0.661314 11.742119 5.129287
v -0.758768 11.679282 5.193191
v -0.538260 12.022982 4.893113
v -0.597351 12.068034 4.847298
v -0.684210 12.061921 4.853516
v -0.639003 11.991287 4.925348
v -0.748465 12.020491 4.895650
v -0.739746 11.959591 4.957583
v -0.680654 11.914538 5.003399
v -0.593795 11.920651 4.997180
v -0.529540 11.962081 4.955046
v -0.570439 11.859431 5.009982
v -0.472985 11.922269 4.946077
v -0.702175 11.850162 5.019413
v -0.791796 11.918491 4.949926
v -0.486210 12.014633 4.852146
v -0.575831 12.082963 4.782660
v -0.707567 12.073692 4.792091
v -0.805021 12.010857 4.855995
v -1.067202 11.915663 5.002263
v -1.126293 11.960716 4.956448
v -1.213152 11.954604 4.962667
v -1.167945 11.883968 5.034499
v -1.277407 11.913174 5.004802
v -1.268688 11.852273 5.066734
v -1.209597 11.807220 5.112549
v -1.122738 11.813333 5.106330
v -1.058482 11.854763 5.064196
v -1.099381 11.752114 5.119132
v -1.001927 11.814951 5.055228
v -1.231117 11.742844 5.128563
v -1.320738 11.811173 5.059076
v -1.015152 11.907316 4.961297
v -1.104774 11.975646 4.891812
v -1.236509 11.966375 4.901243
v -1.333963 11.903540 4.965146
v -1.006586 12.209436 4.703506
v -1.065677 12.254491 4.657692
v -1.152536 12.248378 4.663910
v -1.107329 12.177742 4.735742
v -1.216791 12.206947 4.706045
v -1.208072 12.146048 4.767978
v -1.148980 12.100994 4.813792
v -1.062122 12.107107 4.807573
v -0.997866 12.148538 4.765440
v -1.038765 12.045888 4.820375
v -0.941311 12.108725 4.756472
v -1.170501 12.036618 4.829806
v -1.260122 12.104947 4.760320
v -0.954536 12.201090 4.662540
v -1.044158 12.269420 4.593054
v -1.175893 12.260149 4.602486
v -1.273347 12.197313 4.666389
v -0.520080 12.362499 4.547838
v -0.579171 12.407553 4.502023
v -0.666030 12.401440 4.508241
v -0.620823 12.330805 4.580073
v -0.730286 12.360009 4.550375
v -0.721566 12.299109 4.612308
v -0.662475 12.254056 4.658123
v -0.575616 12.260169 4.651905
v -0.511361 12.301599 4.609769
v -0.552260 12.198950 4.664705
v -0.454806 12.261786 4.600802
v -0.683996 12.189679 4.674137
v -0.773617 12.258009 4.604650
v -0.468031 12.354152 4.506871
v -0.557652 12.422481 4.437385
v -0.689388 12.413210 4.446815
v -0.786842 12.350375 4.510720
v -0.106550 12.169365 4.744236
v -0.165641 12.214417 4.698421
v -0.252500 12.208304 4.704639
v -0.207293 12.137671 4.776472
v -0.316756 12.166875 4.746774
v -0.308036 12.105974 4.808706
v -0.248945 12.060923 4.854522
v -0.162086 12.067035 4.848304
v -0.097830 12.108465 4.806169
v -0.138729 12.005816 4.861104
v -0.041276 12.068651 4.797200
v -0.270466 11.996546 4.870536
v -0.360087 12.064875 4.801050
v -0.054500 12.161016 4.703270
v -0.144122 12.229346 4.633783
v -0.275858 12.220076 4.643215
v -0.373312 12.157240 4.707119
v 0.347845 12.312325 4.598842
v 0.288754 12.357377 4.553027
v 0.201895 12.351264 4.559245
v 0.247102 12.280629 4.631077
v 0.137640 12.309834 4.601380
v 0.146359 12.248935 4.663312
v 0.205450 12.203882 4.709126
v 0.292309 12.209993 4.702908
v 0.356565 12.251425 4.660774
v 0.315666 12.148775 4.715710
v 0.413120 12.211610 4.651806
v 0.183930 12.139505 4.725141
v 0.094308 12.207833 4.655655
v 0.399895 12.303976 4.557874
v 0.310273 12.372307 4.488389
v 0.178537 12.363035 4.497820
v 0.081084 12.300200 4.561724
v 0.792525 12.171603 4.741937
v 0.733434 12.216657 4.696122
v 0.646575 12.210544 4.702341
v 0.691782 12.139909 4.774173
v 0.582320 12.169113 4.744475
v 0.591039 12.108213 4.806408
v 0.650131 12.063161 4.852222
v 0.736990 12.069273 4.846004
v 0.801245 12.110703 4.803869
v 0.760346 12.008054 4.858806
v 0.857800 12.070889 4.794902
v 0.628610 11.998783 4.868236
v 0.538989 12.067113 4.798750
v 0.844575 12.163256 4.700971
v 0.754954 12.231586 4.631485
v 0.623218 12.222315 4.640916
v 0.525764 12.159478 4.704819
v 0.233462 12.694313 4.210379
v 0.174371 12.739366 4.164563
v 0.087512 12.733253 4.170782
v 0.132719 12.662618 4.242613
v 0.023257 12.691822 4.212915
v 0.031976 12.630923 4.274849
v 0.091067 12.585870 4.320664
v 0.177926 12.591983 4.314445
v 0.242182 12.633413 4.272311
v 0.201283 12.530764 4.327247
v 0.298737 12.593599 4.263343
v 0.069546 12.521494 4.336678
v -0.020075 12.589823 4.267192
v 0.285512 12.685965 4.169412
v 0.195890 12.754295 4.099926
v 0.064154 12.745024 4.109356
v -0.033299 12.682189 4.173261
v -0.516446 12.711245 4.193179
v -0.575537 12.756297 4.147363
v -0.662396 12.750187 4.153583
v -0.617189 12.679550 4.225414
v -0.726651 12.708754 4.195716
v -0.717932 12.647854 4.257649
v -0.658841 12.602801 4.303464
v -0.571982 12.608914 4.297246
v -0.507726 12.650345 4.255111
v -0.548625 12.547695 4.310046
v -0.451171 12.610531 4.246142
v -0.680361 12.538425 4.319479
v -0.769983 12.606754 4.249991
v -0.464396 12.702898 4.152212
v -0.554018 12.771226 4.082726
v -0.685754 12.761956 4.092157
v -0.783207 12.699121 4.156061
v -0.513755 10.700257 6.238265
v -0.572846 10.745311 6.192450
v -0.659705 10.739198 6.198668
v -0.614498 10.668562 6.270500
v -0.723960 10.697767 6.240802
v -0.715241 10.636868 6.302735
v -0.656150 10.591814 6.348550
v -0.569291 10.597926 6.342331
v -0.505035 10.639358 6.300197
v -0.545934 10.536708 6.355132
v -0.448480 10.599544 6.291229
v -0.677670 10.527437 6.364563
v -0.767291 10.595767 6.295078
v -0.461705 10.691909 6.197298
v -0.551327 10.760239 6.127811
v -0.683062 10.750968 6.137243
v -0.780516 10.688132 6.201146
v -0.518047 10.329465 6.615344
v -0.577138 10.374517 6.569528
v -0.663997 10.368405 6.575748
v -0.618790 10.297770 6.647580
v -0.728252 10.326975 6.617881
v -0.719532 10.266074 6.679813
v -0.660442 10.221022 6.725629
v -0.573582 10.227135 6.719410
v -0.509327 10.268565 6.677276
v -0.550226 10.165915 6.732212
v -0.452772 10.228752 6.668308
v -0.681962 10.156645 6.741642
v -0.771583 10.224976 6.672157
v -0.465997 10.321117 6.574377
v -0.555618 10.389446 6.504889
v -0.687354 10.380177 6.514322
v -0.784808 10.317340 6.578226
v -0.545158 9.971567 6.979311
v -0.604249 10.016622 6.933495
v -0.691108 10.010508 6.939713
v -0.645901 9.939873 7.011544
v -0.755363 9.969078 6.981848
v -0.746644 9.908177 7.043781
v -0.687552 9.863125 7.089596
v -0.600694 9.869237 7.083377
v -0.536438 9.910668 7.041243
v -0.577337 9.808019 7.096179
v -0.479883 9.870854 7.032274
v -0.709073 9.798748 7.105609
v -0.798694 9.867078 7.036123
v -0.493108 9.963220 6.938344
v -0.582729 10.031549 6.868857
v -0.714465 10.022279 6.878289
v -0.811919 9.959443 6.942192
v -0.848560 9.768483 7.185844
v -0.907650 9.813538 7.140030
v -0.994510 9.807424 7.146248
v -0.949302 9.736790 7.218080
v -1.058765 9.765994 7.188382
v -1.050045 9.705093 7.250315
v -0.990954 9.660042 7.296130
v -0.904095 9.666153 7.289912
v -0.839840 9.707584 7.247777
v -0.880739 9.604935 7.302713
v -0.783285 9.667769 7.238809
v -1.012475 9.595665 7.312145
v -1.102096 9.663994 7.242659
v -0.796510 9.760136 7.144878
v -0.886131 9.828465 7.075392
v -1.017867 9.819196 7.084823
v -1.115321 9.756359 7.148726
v -0.171641 9.695761 7.259783
v -0.230731 9.740813 7.213968
v -0.317590 9.734701 7.220187
v -0.272383 9.664066 7.292018
v -0.381846 9.693271 7.262321
v -0.373126 9.632371 7.324254
v -0.314035 9.587317 7.370069
v -0.227176 9.593431 7.363851
v -0.162921 9.634861 7.321716
v -0.203820 9.532211 7.376652
v -0.106366 9.595047 7.312748
v -0.335556 9.522941 7.386084
v -0.425177 9.591270 7.316597
v -0.119591 9.687413 7.218817
v -0.209212 9.755743 7.149331
v -0.340948 9.746472 7.158762
v -0.438402 9.683636 7.222666
v -1.247449 9.973118 6.977753
v -1.306540 10.018170 6.931937
v -1.393399 10.012057 6.938155
v -1.348192 9.941422 7.009987
v -1.457654 9.970628 6.980290
v -1.448935 9.909727 7.042222
v -1.389844 9.864676 7.088037
v -1.302985 9.870787 7.081819
v -1.238729 9.912218 7.039684
v -1.279628 9.809568 7.094620
v -1.182174 9.872404 7.030715
v -1.411364 9.800298 7.104051
v -1.500986 9.868628 7.034564
v -1.195399 9.964769 6.936785
v -1.285020 10.033100 6.867299
v -1.416757 10.023829 6.876729
v -1.514210 9.960993 6.940634
v -1.134433 10.248588 6.697608
v -1.193523 10.293640 6.651793
v -1.280383 10.287527 6.658012
v -1.235175 10.216893 6.729843
v -1.344638 10.246097 6.700146
v -1.335919 10.185197 6.762077
v -1.276827 10.140145 6.807893
v -1.189968 10.146256 6.801675
v -1.125713 10.187688 6.759541
v -1.166612 10.085038 6.814476
v -1.069158 10.147874 6.750572
v -1.298348 10.075768 6.823908
v -1.387969 10.144097 6.754422
v -1.082383 10.240239 6.656641
v -1.172004 10.308568 6.587155
v -1.303740 10.299298 6.596586
v -1.401194 10.236464 6.660491
v -1.557161 10.330210 6.614613
v -1.616252 10.375262 6.568797
v -1.703112 10.369149 6.575016
v -1.657904 10.298514 6.646849
v -1.767367 10.327719 6.617151
v -1.758647 10.266819 6.679084
v -1.699556 10.221766 6.724898
v -1.612697 10.227880 6.718679
v -1.548442 10.269309 6.676546
v -1.589341 10.166660 6.731482
v -1.491886 10.229496 6.667578
v -1.721077 10.157390 6.740912
v -1.810698 10.225719 6.671426
v -1.505112 10.321861 6.573647
v -1.594733 10.390191 6.504160
v -1.726469 10.380920 6.513592
v -1.823923 10.318084 6.577495
v -0.534367 9.449127 7.510609
v -0.593458 9.494181 7.464793
v -0.680318 9.488068 7.471012
v -0.635110 9.417432 7.542844
v -0.744573 9.446637 7.513146
v -0.735853 9.385737 7.575079
v -0.676762 9.340684 7.620894
v -0.589903 9.346796 7.614675
v -0.525647 9.388227 7.572541
v -0.566547 9.285579 7.627477
v -0.469092 9.348413 7.563573
v -0.698283 9.276308 7.636908
v -0.787904 9.344637 7.567422
v -0.482317 9.440780 7.469642
v -0.571939 9.509109 7.400156
v -0.703675 9.499839 7.409587
v -0.801129 9.437002 7.473491
v 0.217917 9.452027 7.507640
v 0.158826 9.497080 7.461824
v 0.071967 9.490967 7.468044
v 0.117174 9.420333 7.539875
v 0.007712 9.449536 7.510178
v 0.016431 9.388638 7.572109
v 0.075522 9.343584 7.617926
v 0.162381 9.349697 7.611707
v 0.226637 9.391127 7.569572
v 0.185738 9.288478 7.624507
v 0.283192 9.351314 7.560604
v 0.054002 9.279207 7.633940
v -0.035620 9.347538 7.564453
v 0.269966 9.443680 7.466674
v 0.180345 9.512009 7.397187
v 0.048609 9.502739 7.406619
v -0.048845 9.439902 7.470522
v 0.696807 11.871930 5.046693
v 0.637716 11.916984 5.000880
v 0.550857 11.910871 5.007098
v 0.596064 11.840235 5.078929
v 0.486602 11.869440 5.049232
v 0.495321 11.808539 5.111165
v 0.554412 11.763488 5.156980
v 0.641272 11.769600 5.150761
v 0.705527 11.811030 5.108626
v 0.664628 11.708382 5.163562
v 0.762082 11.771216 5.099658
v 0.532892 11.699110 5.172993
v 0.443271 11.767440 5.103507
v 0.748857 11.863582 5.005727
v 0.659236 11.931912 4.936242
v 0.527500 11.922641 4.945673
v 0.430046 11.859805 5.009576
v 1.150787 11.818234 5.101288
v 1.091696 11.863288 5.055474
v 1.004837 11.857175 5.061692
v 1.050044 11.786539 5.133523
v 0.940582 11.815744 5.103827
v 0.949301 11.754845 5.165759
v 1.008392 11.709791 5.211573
v 1.095251 11.715904 5.205355
v 1.159507 11.757335 5.163220
v 1.118608 11.654686 5.218157
v 1.216062 11.717522 5.154253
v 0.986871 11.645414 5.227587
v 0.897250 11.713745 5.158102
v 1.202837 11.809887 5.060322
v 1.113215 11.878217 4.990835
v 0.981479 11.868946 5.000267
v 0.884026 11.806110 5.064171

# UV coordinates
vt 0.671345 0.441048
vt 0.686832 0.447537
vt 0.679603 0.479697
vt 0.661659 0.472560
vt 0.702484 0.452658
vt 0.697832 0.485180
vt 0.718436 0.456244
vt 0.716393 0.488775
vt 0.734937 0.457979
vt 0.735719 0.490196
vt 0.752986 0.457564
vt 0.756975 0.489230
vt 0.772525 0.455019
vt 0.779724 0.485792
vt 0.791761 0.450157
vt 0.802214 0.479755
vt 0.809825 0.443076
vt 0.823947 0.471058
vt 0.826690 0.433907
vt 0.844417 0.459713
vt 0.842359 0.422781
vt 0.863382 0.445915
vt 0.856791 0.409775
vt 0.880556 0.429943
vt 0.869608 0.395213
vt 0.895510 0.412255
vt 0.880411 0.379481
vt 0.908004 0.393420
vt 0.888776 0.363329
vt 0.917817 0.373997
vt 0.894631 0.346907
vt 0.924919 0.354343
vt 0.898225 0.330469
vt 0.929405 0.334840
vt 0.899815 0.314008
vt 0.931439 0.315241
vt 0.899553 0.297501
vt 0.931140 0.295878
vt 0.897474 0.281297
vt 0.928597 0.276641
vt 0.893561 0.265400
vt 0.923877 0.257503
vt 0.888005 0.249595
vt 0.917147 0.238800
vt 0.881032 0.234363
vt 0.908658 0.220812
vt 0.872838 0.220016
vt 0.898698 0.203923
vt 0.863464 0.206950
vt 0.887446 0.188440
vt 0.852800 0.195332
vt 0.874936 0.174477
vt 0.840730 0.185025
vt 0.861011 0.161964
vt 0.827174 0.175677
vt 0.845515 0.150894
vt 0.812014 0.167414
vt 0.828176 0.141225
vt 0.795368 0.160403
vt 0.809119 0.133037
vt 0.777725 0.154895
vt 0.788651 0.126582
vt 0.759309 0.151127
vt 0.767338 0.122152
vt 0.741001 0.149281
vt 0.745712 0.119977
vt 0.723255 0.149393
vt 0.724106 0.120149
vt 0.705799 0.151421
vt 0.702889 0.122658
vt 0.688824 0.155267
vt 0.682037 0.127454
vt 0.672303 0.160907
vt 0.661704 0.134551
vt 0.656316 0.168478
vt 0.642047 0.144143
vt 0.641099 0.178322
vt 0.623461 0.156592
vt 0.627068 0.190659
vt 0.607006 0.172078
vt 0.614288 0.205030
vt 0.592584 0.189683
vt 0.603047 0.220905
vt 0.580345 0.208925
vt 0.593729 0.237743
vt 0.570125 0.229015
vt 0.586643 0.255275
vt 0.561921 0.249637
vt 0.581724 0.273257
vt 0.555724 0.270667
vt 0.578888 0.291492
vt 0.551598 0.292289
vt 0.578225 0.309651
vt 0.549964 0.314409
vt 0.580058 0.327719
vt 0.551897 0.336457
vt 0.584290 0.345697
vt 0.557077 0.358134
vt 0.590661 0.362703
vt 0.565073 0.378953
vt 0.598773 0.378484
vt 0.575176 0.398204
vt 0.608220 0.392621
vt 0.586799 0.415310
vt 0.618717 0.404945
vt 0.599568 0.430160
vt 0.630210 0.415628
vt 0.613412 0.442977
vt 0.642814 0.425105
vt 0.628400 0.454158
vt 0.656594 0.433536
vt 0.644540 0.463985
vt 0.713336 0.519052
vt 0.692463 0.515452
vt 0.735701 0.519961
vt 0.760406 0.517934
vt 0.786021 0.513269
vt 0.811816 0.505829
vt 0.836929 0.495390
vt 0.860742 0.481904
vt 0.882760 0.465601
vt 0.902475 0.446906
vt 0.919476 0.426441
vt 0.933484 0.404850
vt 0.944399 0.382678
vt 0.952274 0.360364
vt 0.957249 0.338064
vt 0.959449 0.315922
vt 0.959000 0.293791
vt 0.956007 0.271883
vt 0.950559 0.250165
vt 0.942844 0.228931
vt 0.933093 0.208490
vt 0.921621 0.189214
vt 0.908702 0.171354
vt 0.894479 0.154970
vt 0.878943 0.140128
vt 0.861895 0.127398
vt 0.842885 0.116543
vt 0.821907 0.107432
vt 0.799243 0.100228
vt 0.775396 0.095241
vt 0.750886 0.092746
vt 0.726075 0.092896
vt 0.701383 0.095736
vt 0.676926 0.101263
vt 0.652869 0.109522
vt 0.629328 0.120754
vt 0.606764 0.135556
vt 0.588657 0.154917
vt 0.573399 0.175930
vt 0.561309 0.198933
vt 0.550919 0.221837
vt 0.541962 0.244847
vt 0.534370 0.268281
vt 0.528133 0.292629
vt 0.523838 0.318500
vt 0.525551 0.344499
vt 0.531496 0.369844
vt 0.541186 0.394140
vt 0.553242 0.416465
vt 0.566870 0.436245
vt 0.581680 0.453368
vt 0.597588 0.468108
vt 0.614663 0.480901
vt 0.632916 0.492055
vt 0.652156 0.501653
vt 0.672088 0.509543
vt 0.728726 0.069530
vt 0.755958 0.069474
vt 0.701068 0.072542
vt 0.673596 0.078511
vt 0.646420 0.087397
vt 0.619219 0.099264
vt 0.589901 0.114723
vt 0.572421 0.139952
vt 0.556893 0.163399
vt 0.547388 0.191976
vt 0.537794 0.217027
vt 0.528504 0.241428
vt 0.519532 0.266187
vt 0.510260 0.292440
vt 0.498703 0.323255
vt 0.501399 0.352495
vt 0.508075 0.380113
vt 0.520258 0.407174
vt 0.534416 0.431909
vt 0.549834 0.453775
vt 0.566325 0.472723
vt 0.583902 0.489054
vt 0.602664 0.503204
vt 0.622616 0.515462
vt 0.643543 0.525933
vt 0.665114 0.534460
vt 0.687062 0.540696
vt 0.709530 0.544128
vt 0.734031 0.544088
vt 0.761885 0.540062
vt 0.790456 0.533767
vt 0.818919 0.524879
vt 0.846619 0.512940
vt 0.872891 0.497763
vt 0.897145 0.479560
vt 0.918761 0.458851
vt 0.937262 0.436347
vt 0.952374 0.412753
vt 0.964064 0.388645
vt 0.972441 0.364364
vt 0.977685 0.340057
vt 0.979944 0.315692
vt 0.979356 0.291829
vt 0.976029 0.268094
vt 0.970084 0.244576
vt 0.961689 0.221510
vt 0.951073 0.199222
vt 0.938540 0.178037
vt 0.924432 0.158048
vt 0.908996 0.139069
vt 0.892369 0.121100
vt 0.874707 0.106827
vt 0.854879 0.095144
vt 0.832654 0.085428
vt 0.808378 0.077698
vt 0.782624 0.072271
vt 0.486318 0.387971
vt 0.480609 0.360992
vt 0.477467 0.341054
vt 0.559732 0.130160
vt 0.551948 0.144333
vt 0.549277 0.135433
vt 0.552476 0.125366
vt 0.567771 0.113066
vt 0.557015 0.112657
vt 0.465154 0.362603
vt 0.467311 0.377167
vt 0.458913 0.371380
vt 0.457072 0.362633
vt 0.463619 0.350039
vt 0.456986 0.354803
vt 0.555304 0.486236
vt 0.537615 0.466106
vt 0.520754 0.443054
vt 0.504254 0.417123
vt 0.560761 0.103137
vt 0.570802 0.098943
vt 0.590100 0.092852
vt 0.643165 0.070779
vt 0.671936 0.061936
vt 0.701272 0.055844
vt 0.615548 0.081666
vt 0.759680 0.052857
vt 0.787854 0.055877
vt 0.814812 0.061571
vt 0.862632 0.079390
vt 0.882038 0.091095
vt 0.898446 0.105904
vt 0.730715 0.052801
vt 0.839994 0.069539
vt 0.931739 0.151298
vt 0.946353 0.172705
vt 0.959314 0.194906
vt 0.915742 0.129790
vt 0.978954 0.241943
vt 0.985097 0.266282
vt 0.988553 0.290884
vt 0.970283 0.218053
vt 0.986889 0.340871
vt 0.981505 0.366077
vt 0.972881 0.391271
vt 0.989186 0.315678
vt 0.945185 0.440755
vt 0.926016 0.464127
vt 0.903571 0.485698
vt 0.960820 0.416293
vt 0.850978 0.520734
vt 0.822080 0.533530
vt 0.792186 0.543486
vt 0.878345 0.504735
vt 0.728533 0.560080
vt 0.704517 0.561375
vt 0.682106 0.558223
vt 0.761345 0.551629
vt 0.637064 0.542888
vt 0.615036 0.531821
vt 0.593945 0.518764
vt 0.659575 0.551826
vt 0.574033 0.503660
vt 0.808227 0.200791
vt 0.795397 0.194042
vt 0.819872 0.208352
vt 0.830379 0.216110
vt 0.839480 0.225132
vt 0.846848 0.235905
vt 0.853050 0.247820
vt 0.858452 0.260374
vt 0.862683 0.273032
vt 0.865699 0.285712
vt 0.867331 0.298815
vt 0.867722 0.312121
vt 0.866952 0.325634
vt 0.865096 0.338839
vt 0.860994 0.351827
vt 0.854172 0.364504
vt 0.845131 0.377008
vt 0.834449 0.388512
vt 0.822524 0.398648
vt 0.809642 0.407144
vt 0.796022 0.414393
vt 0.781343 0.420211
vt 0.764998 0.424311
vt 0.748977 0.426516
vt 0.734132 0.426672
vt 0.720447 0.424522
vt 0.707175 0.420615
vt 0.694121 0.415573
vt 0.681260 0.409654
vt 0.668990 0.403076
vt 0.657698 0.396036
vt 0.647535 0.388389
vt 0.638414 0.379897
vt 0.630235 0.370174
vt 0.622893 0.359063
vt 0.616771 0.346848
vt 0.612038 0.333554
vt 0.608840 0.319654
vt 0.607436 0.305360
vt 0.607827 0.290912
vt 0.609729 0.276080
vt 0.613248 0.261419
vt 0.618829 0.247200
vt 0.626897 0.233944
vt 0.636689 0.221212
vt 0.647372 0.209560
vt 0.658636 0.199847
vt 0.670759 0.192642
vt 0.683465 0.187424
vt 0.696486 0.183552
vt 0.709705 0.180826
vt 0.723279 0.179451
vt 0.737310 0.179492
vt 0.751774 0.181030
vt 0.766603 0.184006
vt 0.781388 0.188378
vt 0.745211 0.210847
vt 0.734117 0.209606
vt 0.756601 0.213039
vt 0.768181 0.216246
vt 0.779312 0.220479
vt 0.789798 0.225920
vt 0.799763 0.232316
vt 0.810373 0.236317
vt 0.818723 0.241465
vt 0.823540 0.250178
vt 0.827519 0.260338
vt 0.831230 0.270572
vt 0.834393 0.280628
vt 0.836755 0.290521
vt 0.838126 0.300803
vt 0.838559 0.311519
vt 0.838573 0.322694
vt 0.839663 0.332787
vt 0.838338 0.342217
vt 0.832933 0.350923
vt 0.825187 0.359530
vt 0.815821 0.367759
vt 0.805636 0.375396
vt 0.794912 0.382296
vt 0.783622 0.388328
vt 0.771719 0.393305
vt 0.758200 0.397123
vt 0.745344 0.399715
vt 0.733700 0.400585
vt 0.723314 0.397484
vt 0.712979 0.392757
vt 0.702579 0.387326
vt 0.692253 0.381542
vt 0.682356 0.375778
vt 0.673330 0.370009
vt 0.665363 0.364057
vt 0.658360 0.357662
vt 0.652153 0.350518
vt 0.646683 0.342476
vt 0.642145 0.333512
vt 0.638727 0.323823
vt 0.636498 0.313505
vt 0.635538 0.302786
vt 0.635759 0.291316
vt 0.636766 0.279449
vt 0.638364 0.267488
vt 0.641406 0.256426
vt 0.648465 0.246879
vt 0.657037 0.237063
vt 0.665486 0.227265
vt 0.673533 0.219255
vt 0.682949 0.215470
vt 0.693100 0.213171
vt 0.703398 0.211243
vt 0.713592 0.209776
vt 0.723884 0.209200
vt 0.728216 0.378253
vt 0.734033 0.384394
vt 0.720871 0.371531
vt 0.713022 0.364940
vt 0.705061 0.358705
vt 0.697017 0.353512
vt 0.689676 0.348948
vt 0.683421 0.344598
vt 0.677833 0.340144
vt 0.672875 0.335363
vt 0.668553 0.330050
vt 0.664988 0.324035
vt 0.662331 0.317363
vt 0.660579 0.309983
vt 0.659792 0.301990
vt 0.659947 0.292679
vt 0.659974 0.282129
vt 0.658524 0.271406
vt 0.656258 0.262840
vt 0.664416 0.258656
vt 0.673121 0.251308
vt 0.679465 0.241474
vt 0.682567 0.232714
vt 0.690213 0.234901
vt 0.699136 0.236695
vt 0.707954 0.236781
vt 0.716011 0.236436
vt 0.723582 0.236958
vt 0.731247 0.238130
vt 0.739335 0.239192
vt 0.748021 0.240555
vt 0.756823 0.242557
vt 0.765581 0.245585
vt 0.773904 0.250406
vt 0.781646 0.258627
vt 0.795828 0.254779
vt 0.805314 0.253078
vt 0.805116 0.261605
vt 0.806329 0.271414
vt 0.808623 0.280087
vt 0.810961 0.287896
vt 0.812668 0.295665
vt 0.813664 0.303658
vt 0.813724 0.312622
vt 0.813333 0.323856
vt 0.821257 0.330806
vt 0.824643 0.336796
vt 0.819137 0.340620
vt 0.811780 0.345032
vt 0.802441 0.350149
vt 0.792636 0.355498
vt 0.782994 0.361063
vt 0.773276 0.366392
vt 0.763005 0.371218
vt 0.752145 0.375613
vt 0.741674 0.379986
vt 0.795256 0.313322
vt 0.794212 0.323308
vt 0.779416 0.322124
vt 0.783544 0.312403
vt 0.796004 0.306379
vt 0.786487 0.307584
vt 0.791841 0.288706
vt 0.794074 0.294207
vt 0.785107 0.298597
vt 0.781486 0.297132
vt 0.789732 0.281409
vt 0.776064 0.293826
vt 0.795215 0.300107
vt 0.784855 0.303276
vt 0.790650 0.269476
vt 0.777312 0.277941
vt 0.795288 0.335692
vt 0.806815 0.333702
vt 0.784088 0.338619
vt 0.779320 0.305828
vt 0.773622 0.309298
vt 0.764956 0.314897
vt 0.768606 0.328314
vt 0.759826 0.334206
vt 0.756685 0.321290
vt 0.764726 0.301588
vt 0.755932 0.308796
vt 0.774286 0.343538
vt 0.765293 0.348779
vt 0.748104 0.327774
vt 0.751052 0.340277
vt 0.741645 0.347320
vt 0.737619 0.336005
vt 0.747253 0.315219
vt 0.734578 0.322936
vt 0.756175 0.354064
vt 0.746511 0.359742
vt 0.736522 0.367088
vt 0.730885 0.357135
vt 0.725233 0.348463
vt 0.719404 0.340559
vt 0.700248 0.329853
vt 0.695324 0.327197
vt 0.709051 0.316736
vt 0.713923 0.317600
vt 0.705741 0.332663
vt 0.719242 0.318829
vt 0.712152 0.335979
vt 0.725644 0.320469
vt 0.761527 0.270604
vt 0.765983 0.276363
vt 0.758413 0.286726
vt 0.753918 0.286565
vt 0.755092 0.267749
vt 0.747754 0.286723
vt 0.765453 0.288348
vt 0.756922 0.296374
vt 0.734110 0.264700
vt 0.740961 0.265313
vt 0.735297 0.286467
vt 0.729295 0.286602
vt 0.727844 0.263821
vt 0.722668 0.287387
vt 0.748039 0.266211
vt 0.741309 0.286584
vt 0.749752 0.300793
vt 0.741898 0.303976
vt 0.734739 0.304213
vt 0.728755 0.303917
vt 0.723342 0.303872
vt 0.717987 0.304675
vt 0.683679 0.318115
vt 0.681252 0.313647
vt 0.694745 0.310831
vt 0.697005 0.314260
vt 0.686931 0.321687
vt 0.700368 0.315827
vt 0.690871 0.324635
vt 0.704484 0.316423
vt 0.679373 0.308269
vt 0.678246 0.302028
vt 0.689126 0.301983
vt 0.692148 0.306308
vt 0.712732 0.307877
vt 0.707955 0.310151
vt 0.715675 0.297704
vt 0.709493 0.303343
vt 0.713727 0.288047
vt 0.719305 0.278548
vt 0.706219 0.294403
vt 0.696971 0.279761
vt 0.710070 0.276247
vt 0.716032 0.272577
vt 0.722228 0.260701
vt 0.716636 0.258471
vt 0.709718 0.258732
vt 0.700396 0.257859
vt 0.690409 0.250871
vt 0.685163 0.264306
vt 0.673477 0.270289
vt 0.678953 0.282553
vt 0.678975 0.293920
vt 0.692687 0.295373
vt 0.699918 0.301805
vt 0.703347 0.307481
vt 0.704077 0.311129
vt 0.813927 0.333970
vt 0.624716 0.610218
vt 0.636042 0.609696
vt 0.616651 0.624367
vt 0.605816 0.623929
vt 0.652620 0.608972
vt 0.633172 0.624502
vt 0.623748 0.632547
vt 0.607508 0.631939
vt 0.597138 0.630980
vt 0.693840 0.609704
vt 0.715853 0.612264
vt 0.697865 0.629192
vt 0.675190 0.626371
vt 0.738271 0.616674
vt 0.720745 0.633672
vt 0.711860 0.642536
vt 0.688718 0.638012
vt 0.665790 0.635052
vt 0.782582 0.631373
vt 0.804695 0.641849
vt 0.788676 0.658430
vt 0.766175 0.648140
vt 0.827044 0.654513
vt 0.810844 0.670999
vt 0.802407 0.679711
vt 0.780398 0.667165
vt 0.757803 0.656932
vt 0.868824 0.687463
vt 0.887972 0.707954
vt 0.871313 0.724710
vt 0.852284 0.703948
vt 0.905452 0.731164
vt 0.888602 0.748436
vt 0.879888 0.757571
vt 0.862685 0.733631
vt 0.843854 0.712732
vt 0.932999 0.784666
vt 0.942309 0.813487
vt 0.926163 0.833685
vt 0.916356 0.803648
vt 0.949363 0.842471
vt 0.933142 0.863950
vt 0.924718 0.874582
vt 0.917575 0.843893
vt 0.907722 0.813429
vt 0.953688 0.896477
vt 0.953741 0.918148
vt 0.940261 0.941722
vt 0.939204 0.919819
vt 0.953780 0.932898
vt 0.941215 0.956192
vt 0.934931 0.966484
vt 0.933517 0.952495
vt 0.931908 0.930833
vt 0.952939 0.870582
vt 0.937306 0.893181
vt 0.929365 0.904125
vt 0.920378 0.756989
vt 0.903721 0.774947
vt 0.895001 0.784357
vt 0.848455 0.669697
vt 0.832086 0.686104
vt 0.823656 0.694822
vt 0.760576 0.622990
vt 0.743538 0.639942
vt 0.734888 0.648788
vt 0.672381 0.608755
vt 0.653228 0.624959
vt 0.643776 0.633383
vt 0.971049 0.869074
vt 0.970418 0.890436
vt 0.969338 0.905353
vt 0.966564 0.817507
vt 0.970242 0.844149
vt 0.950190 0.762953
vt 0.959874 0.790182
vt 0.922643 0.711779
vt 0.937744 0.736582
vt 0.886820 0.668960
vt 0.905552 0.689149
vt 0.845995 0.635981
vt 0.866949 0.651263
vt 0.802640 0.612301
vt 0.824406 0.623030
vt 0.759042 0.597384
vt 0.780750 0.603761
vt 0.715812 0.590944
vt 0.737386 0.593131
vt 0.674727 0.591756
vt 0.694576 0.590626
vt 0.646306 0.595420
vt 0.658347 0.593658
vt 0.984372 0.847103
vt 0.982526 0.869006
vt 0.979425 0.885042
vt 0.980449 0.797242
vt 0.983861 0.822705
vt 0.964077 0.745508
vt 0.973811 0.771349
vt 0.936473 0.696364
vt 0.951470 0.720302
vt 0.901023 0.654332
vt 0.919489 0.674263
vt 0.860888 0.621276
vt 0.881421 0.636677
vt 0.818274 0.597143
vt 0.839688 0.608098
vt 0.775456 0.582050
vt 0.796834 0.588449
vt 0.732938 0.576154
vt 0.754164 0.577962
vt 0.691893 0.578568
vt 0.711910 0.576469
vt 0.661807 0.585620
vt 0.674385 0.581914
vt 0.439219 0.609379
vt 0.412077 0.628918
vt 0.399509 0.615602
vt 0.425066 0.594628
vt 0.451953 0.624909
vt 0.423403 0.642324
vt 0.463100 0.641430
vt 0.433317 0.655190
vt 0.472602 0.659396
vt 0.441921 0.670239
vt 0.480352 0.679570
vt 0.448729 0.687148
vt 0.486146 0.702164
vt 0.453938 0.706761
vt 0.489513 0.725706
vt 0.456997 0.726733
vt 0.490141 0.750021
vt 0.457685 0.746733
vt 0.487801 0.773823
vt 0.455921 0.766123
vt 0.482533 0.797055
vt 0.451731 0.785418
vt 0.474508 0.819278
vt 0.445341 0.803940
vt 0.464068 0.840116
vt 0.436927 0.821605
vt 0.451594 0.859206
vt 0.426748 0.837997
vt 0.437507 0.876202
vt 0.415076 0.852607
vt 0.422158 0.890876
vt 0.402351 0.865000
vt 0.405753 0.902987
vt 0.388528 0.875252
vt 0.388456 0.912842
vt 0.373811 0.883411
vt 0.370331 0.920385
vt 0.358316 0.889753
vt 0.351340 0.925765
vt 0.342280 0.894474
vt 0.331558 0.929031
vt 0.325642 0.897127
vt 0.311253 0.930332
vt 0.308642 0.898232
vt 0.290724 0.929708
vt 0.291422 0.897886
vt 0.270894 0.927204
vt 0.274361 0.895843
vt 0.251903 0.922922
vt 0.258332 0.892227
vt 0.233772 0.916732
vt 0.243029 0.887025
vt 0.216261 0.908635
vt 0.228285 0.879875
vt 0.199088 0.898311
vt 0.213575 0.870828
vt 0.182217 0.885705
vt 0.199049 0.859841
vt 0.166007 0.870802
vt 0.185168 0.846935
vt 0.150966 0.853886
vt 0.172360 0.832438
vt 0.137656 0.835294
vt 0.161092 0.816691
vt 0.126506 0.815333
vt 0.151730 0.799634
vt 0.117750 0.794174
vt 0.144437 0.781309
vt 0.111464 0.772653
vt 0.139244 0.763624
vt 0.107647 0.750091
vt 0.136062 0.745922
vt 0.106314 0.727494
vt 0.134875 0.728179
vt 0.107601 0.705594
vt 0.135758 0.710487
vt 0.111888 0.683733
vt 0.139059 0.692656
vt 0.119766 0.662738
vt 0.145116 0.673828
vt 0.130702 0.643082
vt 0.153689 0.656474
vt 0.144362 0.624345
vt 0.164386 0.640019
vt 0.159618 0.606845
vt 0.176751 0.624757
vt 0.176087 0.590906
vt 0.190616 0.610972
vt 0.193615 0.576664
vt 0.205584 0.599349
vt 0.212169 0.564048
vt 0.221414 0.589506
vt 0.231805 0.553401
vt 0.238044 0.581578
vt 0.252449 0.546010
vt 0.255505 0.575903
vt 0.274320 0.541860
vt 0.273829 0.572254
vt 0.296856 0.540784
vt 0.292667 0.571074
vt 0.318983 0.542225
vt 0.310745 0.571924
vt 0.339863 0.546137
vt 0.327914 0.575091
vt 0.359187 0.552105
vt 0.343844 0.579913
vt 0.377036 0.559979
vt 0.358698 0.586199
vt 0.393865 0.569759
vt 0.372969 0.594249
vt 0.409854 0.581306
vt 0.386457 0.603860
vt 0.489834 0.629086
vt 0.477525 0.609990
vt 0.500257 0.649951
vt 0.508678 0.672962
vt 0.514858 0.698066
vt 0.518340 0.724900
vt 0.518720 0.753309
vt 0.515746 0.780964
vt 0.509407 0.807839
vt 0.499910 0.833616
vt 0.487699 0.857523
vt 0.473246 0.879119
vt 0.457054 0.898149
vt 0.439495 0.914447
vt 0.420803 0.928075
vt 0.401114 0.939074
vt 0.380466 0.947558
vt 0.358861 0.953618
vt 0.336415 0.957311
vt 0.313328 0.958740
vt 0.289853 0.957951
vt 0.267554 0.955058
vt 0.245995 0.950150
vt 0.225344 0.943198
vt 0.205477 0.934126
vt 0.186132 0.922686
vt 0.167251 0.908641
vt 0.149105 0.892099
vt 0.132228 0.873167
vt 0.117217 0.852296
vt 0.104540 0.829683
vt 0.094479 0.805753
vt 0.087174 0.780828
vt 0.082671 0.755044
vt 0.080981 0.729020
vt 0.082188 0.702924
vt 0.086764 0.676412
vt 0.096902 0.653526
vt 0.110570 0.632872
vt 0.128353 0.612982
vt 0.146652 0.594020
vt 0.165400 0.576267
vt 0.184957 0.559631
vt 0.205635 0.543611
vt 0.227609 0.528361
vt 0.250065 0.518873
vt 0.274322 0.514309
vt 0.300243 0.513643
vt 0.325958 0.515915
vt 0.350156 0.520595
vt 0.372461 0.527593
vt 0.393019 0.536669
vt 0.412252 0.547850
vt 0.430446 0.560950
vt 0.447574 0.575797
vt 0.463369 0.592273
vt 0.077278 0.814766
vt 0.088313 0.840884
vt 0.069184 0.787477
vt 0.064074 0.759194
vt 0.061833 0.730583
vt 0.062096 0.700506
vt 0.064020 0.668662
vt 0.077534 0.646121
vt 0.093027 0.627878
vt 0.118698 0.607701
vt 0.140075 0.588177
vt 0.160388 0.569420
vt 0.181101 0.550981
vt 0.203080 0.531100
vt 0.227247 0.505796
vt 0.248478 0.494982
vt 0.272873 0.491116
vt 0.301810 0.492436
vt 0.330512 0.495924
vt 0.357344 0.501457
vt 0.381940 0.509213
vt 0.404567 0.519173
vt 0.425654 0.531356
vt 0.445492 0.545572
vt 0.464077 0.561673
vt 0.481149 0.579493
vt 0.496408 0.598872
vt 0.509640 0.619925
vt 0.520753 0.642874
vt 0.529625 0.668119
vt 0.535997 0.695440
vt 0.539439 0.724154
vt 0.539524 0.755480
vt 0.535985 0.786221
vt 0.528790 0.816020
vt 0.518211 0.844395
vt 0.504712 0.870535
vt 0.488848 0.894014
vt 0.471132 0.914522
vt 0.451957 0.932071
vt 0.431571 0.946713
vt 0.410115 0.958539
vt 0.387629 0.967678
vt 0.364144 0.974226
vt 0.339782 0.978222
vt 0.314815 0.979774
vt 0.289423 0.978936
vt 0.265121 0.975815
vt 0.241579 0.970474
vt 0.219018 0.962971
vt 0.197363 0.953195
vt 0.176396 0.940894
vt 0.156036 0.925901
vt 0.136515 0.908162
vt 0.118342 0.887852
vt 0.102110 0.865311
vt 0.247274 0.473833
vt 0.267535 0.473262
vt 0.235385 0.478030
vt 0.063559 0.632428
vt 0.071993 0.631597
vt 0.063750 0.639652
vt 0.057844 0.636861
vt 0.054498 0.650626
vt 0.051045 0.643675
vt 0.243675 0.453688
vt 0.250228 0.459302
vt 0.241964 0.459495
vt 0.239227 0.453522
vt 0.236194 0.461745
vt 0.236097 0.455155
vt 0.360308 0.492427
vt 0.386098 0.500641
vt 0.332001 0.486096
vt 0.301115 0.480610
vt 0.048368 0.656492
vt 0.047179 0.648576
vt 0.051725 0.674547
vt 0.055460 0.761322
vt 0.052752 0.731471
vt 0.060927 0.790662
vt 0.052063 0.701426
vt 0.095187 0.871382
vt 0.080894 0.846103
vt 0.111940 0.894647
vt 0.171808 0.949330
vt 0.150769 0.933856
vt 0.193568 0.962024
vt 0.069410 0.819103
vt 0.130655 0.915572
vt 0.264102 0.985398
vt 0.239608 0.979897
vt 0.289396 0.988615
vt 0.216112 0.972141
vt 0.366447 0.983610
vt 0.341250 0.987796
vt 0.390786 0.976827
vt 0.315419 0.989445
vt 0.457580 0.940041
vt 0.436421 0.955167
vt 0.477484 0.921896
vt 0.414137 0.967374
vt 0.526356 0.849186
vt 0.512318 0.876348
vt 0.537399 0.819722
vt 0.495859 0.900660
vt 0.548936 0.724159
vt 0.548809 0.756654
vt 0.545609 0.694277
vt 0.544971 0.788584
vt 0.518771 0.615776
vt 0.530191 0.639826
vt 0.505103 0.593780
vt 0.539225 0.666051
vt 0.452413 0.538416
vt 0.471667 0.555132
vt 0.431786 0.523682
vt 0.489330 0.573625
vt 0.409778 0.511048
vt 0.228565 0.842480
vt 0.216628 0.833228
vt 0.240785 0.850193
vt 0.252665 0.856891
vt 0.264689 0.861361
vt 0.277723 0.864255
vt 0.291495 0.865397
vt 0.305406 0.865396
vt 0.319275 0.864531
vt 0.332801 0.862721
vt 0.346053 0.858613
vt 0.358755 0.853532
vt 0.370964 0.847259
vt 0.382470 0.839336
vt 0.392849 0.830084
vt 0.401821 0.818529
vt 0.409400 0.805436
vt 0.415586 0.790613
vt 0.420314 0.775446
vt 0.423549 0.760263
vt 0.424842 0.745000
vt 0.424403 0.728948
vt 0.421908 0.712142
vt 0.417612 0.695459
vt 0.411807 0.681203
vt 0.404129 0.670039
vt 0.395065 0.659167
vt 0.384941 0.648243
vt 0.374073 0.637392
vt 0.362887 0.627413
vt 0.351644 0.619789
vt 0.340210 0.613831
vt 0.328476 0.609334
vt 0.315919 0.605365
vt 0.302472 0.602906
vt 0.288414 0.602767
vt 0.273865 0.603700
vt 0.259526 0.606957
vt 0.245653 0.611222
vt 0.232268 0.617148
vt 0.219254 0.624693
vt 0.206834 0.633261
vt 0.195500 0.644822
vt 0.186024 0.657484
vt 0.177821 0.671706
vt 0.171073 0.686056
vt 0.166411 0.700827
vt 0.164341 0.715041
vt 0.164341 0.728970
vt 0.165693 0.743200
vt 0.168479 0.756753
vt 0.172707 0.770451
vt 0.178555 0.784461
vt 0.186000 0.797887
vt 0.195002 0.810535
vt 0.205311 0.822327
vt 0.211251 0.777976
vt 0.205662 0.768598
vt 0.217993 0.788028
vt 0.225784 0.797524
vt 0.234606 0.806504
vt 0.244269 0.814106
vt 0.254548 0.820925
vt 0.262795 0.829631
vt 0.270999 0.835426
vt 0.281269 0.836585
vt 0.292363 0.836396
vt 0.303695 0.835753
vt 0.314649 0.834672
vt 0.325266 0.832722
vt 0.335638 0.829627
vt 0.345978 0.825530
vt 0.356448 0.820867
vt 0.366255 0.817516
vt 0.374463 0.812467
vt 0.380304 0.804041
vt 0.385002 0.793377
vt 0.388842 0.781324
vt 0.391882 0.768711
vt 0.394160 0.756725
vt 0.395319 0.744086
vt 0.395139 0.730624
vt 0.393533 0.716395
vt 0.390792 0.702904
vt 0.386934 0.691222
vt 0.379836 0.682796
vt 0.371218 0.675158
vt 0.361841 0.666858
vt 0.352183 0.659211
vt 0.342690 0.651691
vt 0.333543 0.645720
vt 0.324629 0.640690
vt 0.315712 0.637059
vt 0.306383 0.633909
vt 0.296523 0.632175
vt 0.286170 0.631731
vt 0.275483 0.632615
vt 0.264857 0.634902
vt 0.254340 0.638324
vt 0.243765 0.642986
vt 0.232972 0.648588
vt 0.222350 0.654650
vt 0.213124 0.662068
vt 0.206865 0.672499
vt 0.200937 0.684529
vt 0.194990 0.696430
vt 0.190587 0.707334
vt 0.190694 0.717747
vt 0.192477 0.728326
vt 0.194672 0.739017
vt 0.197360 0.749343
vt 0.200972 0.759273
vt 0.363805 0.695334
vt 0.371884 0.698636
vt 0.354556 0.691099
vt 0.345182 0.686082
vt 0.336016 0.681005
vt 0.327759 0.675147
vt 0.320366 0.670057
vt 0.313542 0.665710
vt 0.306918 0.662222
vt 0.300350 0.659524
vt 0.293583 0.657776
vt 0.286382 0.657019
vt 0.278760 0.657301
vt 0.271087 0.658813
vt 0.263119 0.661334
vt 0.254509 0.665138
vt 0.244603 0.669360
vt 0.233966 0.672190
vt 0.225024 0.673410
vt 0.224288 0.682829
vt 0.220761 0.694060
vt 0.213961 0.704096
vt 0.206893 0.710510
vt 0.211952 0.716932
vt 0.217131 0.724792
vt 0.220676 0.733251
vt 0.223551 0.741321
vt 0.227104 0.748186
vt 0.231365 0.753583
vt 0.235729 0.760642
vt 0.240580 0.768603
vt 0.246076 0.776254
vt 0.252469 0.783229
vt 0.260471 0.789171
vt 0.271550 0.793490
vt 0.273930 0.808637
vt 0.276245 0.818262
vt 0.284412 0.814678
vt 0.294391 0.811962
vt 0.303412 0.810606
vt 0.311802 0.809462
vt 0.319942 0.807786
vt 0.328054 0.805274
vt 0.336671 0.801550
vt 0.347036 0.796473
vt 0.356794 0.801006
vt 0.363736 0.801785
vt 0.365008 0.795115
vt 0.366067 0.786515
vt 0.367009 0.775743
vt 0.368058 0.764383
vt 0.369497 0.753015
vt 0.370667 0.742457
vt 0.371137 0.731462
vt 0.370934 0.719648
vt 0.370832 0.707872
vt 0.331565 0.765481
vt 0.338629 0.778803
vt 0.329692 0.783945
vt 0.323735 0.773497
vt 0.323117 0.787658
vt 0.320318 0.778278
vt 0.311279 0.780905
vt 0.310866 0.791121
vt 0.304914 0.791374
vt 0.308347 0.778166
vt 0.297278 0.792400
vt 0.302893 0.774303
vt 0.316907 0.789670
vt 0.315633 0.778654
vt 0.288219 0.781921
vt 0.285891 0.797938
vt 0.350655 0.774765
vt 0.353528 0.786335
vt 0.348880 0.763010
vt 0.316927 0.765516
vt 0.315809 0.772390
vt 0.335614 0.741761
vt 0.333379 0.752615
vt 0.319264 0.754783
vt 0.322185 0.744302
vt 0.305827 0.760310
vt 0.309522 0.749291
vt 0.349746 0.751587
vt 0.351223 0.740981
vt 0.340400 0.720490
vt 0.337847 0.731623
vt 0.325088 0.734066
vt 0.328196 0.721330
vt 0.312126 0.739000
vt 0.314531 0.723871
vt 0.352534 0.731471
vt 0.353911 0.720487
vt 0.356756 0.707911
vt 0.345205 0.706266
vt 0.334712 0.704509
vt 0.324798 0.702022
vt 0.296699 0.701389
vt 0.301279 0.683966
vt 0.306100 0.687488
vt 0.299643 0.705597
vt 0.311304 0.691866
vt 0.303283 0.710362
vt 0.317274 0.696932
vt 0.307832 0.716177
vt 0.288540 0.760253
vt 0.281710 0.771472
vt 0.274345 0.769532
vt 0.286653 0.755811
vt 0.269147 0.764492
vt 0.284313 0.749767
vt 0.293172 0.766243
vt 0.297722 0.755183
vt 0.278843 0.737572
vt 0.261173 0.751869
vt 0.257776 0.745714
vt 0.276419 0.732384
vt 0.254225 0.740064
vt 0.274347 0.726378
vt 0.264886 0.758318
vt 0.281522 0.743475
vt 0.298983 0.746749
vt 0.298712 0.738200
vt 0.295815 0.731192
vt 0.292878 0.725167
vt 0.288859 0.714652
vt 0.290414 0.719932
vt 0.285255 0.690573
vt 0.282685 0.676629
vt 0.288134 0.677059
vt 0.289453 0.691274
vt 0.293054 0.678466
vt 0.292355 0.693686
vt 0.296987 0.680823
vt 0.294557 0.697230
vt 0.276769 0.677203
vt 0.270447 0.678581
vt 0.274699 0.688893
vt 0.279966 0.689917
vt 0.289659 0.708455
vt 0.289831 0.703182
vt 0.281160 0.715467
vt 0.283959 0.707321
vt 0.264598 0.726518
vt 0.271284 0.717706
vt 0.274271 0.707880
vt 0.256899 0.705143
vt 0.258760 0.718903
vt 0.257672 0.725706
vt 0.244618 0.732393
vt 0.248972 0.736623
vt 0.237628 0.717392
vt 0.242126 0.726019
vt 0.237738 0.700184
vt 0.227128 0.710740
vt 0.252454 0.687036
vt 0.238792 0.686700
vt 0.263144 0.682459
vt 0.269883 0.694833
vt 0.278754 0.699000
vt 0.285439 0.699921
vt 0.289209 0.699141
vt 0.356694 0.792802
vt 0.533237 0.611502
vt 0.541270 0.586914
vt 0.543705 0.593887
vt 0.536841 0.616606
vt 0.527067 0.597279
vt 0.535891 0.571639
vt 0.522183 0.610111
vt 0.528400 0.623303
vt 0.532088 0.627144
vt 0.494766 0.531230
vt 0.504885 0.506061
vt 0.517631 0.528719
vt 0.507297 0.554541
vt 0.479691 0.508241
vt 0.489562 0.483648
vt 0.473912 0.521443
vt 0.489414 0.544640
vt 0.502333 0.568103
vt 0.420196 0.445867
vt 0.430112 0.421633
vt 0.452394 0.441320
vt 0.442530 0.465336
vt 0.396416 0.428347
vt 0.405638 0.403868
vt 0.391488 0.441653
vt 0.415270 0.458961
vt 0.437548 0.478325
vt 0.308551 0.394277
vt 0.317803 0.369561
vt 0.349176 0.377599
vt 0.340427 0.402203
vt 0.274632 0.390384
vt 0.284039 0.365618
vt 0.269718 0.404191
vt 0.303330 0.407885
vt 0.335507 0.415653
vt 0.166931 0.404919
vt 0.176377 0.378230
vt 0.212273 0.369756
vt 0.202998 0.395846
vt 0.132716 0.417408
vt 0.142988 0.390544
vt 0.127754 0.431731
vt 0.162063 0.419297
vt 0.198338 0.410024
vt 0.058479 0.455089
vt 0.070104 0.429445
vt 0.088223 0.418428
vt 0.076343 0.445142
vt 0.051138 0.458400
vt 0.061929 0.434655
vt 0.047179 0.469653
vt 0.053961 0.467615
vt 0.071405 0.458611
vt 0.101935 0.431672
vt 0.113337 0.405181
vt 0.096837 0.445650
vt 0.239607 0.390965
vt 0.248325 0.365624
vt 0.234775 0.404843
vt 0.369163 0.413600
vt 0.378615 0.389152
vt 0.364262 0.427037
vt 0.462389 0.486113
vt 0.472134 0.461435
vt 0.456794 0.499200
vt 0.518403 0.577293
vt 0.528064 0.551461
vt 0.513479 0.590674
vt 0.083205 0.402224
vt 0.101586 0.390333
vt 0.074474 0.409379
vt 0.126310 0.376626
vt 0.154925 0.363305
vt 0.187229 0.352195
vt 0.221821 0.344587
vt 0.257181 0.340984
vt 0.292161 0.341491
vt 0.325752 0.345957
vt 0.357280 0.354052
vt 0.386909 0.365570
vt 0.414231 0.380115
vt 0.439143 0.397313
vt 0.461668 0.416137
vt 0.481676 0.436076
vt 0.499216 0.457342
vt 0.514356 0.479427
vt 0.526933 0.502001
vt 0.536842 0.524499
vt 0.544064 0.545164
vt 0.548700 0.561095
vt 0.550180 0.569740
vt 0.109870 0.374930
vt 0.092173 0.386978
vt 0.082938 0.395234
vt 0.161432 0.348782
vt 0.133465 0.361461
vt 0.226853 0.331475
vt 0.193059 0.338459
vt 0.296238 0.329077
vt 0.261643 0.328323
vt 0.361137 0.341897
vt 0.329606 0.333695
vt 0.418218 0.367691
vt 0.390816 0.353346
vt 0.466008 0.402797
vt 0.443273 0.384380
vt 0.503916 0.443439
vt 0.486239 0.422550
vt 0.531427 0.487582
vt 0.519004 0.465205
vt 0.548052 0.530433
vt 0.541129 0.509863
vt 0.553180 0.556453
vt 0.552094 0.546776
vt 0.540326 0.191090
vt 0.546720 0.167557
vt 0.531776 0.215383
vt 0.522530 0.239872
vt 0.512924 0.264644
vt 0.502483 0.289746
vt 0.490069 0.314297
vt 0.474834 0.332336
vt 0.547348 0.149312
vt 0.547437 0.136438
vt 0.549757 0.124414
vt 0.553892 0.112153
vt 0.466990 0.384300
vt 0.458354 0.373222
vt 0.455235 0.362701
vt 0.456338 0.353322
vt 0.462908 0.344386
vt 0.481576 0.399943
vt 0.550359 0.492079
vt 0.532135 0.471522
vt 0.514749 0.448428
vt 0.497959 0.423690
vt 0.560220 0.101508
vt 0.571910 0.093070
vt 0.590534 0.084190
vt 0.642205 0.063203
vt 0.671462 0.054538
vt 0.701525 0.048486
vt 0.614742 0.073596
vt 0.761327 0.045569
vt 0.790089 0.048650
vt 0.817487 0.054383
vt 0.865082 0.071763
vt 0.882759 0.081998
vt 0.893332 0.091286
vt 0.731675 0.045466
vt 0.842836 0.062289
vt 0.713688 0.568451
vt 0.698758 0.569020
vt 0.678742 0.565816
vt 0.633989 0.550309
vt 0.611589 0.538981
vt 0.590032 0.525569
vt 0.656674 0.559380
vt 0.569612 0.510006
vt 0.602418 0.622828
vt 0.620539 0.610063
vt 0.594345 0.629320
vt 0.954707 0.938305
vt 0.942710 0.960864
vt 0.936682 0.970527
vt 0.969277 0.910227
vt 0.642283 0.595833
vt 0.990031 0.837096
vt 0.986949 0.860943
vt 0.980564 0.884175
vt 0.986642 0.787539
vt 0.989981 0.812528
vt 0.970316 0.737250
vt 0.980086 0.762355
vt 0.942792 0.689242
vt 0.957755 0.712690
vt 0.907642 0.647656
vt 0.925955 0.667446
vt 0.867806 0.614553
vt 0.888157 0.630018
vt 0.825624 0.590208
vt 0.846821 0.601268
vt 0.783231 0.575048
vt 0.804405 0.581445
vt 0.740922 0.569448
vt 0.762042 0.571054
vt 0.699636 0.572861
vt 0.720017 0.570116
vt 0.662366 0.584594
vt 0.680475 0.577563
vt 0.661627 0.720249
vt 0.681993 0.722643
vt 0.681680 0.728747
vt 0.661187 0.726500
vt 0.655148 0.772161
vt 0.656013 0.766510
vt 0.676737 0.769109
vt 0.675907 0.774720
vt 0.666098 0.680243
vt 0.686961 0.682547
vt 0.704197 0.725586
vt 0.704583 0.731077
vt 0.701168 0.771221
vt 0.700274 0.776780
vt 0.711814 0.686557
vt 0.722732 0.729866
vt 0.723293 0.735617
vt 0.721413 0.768865
vt 0.720303 0.774259
vt 0.732342 0.695341
vt 0.634967 0.723759
vt 0.635059 0.717591
vt 0.628688 0.768414
vt 0.629736 0.762900
vt 0.639631 0.677255
vt 0.618777 0.721534
vt 0.618631 0.715366
vt 0.612407 0.767113
vt 0.613617 0.761602
vt 0.623205 0.675144
vt 0.741310 0.733791
vt 0.741681 0.737988
vt 0.743267 0.768268
vt 0.742850 0.773837
vt 0.755766 0.702398
vt 0.756234 0.735882
vt 0.754622 0.739685
vt 0.765356 0.759201
vt 0.765818 0.764905
vt 0.778231 0.720567
vt 0.761023 0.739104
vt 0.759040 0.740194
vt 0.769760 0.752821
vt 0.777137 0.752503
vt 0.781478 0.736374
vt 0.763124 0.740114
vt 0.763325 0.741843
vt 0.769958 0.744873
vt 0.775141 0.741366
vt 0.615304 0.871926
vt 0.629187 0.861360
vt 0.632537 0.865788
vt 0.617989 0.875913
vt 0.588145 0.850759
vt 0.583727 0.847645
vt 0.597358 0.831211
vt 0.601610 0.835022
vt 0.651235 0.902187
vt 0.630709 0.911308
vt 0.606276 0.884792
vt 0.603480 0.881062
vt 0.576636 0.865726
vt 0.572110 0.863018
vt 0.609904 0.917310
vt 0.600855 0.887319
vt 0.596508 0.885183
vt 0.574509 0.873078
vt 0.570094 0.870895
vt 0.601778 0.917218
vt 0.592459 0.892917
vt 0.591454 0.889469
vt 0.571148 0.882008
vt 0.565712 0.884113
vt 0.586572 0.915734
vt 0.588878 0.894035
vt 0.588364 0.891882
vt 0.573201 0.890094
vt 0.569178 0.894477
vt 0.579620 0.909258
vt 0.578084 0.900736
vt 0.578408 0.894923
vt 0.586778 0.893194
vt 0.586991 0.894278
vt 0.647931 0.847194
vt 0.651626 0.851988
vt 0.615533 0.812807
vt 0.619603 0.816985
vt 0.673958 0.888341
vt 0.668302 0.831124
vt 0.672156 0.836119
vt 0.635522 0.795170
vt 0.639541 0.799426
vt 0.696379 0.872752
vt 0.249810 0.118576
vt 0.250015 0.106219
vt 0.282402 0.105920
vt 0.282354 0.119662
vt 0.279853 0.133926
vt 0.244087 0.129688
vt 0.271377 0.149613
vt 0.230976 0.137172
vt 0.259807 0.161533
vt 0.215914 0.141017
vt 0.216920 0.105651
vt 0.227413 0.105572
vt 0.217171 0.087745
vt 0.230318 0.083436
vt 0.277247 0.086172
vt 0.242743 0.090527
vt 0.234548 0.068511
vt 0.257892 0.060713
vt 0.270243 0.071852
vt 0.233581 0.017089
vt 0.231914 0.047591
vt 0.217085 0.045802
vt 0.223777 0.015098
vt 0.213753 0.078581
vt 0.192149 0.044151
vt 0.191521 0.078977
vt 0.176059 0.044834
vt 0.178377 0.013621
vt 0.187726 0.012576
vt 0.174772 0.085963
vt 0.152689 0.057735
vt 0.189351 0.124443
vt 0.177400 0.127358
vt 0.161610 0.095065
vt 0.139043 0.068136
vt 0.130581 0.079041
vt 0.155557 0.103111
vt 0.119720 0.106417
vt 0.124637 0.090049
vt 0.147602 0.114462
vt 0.147348 0.114896
vt 0.192498 0.148136
vt 0.177943 0.151977
vt 0.194358 0.190244
vt 0.218719 0.181863
vt 0.206969 0.145134
vt 0.233035 0.178277
vt 0.180875 0.196199
vt 0.159981 0.164799
vt 0.181501 0.232796
vt 0.194867 0.239909
vt 0.177704 0.270301
vt 0.192674 0.271114
vt 0.186414 0.301814
vt 0.176426 0.301180
vt 0.158670 0.258132
vt 0.170529 0.228933
vt 0.144214 0.243498
vt 0.166473 0.219785
vt 0.136734 0.228413
vt 0.166874 0.211413
vt 0.134494 0.209177
vt 0.168567 0.206372
vt 0.172220 0.201570
vt 0.145214 0.179248
vt 0.170854 0.202985
vt 0.136702 0.195922
vt 0.219325 0.241925
vt 0.217772 0.274217
vt 0.231244 0.275062
vt 0.234202 0.234612
vt 0.219241 0.306197
vt 0.228778 0.306691
vt 0.249934 0.265433
vt 0.247375 0.225300
vt 0.267084 0.253811
vt 0.251299 0.218868
vt 0.279953 0.236367
vt 0.252942 0.215075
vt 0.283221 0.222240
vt 0.253267 0.214330
vt 0.123556 0.325759
vt 0.100608 0.326722
vt 0.100128 0.316868
vt 0.123220 0.315924
vt 0.123998 0.335562
vt 0.100978 0.336513
vt 0.040228 0.275108
vt 0.016395 0.275362
vt 0.016653 0.261134
vt 0.039580 0.260759
vt 0.124298 0.342823
vt 0.101279 0.343777
vt 0.016306 0.243358
vt 0.039446 0.243061
vt 0.016154 0.226945
vt 0.039150 0.226624
vt 0.122342 0.295602
vt 0.099322 0.296556
vt 0.098712 0.281849
vt 0.121732 0.280894
vt 0.122610 0.302081
vt 0.099590 0.303037
vt 0.085102 0.145441
vt 0.062142 0.144840
vt 0.062247 0.139553
vt 0.085279 0.140168
vt 0.062598 0.126420
vt 0.085629 0.127034
vt 0.040538 0.478403
vt 0.017373 0.478397
vt 0.017453 0.449939
vt 0.040472 0.449943
vt 0.040454 0.523219
vt 0.017425 0.523210
vt 0.017438 0.493533
vt 0.040464 0.493541
vt 0.040375 0.544685
vt 0.017486 0.544690
vt 0.063595 0.090366
vt 0.086554 0.090963
vt 0.040440 0.560575
vt 0.017406 0.560559
vt 0.040460 0.573537
vt 0.017373 0.573509
vt 0.040356 0.660771
vt 0.017367 0.660777
vt 0.017354 0.652820
vt 0.040380 0.652853
vt 0.040353 0.714078
vt 0.017280 0.714058
vt 0.017299 0.694769
vt 0.040368 0.694785
vt 0.055434 0.291285
vt 0.078616 0.291334
vt 0.078514 0.306097
vt 0.055474 0.306048
vt 0.083579 0.205260
vt 0.060476 0.204644
vt 0.060708 0.195938
vt 0.083811 0.196554
vt 0.040375 0.731988
vt 0.017226 0.731959
vt 0.069986 0.037421
vt 0.081530 0.038025
vt 0.080267 0.061409
vt 0.057259 0.060206
vt 0.058447 0.036817
vt 0.040156 0.902791
vt 0.017115 0.902770
vt 0.017132 0.886139
vt 0.040170 0.886160
vt 0.040202 0.932571
vt 0.017015 0.932551
vt 0.080009 0.065660
vt 0.057072 0.064460
vt 0.040306 0.855474
vt 0.017055 0.855452
vt 0.017111 0.836550
vt 0.040286 0.836569
vt 0.017133 0.816608
vt 0.040304 0.816634
vt 0.082083 0.026709
vt 0.059075 0.025485
vt 0.059483 0.019067
vt 0.082349 0.020244
vt 0.070135 0.034577
vt 0.081614 0.035055
vt 0.040309 0.769118
vt 0.017222 0.769096
vt 0.017241 0.751301
vt 0.040323 0.751319
vt 0.070208 0.033194
vt 0.081746 0.033822
vt 0.058670 0.032482
vt 0.058863 0.029550
vt 0.081872 0.030732
vt 0.040118 0.947516
vt 0.017074 0.947496
vt 0.040045 0.992570
vt 0.017070 0.992550
vt 0.017012 0.976811
vt 0.040129 0.976831
vt 0.036633 0.041008
vt 0.013570 0.041326
vt 0.013256 0.010800
vt 0.036105 0.010485
vt 0.038234 0.157119
vt 0.015168 0.157385
vt 0.015157 0.153964
vt 0.038150 0.153648
vt 0.015145 0.150485
vt 0.038066 0.150169
vt 0.351487 0.111801
vt 0.319001 0.112006
vt 0.319368 0.098271
vt 0.351608 0.099482
vt 0.321111 0.126321
vt 0.356900 0.123027
vt 0.329160 0.142200
vt 0.369783 0.130820
vt 0.340397 0.154392
vt 0.384702 0.135029
vt 0.384586 0.099663
vt 0.374129 0.099406
vt 0.384768 0.081898
vt 0.371784 0.077291
vt 0.325057 0.078891
vt 0.359250 0.084041
vt 0.367935 0.062349
vt 0.345183 0.053951
vt 0.331128 0.068640
vt 0.385794 0.040151
vt 0.370994 0.041617
vt 0.369978 0.011221
vt 0.379780 0.009445
vt 0.388385 0.072854
vt 0.410661 0.039053
vt 0.410518 0.073754
vt 0.426671 0.040087
vt 0.425048 0.008954
vt 0.415761 0.007708
vt 0.427056 0.081093
vt 0.449667 0.053446
vt 0.411614 0.119309
vt 0.423502 0.122160
vt 0.440027 0.090475
vt 0.463033 0.064098
vt 0.471211 0.075114
vt 0.446162 0.098944
vt 0.454376 0.110773
vt 0.476890 0.086202
vt 0.481438 0.102724
vt 0.454474 0.110984
vt 0.407895 0.142726
vt 0.422331 0.146924
vt 0.404950 0.184719
vt 0.380858 0.175724
vt 0.366623 0.171769
vt 0.393523 0.139364
vt 0.418256 0.191028
vt 0.439953 0.160201
vt 0.416607 0.227567
vt 0.403042 0.234276
vt 0.419274 0.265254
vt 0.404235 0.265612
vt 0.409564 0.296600
vt 0.419604 0.296272
vt 0.438716 0.253627
vt 0.427692 0.224031
vt 0.453625 0.239379
vt 0.432008 0.214992
vt 0.461542 0.224474
vt 0.431835 0.206595
vt 0.464306 0.205262
vt 0.430285 0.201493
vt 0.426744 0.196613
vt 0.454346 0.175026
vt 0.428067 0.198057
vt 0.462442 0.191923
vt 0.378588 0.235481
vt 0.378943 0.267886
vt 0.365351 0.268251
vt 0.364036 0.227679
vt 0.376337 0.300056
vt 0.366706 0.300220
vt 0.346881 0.257808
vt 0.351387 0.217602
vt 0.330124 0.245342
vt 0.347745 0.210862
vt 0.317952 0.227157
vt 0.346290 0.206995
vt 0.315319 0.212741
vt 0.345973 0.206170
vt 0.040408 0.288505
vt 0.016576 0.288797
vt 0.120752 0.257276
vt 0.097732 0.258231
vt 0.084693 0.160805
vt 0.083974 0.190456
vt 0.060871 0.189840
vt 0.061733 0.160200
vt 0.040366 0.308247
vt 0.017150 0.308574
vt 0.040496 0.323590
vt 0.040434 0.339894
vt 0.017497 0.339897
vt 0.017397 0.320410
vt 0.040474 0.391570
vt 0.040474 0.407569
vt 0.017461 0.407567
vt 0.017462 0.391569
vt 0.040507 0.363022
vt 0.017427 0.363023
vt 0.040437 0.435686
vt 0.017492 0.435683
vt 0.040427 0.666460
vt 0.017289 0.666441
vt 0.040492 0.604599
vt 0.040330 0.638555
vt 0.017425 0.638541
vt 0.017305 0.604586
vt 0.040475 0.585082
vt 0.017346 0.585068
vt 0.040353 0.641202
vt 0.017399 0.641170
vt 0.083056 0.222197
vt 0.060096 0.221601
vt 0.038795 0.200658
vt 0.015800 0.200973
vt 0.055429 0.344223
vt 0.078397 0.344272
vt 0.082750 0.013271
vt 0.059813 0.012072
vt 0.040282 0.800246
vt 0.017187 0.800227
vt 0.040298 0.781852
vt 0.017208 0.781829
vt 0.058663 0.034036
vt 0.055364 0.358075
vt 0.078403 0.358124
vt 0.036863 0.057730
vt 0.013801 0.058044
vt 0.038238 0.162607
vt 0.038312 0.164647
vt 0.015300 0.164962
vt 0.015315 0.162964
vt 0.037093 0.076987
vt 0.014102 0.077302
vt 0.037304 0.097473
vt 0.014456 0.097799
vt 0.037614 0.114784
vt 0.014623 0.115100
vt 0.038402 0.166804
vt 0.015271 0.167121
vt 0.055597 0.248462
vt 0.078636 0.248511
vt 0.245417 0.117484
vt 0.245490 0.107173
vt 0.286836 0.105344
vt 0.286859 0.120031
vt 0.240794 0.126560
vt 0.284068 0.135445
vt 0.234428 0.130413
vt 0.275034 0.152277
vt 0.262694 0.165086
vt 0.231876 0.105608
vt 0.211452 0.138010
vt 0.212366 0.105522
vt 0.233686 0.090168
vt 0.212524 0.088648
vt 0.281543 0.084560
vt 0.239321 0.093664
vt 0.260584 0.056820
vt 0.273949 0.069251
vt 0.220518 0.010248
vt 0.237981 0.013329
vt 0.236903 0.044666
vt 0.213239 0.040686
vt 0.196439 0.039356
vt 0.210595 0.083318
vt 0.195855 0.083403
vt 0.174434 0.009446
vt 0.191330 0.007996
vt 0.171491 0.041873
vt 0.150078 0.053736
vt 0.172623 0.127463
vt 0.170436 0.094860
vt 0.194040 0.124335
vt 0.135722 0.064786
vt 0.165067 0.098669
vt 0.126604 0.076428
vt 0.159475 0.106091
vt 0.149352 0.120458
vt 0.114438 0.109271
vt 0.120175 0.088219
vt 0.151553 0.117699
vt 0.173125 0.149538
vt 0.196297 0.142754
vt 0.214580 0.187748
vt 0.199157 0.193630
vt 0.205460 0.140684
vt 0.156948 0.161225
vt 0.177385 0.227203
vt 0.177182 0.203103
vt 0.199376 0.235558
vt 0.189557 0.306355
vt 0.172287 0.304813
vt 0.173018 0.272786
vt 0.196306 0.276238
vt 0.173689 0.225543
vt 0.155785 0.261675
vt 0.170925 0.218970
vt 0.140439 0.246166
vt 0.171210 0.212222
vt 0.132267 0.229748
vt 0.172471 0.208295
vt 0.129681 0.209046
vt 0.141437 0.176468
vt 0.174964 0.204842
vt 0.132165 0.194410
vt 0.174119 0.205680
vt 0.213181 0.278656
vt 0.214771 0.237163
vt 0.232600 0.310983
vt 0.215310 0.310541
vt 0.235725 0.278096
vt 0.252357 0.269477
vt 0.243747 0.221934
vt 0.237355 0.228231
vt 0.241585 0.223209
vt 0.270410 0.257224
vt 0.247062 0.216592
vt 0.284387 0.238309
vt 0.248800 0.212873
vt 0.251108 0.209087
vt 0.288303 0.219119
vt 0.238198 0.180901
vt 0.239125 0.221949
vt 0.357115 0.215890
vt 0.359657 0.214739
vt 0.356094 0.100535
vt 0.355896 0.110841
vt 0.360261 0.119991
vt 0.316840 0.127661
vt 0.314489 0.112322
vt 0.366510 0.123995
vt 0.325452 0.144779
vt 0.337420 0.157856
vt 0.369681 0.099329
vt 0.368268 0.083908
vt 0.362577 0.087248
vt 0.391421 0.077642
vt 0.389373 0.082918
vt 0.406095 0.078065
vt 0.406494 0.034184
vt 0.412274 0.003069
vt 0.429066 0.004883
vt 0.431286 0.037238
vt 0.452369 0.049530
vt 0.406949 0.118909
vt 0.466407 0.060831
vt 0.475223 0.072600
vt 0.441899 0.101662
vt 0.436444 0.093995
vt 0.428255 0.122579
vt 0.427207 0.144609
vt 0.400068 0.187968
vt 0.384822 0.181697
vt 0.395141 0.134959
vt 0.404239 0.137257
vt 0.443070 0.156700
vt 0.421763 0.198019
vt 0.420882 0.222097
vt 0.423645 0.300044
vt 0.406270 0.301059
vt 0.400428 0.270635
vt 0.424628 0.220550
vt 0.441501 0.257265
vt 0.423897 0.267888
vt 0.457335 0.242158
vt 0.427577 0.214036
vt 0.427463 0.207314
vt 0.458197 0.172343
vt 0.467023 0.190526
vt 0.426283 0.203294
vt 0.424843 0.200757
vt 0.383408 0.272505
vt 0.380148 0.304573
vt 0.362701 0.304415
vt 0.360720 0.271143
vt 0.350566 0.204907
vt 0.352126 0.208701
vt 0.348409 0.200965
vt 0.314930 0.097575
vt 0.389128 0.099737
vt 0.389228 0.132142
vt 0.320899 0.077046
vt 0.327524 0.065683
vt 0.342428 0.050139
vt 0.383127 0.004685
vt 0.389732 0.035141
vt 0.366091 0.038605
vt 0.365677 0.007385
vt 0.431181 0.090073
vt 0.452084 0.117035
vt 0.449698 0.114178
vt 0.481370 0.084480
vt 0.486646 0.105562
vt 0.398673 0.229797
vt 0.465981 0.225938
vt 0.469133 0.205258
vt 0.423810 0.199686
vt 0.383253 0.230878
vt 0.355301 0.214380
vt 0.344273 0.261787
vt 0.326617 0.248634
vt 0.313382 0.228897
vt 0.310333 0.209347
vt 0.361444 0.174254
vt 0.314391 0.186471
vt 0.305667 0.193903
vt 0.294539 0.191162
vt 0.302119 0.178890
vt 0.287106 0.182438
vt 0.289847 0.171310
vt 0.298571 0.163877
vt 0.309700 0.166618
vt 0.317133 0.175342
vt 0.314589 0.158702
vt 0.326440 0.173142
vt 0.296372 0.154570
vt 0.281931 0.166420
vt 0.322307 0.191360
vt 0.307867 0.203211
vt 0.289649 0.199078
vt 0.277799 0.184637
vt 0.536786 0.102242
vt 0.528062 0.109675
vt 0.516933 0.106934
vt 0.524513 0.094662
vt 0.509500 0.098210
vt 0.512241 0.087081
vt 0.520965 0.079648
vt 0.532094 0.082390
vt 0.539527 0.091114
vt 0.536983 0.074474
vt 0.548834 0.088914
vt 0.518766 0.070342
vt 0.504325 0.082192
vt 0.544701 0.107132
vt 0.530261 0.118982
vt 0.512043 0.114850
vt 0.500193 0.100409
vt 0.981944 0.041855
vt 0.973220 0.049288
vt 0.962091 0.046547
vt 0.969672 0.034275
vt 0.954658 0.037823
vt 0.957400 0.026695
vt 0.966124 0.019262
vt 0.977252 0.022003
vt 0.984685 0.030727
vt 0.982142 0.014087
vt 0.993992 0.028528
vt 0.963924 0.009954
vt 0.949484 0.021805
vt 0.989859 0.046745
vt 0.975419 0.058595
vt 0.957202 0.054463
vt 0.945351 0.040023
vt 0.591494 0.966503
vt 0.582770 0.973936
vt 0.571641 0.971194
vt 0.579222 0.958922
vt 0.564209 0.962470
vt 0.566950 0.951342
vt 0.575674 0.943909
vt 0.586802 0.946650
vt 0.594235 0.955374
vt 0.591692 0.938734
vt 0.603542 0.953175
vt 0.573474 0.934602
vt 0.559034 0.946452
vt 0.599410 0.971393
vt 0.584969 0.983243
vt 0.566752 0.979110
vt 0.554901 0.964670
vt 0.580657 0.628158
vt 0.571933 0.635591
vt 0.560805 0.632850
vt 0.568385 0.620578
vt 0.553372 0.624126
vt 0.556113 0.612997
vt 0.564837 0.605564
vt 0.575966 0.608305
vt 0.583399 0.617030
vt 0.580855 0.600390
vt 0.592706 0.614830
vt 0.562638 0.596257
vt 0.548197 0.608108
vt 0.588573 0.633048
vt 0.574133 0.644898
vt 0.555915 0.640765
vt 0.544065 0.626325
vt 0.145294 0.556687
vt 0.136570 0.564119
vt 0.125441 0.561378
vt 0.133021 0.549106
vt 0.118008 0.552654
vt 0.120749 0.541526
vt 0.129473 0.534093
vt 0.140602 0.536834
vt 0.148035 0.545558
vt 0.145491 0.528918
vt 0.157342 0.543359
vt 0.127274 0.524786
vt 0.112833 0.536636
vt 0.153209 0.561576
vt 0.138769 0.573426
vt 0.120552 0.569294
vt 0.108701 0.554854
vt 0.591731 0.049173
vt 0.583007 0.056606
vt 0.571878 0.053864
vt 0.579459 0.041592
vt 0.564445 0.045140
vt 0.567187 0.034012
vt 0.575910 0.026579
vt 0.587039 0.029320
vt 0.594472 0.038044
vt 0.591928 0.021404
vt 0.603779 0.035844
vt 0.573711 0.017272
vt 0.559271 0.029122
vt 0.599647 0.054062
vt 0.585206 0.065913
vt 0.566988 0.061780
vt 0.555138 0.047339
vt 0.919651 0.605445
vt 0.910927 0.612878
vt 0.899798 0.610137
vt 0.907378 0.597865
vt 0.892365 0.601413
vt 0.895106 0.590284
vt 0.903830 0.582851
vt 0.914959 0.585593
vt 0.922392 0.594317
vt 0.919848 0.577677
vt 0.931699 0.592117
vt 0.901631 0.573544
vt 0.887191 0.585395
vt 0.927567 0.610335
vt 0.913126 0.622185
vt 0.894908 0.618053
vt 0.883058 0.603612
vt 0.975111 0.099362
vt 0.966387 0.106795
vt 0.955258 0.104053
vt 0.962839 0.091781
vt 0.947825 0.095329
vt 0.950567 0.084201
vt 0.959291 0.076768
vt 0.970419 0.079509
vt 0.977852 0.088233
vt 0.975309 0.071593
vt 0.987159 0.086034
vt 0.957091 0.067461
vt 0.942651 0.079311
vt 0.983027 0.104251
vt 0.968586 0.116102
vt 0.950369 0.111970
vt 0.938518 0.097529
vt 0.926999 0.041855
vt 0.918275 0.049288
vt 0.907146 0.046547
vt 0.914726 0.034275
vt 0.899713 0.037823
vt 0.902454 0.026694
vt 0.911178 0.019261
vt 0.922307 0.022003
vt 0.929740 0.030727
vt 0.927196 0.014087
vt 0.939047 0.028527
vt 0.908979 0.009955
vt 0.894539 0.021805
vt 0.934915 0.046745
vt 0.920474 0.058595
vt 0.902256 0.054463
vt 0.890406 0.040022
vt 0.980161 0.157193
vt 0.971437 0.164626
vt 0.960309 0.161885
vt 0.967889 0.149613
vt 0.952876 0.153161
vt 0.955617 0.142033
vt 0.964341 0.134599
vt 0.975470 0.137341
vt 0.982903 0.146065
vt 0.980359 0.129425
vt 0.992210 0.143865
vt 0.962142 0.125292
vt 0.947701 0.137143
vt 0.988077 0.162083
vt 0.973637 0.173933
vt 0.955419 0.169801
vt 0.943569 0.155361
vt 0.311880 0.290192
vt 0.303156 0.297625
vt 0.292028 0.294884
vt 0.299608 0.282612
vt 0.284595 0.286160
vt 0.287336 0.275031
vt 0.296060 0.267598
vt 0.307189 0.270340
vt 0.314622 0.279064
vt 0.312078 0.262424
vt 0.323929 0.276864
vt 0.293861 0.258291
vt 0.279420 0.270142
vt 0.319796 0.295082
vt 0.305356 0.306932
vt 0.287138 0.302800
vt 0.275288 0.288359
vt 0.536549 0.966503
vt 0.527825 0.973936
vt 0.516696 0.971195
vt 0.524277 0.958923
vt 0.509263 0.962471
vt 0.512004 0.951342
vt 0.520729 0.943909
vt 0.531857 0.946651
vt 0.539290 0.955375
vt 0.536747 0.938735
vt 0.548597 0.953176
vt 0.518529 0.934602
vt 0.504088 0.946453
vt 0.544464 0.971393
vt 0.530024 0.983243
vt 0.511807 0.979111
vt 0.499956 0.964671
vt 0.646440 0.966503
vt 0.637716 0.973936
vt 0.626587 0.971194
vt 0.634167 0.958922
vt 0.619154 0.962470
vt 0.621895 0.951342
vt 0.630619 0.943909
vt 0.641748 0.946650
vt 0.649181 0.955374
vt 0.646637 0.938734
vt 0.658488 0.953175
vt 0.628420 0.934602
vt 0.613980 0.946452
vt 0.654355 0.971393
vt 0.639915 0.983243
vt 0.621697 0.979110
vt 0.609847 0.964670
vt 0.728361 0.915238
vt 0.719637 0.922671
vt 0.708508 0.919930
vt 0.716089 0.907658
vt 0.701075 0.911206
vt 0.703817 0.900077
vt 0.712541 0.892644
vt 0.723669 0.895386
vt 0.731102 0.904110
vt 0.728559 0.887470
vt 0.740409 0.901910
vt 0.710341 0.883337
vt 0.695901 0.895188
vt 0.736277 0.920128
vt 0.721836 0.931978
vt 0.703619 0.927846
vt 0.691769 0.913406
vt 0.316830 0.036556
vt 0.308106 0.043989
vt 0.296978 0.041248
vt 0.304558 0.028976
vt 0.289545 0.032524
vt 0.292286 0.021395
vt 0.301010 0.013962
vt 0.312138 0.016703
vt 0.319571 0.025428
vt 0.317028 0.008788
vt 0.328879 0.023228
vt 0.298810 0.004655
vt 0.284370 0.016506
vt 0.324746 0.041446
vt 0.310306 0.053296
vt 0.292088 0.049164
vt 0.280238 0.034723
vt 0.599436 0.692371
vt 0.590712 0.699804
vt 0.579584 0.697063
vt 0.587164 0.684791
vt 0.572151 0.688339
vt 0.574892 0.677210
vt 0.583616 0.669777
vt 0.594745 0.672518
vt 0.602178 0.681243
vt 0.599634 0.664602
vt 0.611485 0.679043
vt 0.581417 0.660470
vt 0.566976 0.672321
vt 0.607352 0.697261
vt 0.592912 0.709111
vt 0.574694 0.704978
vt 0.562844 0.690538
vt 0.861465 0.859755
vt 0.852741 0.867188
vt 0.841613 0.864447
vt 0.849193 0.852175
vt 0.834180 0.855723
vt 0.836921 0.844594
vt 0.845645 0.837161
vt 0.856774 0.839903
vt 0.864207 0.848627
vt 0.861663 0.831987
vt 0.873514 0.846427
vt 0.843446 0.827854
vt 0.829005 0.839705
vt 0.869381 0.864645
vt 0.854941 0.876495
vt 0.836723 0.872363
vt 0.824873 0.857922
vt 0.751575 0.859755
vt 0.742851 0.867188
vt 0.731722 0.864447
vt 0.739303 0.852175
vt 0.724289 0.855723
vt 0.727031 0.844594
vt 0.735755 0.837161
vt 0.746883 0.839903
vt 0.754316 0.848627
vt 0.751773 0.831987
vt 0.763623 0.846427
vt 0.733555 0.827854
vt 0.719115 0.839705
vt 0.759491 0.864645
vt 0.745050 0.876495
vt 0.726832 0.872363
vt 0.714982 0.857922
vt 0.974596 0.605445
vt 0.965872 0.612878
vt 0.954743 0.610137
vt 0.962324 0.597865
vt 0.947310 0.601413
vt 0.950052 0.590284
vt 0.958776 0.582851
vt 0.969904 0.585592
vt 0.977337 0.594316
vt 0.974794 0.577677
vt 0.986644 0.592117
vt 0.956576 0.573544
vt 0.942136 0.585394
vt 0.982512 0.610335
vt 0.968071 0.622185
vt 0.949854 0.618052
vt 0.938003 0.603612
vt 0.145294 0.501741
vt 0.136570 0.509174
vt 0.125441 0.506433
vt 0.133022 0.494160
vt 0.118008 0.497708
vt 0.120750 0.486580
vt 0.129473 0.479147
vt 0.140602 0.481888
vt 0.148035 0.490612
vt 0.145491 0.473972
vt 0.157342 0.488413
vt 0.127274 0.469840
vt 0.112834 0.481690
vt 0.153210 0.506630
vt 0.138769 0.518481
vt 0.120551 0.514348
vt 0.108701 0.499908
vt 0.513336 0.162130
vt 0.504611 0.169563
vt 0.493483 0.166822
vt 0.501063 0.154550
vt 0.486050 0.158098
vt 0.488791 0.146969
vt 0.497515 0.139536
vt 0.508644 0.142278
vt 0.516077 0.151002
vt 0.513533 0.134362
vt 0.525384 0.148802
vt 0.495316 0.130230
vt 0.480876 0.142080
vt 0.521251 0.167020
vt 0.506811 0.178870
vt 0.488593 0.174738
vt 0.476743 0.160297
vt 0.701385 0.966503
vt 0.692661 0.973936
vt 0.681532 0.971195
vt 0.689113 0.958922
vt 0.674099 0.962470
vt 0.676841 0.951342
vt 0.685565 0.943909
vt 0.696693 0.946650
vt 0.704126 0.955374
vt 0.701583 0.938734
vt 0.713433 0.953175
vt 0.683365 0.934602
vt 0.668925 0.946452
vt 0.709301 0.971393
vt 0.694860 0.983243
vt 0.676643 0.979110
vt 0.664792 0.964670
vt 0.811276 0.966503
vt 0.802552 0.973936
vt 0.791423 0.971195
vt 0.799004 0.958923
vt 0.783990 0.962471
vt 0.786731 0.951342
vt 0.795456 0.943909
vt 0.806584 0.946650
vt 0.814017 0.955375
vt 0.811474 0.938735
vt 0.823324 0.953175
vt 0.793256 0.934602
vt 0.778816 0.946452
vt 0.819191 0.971393
vt 0.804751 0.983243
vt 0.786534 0.979111
vt 0.774683 0.964670
vt 0.208393 0.475027
vt 0.199669 0.482460
vt 0.188540 0.479719
vt 0.196121 0.467446
vt 0.181107 0.470995
vt 0.183848 0.459866
vt 0.192573 0.452433
vt 0.203701 0.455174
vt 0.211134 0.463899
vt 0.208591 0.447258
vt 0.220441 0.461699
vt 0.190373 0.443126
vt 0.175932 0.454976
vt 0.216308 0.479917
vt 0.201868 0.491767
vt 0.183651 0.487634
vt 0.171800 0.473194
vt 0.094241 0.952163
vt 0.085517 0.959595
vt 0.074388 0.956854
vt 0.081969 0.944582
vt 0.066955 0.948130
vt 0.069696 0.937002
vt 0.078421 0.929569
vt 0.089549 0.932310
vt 0.096982 0.941034
vt 0.094439 0.924394
vt 0.106289 0.938835
vt 0.076221 0.920262
vt 0.061781 0.932112
vt 0.102156 0.957052
vt 0.087716 0.968902
vt 0.069499 0.964770
vt 0.057648 0.950330
vt 0.528343 0.036041
vt 0.519619 0.043474
vt 0.508491 0.040733
vt 0.516071 0.028460
vt 0.501058 0.032008
vt 0.503799 0.020880
vt 0.512523 0.013447
vt 0.523652 0.016188
vt 0.531085 0.024912
vt 0.528541 0.008272
vt 0.540392 0.022713
vt 0.510324 0.004140
vt 0.495883 0.015990
vt 0.536259 0.040930
vt 0.521819 0.052781
vt 0.503601 0.048648
vt 0.491751 0.034208
vt 0.872053 0.041856
vt 0.863329 0.049289
vt 0.852201 0.046547
vt 0.859781 0.034275
vt 0.844768 0.037823
vt 0.847509 0.026695
vt 0.856233 0.019262
vt 0.867361 0.022003
vt 0.874794 0.030727
vt 0.872251 0.014087
vt 0.884101 0.028528
vt 0.854033 0.009955
vt 0.839593 0.021805
vt 0.879969 0.046745
vt 0.865529 0.058595
vt 0.847311 0.054463
vt 0.835461 0.040023
vt 0.604253 0.574087
vt 0.595529 0.581520
vt 0.584400 0.578779
vt 0.591981 0.566507
vt 0.576967 0.570055
vt 0.579709 0.558926
vt 0.588433 0.551493
vt 0.599561 0.554235
vt 0.606994 0.562959
vt 0.604451 0.546319
vt 0.616301 0.560759
vt 0.586233 0.542186
vt 0.571793 0.554037
vt 0.612169 0.578977
vt 0.597728 0.590827
vt 0.579511 0.586695
vt 0.567660 0.572254
vt 0.980399 0.670439
vt 0.971675 0.677872
vt 0.960547 0.675131
vt 0.968127 0.662859
vt 0.953114 0.666407
vt 0.955855 0.655278
vt 0.964579 0.647845
vt 0.975708 0.650587
vt 0.983141 0.659311
vt 0.980597 0.642671
vt 0.992448 0.657111
vt 0.962380 0.638538
vt 0.947939 0.650389
vt 0.988315 0.675329
vt 0.973875 0.687179
vt 0.955657 0.683047
vt 0.943807 0.668607
vt 0.893197 0.915238
vt 0.884473 0.922671
vt 0.873345 0.919930
vt 0.880925 0.907658
vt 0.865912 0.911205
vt 0.868653 0.900077
vt 0.877377 0.892644
vt 0.888506 0.895385
vt 0.895938 0.904109
vt 0.893395 0.887470
vt 0.905246 0.901910
vt 0.875178 0.883337
vt 0.860737 0.895187
vt 0.901113 0.920128
vt 0.886673 0.931978
vt 0.868455 0.927845
vt 0.856605 0.913405
vt 0.756330 0.966503
vt 0.747606 0.973936
vt 0.736478 0.971195
vt 0.744058 0.958922
vt 0.729045 0.962471
vt 0.731786 0.951342
vt 0.740510 0.943909
vt 0.751639 0.946650
vt 0.759072 0.955374
vt 0.756528 0.938734
vt 0.768379 0.953175
vt 0.738311 0.934602
vt 0.723870 0.946452
vt 0.764246 0.971392
vt 0.749806 0.983243
vt 0.731588 0.979111
vt 0.719738 0.964670
vt 0.806520 0.859755
vt 0.797796 0.867188
vt 0.786668 0.864447
vt 0.794248 0.852175
vt 0.779235 0.855723
vt 0.781976 0.844594
vt 0.790700 0.837161
vt 0.801828 0.839902
vt 0.809261 0.848627
vt 0.806718 0.831987
vt 0.818568 0.846427
vt 0.788500 0.827854
vt 0.774060 0.839705
vt 0.814436 0.864645
vt 0.799996 0.876495
vt 0.781778 0.872363
vt 0.769927 0.857922
vt 0.443576 0.338896
vt 0.434852 0.346329
vt 0.423724 0.343588
vt 0.431304 0.331316
vt 0.416291 0.334864
vt 0.419032 0.323735
vt 0.427756 0.316302
vt 0.438884 0.319044
vt 0.446317 0.327768
vt 0.443774 0.311128
vt 0.455624 0.325568
vt 0.425556 0.306996
vt 0.411116 0.318846
vt 0.451492 0.343786
vt 0.437051 0.355636
vt 0.418834 0.351504
vt 0.406984 0.337063
vt 0.974596 0.550500
vt 0.965872 0.557933
vt 0.954743 0.555192
vt 0.962324 0.542919
vt 0.947310 0.546467
vt 0.950052 0.535339
vt 0.958776 0.527906
vt 0.969904 0.530647
vt 0.977337 0.539371
vt 0.974794 0.522731
vt 0.986644 0.537172
vt 0.956576 0.518599
vt 0.942136 0.530449
vt 0.982512 0.555390
vt 0.968071 0.567240
vt 0.949854 0.563107
vt 0.938003 0.548667
vt 0.090348 0.556686
vt 0.081624 0.564119
vt 0.070496 0.561378
vt 0.078076 0.549106
vt 0.063063 0.552654
vt 0.065804 0.541525
vt 0.074528 0.534093
vt 0.085656 0.536834
vt 0.093089 0.545558
vt 0.090546 0.528918
vt 0.102396 0.543358
vt 0.072328 0.524786
vt 0.057888 0.536636
vt 0.098264 0.561576
vt 0.083824 0.573426
vt 0.065606 0.569294
vt 0.053756 0.554853
vt 0.783306 0.915238
vt 0.774582 0.922671
vt 0.763454 0.919930
vt 0.771034 0.907658
vt 0.756021 0.911206
vt 0.758762 0.900077
vt 0.767486 0.892644
vt 0.778615 0.895386
vt 0.786048 0.904110
vt 0.783504 0.887470
vt 0.795355 0.901910
vt 0.765287 0.883337
vt 0.750846 0.895187
vt 0.791222 0.920128
vt 0.776782 0.931978
vt 0.758564 0.927846
vt 0.746714 0.913405
vt 0.090348 0.501741
vt 0.081624 0.509174
vt 0.070496 0.506433
vt 0.078076 0.494161
vt 0.063063 0.497709
vt 0.065804 0.486580
vt 0.074528 0.479147
vt 0.085657 0.481888
vt 0.093090 0.490612
vt 0.090546 0.473973
vt 0.102397 0.488413
vt 0.072329 0.469840
vt 0.057889 0.481690
vt 0.098264 0.506631
vt 0.083824 0.518481
vt 0.065606 0.514349
vt 0.053756 0.499908
vt 0.838252 0.915238
vt 0.829528 0.922671
vt 0.818399 0.919930
vt 0.825980 0.907658
vt 0.810966 0.911206
vt 0.813708 0.900077
vt 0.822432 0.892644
vt 0.833560 0.895386
vt 0.840993 0.904110
vt 0.838450 0.887470
vt 0.850300 0.901910
vt 0.820232 0.883337
vt 0.805791 0.895188
vt 0.846167 0.920128
vt 0.831727 0.931978
vt 0.813510 0.927846
vt 0.801659 0.913405
vt 0.981984 0.479164
vt 0.973260 0.486597
vt 0.962132 0.483856
vt 0.969712 0.471584
vt 0.954699 0.475132
vt 0.957440 0.464004
vt 0.966164 0.456571
vt 0.977293 0.459312
vt 0.984726 0.468036
vt 0.982183 0.451396
vt 0.994033 0.465837
vt 0.963965 0.447264
vt 0.949524 0.459114
vt 0.989900 0.484054
vt 0.975460 0.495904
vt 0.957242 0.491772
vt 0.945392 0.477332
vt 0.919651 0.550500
vt 0.910927 0.557933
vt 0.899798 0.555191
vt 0.907379 0.542919
vt 0.892365 0.546467
vt 0.895106 0.535339
vt 0.903830 0.527906
vt 0.914959 0.530647
vt 0.922392 0.539371
vt 0.919848 0.522731
vt 0.931699 0.537171
vt 0.901631 0.518599
vt 0.887191 0.530449
vt 0.927567 0.555389
vt 0.913126 0.567240
vt 0.894908 0.563107
vt 0.883058 0.548666
vt 0.347703 0.463800
vt 0.338978 0.471233
vt 0.327850 0.468491
vt 0.335430 0.456219
vt 0.320417 0.459767
vt 0.323158 0.448639
vt 0.331882 0.441206
vt 0.343011 0.443947
vt 0.350444 0.452671
vt 0.347900 0.436031
vt 0.359751 0.450472
vt 0.329683 0.431899
vt 0.315242 0.443749
vt 0.355618 0.468689
vt 0.341178 0.480540
vt 0.322960 0.476407
vt 0.311110 0.461967

# vertex normals
vn 0.927459 0.355618 -0.115562
vn 0.927562 0.367271 -0.068850
vn 0.979162 0.202568 0.014457
vn 0.981179 0.191072 -0.027920
vn 0.926891 0.372369 -0.047068
vn 0.977498 0.206014 0.045349
vn 0.918795 0.394614 0.009740
vn 0.968146 0.225078 0.109698
vn 0.894825 0.435169 0.099578
vn 0.943617 0.263424 0.200486
vn 0.863809 0.471193 0.178356
vn 0.914012 0.301294 0.271670
vn 0.808853 0.522636 0.269460
vn 0.876394 0.346372 0.334603
vn 0.717213 0.593991 0.364389
vn 0.814072 0.414222 0.407071
vn 0.602360 0.665159 0.441278
vn 0.711363 0.505256 0.488548
vn 0.495000 0.716811 0.491077
vn 0.588066 0.594478 0.548430
vn 0.444103 0.740299 0.504708
vn 0.493109 0.653763 0.573966
vn 0.412623 0.751121 0.515326
vn 0.408330 0.688505 0.599356
vn 0.333783 0.765845 0.549610
vn 0.286809 0.717657 0.634593
vn 0.213495 0.773274 0.597048
vn 0.133717 0.736531 0.663055
vn 0.045490 0.767474 0.639464
vn -0.017375 0.734076 0.678845
vn -0.151669 0.755598 0.637235
vn -0.161828 0.719006 0.675901
vn -0.339609 0.738712 0.582211
vn -0.325101 0.695633 0.640629
vn -0.488173 0.708564 0.509533
vn -0.476802 0.664084 0.575894
vn -0.547858 0.690698 0.472004
vn -0.560431 0.640024 0.525629
vn -0.553458 0.686192 0.472043
vn -0.604049 0.614843 0.507044
vn -0.562673 0.672581 0.480659
vn -0.651663 0.568908 0.501675
vn -0.601812 0.642256 0.474688
vn -0.713249 0.503937 0.487158
vn -0.694014 0.585479 0.418997
vn -0.792495 0.424717 0.437685
vn -0.786978 0.517673 0.335679
vn -0.860190 0.349339 0.371531
vn -0.844280 0.466765 0.263289
vn -0.901682 0.294282 0.316809
vn -0.889722 0.421761 0.174680
vn -0.938398 0.246886 0.241778
vn -0.924419 0.376295 0.062054
vn -0.966660 0.210336 0.146040
vn -0.936494 0.349762 -0.025404
vn -0.978440 0.195626 0.066230
vn -0.936062 0.344263 -0.072602
vn -0.981034 0.193688 0.007552
vn -0.934167 0.337265 -0.116554
vn -0.980567 0.189111 -0.052210
vn -0.928312 0.314908 -0.197661
vn -0.975481 0.172665 -0.136469
vn -0.905305 0.281926 -0.317712
vn -0.956974 0.143551 -0.252180
vn -0.851151 0.239739 -0.466978
vn -0.912792 0.110605 -0.393164
vn -0.765189 0.201875 -0.611337
vn -0.842250 0.091315 -0.531297
vn -0.661016 0.182440 -0.727855
vn -0.752664 0.088027 -0.652494
vn -0.561064 0.180182 -0.807925
vn -0.658067 0.099340 -0.746378
vn -0.504107 0.192099 -0.842006
vn -0.583369 0.120891 -0.803160
vn -0.477594 0.201597 -0.855139
vn -0.518615 0.129544 -0.845137
vn -0.460584 0.194858 -0.865964
vn -0.453910 0.117276 -0.883296
vn -0.426894 0.171544 -0.887882
vn -0.391565 0.097254 -0.914996
vn -0.356089 0.139654 -0.923958
vn -0.309478 0.084000 -0.947189
vn -0.256552 0.105745 -0.960729
vn -0.196809 0.075164 -0.977557
vn -0.111801 0.080788 -0.990441
vn -0.056587 0.053032 -0.996988
vn 0.061684 0.076822 -0.995135
vn 0.089803 0.033702 -0.995389
vn 0.231020 0.095164 -0.968284
vn 0.232289 0.035284 -0.972007
vn 0.373528 0.129799 -0.918493
vn 0.359305 0.058098 -0.931410
vn 0.455441 0.164768 -0.874886
vn 0.447439 0.086615 -0.890110
vn 0.498411 0.189067 -0.846074
vn 0.521789 0.104625 -0.846634
vn 0.536061 0.197995 -0.820632
vn 0.600821 0.101813 -0.792873
vn 0.586524 0.194001 -0.786354
vn 0.678901 0.082875 -0.729538
vn 0.670216 0.193470 -0.716505
vn 0.762332 0.076358 -0.642666
vn 0.754569 0.197269 -0.625868
vn 0.836923 0.090537 -0.539780
vn 0.810723 0.202882 -0.549151
vn 0.889053 0.098796 -0.447016
vn 0.861362 0.242174 -0.446551
vn 0.935650 0.107710 -0.336093
vn 0.901863 0.303380 -0.307577
vn 0.970306 0.137110 -0.199269
vn 0.920773 0.340029 -0.191198
vn 0.981218 0.169512 -0.092074
vn 0.979952 0.122255 0.157315
vn 0.989470 0.100043 0.104596
vn 0.960000 0.168207 0.223845
vn 0.934122 0.226081 0.276231
vn 0.900198 0.285237 0.329066
vn 0.848734 0.345030 0.400756
vn 0.766777 0.419006 0.486299
vn 0.654336 0.507531 0.560586
vn 0.524247 0.587432 0.616513
vn 0.389364 0.639717 0.662690
vn 0.239549 0.676575 0.696321
vn 0.071116 0.703683 0.706946
vn -0.081359 0.709098 0.700401
vn -0.216241 0.691174 0.689578
vn -0.354997 0.658322 0.663769
vn -0.486119 0.621988 0.613856
vn -0.586337 0.586352 0.558928
vn -0.664266 0.540419 0.516429
vn -0.734745 0.475110 0.484169
vn -0.799011 0.396488 0.452084
vn -0.856044 0.318829 0.406861
vn -0.899350 0.254610 0.355448
vn -0.930901 0.201754 0.304496
vn -0.957438 0.153956 0.244152
vn -0.975726 0.119325 0.183630
vn -0.986547 0.098791 0.130250
vn -0.993310 0.084878 0.078296
vn -0.997095 0.073335 0.020604
vn -0.996719 0.055622 -0.058801
vn -0.985956 0.029749 -0.164333
vn -0.958363 0.008140 -0.285436
vn -0.910141 0.002141 -0.414294
vn -0.836600 0.006234 -0.547778
vn -0.745780 0.016758 -0.665981
vn -0.655239 0.029276 -0.754854
vn -0.560130 0.033226 -0.827738
vn -0.464423 0.043787 -0.884530
vn -0.383609 0.072216 -0.920668
vn -0.294890 0.117535 -0.948275
vn -0.148825 0.143611 -0.978380
vn -0.017947 0.103984 -0.994417
vn 0.101960 0.094792 -0.990262
vn 0.231713 0.105341 -0.967064
vn 0.356965 0.084933 -0.930248
vn 0.452832 0.035281 -0.890898
vn 0.552373 -0.000857 -0.833596
vn 0.672990 -0.040454 -0.738544
vn 0.764678 -0.081895 -0.639188
vn 0.821185 -0.098918 -0.562024
vn 0.872603 -0.068880 -0.483549
vn 0.928237 -0.015046 -0.371685
vn 0.971013 0.021621 -0.238046
vn 0.991698 0.041039 -0.121867
vn 0.997428 0.059267 -0.040305
vn 0.996761 0.078084 0.019241
vn 0.993598 0.091307 0.066529
vn -0.947559 -0.063378 -0.313233
vn -0.979429 -0.048999 -0.195750
vn -0.890427 -0.077018 -0.448562
vn -0.807510 -0.086677 -0.583450
vn -0.706255 -0.092901 -0.701835
vn -0.594649 -0.087358 -0.799226
vn -0.483780 -0.054722 -0.873477
vn -0.412634 0.082773 -0.907128
vn 0.037764 -0.337508 -0.940565
vn 0.009554 -0.499603 -0.866202
vn 0.025543 -0.558016 -0.829437
vn 0.032844 -0.564282 -0.824929
vn 0.008101 -0.500431 -0.865739
vn -0.052797 -0.416855 -0.907439
vn -0.114487 -0.315900 -0.941860
vn 0.543250 -0.063348 -0.837178
vn 0.685654 -0.088120 -0.722574
vn 0.804975 -0.081454 -0.587691
vn 0.847788 -0.093574 -0.522015
vn 0.894030 -0.103916 -0.435788
vn 0.951149 -0.085696 -0.296600
vn 0.986523 -0.049496 -0.155959
vn 0.997626 -0.022742 -0.065001
vn 0.999971 -0.001520 -0.007441
vn 0.998796 0.021061 0.044316
vn 0.995011 0.041207 0.090863
vn 0.990017 0.057152 0.128842
vn 0.982151 0.080232 0.170125
vn 0.969464 0.114608 0.216804
vn 0.950978 0.158370 0.265631
vn 0.918456 0.216262 0.331163
vn 0.866989 0.282561 0.410474
vn 0.791979 0.354755 0.496908
vn 0.688088 0.433141 0.582172
vn 0.546178 0.518374 0.658010
vn 0.387775 0.588958 0.709055
vn 0.227423 0.632580 0.740352
vn 0.050559 0.653859 0.754925
vn -0.118685 0.656003 0.745368
vn -0.267145 0.643050 0.717719
vn -0.399963 0.614335 0.680163
vn -0.518541 0.571464 0.636038
vn -0.623023 0.520122 0.584222
vn -0.713591 0.462101 0.526547
vn -0.788341 0.397279 0.469774
vn -0.844312 0.330437 0.421839
vn -0.885967 0.266257 0.379696
vn -0.917682 0.209122 0.337827
vn -0.942377 0.161790 0.292831
vn -0.962651 0.123598 0.240886
vn -0.978111 0.091719 0.186778
vn -0.987636 0.062007 0.143982
vn -0.993401 0.036157 0.108842
vn -0.997783 0.014778 0.064895
vn -0.999980 -0.006183 0.001197
vn -0.995532 -0.029385 -0.089738
vn 0.609206 -0.675371 -0.415623
vn 0.574807 -0.041337 -0.817244
vn -0.182341 -0.230271 -0.955891
vn -0.450836 0.072404 -0.889665
vn 0.042368 -0.219187 -0.974763
vn 0.041946 -0.247418 -0.968001
vn 0.171321 -0.235592 -0.956632
vn -0.424521 -0.081589 -0.901735
vn 0.310703 -0.169304 -0.935307
vn 0.537479 0.009831 -0.843220
vn 0.588626 -0.552691 -0.589959
vn 0.471248 -0.583661 -0.661260
vn 0.373568 -0.724524 -0.579234
vn -0.242945 -0.165840 -0.955759
vn -0.235574 -0.691435 -0.682951
vn 0.690737 -0.723082 -0.005901
vn 0.706004 -0.692636 -0.147696
vn 0.695452 -0.668082 -0.264599
vn 0.676535 -0.663348 -0.319798
vn 0.353882 -0.663586 -0.659106
vn -0.277729 -0.797319 -0.535862
vn -0.378851 -0.777605 -0.501798
vn -0.520349 -0.784304 -0.337793
vn -0.584810 -0.779352 -0.224962
vn -0.646574 -0.757054 -0.093872
vn -0.446367 -0.787662 -0.424671
vn -0.703859 -0.703257 0.100058
vn -0.703045 -0.692639 0.161178
vn -0.697803 -0.681833 0.219486
vn -0.696654 -0.649940 0.303728
vn -0.716938 -0.624335 0.310172
vn -0.828589 -0.527888 0.186482
vn -0.688534 -0.724856 0.022466
vn -0.695359 -0.668103 0.264791
vn -0.923799 0.333900 0.187365
vn -0.899768 0.381875 0.211162
vn -0.870036 0.433956 0.233923
vn -0.949548 0.276604 0.147812
vn -0.775907 0.551058 0.307087
vn -0.694445 0.627833 0.351528
vn -0.601581 0.699221 0.386252
vn -0.832761 0.486213 0.264774
vn -0.383136 0.816999 0.430951
vn -0.252519 0.854666 0.453630
vn -0.111906 0.873140 0.474451
vn -0.500314 0.762144 0.410879
vn 0.208678 0.853044 0.478298
vn 0.368662 0.801147 0.471436
vn 0.531691 0.715340 0.453424
vn 0.043416 0.875342 0.481551
vn 0.783966 0.506185 0.359408
vn 0.865504 0.402029 0.298790
vn 0.918903 0.311586 0.241934
vn 0.674533 0.610608 0.414925
vn 0.814198 -0.519206 0.259822
vn 0.701213 -0.612737 0.364491
vn 0.705115 -0.633039 0.319491
vn 0.951019 0.250051 0.181760
vn 0.710559 -0.654095 0.259355
vn 0.699569 -0.676755 0.229362
vn 0.686994 -0.703506 0.181983
vn 0.710342 -0.642288 0.287889
vn 0.683911 -0.722070 0.104311
vn -0.853292 0.504742 -0.130872
vn -0.851900 0.499559 -0.157184
vn -0.843644 0.532006 -0.072355
vn -0.811649 0.583832 0.019138
vn -0.760535 0.637142 0.125048
vn -0.699486 0.677183 0.228349
vn -0.614585 0.714350 0.334648
vn -0.527070 0.741749 0.414736
vn -0.498225 0.751769 0.431991
vn -0.506467 0.753271 0.419612
vn -0.519308 0.752283 0.405450
vn -0.492347 0.766521 0.412358
vn -0.389035 0.801294 0.454511
vn -0.217896 0.835414 0.504583
vn 0.010822 0.853433 0.521090
vn 0.205728 0.841809 0.499032
vn 0.322139 0.824628 0.464990
vn 0.388814 0.814313 0.430950
vn 0.401829 0.812966 0.421450
vn 0.420874 0.811664 0.405052
vn 0.489580 0.800259 0.346263
vn 0.580190 0.771976 0.259680
vn 0.672759 0.723833 0.153169
vn 0.738425 0.671571 0.060995
vn 0.779615 0.626203 -0.008387
vn 0.811535 0.576418 -0.095678
vn 0.820816 0.548294 -0.160110
vn 0.815264 0.545473 -0.194431
vn 0.803919 0.536462 -0.256755
vn 0.781603 0.521731 -0.341898
vn 0.749954 0.486109 -0.448629
vn 0.705871 0.417016 -0.572576
vn 0.651143 0.356937 -0.669783
vn 0.596036 0.328429 -0.732718
vn 0.539961 0.315265 -0.780416
vn 0.500801 0.311791 -0.807456
vn 0.485879 0.310875 -0.816871
vn 0.468695 0.305374 -0.828898
vn 0.421866 0.296822 -0.856695
vn 0.324188 0.283363 -0.902556
vn 0.180272 0.258037 -0.949168
vn 0.012380 0.224629 -0.974366
vn -0.177253 0.205975 -0.962370
vn -0.328848 0.220698 -0.918233
vn -0.407694 0.250887 -0.877976
vn -0.450242 0.271638 -0.850585
vn -0.456146 0.280053 -0.844690
vn -0.445925 0.281680 -0.849593
vn -0.447776 0.281650 -0.848628
vn -0.489478 0.286632 -0.823561
vn -0.582601 0.305392 -0.753201
vn -0.683821 0.341494 -0.644803
vn -0.760458 0.389134 -0.519883
vn -0.810962 0.431596 -0.395051
vn -0.839858 0.466801 -0.277011
vn -0.848911 0.492980 -0.190580
vn -0.645849 0.594876 -0.478542
vn -0.612453 0.562686 -0.555235
vn -0.677711 0.629159 -0.380613
vn -0.698594 0.652340 -0.293970
vn -0.711785 0.654914 -0.253868
vn -0.720788 0.655588 -0.225099
vn -0.718182 0.670347 -0.186680
vn -0.700404 0.703113 -0.122744
vn -0.657536 0.753400 -0.005921
vn -0.597326 0.794670 0.108169
vn -0.536342 0.819684 0.201136
vn -0.473111 0.833745 0.284667
vn -0.439403 0.838358 0.322616
vn -0.438979 0.838105 0.323847
vn -0.438462 0.840795 0.317513
vn -0.423322 0.852677 0.306171
vn -0.383310 0.873634 0.299729
vn -0.292129 0.899077 0.326069
vn -0.105626 0.923666 0.368354
vn 0.081473 0.924224 0.373057
vn 0.223270 0.909505 0.350644
vn 0.325271 0.892599 0.312196
vn 0.348762 0.888672 0.297702
vn 0.358928 0.888132 0.287040
vn 0.418154 0.877633 0.234325
vn 0.494270 0.855251 0.155704
vn 0.564467 0.822639 0.068129
vn 0.616706 0.787162 -0.007017
vn 0.652366 0.753231 -0.084037
vn 0.671415 0.714368 -0.197183
vn 0.661184 0.693207 -0.286879
vn 0.644810 0.685600 -0.337894
vn 0.629834 0.672809 -0.388121
vn 0.607323 0.651802 -0.454218
vn 0.562095 0.614158 -0.553948
vn 0.506471 0.555144 -0.659775
vn 0.464283 0.503412 -0.728709
vn 0.440783 0.475655 -0.761224
vn 0.434807 0.463077 -0.772336
vn 0.435250 0.459479 -0.774233
vn 0.433443 0.458878 -0.775602
vn 0.400970 0.458271 -0.793228
vn 0.317279 0.461844 -0.828272
vn 0.208127 0.467052 -0.859387
vn 0.102967 0.460559 -0.881637
vn -0.035254 0.434070 -0.900189
vn -0.222816 0.406592 -0.886023
vn -0.355621 0.405130 -0.842261
vn -0.397647 0.407651 -0.822008
vn -0.413424 0.395083 -0.820360
vn -0.424114 0.391177 -0.816767
vn -0.420510 0.408390 -0.810178
vn -0.409434 0.423517 -0.808082
vn -0.430598 0.437653 -0.789332
vn -0.498669 0.470224 -0.728161
vn -0.568771 0.519302 -0.637828
vn 0.489299 0.837356 -0.243765
vn 0.544976 0.828867 -0.126418
vn 0.444502 0.823116 -0.353409
vn 0.425591 0.806275 -0.410843
vn 0.429360 0.795639 -0.427326
vn 0.430869 0.779183 -0.455220
vn 0.401158 0.741358 -0.538015
vn 0.353517 0.688582 -0.633151
vn 0.335503 0.650600 -0.681291
vn 0.348504 0.629632 -0.694341
vn 0.370797 0.613976 -0.696809
vn 0.388283 0.601109 -0.698501
vn 0.387304 0.591166 -0.707473
vn 0.343009 0.590595 -0.730440
vn 0.238795 0.600569 -0.763081
vn 0.127640 0.615218 -0.777956
vn 0.050123 0.623302 -0.780373
vn -0.043655 0.606688 -0.793740
vn -0.186883 0.556805 -0.809347
vn -0.256586 0.598301 -0.759078
vn -0.315690 0.592607 -0.741051
vn -0.347706 0.549219 -0.759907
vn -0.382305 0.497087 -0.778940
vn -0.362066 0.553576 -0.749975
vn -0.327055 0.570025 -0.753729
vn -0.330532 0.578855 -0.745437
vn -0.373594 0.635744 -0.675468
vn -0.408931 0.692561 -0.594252
vn -0.421682 0.715695 -0.556745
vn -0.431402 0.734155 -0.524318
vn -0.454935 0.765932 -0.454293
vn -0.481389 0.788646 -0.382494
vn -0.502242 0.794773 -0.340717
vn -0.521284 0.799492 -0.298454
vn -0.494007 0.831550 -0.253934
vn -0.541769 0.821130 -0.179532
vn -0.555246 0.828588 -0.071724
vn -0.490171 0.871244 -0.025792
vn -0.440352 0.897536 0.022805
vn -0.396371 0.913442 0.092268
vn -0.369712 0.916311 0.153908
vn -0.348484 0.918860 0.185084
vn -0.305525 0.931168 0.198950
vn -0.254105 0.951024 0.176022
vn -0.188761 0.974305 0.122875
vn -0.211224 0.955209 0.207270
vn -0.124112 0.958388 0.257076
vn 0.002482 0.969703 0.244276
vn 0.126398 0.976448 0.174850
vn 0.197287 0.973388 0.116592
vn 0.214424 0.970856 0.107054
vn 0.247497 0.962774 0.108680
vn 0.324997 0.942410 0.078991
vn 0.407979 0.912630 0.025697
vn 0.461454 0.886681 -0.029262
vn 0.495749 0.864558 -0.082293
vn -0.071885 0.996542 0.041662
vn -0.028176 0.999491 -0.014951
vn 0.023185 0.994987 -0.097279
vn 0.026864 0.995739 -0.088219
vn -0.155570 0.984661 0.078999
vn -0.054520 0.998272 -0.021924
vn -0.315713 0.944356 -0.092284
vn -0.292277 0.956334 0.000576
vn -0.211155 0.971513 -0.107591
vn -0.170596 0.959127 -0.225769
vn -0.347426 0.924012 -0.159676
vn -0.195637 0.937044 -0.289267
vn -0.243488 0.968343 0.054996
vn -0.116801 0.989523 -0.084862
vn -0.407821 0.896656 -0.172311
vn -0.325402 0.908137 -0.263439
vn 0.040955 0.999011 -0.017328
vn -0.014459 0.997734 0.065706
vn 0.072663 0.996678 -0.036773
vn -0.022579 0.976580 -0.213966
vn -0.012463 0.974617 -0.223533
vn -0.027176 0.980328 -0.195495
vn 0.025708 0.992368 -0.120602
vn 0.093700 0.981032 -0.169698
vn 0.011192 0.973089 -0.230159
vn -0.101068 0.960965 -0.257550
vn -0.044577 0.965646 -0.256010
vn 0.112277 0.992937 -0.038331
vn 0.203180 0.976691 -0.069225
vn 0.097014 0.951835 -0.290857
vn 0.196443 0.952715 -0.231828
vn 0.259399 0.925981 -0.274357
vn 0.188445 0.918393 -0.347913
vn 0.024555 0.952476 -0.303622
vn 0.124863 0.928506 -0.349694
vn 0.302399 0.945871 -0.117829
vn 0.351481 0.922955 -0.156893
vn 0.381161 0.902375 -0.201086
vn 0.301550 0.897872 -0.320771
vn 0.259585 0.881259 -0.394967
vn 0.264100 0.876033 -0.403507
vn 0.274987 0.799354 -0.534242
vn 0.280029 0.766374 -0.578148
vn 0.202922 0.843871 -0.496693
vn 0.196119 0.872726 -0.447087
vn 0.292485 0.840766 -0.455593
vn 0.192088 0.903510 -0.383109
vn 0.290485 0.868711 -0.401198
vn 0.167380 0.920912 -0.352001
vn -0.326090 0.881504 -0.341493
vn -0.303511 0.906472 -0.293581
vn -0.204160 0.931790 -0.300144
vn -0.177989 0.918547 -0.352974
vn -0.309908 0.872057 -0.378779
vn -0.168001 0.914048 -0.369178
vn -0.212528 0.930112 -0.299539
vn -0.122354 0.953982 -0.273768
vn -0.263653 0.808663 -0.525882
vn -0.279774 0.839606 -0.465606
vn -0.153976 0.892720 -0.423488
vn -0.150229 0.859636 -0.488321
vn -0.265389 0.806351 -0.528552
vn -0.127690 0.848996 -0.512739
vn -0.296423 0.866190 -0.402304
vn -0.164294 0.915404 -0.367481
vn -0.053463 0.944718 -0.323497
vn -0.023625 0.939142 -0.342715
vn -0.005892 0.941992 -0.335584
vn 0.011778 0.928202 -0.371891
vn 0.018075 0.899920 -0.435680
vn 0.028480 0.872648 -0.487519
vn 0.356759 0.699365 -0.619364
vn 0.343932 0.681888 -0.645554
vn 0.239946 0.742180 -0.625776
vn 0.278898 0.761227 -0.585448
vn 0.346522 0.724218 -0.596180
vn 0.273050 0.805860 -0.525389
vn 0.308516 0.743586 -0.593210
vn 0.228434 0.821389 -0.522626
vn 0.287357 0.678022 -0.676545
vn 0.176458 0.684116 -0.707706
vn 0.113808 0.723985 -0.680362
vn 0.177232 0.742464 -0.646015
vn 0.059345 0.843190 -0.534330
vn 0.087040 0.819698 -0.566144
vn -0.035340 0.828159 -0.559379
vn 0.008305 0.798902 -0.601404
vn -0.061783 0.795409 -0.602915
vn -0.172220 0.817927 -0.548941
vn -0.013524 0.773971 -0.633076
vn -0.094115 0.720009 -0.687553
vn -0.137884 0.717636 -0.682632
vn -0.196676 0.759715 -0.619800
vn -0.275932 0.792607 -0.543725
vn -0.263598 0.722792 -0.638817
vn -0.224832 0.652638 -0.723543
vn -0.230187 0.652435 -0.722041
vn -0.288034 0.646364 -0.706576
vn -0.214734 0.695335 -0.685857
vn -0.120560 0.690538 -0.713178
vn -0.029267 0.708397 -0.705208
vn 0.061100 0.699648 -0.711871
vn 0.014189 0.739564 -0.672937
vn 0.037320 0.775007 -0.630850
vn 0.069388 0.778351 -0.623983
vn 0.142260 0.803398 -0.578198
vn -0.065831 0.982536 0.174038
vn -0.992693 -0.119106 -0.019347
vn -0.743739 0.667617 -0.033759
vn -0.830526 0.556574 0.021260
vn -0.952775 -0.303590 -0.007222
vn -0.725815 0.687486 -0.023573
vn -0.804379 0.593296 0.031210
vn -0.676308 0.736587 0.006847
vn -0.640163 0.767683 0.029229
vn -0.704892 0.706333 0.064973
vn -0.742801 0.667929 0.046012
vn -0.594558 0.802398 0.051560
vn -0.646069 0.757896 0.090497
vn -0.481508 0.872819 0.079608
vn -0.410818 0.907743 0.085032
vn -0.406442 0.906783 0.112029
vn -0.491692 0.863313 0.113714
vn -0.319753 0.943626 0.085606
vn -0.307113 0.945497 0.108246
vn -0.077447 0.993185 0.087095
vn 0.052894 0.993936 0.096403
vn 0.037221 0.992587 0.115700
vn -0.082208 0.990736 0.108089
vn 0.176933 0.978308 0.107742
vn 0.162813 0.978731 0.124813
vn 0.403171 0.907690 0.116414
vn 0.498859 0.859407 0.112069
vn 0.540151 0.826709 0.157446
vn 0.417522 0.896179 0.150126
vn 0.584245 0.805284 0.100872
vn 0.653634 0.741313 0.152373
vn 0.731532 0.678365 0.068419
vn 0.749397 0.660702 0.043332
vn 0.860362 0.502962 0.082502
vn 0.831323 0.542766 0.119609
vn 0.992954 -0.065073 0.099031
vn 0.952070 -0.295261 0.079898
vn 0.670493 0.736971 0.085509
vn 0.759264 0.635633 0.139601
vn 0.294447 0.948713 0.115087
vn 0.289183 0.947516 0.136333
vn -0.207070 0.974683 0.084351
vn -0.196981 0.974706 0.105576
vn -0.541104 0.838158 0.068537
vn -0.570774 0.813901 0.108543
vn -0.702464 0.711641 -0.010590
vn -0.773333 0.632930 0.036826
vn 0.606752 0.793685 0.043773
vn 0.592789 0.805307 0.009087
vn 0.979019 0.169987 0.112361
vn 0.525796 0.845412 0.093896
vn 0.572309 0.816930 0.071329
vn 0.394602 0.910205 0.125761
vn 0.472183 0.874530 0.110636
vn 0.194111 0.971150 0.138526
vn 0.301048 0.943589 0.137874
vn -0.079477 0.989610 0.119813
vn 0.068579 0.989262 0.129066
vn -0.345357 0.931397 0.115015
vn -0.228184 0.966648 0.116288
vn -0.480182 0.871840 0.096543
vn -0.427606 0.897315 0.109446
vn -0.561006 0.826051 0.053968
vn -0.520674 0.850335 0.076346
vn -0.634441 0.772888 0.011387
vn -0.598915 0.800140 0.032826
vn -0.680759 0.732101 -0.024421
vn -0.662645 0.748888 -0.008326
vn -0.999857 -0.001306 -0.016864
vn -0.680569 0.731599 -0.039863
vn 0.871621 0.278213 0.403577
vn 0.898548 0.326965 0.292754
vn 0.921731 0.345204 0.176767
vn 0.681929 0.338995 0.648116
vn 0.792544 0.293531 0.534522
vn 0.456912 0.477902 0.750227
vn 0.561231 0.415342 0.715898
vn 0.227094 0.556513 0.799201
vn 0.355936 0.515990 0.779143
vn -0.096427 0.607531 0.788422
vn 0.071755 0.595986 0.799783
vn -0.394212 0.505223 0.767689
vn -0.259602 0.568072 0.780962
vn -0.564714 0.404307 0.719468
vn -0.493016 0.447703 0.745988
vn -0.728545 0.314739 0.608409
vn -0.640131 0.365433 0.675790
vn -0.878329 0.188898 0.439152
vn -0.809909 0.253711 0.528846
vn -0.976725 0.067357 0.203646
vn -0.936163 0.121167 0.330027
vn -0.997713 0.060654 0.029829
vn -0.992608 0.058235 0.106482
vn -0.979219 -0.202274 -0.014679
vn -0.927679 -0.367038 0.068527
vn -0.927611 -0.355353 0.115166
vn -0.981250 -0.190758 0.027571
vn -0.977580 -0.205633 -0.045303
vn -0.927018 -0.372036 0.047187
vn -0.968240 -0.224690 -0.109662
vn -0.918885 -0.394410 -0.009597
vn -0.943711 -0.262881 -0.200758
vn -0.894851 -0.435087 -0.099701
vn -0.914172 -0.300566 -0.271937
vn -0.863873 -0.471109 -0.178270
vn -0.876726 -0.345443 -0.334696
vn -0.808894 -0.522556 -0.269491
vn -0.814384 -0.413645 -0.407035
vn -0.717467 -0.593489 -0.364710
vn -0.711304 -0.505210 -0.488682
vn -0.602380 -0.664857 -0.441705
vn -0.588024 -0.594359 -0.548603
vn -0.494425 -0.716937 -0.491473
vn -0.493170 -0.653718 -0.573965
vn -0.443846 -0.740374 -0.504823
vn -0.408568 -0.688500 -0.599199
vn -0.412773 -0.751116 -0.515212
vn -0.287170 -0.717617 -0.634476
vn -0.333935 -0.765872 -0.549479
vn -0.133606 -0.736684 -0.662907
vn -0.213643 -0.773243 -0.597036
vn 0.017517 -0.734032 -0.678889
vn -0.045339 -0.767383 -0.639584
vn 0.161714 -0.718762 -0.676188
vn 0.152058 -0.755359 -0.637425
vn 0.325385 -0.695497 -0.640632
vn 0.340077 -0.738534 -0.582164
vn 0.477408 -0.663910 -0.575591
vn 0.488896 -0.708293 -0.509217
vn 0.560647 -0.639978 -0.525454
vn 0.548188 -0.690559 -0.471825
vn 0.604006 -0.614839 -0.507100
vn 0.553344 -0.686245 -0.472100
vn 0.651682 -0.568832 -0.501738
vn 0.562316 -0.672792 -0.480783
vn 0.713190 -0.503946 -0.487235
vn 0.601284 -0.642521 -0.474999
vn 0.792566 -0.424583 -0.437685
vn 0.693861 -0.585513 -0.419204
vn 0.860464 -0.348833 -0.371372
vn 0.787124 -0.517492 -0.335615
vn 0.901766 -0.293864 -0.316958
vn 0.844256 -0.466767 -0.263365
vn 0.938458 -0.246473 -0.241967
vn 0.889782 -0.421683 -0.174561
vn 0.966768 -0.209881 -0.145979
vn 0.924582 -0.375965 -0.061638
vn 0.978500 -0.195313 -0.066267
vn 0.936575 -0.349526 0.025665
vn 0.981076 -0.193470 -0.007678
vn 0.936109 -0.344134 0.072607
vn 0.980608 -0.188945 0.052041
vn 0.934217 -0.337187 0.116380
vn 0.975537 -0.172553 0.136208
vn 0.928394 -0.314842 0.197382
vn 0.957073 -0.143431 0.251871
vn 0.905443 -0.281857 0.317380
vn 0.912842 -0.110411 0.393101
vn 0.851240 -0.239561 0.466905
vn 0.842281 -0.091085 0.531288
vn 0.765158 -0.201608 0.611464
vn 0.752649 -0.087907 0.652527
vn 0.660872 -0.182255 0.728032
vn 0.657868 -0.099331 0.746554
vn 0.560775 -0.180026 0.808160
vn 0.583307 -0.121018 0.803186
vn 0.503923 -0.191992 0.842141
vn 0.518542 -0.129688 0.845160
vn 0.477568 -0.201556 0.855163
vn 0.453751 -0.117354 0.883367
vn 0.460608 -0.194867 0.865949
vn 0.391635 -0.097331 0.914958
vn 0.427036 -0.171590 0.887805
vn 0.309529 -0.084192 0.947156
vn 0.356194 -0.139670 0.923915
vn 0.196679 -0.075376 0.977566
vn 0.256760 -0.105676 0.960680
vn 0.056449 -0.053019 0.996997
vn 0.111991 -0.080391 0.990452
vn -0.089809 -0.033811 0.995385
vn -0.061622 -0.076154 0.995190
vn -0.232345 -0.035403 0.971989
vn -0.231168 -0.094689 0.968295
vn -0.359515 -0.058160 0.931325
vn -0.374066 -0.129481 0.918319
vn -0.447283 -0.086714 0.890179
vn -0.455741 -0.164505 0.874779
vn -0.521370 -0.104810 0.846870
vn -0.498380 -0.188951 0.846117
vn -0.600492 -0.102043 0.793093
vn -0.535866 -0.197965 0.820766
vn -0.678495 -0.083124 0.729887
vn -0.586180 -0.193972 0.786618
vn -0.762184 -0.076679 0.642803
vn -0.670180 -0.193315 0.716581
vn -0.837106 -0.090808 0.539451
vn -0.754858 -0.196925 0.625627
vn -0.889107 -0.098853 0.446896
vn -0.810695 -0.202175 0.549453
vn -0.935638 -0.107259 0.336270
vn -0.861333 -0.241728 0.446848
vn -0.970454 -0.136652 0.198858
vn -0.902148 -0.302974 0.307142
vn -0.981338 -0.169139 0.091476
vn -0.921016 -0.339724 0.190569
vn -0.979985 -0.121947 -0.157347
vn -0.989493 -0.099802 -0.104614
vn -0.959980 -0.168055 -0.224047
vn -0.934119 -0.226046 -0.276270
vn -0.900265 -0.285163 -0.328945
vn -0.848908 -0.344821 -0.400566
vn -0.766919 -0.418828 -0.486229
vn -0.654340 -0.507643 -0.560481
vn -0.524319 -0.587518 -0.616370
vn -0.389449 -0.639744 -0.662614
vn -0.239656 -0.676583 -0.696276
vn -0.070987 -0.703712 -0.706930
vn 0.081438 -0.709079 -0.700410
vn 0.216149 -0.691199 -0.689582
vn 0.355023 -0.658280 -0.663796
vn 0.486334 -0.621904 -0.613771
vn 0.586369 -0.586382 -0.558863
vn 0.664194 -0.540553 -0.516381
vn 0.734749 -0.475219 -0.484057
vn 0.799081 -0.396395 -0.452042
vn 0.856188 -0.318487 -0.406827
vn 0.899475 -0.254283 -0.355365
vn 0.930950 -0.201551 -0.304481
vn 0.957463 -0.153733 -0.244194
vn 0.975750 -0.119048 -0.183684
vn 0.986549 -0.098600 -0.130383
vn 0.993311 -0.084722 -0.078460
vn 0.997101 -0.073189 -0.020818
vn 0.996743 -0.055476 0.058531
vn 0.986005 -0.029565 0.164075
vn 0.958422 -0.007918 0.285244
vn 0.910233 -0.002022 0.414091
vn 0.836625 -0.006289 0.547740
vn 0.745664 -0.017016 0.666105
vn 0.655221 -0.029595 0.754857
vn 0.560012 -0.033389 0.827811
vn 0.464265 -0.043827 0.884611
vn 0.383884 -0.072535 0.920528
vn 0.294962 -0.118587 0.948121
vn 0.148787 -0.143238 0.978440
vn 0.018246 -0.103746 0.994436
vn -0.101647 -0.093866 0.990382
vn -0.230758 -0.105117 0.967317
vn -0.356333 -0.085525 0.930437
vn -0.452416 -0.035372 0.891106
vn -0.551946 0.000829 0.833880
vn -0.673105 0.040448 0.738440
vn -0.764945 0.081664 0.638898
vn -0.821348 0.098416 0.561873
vn -0.872551 0.069049 0.483619
vn -0.928169 0.015275 0.371845
vn -0.971077 -0.021769 0.237774
vn -0.991748 -0.040959 0.121484
vn -0.997446 -0.059148 0.040046
vn -0.996770 -0.077934 -0.019373
vn -0.993607 -0.091129 -0.066639
vn 0.947640 0.063340 0.312997
vn 0.979463 0.049062 0.195566
vn 0.890480 0.076967 0.448466
vn 0.807585 0.086638 0.583353
vn 0.706415 0.092946 0.701669
vn 0.594689 0.087367 0.799194
vn 0.483569 0.054532 0.873606
vn 0.421813 -0.097672 0.901407
vn 0.511771 -0.710264 0.483338
vn 0.214161 -0.823375 0.525537
vn 0.060350 -0.810272 0.582939
vn -0.086845 -0.802021 0.590949
vn -0.282672 -0.790064 0.543962
vn -0.560908 -0.672254 0.483174
vn -0.837191 -0.377985 0.395270
vn -0.543015 0.063137 0.837346
vn -0.685964 0.087972 0.722298
vn -0.805401 0.081508 0.587099
vn -0.847781 0.094048 0.521942
vn -0.894047 0.105017 0.435490
vn -0.951333 0.085962 0.295933
vn -0.986619 0.049503 0.155344
vn -0.997644 0.022794 0.064709
vn -0.999971 0.001621 0.007374
vn -0.998796 -0.020969 -0.044344
vn -0.995009 -0.041149 -0.090908
vn -0.990020 -0.057089 -0.128846
vn -0.982165 -0.080180 -0.170065
vn -0.969523 -0.114650 -0.216522
vn -0.951100 -0.158683 -0.265007
vn -0.918600 -0.217117 -0.330202
vn -0.867218 -0.284027 -0.408976
vn -0.792339 -0.357141 -0.494621
vn -0.688542 -0.436743 -0.578935
vn -0.546530 -0.523085 -0.653978
vn -0.388130 -0.594166 -0.704501
vn -0.227871 -0.638054 -0.735501
vn -0.050696 -0.659569 -0.749932
vn 0.118683 -0.661624 -0.740384
vn 0.267091 -0.648288 -0.713011
vn 0.400147 -0.618982 -0.675828
vn 0.518856 -0.575489 -0.632139
vn 0.623149 -0.523736 -0.580849
vn 0.713681 -0.465284 -0.523613
vn 0.788471 -0.399943 -0.467290
vn 0.844410 -0.332687 -0.419870
vn 0.886022 -0.268302 -0.378125
vn 0.917767 -0.210904 -0.336485
vn 0.942475 -0.163239 -0.291709
vn 0.962834 -0.124313 -0.239785
vn 0.978266 -0.091764 -0.185944
vn 0.987661 -0.061925 -0.143843
vn 0.993398 -0.036096 -0.108889
vn 0.997776 -0.014705 -0.065016
vn 0.999979 0.006286 -0.001376
vn 0.995541 0.029509 0.089590
vn -0.573962 0.044086 0.817695
vn -0.383114 -0.727111 0.569678
vn -0.957348 -0.104249 0.269476
vn 0.865757 -0.498397 -0.045451
vn 0.775786 -0.620307 0.115657
vn 0.481297 -0.097511 0.871117
vn 0.903247 -0.267497 0.335546
vn 0.423990 0.081305 0.902010
vn 0.921731 -0.008499 0.387736
vn -0.192835 -0.849994 0.490230
vn -0.241055 -0.831670 0.500218
vn -0.538932 -0.010494 0.842284
vn -0.326794 -0.674608 0.661898
vn -0.962303 0.013496 0.271643
vn -0.784580 -0.532219 0.318084
vn -0.558994 -0.688909 0.461444
vn -0.664804 -0.639703 0.385767
vn -0.492122 -0.729308 0.475316
vn -0.475792 -0.710807 0.518049
vn 0.303593 -0.622528 0.721312
vn 0.784451 -0.475870 0.397724
vn 0.341439 -0.624592 0.702356
vn 0.589340 -0.611702 0.527731
vn 0.518356 -0.601399 0.607969
vn 0.628369 -0.621864 0.467373
vn 0.422881 -0.607711 0.672205
vn 0.709826 -0.658020 0.251310
vn 0.694910 -0.637995 0.331758
vn 0.714460 -0.672671 0.192509
vn 0.694697 -0.709346 0.119268
vn 0.702545 -0.695998 0.148385
vn 0.635910 -0.771449 -0.022010
vn 0.662607 -0.627748 0.408514
vn 0.712197 -0.683444 0.160253
vn 0.899831 -0.381605 -0.211380
vn 0.923783 -0.333820 -0.187585
vn 0.870064 -0.433689 -0.234310
vn 0.949304 -0.276923 -0.148782
vn 0.694000 -0.628118 -0.351897
vn 0.775613 -0.551187 -0.307599
vn 0.601179 -0.699390 -0.386571
vn 0.832673 -0.486082 -0.265290
vn 0.252165 -0.855147 -0.452920
vn 0.382572 -0.817671 -0.430177
vn 0.111819 -0.873504 -0.473802
vn 0.499883 -0.762449 -0.410838
vn -0.368006 -0.801520 -0.471314
vn -0.208391 -0.853444 -0.477710
vn -0.530863 -0.715756 -0.453738
vn -0.043332 -0.875815 -0.480697
vn -0.865270 -0.401769 -0.299817
vn -0.783462 -0.506159 -0.360541
vn -0.918775 -0.311307 -0.242777
vn -0.674010 -0.610637 -0.415732
vn -0.679929 -0.722075 0.127689
vn -0.658801 -0.752292 -0.006182
vn -0.692676 -0.708419 0.135435
vn -0.950481 -0.250995 -0.183269
vn -0.713007 -0.659260 0.238741
vn -0.705932 -0.679293 0.200552
vn -0.715897 -0.647972 0.260045
vn -0.697547 -0.698270 0.160769
vn -0.709768 -0.638000 0.298638
vn 0.853339 -0.504600 0.131112
vn 0.852002 -0.499428 0.157048
vn 0.843706 -0.531826 0.072945
vn 0.811651 -0.583839 -0.018834
vn 0.760329 -0.637373 -0.125119
vn 0.699281 -0.677377 -0.228398
vn 0.614141 -0.714572 -0.334990
vn 0.526299 -0.741938 -0.415377
vn 0.497955 -0.751799 -0.432250
vn 0.506540 -0.753161 -0.419721
vn 0.519664 -0.752026 -0.405471
vn 0.493156 -0.766091 -0.412192
vn 0.390051 -0.800844 -0.454433
vn 0.219068 -0.835167 -0.504486
vn -0.010974 -0.853427 -0.521097
vn -0.207064 -0.841570 -0.498882
vn -0.322895 -0.824387 -0.464892
vn -0.389182 -0.814151 -0.430924
vn -0.401788 -0.812902 -0.421613
vn -0.420476 -0.811716 -0.405361
vn -0.488971 -0.800489 -0.346591
vn -0.579538 -0.772399 -0.259878
vn -0.672396 -0.724227 -0.152901
vn -0.738198 -0.671860 -0.060565
vn -0.779390 -0.626483 0.008378
vn -0.811347 -0.576661 0.095807
vn -0.820827 -0.548250 0.160201
vn -0.815341 -0.545455 0.194160
vn -0.803886 -0.536564 0.256645
vn -0.781516 -0.522039 0.341626
vn -0.750085 -0.486389 0.448105
vn -0.705820 -0.416702 0.572867
vn -0.650607 -0.356726 0.670416
vn -0.595684 -0.328357 0.733036
vn -0.539689 -0.315105 0.780669
vn -0.500579 -0.311641 0.807652
vn -0.485885 -0.310727 0.816924
vn -0.469068 -0.305229 0.828740
vn -0.422734 -0.296715 0.856304
vn -0.324901 -0.283069 0.902392
vn -0.180462 -0.257745 0.949211
vn -0.012836 -0.224552 0.974378
vn 0.177316 -0.205795 0.962397
vn 0.329396 -0.220467 0.918092
vn 0.407969 -0.250753 0.877886
vn 0.450524 -0.271608 0.850445
vn 0.456292 -0.279934 0.844650
vn 0.445864 -0.281468 0.849695
vn 0.447485 -0.281394 0.848867
vn 0.488980 -0.286237 0.823994
vn 0.582199 -0.305046 0.753652
vn 0.683779 -0.341262 0.644970
vn 0.760639 -0.388937 0.519766
vn 0.811183 -0.431408 0.394804
vn 0.840076 -0.466647 0.276610
vn 0.849072 -0.492882 0.190113
vn 0.645954 -0.594659 0.478670
vn 0.612556 -0.562660 0.555148
vn 0.677840 -0.629090 0.380498
vn 0.698711 -0.652379 0.293607
vn 0.711883 -0.654911 0.253602
vn 0.720872 -0.655456 0.225212
vn 0.718360 -0.670134 0.186761
vn 0.700509 -0.703023 0.122664
vn 0.657338 -0.753572 0.006024
vn 0.597145 -0.794799 -0.108224
vn 0.536097 -0.819686 -0.201777
vn 0.472512 -0.833825 -0.285426
vn 0.438838 -0.838498 -0.323020
vn 0.439005 -0.838061 -0.323925
vn 0.438813 -0.840637 -0.317447
vn 0.424523 -0.852154 -0.305965
vn 0.384636 -0.873003 -0.299869
vn 0.292565 -0.898861 -0.326274
vn 0.104323 -0.923756 -0.368498
vn -0.082376 -0.924301 -0.372668
vn -0.223229 -0.909577 -0.350483
vn -0.325816 -0.892337 -0.312375
vn -0.349311 -0.888366 -0.297973
vn -0.359160 -0.887938 -0.287350
vn -0.418235 -0.877528 -0.234574
vn -0.494272 -0.855235 -0.155784
vn -0.564437 -0.822663 -0.068099
vn -0.616588 -0.787254 0.007051
vn -0.652093 -0.753559 0.083212
vn -0.671297 -0.714635 0.196615
vn -0.661139 -0.693229 0.286928
vn -0.644676 -0.685667 0.338014
vn -0.629571 -0.672985 0.388243
vn -0.607163 -0.652200 0.453859
vn -0.561882 -0.614728 0.553533
vn -0.506117 -0.555392 0.659837
vn -0.463507 -0.503416 0.729201
vn -0.440045 -0.475665 0.761645
vn -0.434296 -0.463117 0.772599
vn -0.435009 -0.459500 0.774356
vn -0.433566 -0.458902 0.775519
vn -0.401586 -0.458463 0.792805
vn -0.317864 -0.462174 0.827863
vn -0.208560 -0.467352 0.859119
vn -0.103944 -0.460911 0.881338
vn 0.034079 -0.434548 0.900003
vn 0.222693 -0.406966 0.885882
vn 0.356505 -0.405221 0.841843
vn 0.398487 -0.407471 0.821690
vn 0.413955 -0.395076 0.820095
vn 0.424092 -0.391248 0.816744
vn 0.420214 -0.408373 0.810341
vn 0.409132 -0.423332 0.808333
vn 0.429796 -0.437150 0.790048
vn 0.498033 -0.469650 0.728967
vn 0.568606 -0.519284 0.637990
vn -0.488245 -0.838060 0.243459
vn -0.544545 -0.829293 0.125476
vn -0.443460 -0.823493 0.353841
vn -0.424853 -0.806559 0.411051
vn -0.428594 -0.795985 0.427451
vn -0.430088 -0.779800 0.454902
vn -0.400494 -0.741796 0.537906
vn -0.352841 -0.688352 0.633778
vn -0.334792 -0.650576 0.681663
vn -0.348022 -0.629942 0.694301
vn -0.370259 -0.614414 0.696709
vn -0.387801 -0.601636 0.698315
vn -0.387347 -0.591608 0.707080
vn -0.343600 -0.590836 0.729967
vn -0.238629 -0.600940 0.762842
vn -0.126950 -0.615671 0.777710
vn -0.050412 -0.623686 0.780047
vn 0.043185 -0.607149 0.793413
vn 0.187469 -0.556931 0.809125
vn 0.257226 -0.598428 0.758761
vn 0.316150 -0.592849 0.740662
vn 0.347693 -0.549956 0.759380
vn 0.381760 -0.497945 0.778659
vn 0.361070 -0.554352 0.749881
vn 0.327078 -0.569783 0.753901
vn 0.329868 -0.578393 0.746089
vn 0.372960 -0.636012 0.675566
vn 0.408637 -0.693009 0.593931
vn 0.421177 -0.715961 0.556785
vn 0.430794 -0.734174 0.524791
vn 0.454414 -0.766074 0.454575
vn 0.481047 -0.788892 0.382416
vn 0.501773 -0.795059 0.340742
vn 0.520338 -0.799962 0.298848
vn 0.493937 -0.831589 0.253938
vn 0.540945 -0.821697 0.179421
vn 0.554967 -0.828737 0.072153
vn 0.490074 -0.871292 0.026026
vn 0.440472 -0.897478 -0.022772
vn 0.395897 -0.913637 -0.092379
vn 0.369202 -0.916557 -0.153664
vn 0.348599 -0.918896 -0.184686
vn 0.305325 -0.931403 -0.198155
vn 0.253858 -0.951368 -0.174515
vn 0.189729 -0.974068 -0.123263
vn 0.209132 -0.955485 -0.208118
vn 0.125457 -0.958313 -0.256702
vn -0.001714 -0.969375 -0.245581
vn -0.125898 -0.976630 -0.174196
vn -0.197010 -0.973562 -0.115602
vn -0.213956 -0.971026 -0.106450
vn -0.246859 -0.963017 -0.107975
vn -0.324592 -0.942594 -0.078458
vn -0.408047 -0.912611 -0.025278
vn -0.461365 -0.886721 0.029465
vn -0.495661 -0.864634 0.082030
vn -0.023186 -0.994984 0.097313
vn 0.027673 -0.999503 0.015122
vn 0.070419 -0.996677 -0.040928
vn -0.027416 -0.995678 0.088728
vn 0.154890 -0.984832 -0.078199
vn 0.053532 -0.998313 0.022480
vn 0.210709 -0.971442 0.109100
vn 0.292573 -0.956243 -0.000406
vn 0.315663 -0.944466 0.091330
vn 0.170039 -0.959362 0.225191
vn 0.348273 -0.923827 0.158904
vn 0.195370 -0.937642 0.287503
vn 0.243865 -0.968290 -0.054266
vn 0.117843 -0.989396 0.084898
vn 0.324413 -0.908482 0.263472
vn 0.407919 -0.896625 0.172236
vn -0.040079 -0.999019 0.018834
vn 0.013519 -0.997606 -0.067815
vn -0.071537 -0.996722 0.037793
vn 0.010754 -0.974557 0.223880
vn 0.021901 -0.976657 0.213684
vn -0.093075 -0.981164 0.169278
vn -0.025189 -0.992420 0.120284
vn 0.026615 -0.980350 0.195465
vn -0.010685 -0.973158 0.229892
vn 0.100805 -0.960685 0.258695
vn 0.044783 -0.965610 0.256108
vn -0.111064 -0.993058 0.038733
vn -0.202562 -0.976796 0.069561
vn -0.259289 -0.925852 0.274896
vn -0.196509 -0.952685 0.231894
vn -0.096724 -0.951861 0.290871
vn -0.188378 -0.918382 0.347977
vn -0.024673 -0.952502 0.303531
vn -0.125437 -0.928384 0.349812
vn -0.302415 -0.945790 0.118434
vn -0.351236 -0.922954 0.157445
vn -0.380591 -0.902661 0.200883
vn -0.300347 -0.898196 0.320992
vn -0.258764 -0.881489 0.394992
vn -0.263664 -0.876095 0.403657
vn -0.203795 -0.843484 0.496994
vn -0.279893 -0.766184 0.578465
vn -0.274531 -0.799172 0.534749
vn -0.196791 -0.872584 0.447069
vn -0.292006 -0.841034 0.455406
vn -0.192401 -0.903568 0.382814
vn -0.289957 -0.868961 0.401039
vn -0.167337 -0.920942 0.351944
vn 0.203977 -0.931697 0.300557
vn 0.302404 -0.906716 0.293971
vn 0.325251 -0.881619 0.341993
vn 0.177586 -0.918426 0.353492
vn 0.309222 -0.872179 0.379058
vn 0.167855 -0.914048 0.369245
vn 0.212776 -0.930510 0.298123
vn 0.122298 -0.953738 0.274640
vn 0.154330 -0.892643 0.423522
vn 0.279345 -0.839660 0.465765
vn 0.263211 -0.808521 0.526321
vn 0.150380 -0.859519 0.488480
vn 0.265147 -0.806416 0.528573
vn 0.128404 -0.848868 0.512772
vn 0.296068 -0.866343 0.402235
vn 0.164638 -0.915467 0.367171
vn 0.052871 -0.944785 0.323397
vn 0.023502 -0.939236 0.342468
vn 0.006081 -0.942227 0.334920
vn -0.011508 -0.928296 0.371665
vn -0.028859 -0.872536 0.487698
vn -0.018122 -0.899872 0.435777
vn -0.238434 -0.740906 0.627860
vn -0.344719 -0.682076 0.644935
vn -0.356857 -0.699525 0.619126
vn -0.272426 -0.758677 0.591771
vn -0.346070 -0.724121 0.596560
vn -0.273283 -0.805081 0.526460
vn -0.308394 -0.743433 0.593465
vn -0.229235 -0.820958 0.522952
vn -0.287987 -0.678046 0.676253
vn -0.176109 -0.684268 0.707646
vn -0.114067 -0.723780 0.680537
vn -0.178427 -0.742096 0.646109
vn -0.058346 -0.842740 0.535150
vn -0.083472 -0.818644 0.568203
vn 0.035652 -0.827565 0.560237
vn -0.003891 -0.797228 0.603666
vn 0.172003 -0.818028 0.548858
vn 0.061286 -0.795547 0.602785
vn 0.012926 -0.773967 0.633095
vn 0.094527 -0.719703 0.687817
vn 0.137902 -0.717933 0.682316
vn 0.197118 -0.759870 0.619470
vn 0.263379 -0.722862 0.638829
vn 0.275507 -0.793289 0.542945
vn 0.230469 -0.651884 0.722448
vn 0.224619 -0.652612 0.723633
vn 0.214442 -0.695331 0.685951
vn 0.287265 -0.647220 0.706105
vn 0.029597 -0.708583 0.705006
vn 0.120388 -0.690762 0.712990
vn -0.060426 -0.700007 0.711575
vn -0.013946 -0.739511 0.673000
vn -0.036510 -0.774924 0.630999
vn -0.060365 -0.772826 0.631741
vn -0.126052 -0.797971 0.589366
vn 0.066853 -0.982092 -0.176143
vn 0.830980 -0.555830 -0.022907
vn 0.743544 -0.667849 0.033480
vn 0.103116 -0.994489 0.018912
vn 0.314642 -0.948563 -0.035059
vn 0.805794 -0.591277 -0.032968
vn 0.725708 -0.687606 0.023372
vn 0.706621 -0.704361 -0.067544
vn 0.640170 -0.767674 -0.029313
vn 0.676351 -0.736547 -0.006928
vn 0.744398 -0.665990 -0.048257
vn 0.648016 -0.755844 -0.093671
vn 0.594530 -0.802411 -0.051669
vn 0.408186 -0.905379 -0.116934
vn 0.410849 -0.907725 -0.085078
vn 0.481479 -0.872829 -0.079668
vn 0.493667 -0.861586 -0.118158
vn 0.308656 -0.944367 -0.113588
vn 0.319802 -0.943606 -0.085637
vn -0.037381 -0.991822 -0.122035
vn -0.052910 -0.993935 -0.096407
vn 0.077410 -0.993190 -0.087075
vn 0.082742 -0.989995 -0.114293
vn -0.163730 -0.977747 -0.131164
vn -0.176867 -0.978316 -0.107780
vn -0.542689 -0.824080 -0.162423
vn -0.498707 -0.859472 -0.112244
vn -0.403043 -0.907736 -0.116498
vn -0.419873 -0.894073 -0.156011
vn -0.655919 -0.738481 -0.156258
vn -0.583802 -0.805575 -0.101117
vn -0.862089 -0.499742 -0.084027
vn -0.748674 -0.661546 -0.042948
vn -0.731384 -0.678517 -0.068504
vn -0.832321 -0.540835 -0.121406
vn -0.295228 -0.955364 -0.010998
vn -0.044037 -0.996814 0.066501
vn -0.760937 -0.633041 -0.142246
vn -0.670032 -0.737371 -0.085685
vn -0.290796 -0.946097 -0.142609
vn -0.294328 -0.948744 -0.115132
vn 0.198150 -0.973819 -0.111417
vn 0.207121 -0.974672 -0.084349
vn 0.572817 -0.811941 -0.112399
vn 0.541046 -0.838188 -0.068625
vn 0.774882 -0.630911 -0.038852
vn 0.702471 -0.711636 0.010434
vn -0.586644 -0.809814 -0.007114
vn -0.604932 -0.795104 -0.043218
vn 0.154778 -0.979795 0.126671
vn -0.571620 -0.817416 -0.071277
vn -0.525473 -0.845608 -0.093945
vn -0.472169 -0.874535 -0.110656
vn -0.394622 -0.910192 -0.125797
vn -0.301072 -0.943575 -0.137920
vn -0.194192 -0.971129 -0.138558
vn -0.068775 -0.989246 -0.129080
vn 0.079460 -0.989612 -0.119810
vn 0.228452 -0.966586 -0.116277
vn 0.345613 -0.931302 -0.115016
vn 0.427776 -0.897234 -0.109450
vn 0.480259 -0.871795 -0.096563
vn 0.520678 -0.850331 -0.076371
vn 0.560999 -0.826055 -0.053977
vn 0.598908 -0.800144 -0.032833
vn 0.634461 -0.772871 -0.011376
vn 0.662674 -0.748862 0.008344
vn 0.680780 -0.732080 0.024436
vn 0.680542 -0.731629 0.039768
vn 0.000980 -0.998621 0.052485
vn 0.179694 -0.910432 0.372591
vn 0.250419 -0.912076 0.324665
vn 0.376137 -0.893985 0.243538
vn 0.010276 -0.849484 0.527514
vn 0.098874 -0.886470 0.452100
vn -0.065873 -0.809637 0.583222
vn -0.053141 -0.817462 0.573525
vn -0.037736 -0.794358 0.606276
vn -0.049820 -0.807710 0.587471
vn 0.015689 -0.774440 0.632453
vn -0.024252 -0.781729 0.623146
vn 0.092730 -0.791398 0.604227
vn 0.063584 -0.779022 0.623764
vn 0.099943 -0.816216 0.569037
vn 0.106852 -0.805334 0.583112
vn 0.015365 -0.849994 0.526568
vn 0.060017 -0.827571 0.558144
vn -0.039241 -0.909438 0.413985
vn -0.015039 -0.879195 0.476225
vn -0.074288 -0.971551 0.224878
vn -0.061766 -0.941808 0.330428
vn -0.095492 -0.991452 0.088904
vn -0.064136 -0.986979 0.147506
vn -0.119319 -0.790618 -0.600571
vn -0.108361 -0.789946 -0.603526
vn 0.076237 -0.609736 0.788929
vn 0.110225 -0.594139 0.796774
vn -0.129864 0.582481 -0.802403
vn 0.100766 0.816910 0.567895
vn 0.090569 0.824778 0.558157
vn -0.098593 0.580851 -0.808017
vn 0.064872 -0.766871 -0.638514
vn 0.008671 -0.678752 0.734317
vn 0.083877 0.867708 0.489947
vn 0.098675 0.557021 -0.824616
vn 0.107587 -0.781948 -0.613989
vn -0.200488 -0.466332 0.861591
vn -0.078316 0.816790 0.571596
vn 0.217276 0.515355 -0.828975
vn 0.091088 -0.557176 0.825384
vn -0.062237 -0.809857 -0.583317
vn -0.097807 0.590544 -0.801057
vn 0.053617 0.802137 0.594728
vn 0.066590 -0.640132 0.765374
vn -0.030041 -0.769720 -0.637674
vn -0.079429 0.465657 -0.881393
vn 0.004430 0.881911 0.471396
vn -0.008923 -0.845659 -0.533649
vn -0.189557 -0.595576 0.780613
vn -0.105071 0.847203 0.520775
vn 0.109712 0.516126 -0.849457
vn 0.162780 -0.731223 -0.662432
vn -0.205713 -0.642681 0.738000
vn -0.018696 0.806917 0.590368
vn 0.227159 0.633858 -0.739340
vn 0.497367 -0.829215 -0.255008
vn -0.022072 -0.601459 0.798599
vn 0.192162 0.744445 0.639433
vn 0.586941 0.545859 -0.597945
vn 0.873773 -0.470906 -0.121526
vn 0.496576 0.027030 0.867572
vn 0.595106 0.399465 0.697336
vn 0.833917 0.213955 -0.508730
vn 0.128024 -0.811728 -0.569831
vn 0.215885 -0.802370 -0.556413
vn -0.200035 -0.591568 0.781047
vn -0.185405 -0.602768 0.776077
vn 0.153701 0.536599 -0.829721
vn -0.157791 0.836151 0.525314
vn -0.218176 0.832364 0.509479
vn 0.190144 0.563915 -0.803645
vn -0.348559 -0.525581 0.776061
vn 0.142190 -0.859418 -0.491103
vn 0.205516 0.650140 -0.731492
vn -0.305271 0.792181 0.528450
vn -0.425964 -0.572558 0.700523
vn 0.418917 -0.740900 -0.524954
vn 0.401364 0.531444 -0.745972
vn -0.379368 0.803036 0.459578
vn -0.385105 -0.619638 0.683917
vn 0.363468 -0.823665 -0.435278
vn 0.255877 0.654504 -0.711443
vn -0.467619 0.805938 0.363037
vn -0.671876 -0.632987 0.384592
vn 0.130415 -0.784535 -0.606214
vn 0.086046 0.491675 -0.866517
vn -0.772328 0.622957 0.124237
vn -0.982226 0.183757 -0.038272
vn -0.180927 0.092708 -0.979117
vn -0.071633 -0.459532 -0.885268
vn -0.930956 -0.357919 0.072215
vn 0.222650 -0.806600 -0.547562
vn -0.199144 -0.575871 0.792915
vn -0.208628 0.824598 0.525844
vn 0.210658 0.568564 -0.795210
vn 0.201523 -0.835567 -0.511094
vn -0.187430 -0.559378 0.807444
vn -0.207572 0.763012 0.612149
vn 0.188515 0.625275 -0.757293
vn -0.180126 0.666204 0.723690
vn -0.183071 0.724077 0.664979
vn 0.225011 0.663131 0.713881
vn 0.220511 0.709749 0.669053
vn 0.219613 0.750853 0.622888
vn -0.129845 0.607338 0.783760
vn 0.182879 0.795460 0.577753
vn 0.019678 0.677110 0.735619
vn 0.127989 0.833239 0.537896
vn -0.092984 0.650497 0.753795
vn -0.214418 0.687789 0.693521
vn 0.207731 0.690177 0.693184
vn -0.190761 0.717159 0.670294
vn 0.020562 0.736352 0.676286
vn 0.210520 0.618504 0.757056
vn -0.126946 0.781611 0.610712
vn -0.000373 0.707282 0.706931
vn 0.116498 0.528468 0.840922
vn 0.182480 0.567181 0.803123
vn 0.175868 0.556894 0.811751
vn 0.092617 0.652914 0.751749
vn -0.059692 0.657178 0.751368
vn -0.163666 0.550487 0.818644
vn -0.059663 0.769611 0.635720
vn 0.061972 0.655297 0.752825
vn 0.065481 0.751813 0.656117
vn -0.111195 0.647777 0.753671
vn -0.174419 0.552459 0.815087
vn 0.161678 0.549531 0.819680
vn -0.010173 0.725716 0.687919
vn -0.131470 0.543472 0.829068
vn 0.212838 0.690848 0.690963
vn -0.211334 0.692164 0.690106
vn 0.155065 0.776663 0.610532
vn -0.178910 0.574549 0.798677
vn -0.200901 0.613115 0.764022
vn 0.193933 0.753140 0.628625
vn -0.191051 0.789478 0.583287
vn -0.214060 0.638525 0.739232
vn 0.199808 0.742543 0.639301
vn 0.138465 0.839277 0.525777
vn 0.041822 0.664856 0.745800
vn -0.110562 0.649497 0.752283
vn 0.087596 0.751898 0.653434
vn -0.035427 0.741556 0.669955
vn -0.054135 0.539564 0.840202
vn 0.102399 0.751151 0.652140
vn -0.016729 0.731156 0.682006
vn -0.131108 0.545172 0.828008
vn -0.029011 0.674015 0.738148
vn 0.063051 0.658200 0.750198
vn -0.104702 0.752643 0.650051
vn 0.055285 0.749800 0.659351
vn 0.171163 0.816257 0.551750
vn -0.168379 0.816700 0.551951
vn -0.131790 0.830376 0.541393
vn 0.106577 0.612966 0.782888
vn -0.188871 0.791690 0.580994
vn 0.179884 0.669805 0.720419
vn -0.226145 0.736528 0.637484
vn 0.193765 0.719539 0.666873
vn -0.232237 0.681673 0.693821
vn 0.176026 0.758026 0.628022
vn 0.132742 0.808696 0.573053
vn -0.185206 0.576463 0.795857
vn 0.155643 0.786187 0.598068
vn -0.220700 0.629317 0.745152
vn -0.057578 0.661020 0.748156
vn -0.065651 0.750556 0.657538
vn 0.108496 0.753597 0.648322
vn 0.009162 0.691050 0.722749
vn -0.173986 0.812471 0.556435
vn 0.166598 0.818166 0.550317
vn 0.126646 0.830068 0.543091
vn -0.157214 0.625316 0.764371
vn 0.182770 0.799055 0.572806
vn -0.196542 0.659481 0.725573
vn 0.226858 0.741727 0.631170
vn -0.212172 0.667071 0.714142
vn 0.182326 0.571103 0.800374
vn -0.156645 0.539472 0.827305
vn -0.743333 0.321051 0.586841
vn -0.743240 -0.587212 -0.320587
vn -0.746973 -0.328773 -0.577876
vn -0.747063 0.577847 0.328617
vn -0.550015 0.075746 0.831713
vn -0.550096 -0.831700 -0.075291
vn 0.786911 0.490173 0.374834
vn 0.786711 -0.374785 -0.490533
vn 0.749793 -0.213253 -0.626365
vn 0.749581 0.626931 0.212333
vn 0.208088 0.313397 0.926543
vn 0.208079 -0.926697 -0.312948
vn 0.614863 -0.052022 -0.786916
vn 0.614926 0.786879 0.051828
vn 0.426519 0.076045 -0.901276
vn 0.426469 0.901254 -0.076579
vn 0.220984 0.923939 0.312254
vn 0.220977 -0.312735 -0.923778
vn 0.784877 -0.443929 -0.432313
vn 0.784877 0.432538 0.443710
vn -0.547021 0.833093 0.082001
vn -0.547081 -0.082391 -0.833015
vn -0.763547 0.539385 0.355049
vn -0.763569 -0.355455 -0.539086
vn -0.362129 -0.118814 -0.924525
vn -0.362140 0.924589 0.118278
vn 0.442843 -0.223044 -0.868413
vn 0.442738 0.868562 0.222674
vn 0.512109 0.004299 0.858910
vn 0.512108 -0.858912 -0.003865
vn 0.423044 -0.880934 -0.212107
vn 0.423045 0.212553 0.880826
vn -0.586506 0.216154 0.780569
vn -0.586527 -0.780672 -0.215724
vn -0.542763 -0.839745 -0.015405
vn -0.542762 0.015833 0.839737
vn -0.441753 -0.066801 0.894646
vn -0.441876 -0.894557 0.067181
vn 0.788061 -0.435691 -0.434894
vn 0.788066 0.434958 0.435618
vn -0.604836 0.042058 0.795239
vn -0.604791 -0.795294 -0.041657
vn -0.705800 0.161606 0.689732
vn -0.705743 -0.689875 -0.161240
vn 0.621026 0.775989 0.110302
vn 0.620954 -0.110339 -0.776042
vn 0.719093 -0.204019 -0.664291
vn 0.719068 0.664327 0.203990
vn -0.590989 0.225407 0.774548
vn -0.591105 -0.774592 -0.224951
vn -0.787177 -0.432483 -0.439671
vn -0.787158 0.440087 0.432093
vn -0.311847 0.908504 0.278158
vn -0.311849 -0.278614 -0.908364
vn 0.527829 -0.228820 -0.817948
vn 0.527830 0.818063 0.228405
vn 0.342013 0.252459 0.905147
vn 0.341886 -0.905302 -0.252077
vn -0.199746 -0.971580 0.127018
vn -0.199747 -0.126527 0.971644
vn -0.442785 -0.063547 0.894373
vn -0.442727 -0.894367 0.064040
vn -0.431255 0.637416 -0.638530
vn -0.193575 0.914797 0.354508
vn -0.280276 0.302211 0.911106
vn -0.280366 -0.911249 -0.301695
vn -0.194480 -0.354140 -0.914747
vn 0.537729 0.842964 0.016099
vn 0.537728 -0.016527 -0.842957
vn -0.532920 -0.015869 -0.846017
vn -0.532920 0.846025 0.015441
vn 0.397054 0.888300 0.230808
vn 0.397052 -0.231260 -0.888183
vn 0.498901 0.077019 0.863230
vn 0.498877 -0.863271 -0.076709
vn -0.576092 0.785954 0.224485
vn -0.576086 -0.224893 -0.785842
vn -0.438208 0.068990 -0.896222
vn -0.438238 0.896175 -0.069419
vn -0.632826 -0.066149 -0.771463
vn -0.632800 0.771520 0.065732
vn 0.763100 0.547287 0.343737
vn 0.763165 -0.344122 -0.546955
vn 0.751478 -0.561562 -0.346308
vn 0.751344 0.346297 0.561747
vn 0.613213 0.558498 -0.558614
vn 0.495628 0.868305 -0.019980
vn -0.750843 0.226255 0.620518
vn -0.750840 -0.620634 -0.225948
vn -0.617759 -0.784771 -0.050092
vn -0.617729 0.050481 0.784769
vn 0.747323 0.469879 -0.469810
vn 0.588582 0.804843 0.076154
vn 0.589092 -0.076978 -0.804391
vn 0.694932 -0.189046 -0.693780
vn 0.694681 0.694000 0.189163
vn -0.446440 0.864357 0.231471
vn -0.446440 -0.231908 -0.864239
vn 0.525121 0.850980 0.008976
vn 0.525122 -0.009407 -0.850975
vn -0.549826 -0.029177 -0.834770
vn -0.549826 0.834784 0.028753
vn 0.584877 0.780473 0.220864
vn 0.584873 -0.221266 -0.780362
vn -0.759058 0.316451 0.568937
vn -0.758947 -0.568979 -0.316643
vn -0.781039 -0.515998 -0.351745
vn -0.780926 0.352009 0.515989
vn -0.486794 -0.873230 0.022369
vn -0.486791 -0.022002 0.873241
vn -0.180121 -0.723979 -0.665891
vn 0.220363 -0.669620 -0.709260
vn 0.224824 -0.714217 -0.662833
vn -0.183059 -0.665398 -0.723695
vn 0.219432 -0.623059 -0.750764
vn -0.129855 -0.784093 -0.606907
vn 0.183041 -0.578174 -0.795117
vn 0.019678 -0.735959 -0.676740
vn 0.127923 -0.538328 -0.832970
vn -0.092991 -0.754124 -0.650115
vn -0.214443 -0.693836 -0.687463
vn 0.207733 -0.693534 -0.689825
vn -0.190749 -0.670629 -0.716849
vn 0.020557 -0.676660 -0.736009
vn 0.208742 -0.761230 -0.613968
vn -0.126965 -0.611077 -0.781323
vn -0.000339 -0.707316 -0.706897
vn 0.126357 -0.837332 -0.531892
vn 0.176624 -0.795543 -0.579581
vn -0.059695 -0.751700 -0.656798
vn 0.092423 -0.751922 -0.652742
vn 0.175869 -0.812032 -0.556483
vn -0.163665 -0.818922 -0.550072
vn -0.059656 -0.636121 -0.769280
vn 0.061971 -0.753157 -0.654915
vn 0.065500 -0.656498 -0.751479
vn -0.111206 -0.754006 -0.647386
vn -0.174421 -0.815367 -0.552046
vn 0.161677 -0.819959 -0.549116
vn -0.010165 -0.688272 -0.725382
vn -0.131417 -0.829363 -0.543034
vn 0.212814 -0.691437 -0.690380
vn -0.211337 -0.690306 -0.691964
vn 0.155168 -0.611003 -0.776272
vn -0.178908 -0.798943 -0.574179
vn -0.200880 -0.764349 -0.612713
vn 0.194135 -0.629277 -0.752544
vn 0.195982 -0.641612 -0.741569
vn -0.214062 -0.739572 -0.638131
vn -0.191047 -0.583691 -0.789180
vn 0.143698 -0.525700 -0.838445
vn 0.041808 -0.746139 -0.664476
vn -0.110582 -0.752603 -0.649123
vn 0.087596 -0.653814 -0.751567
vn -0.035427 -0.670330 -0.741217
vn 0.102447 -0.652505 -0.750828
vn -0.054134 -0.840475 -0.539139
vn -0.016760 -0.682307 -0.730873
vn -0.131137 -0.828275 -0.544761
vn -0.029028 -0.738491 -0.673639
vn 0.063051 -0.750532 -0.657820
vn -0.104699 -0.650434 -0.752312
vn 0.055284 -0.659731 -0.749465
vn 0.171162 -0.552164 -0.815977
vn -0.168380 -0.552364 -0.816420
vn -0.131811 -0.541816 -0.830098
vn 0.106549 -0.783172 -0.612609
vn -0.188855 -0.581381 -0.791410
vn 0.179899 -0.720821 -0.669368
vn -0.226144 -0.637876 -0.736189
vn 0.193764 -0.667165 -0.719268
vn -0.232246 -0.694163 -0.681322
vn 0.176178 -0.628479 -0.757612
vn 0.132845 -0.573704 -0.808218
vn -0.185203 -0.796164 -0.576040
vn 0.155202 -0.598377 -0.786039
vn -0.220695 -0.745468 -0.628944
vn -0.057579 -0.748491 -0.660641
vn -0.065651 -0.657918 -0.750223
vn 0.108494 -0.648705 -0.753267
vn 0.008774 -0.722189 -0.691640
vn -0.173986 -0.556847 -0.812188
vn 0.166600 -0.550732 -0.817887
vn 0.126651 -0.543521 -0.829786
vn -0.157609 -0.764600 -0.624937
vn 0.182811 -0.573203 -0.798761
vn -0.196375 -0.725990 -0.659072
vn 0.226842 -0.631496 -0.741455
vn -0.212291 -0.714384 -0.666775
vn 0.182285 -0.800671 -0.570699
vn -0.156571 -0.827580 -0.539070
vn 0.786404 0.344859 0.512485
vn 0.786341 -0.512391 -0.345141
vn -0.788800 0.424451 0.444564
vn -0.537920 0.215590 0.814962
vn -0.537950 -0.815057 -0.215156
vn -0.788820 -0.444808 -0.424157
vn 0.732266 0.185630 0.655232
vn 0.722948 -0.664856 -0.187917
vn 0.613827 0.018167 0.789232
vn 0.395521 -0.107247 0.912174
vn 0.399999 -0.913309 0.076598
vn 0.604085 -0.793861 -0.069752
vn 0.555097 0.029363 0.831267
vn -0.515835 0.006956 0.856660
vn -0.515835 -0.856663 -0.006522
vn 0.555097 -0.831282 -0.028941
vn 0.542798 0.226232 0.808820
vn 0.542347 -0.808994 -0.226691
vn -0.416145 0.221464 0.881917
vn -0.416145 -0.882029 -0.221018
vn -0.137002 0.908119 0.395666
vn -0.136901 -0.396025 -0.907977
vn -0.623486 0.774479 0.106996
vn 0.426604 0.902354 -0.061368
vn 0.426788 0.060667 -0.902315
vn -0.623484 -0.107393 -0.774425
vn -0.755475 0.249919 0.605639
vn -0.755444 -0.605805 -0.249607
vn 0.742093 0.622456 0.248690
vn 0.742192 -0.249065 -0.622188
vn 0.572314 0.786488 0.232151
vn 0.572447 -0.232418 -0.786312
vn 0.433396 0.231681 0.870914
vn 0.433395 -0.871032 -0.231240
vn -0.765655 0.590008 0.256247
vn -0.765636 -0.256518 -0.589916
vn -0.797577 0.403898 0.448037
vn -0.797583 -0.448233 -0.403668
vn 0.493247 0.019419 -0.869673
vn 0.612916 0.558908 -0.558529
vn -0.412033 0.240314 0.878907
vn -0.412035 -0.879028 -0.239867
vn 0.427190 0.901345 -0.071319
vn 0.427155 0.070871 -0.901397
vn -0.653913 0.159388 0.739590
vn -0.234319 0.170717 0.957053
vn -0.222006 -0.961971 -0.159139
vn -0.653674 -0.740079 -0.158091
vn 0.606358 0.794195 0.039810
vn 0.606354 -0.040162 -0.794180
vn 0.758992 0.606946 0.235687
vn 0.759051 -0.236115 -0.606705
vn 0.585376 0.067049 0.807985
vn 0.585354 -0.808034 -0.066648
vn 0.544486 0.410669 0.731359
vn 0.541404 -0.741933 -0.395495
vn 0.071130 0.562995 0.823394
vn 0.000016 0.713022 0.701142
vn 0.000016 0.713022 0.701142
vn 0.000016 0.713022 0.701142
vn 0.000021 0.713025 0.701139
vn 0.000021 0.713025 0.701139
vn 0.000021 0.713025 0.701139
vn 0.000024 0.713026 0.701138
vn 0.000024 0.713026 0.701138
vn 0.000006 0.713025 0.701139
vn 0.000006 0.713025 0.701139
vn 0.000006 0.713025 0.701139
vn 0.365171 0.321968 0.873491
vn 0.365171 0.321968 0.873491
vn 0.053902 0.224052 0.973086
vn 0.053902 0.224052 0.973086
vn 0.053902 0.224052 0.973086
vn -0.397055 0.344363 0.850742
vn -0.397055 0.344362 0.850742
vn -0.397055 0.344362 0.850742
vn -0.397055 0.344362 0.850742
vn 0.536775 0.638153 0.551936
vn 0.397094 0.856401 0.329991
vn 0.397094 0.856401 0.329991
vn 0.397094 0.856401 0.329991
vn 0.397093 0.856401 0.329991
vn -0.365143 0.878788 0.307249
vn -0.365143 0.878788 0.307249
vn -0.536737 0.562606 0.628799
vn -0.053871 0.976720 0.207645
vn -0.053871 0.976720 0.207645
vn -0.053871 0.976720 0.207645
vn 0.000016 0.713033 0.701130
vn 0.000016 0.713033 0.701130
vn 0.000008 0.713028 0.701135
vn 0.000008 0.713028 0.701135
vn 0.000008 0.713028 0.701135
vn 0.000011 0.713024 0.701140
vn 0.000011 0.713023 0.701140
vn 0.000021 0.713025 0.701139
vn 0.000021 0.713025 0.701139
vn 0.365176 0.321966 0.873490
vn 0.365176 0.321966 0.873490
vn 0.053904 0.224043 0.973088
vn 0.053904 0.224043 0.973088
vn 0.053904 0.224042 0.973088
vn 0.053904 0.224042 0.973088
vn -0.397056 0.344367 0.850740
vn -0.397055 0.344367 0.850740
vn -0.397055 0.344367 0.850740
vn 0.536766 0.638152 0.551945
vn 0.397082 0.856404 0.329997
vn 0.397081 0.856404 0.329997
vn -0.365137 0.878785 0.307266
vn -0.536727 0.562611 0.628802
vn -0.536727 0.562611 0.628802
vn -0.536728 0.562611 0.628802
vn -0.536728 0.562611 0.628802
vn -0.053865 0.976717 0.207660
vn -0.053865 0.976717 0.207660
vn 0.000016 0.713022 0.701142
vn 0.000016 0.713022 0.701142
vn 0.000028 0.713023 0.701141
vn 0.000028 0.713023 0.701141
vn 0.000028 0.713023 0.701141
vn 0.000024 0.713026 0.701138
vn 0.000024 0.713026 0.701138
vn 0.000006 0.713025 0.701139
vn 0.000006 0.713025 0.701139
vn 0.365171 0.321977 0.873488
vn 0.365171 0.321976 0.873488
vn 0.053898 0.224059 0.973084
vn 0.053898 0.224059 0.973084
vn 0.053898 0.224059 0.973084
vn -0.397057 0.344361 0.850742
vn -0.397057 0.344361 0.850742
vn -0.397057 0.344361 0.850742
vn 0.536775 0.638153 0.551936
vn 0.536775 0.638153 0.551936
vn 0.397091 0.856402 0.329992
vn 0.397091 0.856402 0.329992
vn -0.365146 0.878787 0.307247
vn -0.365146 0.878787 0.307247
vn -0.536743 0.562600 0.628798
vn -0.536743 0.562600 0.628798
vn -0.536743 0.562600 0.628798
vn -0.053864 0.976719 0.207649
vn -0.053864 0.976719 0.207649
vn -0.053864 0.976719 0.207649
vn 0.000011 0.713023 0.701140
vn 0.000021 0.713025 0.701139
vn 0.000021 0.713025 0.701139
vn 0.000021 0.713025 0.701139
vn 0.000021 0.713032 0.701132
vn 0.000021 0.713032 0.701132
vn 0.000021 0.713032 0.701132
vn 0.000006 0.713025 0.701139
vn 0.000006 0.713025 0.701139
vn 0.000006 0.713025 0.701139
vn 0.365176 0.321969 0.873489
vn 0.365176 0.321969 0.873489
vn 0.053901 0.224039 0.973088
vn 0.053901 0.224039 0.973088
vn -0.397061 0.344358 0.850741
vn -0.397061 0.344358 0.850741
vn -0.397061 0.344358 0.850741
vn 0.536779 0.638149 0.551936
vn -0.365142 0.878787 0.307255
vn -0.365142 0.878786 0.307255
vn -0.365142 0.878786 0.307255
vn -0.536737 0.562606 0.628798
vn -0.536737 0.562606 0.628798
vn -0.536737 0.562606 0.628798
vn -0.053870 0.976717 0.207656
vn -0.053870 0.976718 0.207656
vn 0.000016 0.713022 0.701142
vn 0.000016 0.713022 0.701142
vn 0.000016 0.713022 0.701142
vn 0.000021 0.713025 0.701139
vn 0.000021 0.713025 0.701139
vn 0.000024 0.713026 0.701138
vn 0.000024 0.713026 0.701138
vn 0.000013 0.713023 0.701141
vn 0.000013 0.713023 0.701141
vn 0.000013 0.713023 0.701141
vn 0.365172 0.321976 0.873488
vn 0.365172 0.321976 0.873488
vn 0.053900 0.224050 0.973086
vn 0.053900 0.224050 0.973086
vn -0.397061 0.344359 0.850741
vn -0.397061 0.344359 0.850741
vn -0.397061 0.344359 0.850741
vn -0.397061 0.344359 0.850741
vn 0.536770 0.638153 0.551941
vn 0.536770 0.638153 0.551941
vn 0.536770 0.638153 0.551941
vn 0.397090 0.856399 0.330000
vn 0.397090 0.856399 0.330000
vn -0.365143 0.878786 0.307255
vn -0.365143 0.878786 0.307254
vn -0.365143 0.878786 0.307255
vn -0.536742 0.562601 0.628799
vn -0.536742 0.562601 0.628799
vn -0.536742 0.562601 0.628799
vn -0.053870 0.976718 0.207656
vn -0.053870 0.976717 0.207656
vn -0.053870 0.976718 0.207656
vn 0.000016 0.713022 0.701142
vn 0.000016 0.713022 0.701142
vn 0.000016 0.713022 0.701142
vn 0.000016 0.713022 0.701142
vn 0.000013 0.713023 0.701141
vn 0.000013 0.713023 0.701141
vn 0.000013 0.713023 0.701141
vn 0.000013 0.713028 0.701135
vn 0.000013 0.713028 0.701135
vn 0.000021 0.713025 0.701139
vn 0.000021 0.713025 0.701139
vn 0.000021 0.713025 0.701139
vn 0.365170 0.321978 0.873488
vn 0.365170 0.321978 0.873488
vn 0.365170 0.321978 0.873488
vn 0.365170 0.321978 0.873488
vn 0.053900 0.224037 0.973089
vn 0.053900 0.224037 0.973089
vn 0.053900 0.224037 0.973089
vn 0.053900 0.224037 0.973089
vn -0.397062 0.344359 0.850740
vn -0.397061 0.344359 0.850740
vn -0.397061 0.344359 0.850740
vn 0.536761 0.638157 0.551946
vn 0.536761 0.638157 0.551946
vn 0.536761 0.638157 0.551946
vn -0.365148 0.878785 0.307254
vn -0.365148 0.878784 0.307254
vn -0.365148 0.878784 0.307254
vn -0.536738 0.562606 0.628798
vn -0.536738 0.562606 0.628798
vn -0.053869 0.976720 0.207646
vn -0.053869 0.976720 0.207646
vn -0.053869 0.976720 0.207646
vn -0.053869 0.976720 0.207646
vn 0.000019 0.713027 0.701137
vn 0.000019 0.713027 0.701137
vn 0.000015 0.713027 0.701137
vn 0.000015 0.713027 0.701137
vn 0.000015 0.713027 0.701137
vn 0.000019 0.713027 0.701137
vn 0.000019 0.713027 0.701137
vn 0.000021 0.713025 0.701139
vn 0.000021 0.713025 0.701139
vn 0.000021 0.713025 0.701139
vn 0.365177 0.321973 0.873487
vn 0.365177 0.321973 0.873487
vn 0.365177 0.321973 0.873487
vn 0.053900 0.224034 0.973090
vn 0.053900 0.224034 0.973090
vn 0.053900 0.224034 0.973090
vn 0.053900 0.224034 0.973090
vn -0.397058 0.344354 0.850744
vn -0.397058 0.344354 0.850744
vn -0.397058 0.344354 0.850744
vn -0.397058 0.344354 0.850744
vn 0.536766 0.638152 0.551946
vn 0.536766 0.638152 0.551946
vn 0.536766 0.638152 0.551946
vn 0.536766 0.638152 0.551946
vn 0.397084 0.856402 0.330001
vn 0.397084 0.856402 0.330001
vn -0.365144 0.878788 0.307248
vn -0.365144 0.878788 0.307248
vn -0.536734 0.562611 0.628797
vn -0.536734 0.562611 0.628797
vn -0.053873 0.976719 0.207650
vn -0.053873 0.976719 0.207650
vn 0.000014 0.713028 0.701135
vn 0.000014 0.713028 0.701135
vn 0.000014 0.713028 0.701135
vn 0.000015 0.713027 0.701137
vn 0.000015 0.713027 0.701137
vn 0.000015 0.713027 0.701137
vn 0.000013 0.713028 0.701135
vn 0.000013 0.713028 0.701135
vn 0.000015 0.713027 0.701137
vn 0.000015 0.713027 0.701137
vn 0.000015 0.713027 0.701137
vn 0.365176 0.321968 0.873489
vn 0.053902 0.224041 0.973088
vn 0.053902 0.224041 0.973088
vn 0.053902 0.224041 0.973088
vn 0.053902 0.224041 0.973088
vn -0.397059 0.344365 0.850739
vn -0.397059 0.344365 0.850739
vn 0.536775 0.638153 0.551936
vn 0.397091 0.856401 0.329995
vn 0.397091 0.856401 0.329995
vn -0.365141 0.878786 0.307257
vn -0.365141 0.878786 0.307257
vn -0.365141 0.878786 0.307257
vn -0.536738 0.562606 0.628798
vn -0.536738 0.562606 0.628798
vn -0.053869 0.976717 0.207659
vn -0.053869 0.976717 0.207659
vn -0.053869 0.976717 0.207659
vn 0.000019 0.713027 0.701137
vn 0.000019 0.713027 0.701137
vn 0.000019 0.713027 0.701137
vn 0.000019 0.713027 0.701137
vn 0.000015 0.713027 0.701137
vn 0.000015 0.713027 0.701137
vn 0.000024 0.713026 0.701138
vn 0.000024 0.713026 0.701138
vn 0.000024 0.713026 0.701138
vn 0.000019 0.713021 0.701142
vn 0.000019 0.713021 0.701142
vn 0.000019 0.713021 0.701142
vn 0.365170 0.321975 0.873489
vn 0.365170 0.321975 0.873489
vn 0.053901 0.224035 0.973089
vn 0.053901 0.224035 0.973089
vn 0.053901 0.224035 0.973089
vn -0.397057 0.344350 0.850746
vn -0.397057 0.344350 0.850746
vn 0.536767 0.638152 0.551945
vn 0.536767 0.638152 0.551945
vn 0.536767 0.638152 0.551945
vn 0.397087 0.856403 0.329995
vn 0.397087 0.856403 0.329994
vn 0.397087 0.856403 0.329994
vn -0.365143 0.878788 0.307250
vn -0.365143 0.878788 0.307250
vn -0.365143 0.878788 0.307250
vn -0.536734 0.562611 0.628797
vn -0.536734 0.562611 0.628797
vn -0.053869 0.976720 0.207646
vn -0.053869 0.976720 0.207646
vn 0.000019 0.713027 0.701137
vn 0.000019 0.713027 0.701137
vn 0.000013 0.713023 0.701141
vn 0.000013 0.713023 0.701141
vn 0.000014 0.713028 0.701135
vn 0.000014 0.713028 0.701135
vn 0.000015 0.713027 0.701137
vn 0.000015 0.713027 0.701137
vn 0.000015 0.713027 0.701137
vn 0.365178 0.321966 0.873489
vn 0.365178 0.321966 0.873489
vn 0.365178 0.321966 0.873489
vn 0.053903 0.224039 0.973088
vn -0.397060 0.344365 0.850739
vn -0.397060 0.344365 0.850739
vn -0.397060 0.344365 0.850739
vn -0.397060 0.344365 0.850739
vn 0.536772 0.638152 0.551940
vn 0.536772 0.638152 0.551940
vn 0.397086 0.856403 0.329995
vn 0.397086 0.856403 0.329995
vn -0.365146 0.878783 0.307261
vn -0.365146 0.878783 0.307260
vn -0.536739 0.562606 0.628798
vn -0.536739 0.562606 0.628798
vn -0.053862 0.976718 0.207657
vn -0.053862 0.976718 0.207657
vn 0.000013 0.713028 0.701135
vn 0.000013 0.713028 0.701135
vn 0.000013 0.713028 0.701135
vn 0.000021 0.713025 0.701139
vn 0.000021 0.713025 0.701139
vn 0.000021 0.713025 0.701139
vn 0.000014 0.713028 0.701135
vn 0.000014 0.713028 0.701135
vn 0.000015 0.713027 0.701137
vn 0.000015 0.713027 0.701137
vn 0.000015 0.713027 0.701137
vn 0.365179 0.321971 0.873487
vn 0.365179 0.321971 0.873487
vn 0.053896 0.224043 0.973088
vn 0.053896 0.224043 0.973088
vn 0.053896 0.224043 0.973088
vn -0.397059 0.344366 0.850738
vn -0.397059 0.344366 0.850738
vn 0.536771 0.638152 0.551941
vn 0.397087 0.856403 0.329993
vn 0.397087 0.856403 0.329993
vn -0.365143 0.878786 0.307256
vn -0.365143 0.878786 0.307256
vn -0.365143 0.878786 0.307256
vn -0.536743 0.562601 0.628798
vn -0.536743 0.562601 0.628798
vn -0.536743 0.562601 0.628798
vn -0.053863 0.976716 0.207663
vn -0.053863 0.976716 0.207663
vn -0.053863 0.976717 0.207663
vn 0.000019 0.713027 0.701137
vn 0.000015 0.713027 0.701137
vn 0.000015 0.713027 0.701137
vn 0.000021 0.713021 0.701143
vn 0.000021 0.713021 0.701143
vn 0.000013 0.713023 0.701141
vn 0.000013 0.713023 0.701141
vn 0.365170 0.321970 0.873491
vn 0.365170 0.321969 0.873491
vn 0.053901 0.224046 0.973087
vn 0.053901 0.224046 0.973087
vn 0.053901 0.224046 0.973087
vn 0.053901 0.224046 0.973087
vn -0.397053 0.344356 0.850746
vn -0.397053 0.344356 0.850746
vn -0.397053 0.344356 0.850746
vn 0.536772 0.638152 0.551940
vn 0.536772 0.638152 0.551940
vn 0.536772 0.638152 0.551940
vn 0.536772 0.638152 0.551940
vn 0.397085 0.856400 0.330005
vn 0.397085 0.856400 0.330005
vn -0.365143 0.878786 0.307254
vn -0.365143 0.878786 0.307254
vn -0.536735 0.562610 0.628797
vn -0.536735 0.562610 0.628797
vn -0.536735 0.562610 0.628797
vn -0.053873 0.976717 0.207658
vn -0.053873 0.976717 0.207658
vn -0.053873 0.976717 0.207658
vn -0.053873 0.976717 0.207658
vn 0.000026 0.713030 0.701133
vn 0.000026 0.713030 0.701133
vn 0.000026 0.713030 0.701133
vn 0.000015 0.713027 0.701137
vn 0.000015 0.713027 0.701137
vn 0.000015 0.713027 0.701137
vn 0.000021 0.713021 0.701143
vn 0.000021 0.713021 0.701143
vn 0.000021 0.713021 0.701143
vn 0.000021 0.713025 0.701139
vn 0.000021 0.713025 0.701139
vn 0.000021 0.713025 0.701139
vn 0.365177 0.321972 0.873487
vn 0.365177 0.321972 0.873487
vn 0.053898 0.224046 0.973087
vn 0.053898 0.224046 0.973087
vn 0.053898 0.224046 0.973087
vn 0.053898 0.224046 0.973087
vn -0.397057 0.344352 0.850745
vn -0.397057 0.344352 0.850745
vn -0.397057 0.344352 0.850745
vn 0.536766 0.638152 0.551945
vn 0.536766 0.638152 0.551945
vn 0.397081 0.856404 0.329998
vn 0.397081 0.856404 0.329998
vn -0.365148 0.878784 0.307254
vn -0.365148 0.878784 0.307254
vn -0.365148 0.878784 0.307254
vn -0.536744 0.562606 0.628793
vn -0.536744 0.562606 0.628793
vn -0.053858 0.976719 0.207650
vn -0.053858 0.976719 0.207650
vn -0.053858 0.976719 0.207650
vn -0.053858 0.976719 0.207650
vn 0.000011 0.713024 0.701140
vn 0.000011 0.713023 0.701140
vn 0.000011 0.713023 0.701140
vn 0.000030 0.713027 0.701137
vn 0.000030 0.713027 0.701137
vn 0.000030 0.713027 0.701137
vn 0.000019 0.713038 0.701125
vn 0.000019 0.713038 0.701125
vn 0.000019 0.713038 0.701125
vn 0.000010 0.713032 0.701131
vn 0.365174 0.321978 0.873486
vn 0.365174 0.321978 0.873486
vn 0.053898 0.224041 0.973088
vn 0.053898 0.224041 0.973088
vn 0.053898 0.224041 0.973088
vn 0.053898 0.224041 0.973088
vn -0.397061 0.344360 0.850740
vn -0.397061 0.344360 0.850740
vn -0.397061 0.344360 0.850740
vn -0.397061 0.344360 0.850740
vn 0.536772 0.638156 0.551935
vn 0.536772 0.638156 0.551935
vn 0.397092 0.856399 0.329998
vn 0.397092 0.856399 0.329998
vn 0.397092 0.856399 0.329998
vn -0.365144 0.878787 0.307251
vn -0.365144 0.878787 0.307251
vn -0.536744 0.562606 0.628793
vn -0.536744 0.562605 0.628793
vn -0.053872 0.976716 0.207665
vn -0.053872 0.976716 0.207665
vn -0.053872 0.976716 0.207665
vn 0.000021 0.713021 0.701143
vn 0.000021 0.713021 0.701143
vn 0.000021 0.713021 0.701143
vn 0.000021 0.713021 0.701143
vn 0.000021 0.713025 0.701139
vn 0.000021 0.713025 0.701139
vn 0.000016 0.713022 0.701142
vn 0.000016 0.713022 0.701142
vn 0.000023 0.713028 0.701135
vn 0.365170 0.321981 0.873487
vn 0.365170 0.321981 0.873487
vn 0.365170 0.321981 0.873487
vn 0.053891 0.224046 0.973087
vn 0.053891 0.224046 0.973087
vn 0.053891 0.224046 0.973087
vn -0.397053 0.344356 0.850746
vn -0.397053 0.344356 0.850746
vn 0.536757 0.638160 0.551946
vn 0.536757 0.638160 0.551946
vn 0.397093 0.856397 0.330003
vn 0.397093 0.856397 0.330003
vn 0.397093 0.856397 0.330003
vn 0.397093 0.856397 0.330004
vn -0.365141 0.878787 0.307256
vn -0.365141 0.878787 0.307256
vn -0.365141 0.878787 0.307256
vn -0.365141 0.878787 0.307256
vn -0.536740 0.562605 0.628797
vn -0.536740 0.562605 0.628797
vn -0.053871 0.976717 0.207656
vn -0.053871 0.976717 0.207656
vn 0.000019 0.713027 0.701137
vn 0.000019 0.713027 0.701137
vn 0.000013 0.713023 0.701141
vn 0.000013 0.713023 0.701141
vn 0.000013 0.713023 0.701141
vn 0.000013 0.713028 0.701135
vn 0.000013 0.713028 0.701135
vn 0.000015 0.713027 0.701137
vn 0.000015 0.713027 0.701137
vn 0.365177 0.321968 0.873488
vn 0.365177 0.321968 0.873488
vn 0.365177 0.321968 0.873488
vn 0.053899 0.224035 0.973089
vn 0.053899 0.224035 0.973089
vn 0.053899 0.224035 0.973089
vn 0.053899 0.224035 0.973089
vn -0.397057 0.344359 0.850742
vn -0.397057 0.344359 0.850742
vn -0.397057 0.344359 0.850742
vn 0.536771 0.638152 0.551941
vn 0.536771 0.638152 0.551941
vn 0.397085 0.856404 0.329994
vn 0.397085 0.856404 0.329994
vn 0.397085 0.856404 0.329994
vn -0.365141 0.878787 0.307256
vn -0.365141 0.878787 0.307256
vn -0.536730 0.562611 0.628801
vn -0.536730 0.562611 0.628801
vn -0.053867 0.976719 0.207647
vn -0.053867 0.976719 0.207647
vn -0.053867 0.976719 0.207647
vn 0.000021 0.713032 0.701132
vn 0.000021 0.713032 0.701132
vn 0.000015 0.713027 0.701137
vn 0.000015 0.713027 0.701137
vn 0.000016 0.713022 0.701142
vn 0.000016 0.713022 0.701142
vn 0.000016 0.713022 0.701142
vn 0.000021 0.713025 0.701139
vn 0.000021 0.713025 0.701139
vn 0.000021 0.713025 0.701139
vn 0.365170 0.321977 0.873488
vn 0.365170 0.321977 0.873488
vn 0.365170 0.321977 0.873488
vn 0.365170 0.321977 0.873488
vn 0.053895 0.224045 0.973087
vn 0.053895 0.224045 0.973087
vn -0.397054 0.344360 0.850743
vn -0.397054 0.344360 0.850743
vn -0.397054 0.344360 0.850743
vn 0.536762 0.638155 0.551945
vn 0.397080 0.856402 0.330004
vn 0.397080 0.856402 0.330004
vn -0.365142 0.878786 0.307257
vn -0.365142 0.878786 0.307257
vn -0.536739 0.562606 0.628797
vn -0.536739 0.562606 0.628797
vn -0.053867 0.976716 0.207663
vn -0.053867 0.976716 0.207663
vn -0.053867 0.976716 0.207663
vn 0.000016 0.713022 0.701142
vn 0.000016 0.713022 0.701142
vn 0.000013 0.713023 0.701141
vn 0.000013 0.713023 0.701141
vn 0.000013 0.713023 0.701141
vn 0.000013 0.713028 0.701135
vn 0.000013 0.713028 0.701135
vn 0.000021 0.713025 0.701139
vn 0.000021 0.713025 0.701139
vn 0.000021 0.713025 0.701139
vn 0.365169 0.321978 0.873488
vn 0.053898 0.224038 0.973089
vn 0.053898 0.224038 0.973089
vn 0.053898 0.224038 0.973089
vn -0.397055 0.344361 0.850743
vn -0.397055 0.344360 0.850743
vn 0.536758 0.638155 0.551950
vn 0.536758 0.638155 0.551950
vn 0.397087 0.856403 0.329994
vn 0.397087 0.856403 0.329994
vn 0.397087 0.856403 0.329994
vn -0.365142 0.878786 0.307258
vn -0.365142 0.878786 0.307258
vn -0.536730 0.562610 0.628801
vn -0.536730 0.562610 0.628801
vn -0.053869 0.976720 0.207646
vn -0.053869 0.976720 0.207646
vn -0.053869 0.976720 0.207646
vn -0.053869 0.976720 0.207646
vn 0.000026 0.713030 0.701133
vn 0.000026 0.713030 0.701133
vn 0.000015 0.713027 0.701137
vn 0.000015 0.713027 0.701137
vn 0.000015 0.713027 0.701137
vn 0.000016 0.713022 0.701142
vn 0.000016 0.713022 0.701142
vn 0.000016 0.713022 0.701142
vn 0.000030 0.713027 0.701137
vn 0.000030 0.713027 0.701137
vn 0.000030 0.713027 0.701137
vn 0.000030 0.713027 0.701137
vn 0.365174 0.321979 0.873486
vn 0.365174 0.321979 0.873486
vn 0.365174 0.321979 0.873486
vn 0.053897 0.224041 0.973088
vn 0.053897 0.224041 0.973088
vn 0.053897 0.224041 0.973088
vn -0.397056 0.344356 0.850744
vn -0.397056 0.344356 0.850744
vn -0.397056 0.344356 0.850744
vn -0.397056 0.344356 0.850744
vn 0.536758 0.638155 0.551950
vn 0.536758 0.638155 0.551950
vn 0.397080 0.856401 0.330008
vn 0.397080 0.856401 0.330008
vn 0.397080 0.856401 0.330008
vn -0.365144 0.878788 0.307249
vn -0.365144 0.878788 0.307249
vn -0.536739 0.562606 0.628797
vn -0.536739 0.562606 0.628797
vn -0.053870 0.976717 0.207656
vn -0.053870 0.976718 0.207656
vn 0.000016 0.713022 0.701142
vn 0.000016 0.713022 0.701142
vn 0.000016 0.713022 0.701142
vn 0.000030 0.713027 0.701137
vn 0.000030 0.713027 0.701137
vn 0.000030 0.713027 0.701137
vn 0.000030 0.713027 0.701137
vn 0.000026 0.713019 0.701144
vn 0.000026 0.713019 0.701144
vn 0.000026 0.713019 0.701144
vn 0.000013 0.713023 0.701141
vn 0.000013 0.713023 0.701141
vn 0.365168 0.321983 0.873487
vn 0.365168 0.321983 0.873487
vn 0.053891 0.224059 0.973085
vn 0.053891 0.224059 0.973085
vn 0.053891 0.224059 0.973085
vn 0.053891 0.224059 0.973085
vn -0.397051 0.344352 0.850748
vn -0.397051 0.344352 0.850748
vn 0.536772 0.638152 0.551940
vn 0.536772 0.638152 0.551940
vn 0.397093 0.856399 0.329996
vn 0.397093 0.856399 0.329996
vn -0.365144 0.878788 0.307249
vn -0.365144 0.878788 0.307249
vn -0.365144 0.878788 0.307249
vn -0.365144 0.878788 0.307249
vn -0.536748 0.562601 0.628794
vn -0.536748 0.562601 0.628794
vn -0.053870 0.976717 0.207656
vn -0.053870 0.976718 0.207656
vn 0.000019 0.713027 0.701137
vn 0.000019 0.713027 0.701137
vn 0.000008 0.713028 0.701135
vn 0.000008 0.713028 0.701135
vn 0.000011 0.713023 0.701140
vn 0.000011 0.713023 0.701140
vn 0.000030 0.713027 0.701137
vn 0.000030 0.713027 0.701137
vn 0.000030 0.713027 0.701137
vn 0.365170 0.321978 0.873488
vn 0.365171 0.321978 0.873488
vn 0.365171 0.321978 0.873488
vn 0.053899 0.224035 0.973089
vn 0.053899 0.224035 0.973089
vn 0.053899 0.224035 0.973089
vn 0.053899 0.224035 0.973089
vn -0.397058 0.344359 0.850742
vn -0.397058 0.344359 0.850742
vn -0.397058 0.344359 0.850742
vn 0.536757 0.638160 0.551946
vn 0.536757 0.638160 0.551946
vn 0.536757 0.638160 0.551946
vn 0.397091 0.856400 0.329998
vn 0.397091 0.856400 0.329998
vn 0.397091 0.856400 0.329998
vn -0.365137 0.878787 0.307259
vn -0.365137 0.878787 0.307259
vn -0.365137 0.878787 0.307259
vn -0.536730 0.562610 0.628801
vn -0.536730 0.562610 0.628801
vn -0.536730 0.562610 0.628801
vn -0.053873 0.976719 0.207650
vn -0.053873 0.976719 0.207650
vn 0.000024 0.713026 0.701138
vn 0.000024 0.713026 0.701138
vn 0.000021 0.713025 0.701139
vn 0.000021 0.713021 0.701143
vn 0.000021 0.713025 0.701139
vn 0.000021 0.713025 0.701139
vn 0.365164 0.321986 0.873487
vn 0.365164 0.321986 0.873487
vn 0.365164 0.321986 0.873487
vn 0.365164 0.321986 0.873487
vn 0.053896 0.224052 0.973086
vn 0.053896 0.224052 0.973086
vn -0.397059 0.344354 0.850744
vn -0.397059 0.344354 0.850744
vn -0.397059 0.344354 0.850744
vn -0.397059 0.344354 0.850744
vn 0.536757 0.638160 0.551946
vn 0.397084 0.856399 0.330007
vn 0.397084 0.856399 0.330007
vn 0.397084 0.856399 0.330007
vn -0.365142 0.878786 0.307255
vn -0.365142 0.878786 0.307255
vn -0.536744 0.562600 0.628797
vn -0.053866 0.976717 0.207658
vn 0.000021 0.713021 0.701143
vn 0.000021 0.713021 0.701143
vn 0.000023 0.713028 0.701135
vn 0.000023 0.713028 0.701135
vn 0.000023 0.713028 0.701135
vn 0.000029 0.713024 0.701139
vn 0.000029 0.713024 0.701140
vn 0.000015 0.713027 0.701137
vn 0.000015 0.713027 0.701137
vn 0.000015 0.713027 0.701137
vn 0.365166 0.321980 0.873489
vn 0.365166 0.321980 0.873489
vn 0.053901 0.224054 0.973085
vn 0.053901 0.224053 0.973085
vn 0.053901 0.224054 0.973085
vn -0.397064 0.344351 0.850742
vn -0.397064 0.344351 0.850742
vn 0.536762 0.638160 0.551941
vn 0.536762 0.638160 0.551941
vn 0.536762 0.638160 0.551941
vn 0.536762 0.638160 0.551941
vn 0.397089 0.856398 0.330004
vn 0.397089 0.856398 0.330004
vn -0.536748 0.562600 0.628794
vn -0.053870 0.976717 0.207656
vn -0.053870 0.976717 0.207656
vn -0.053870 0.976717 0.207656
vn 0.000019 0.713027 0.701137
vn 0.000019 0.713027 0.701137
vn 0.000019 0.713027 0.701137
vn 0.000015 0.713027 0.701137
vn 0.000015 0.713027 0.701137
vn 0.000015 0.713027 0.701137
vn 0.000016 0.713022 0.701142
vn 0.000016 0.713022 0.701142
vn 0.000028 0.713023 0.701141
vn 0.000028 0.713023 0.701141
vn 0.365171 0.321977 0.873488
vn 0.365171 0.321977 0.873488
vn 0.365171 0.321977 0.873488
vn 0.365171 0.321977 0.873488
vn 0.053899 0.224035 0.973090
vn 0.053899 0.224035 0.973090
vn 0.053899 0.224035 0.973090
vn -0.397059 0.344354 0.850744
vn -0.397059 0.344354 0.850744
vn -0.397059 0.344354 0.850744
vn 0.397086 0.856403 0.329995
vn 0.397086 0.856403 0.329995
vn 0.397086 0.856403 0.329995
vn -0.365137 0.878789 0.307255
vn -0.365137 0.878789 0.307255
vn -0.365137 0.878789 0.307255
vn -0.365137 0.878789 0.307255
vn -0.536735 0.562605 0.628801
vn -0.053869 0.976720 0.207645
vn -0.053869 0.976720 0.207645
vn 0.000016 0.713033 0.701130
vn 0.000016 0.713033 0.701130
vn 0.000008 0.713028 0.701135
vn 0.000008 0.713028 0.701135
vn 0.000011 0.713024 0.701140
vn 0.000011 0.713023 0.701140
vn 0.000011 0.713023 0.701140
vn 0.000021 0.713025 0.701139
vn 0.365178 0.321965 0.873489
vn 0.365178 0.321965 0.873489
vn 0.365178 0.321965 0.873489
vn 0.053903 0.224039 0.973088
vn 0.053903 0.224039 0.973088
vn -0.397054 0.344367 0.850740
vn -0.397054 0.344367 0.850740
vn -0.397054 0.344367 0.850740
vn 0.536772 0.638152 0.551940
vn 0.536772 0.638152 0.551940
vn 0.397088 0.856402 0.329995
vn 0.397088 0.856402 0.329995
vn 0.397088 0.856402 0.329995
vn -0.365136 0.878787 0.307259
vn -0.365136 0.878787 0.307259
vn -0.536730 0.562611 0.628801
vn -0.053870 0.976717 0.207657
vn -0.053870 0.976717 0.207657
vn -0.053870 0.976717 0.207657
vn -0.053870 0.976717 0.207658
vn 0.000013 0.713028 0.701135
vn 0.000013 0.713028 0.701135
vn 0.000023 0.713028 0.701135
vn 0.000023 0.713028 0.701135
vn 0.000023 0.713028 0.701135
vn 0.000024 0.713026 0.701138
vn 0.000024 0.713026 0.701138
vn 0.000024 0.713026 0.701138
vn 0.000024 0.713026 0.701138
vn 0.000013 0.713023 0.701141
vn 0.000013 0.713023 0.701141
vn 0.000013 0.713023 0.701141
vn 0.365175 0.321975 0.873487
vn 0.365175 0.321975 0.873487
vn 0.365175 0.321975 0.873487
vn 0.053899 0.224052 0.973086
vn 0.053899 0.224052 0.973086
vn 0.053899 0.224052 0.973086
vn -0.397061 0.344359 0.850741
vn -0.397061 0.344359 0.850741
vn -0.397061 0.344359 0.850741
vn 0.536781 0.638148 0.551936
vn 0.536781 0.638148 0.551936
vn 0.536781 0.638148 0.551936
vn 0.397092 0.856399 0.329999
vn 0.397092 0.856399 0.329999
vn 0.397092 0.856399 0.329999
vn -0.365145 0.878787 0.307250
vn -0.365145 0.878787 0.307250
vn -0.365145 0.878787 0.307250
vn -0.365145 0.878787 0.307250
vn -0.536748 0.562601 0.628794
vn -0.536748 0.562601 0.628794
vn -0.053871 0.976716 0.207663
vn -0.053871 0.976716 0.207663
vn -0.053871 0.976716 0.207663
vn 0.000024 0.713026 0.701138
vn 0.000024 0.713026 0.701138
vn 0.000024 0.713026 0.701138
vn 0.000024 0.713026 0.701138
vn 0.000015 0.713027 0.701137
vn 0.000015 0.713027 0.701137
vn 0.000016 0.713022 0.701142
vn 0.000016 0.713022 0.701142
vn 0.000030 0.713027 0.701137
vn 0.000030 0.713027 0.701137
vn 0.000030 0.713027 0.701137
vn 0.365174 0.321982 0.873485
vn 0.365174 0.321982 0.873485
vn 0.365174 0.321982 0.873485
vn 0.053893 0.224041 0.973089
vn 0.053893 0.224041 0.973089
vn 0.053893 0.224041 0.973088
vn 0.053893 0.224041 0.973089
vn -0.397057 0.344355 0.850744
vn -0.397057 0.344355 0.850744
vn -0.397057 0.344355 0.850744
vn 0.536757 0.638156 0.551950
vn 0.397084 0.856399 0.330006
vn 0.397084 0.856399 0.330006
vn 0.397084 0.856399 0.330006
vn 0.397084 0.856399 0.330007
vn -0.365149 0.878784 0.307253
vn -0.365149 0.878784 0.307253
vn -0.365149 0.878784 0.307253
vn -0.536744 0.562605 0.628793
vn -0.536744 0.562605 0.628793
vn -0.053870 0.976718 0.207656
vn -0.053870 0.976718 0.207656
vn -0.053870 0.976718 0.207656
vn -0.053870 0.976718 0.207656
vn 0.000019 0.713027 0.701137
vn 0.000019 0.713027 0.701137
vn 0.000015 0.713027 0.701137
vn 0.000015 0.713027 0.701137
vn 0.000015 0.713027 0.701137
vn 0.000015 0.713027 0.701137
vn 0.000019 0.713027 0.701137
vn 0.000019 0.713027 0.701137
vn 0.000015 0.713027 0.701137
vn 0.000015 0.713027 0.701137
vn 0.000015 0.713027 0.701137
vn 0.365177 0.321967 0.873489
vn 0.365177 0.321967 0.873489
vn 0.365177 0.321967 0.873489
vn 0.053903 0.224039 0.973088
vn 0.053903 0.224039 0.973088
vn 0.053903 0.224039 0.973088
vn -0.397056 0.344361 0.850742
vn -0.397056 0.344361 0.850742
vn 0.536771 0.638152 0.551941
vn 0.536771 0.638152 0.551941
vn 0.536771 0.638152 0.551941
vn 0.397086 0.856401 0.330000
vn 0.397086 0.856401 0.330000
vn -0.365143 0.878786 0.307256
vn -0.365143 0.878786 0.307256
vn -0.536734 0.562611 0.628797
vn -0.536734 0.562611 0.628797
vn -0.053869 0.976718 0.207654
vn -0.053869 0.976718 0.207654
vn 0.000026 0.713030 0.701133
vn 0.000026 0.713030 0.701133
vn 0.000026 0.713030 0.701133
vn 0.000004 0.713021 0.701142
vn 0.000004 0.713021 0.701142
vn 0.000011 0.713023 0.701140
vn 0.000011 0.713024 0.701140
vn 0.000021 0.713025 0.701139
vn 0.000021 0.713025 0.701139
vn 0.365177 0.321968 0.873489
vn 0.365177 0.321968 0.873489
vn 0.053902 0.224041 0.973088
vn 0.053902 0.224041 0.973088
vn 0.053902 0.224041 0.973088
vn -0.397056 0.344367 0.850740
vn -0.397056 0.344367 0.850740
vn -0.397056 0.344367 0.850740
vn 0.536768 0.638152 0.551945
vn 0.536768 0.638152 0.551945
vn 0.397082 0.856404 0.329996
vn 0.397082 0.856404 0.329996
vn 0.397083 0.856404 0.329996
vn -0.365148 0.878783 0.307259
vn -0.365148 0.878782 0.307259
vn -0.365148 0.878782 0.307259
vn -0.536729 0.562611 0.628801
vn -0.536729 0.562611 0.628801
vn -0.536729 0.562611 0.628801
vn -0.536729 0.562611 0.628801
vn -0.053860 0.976720 0.207647
vn -0.053860 0.976720 0.207647
vn 0.000021 0.713025 0.701139
vn 0.000021 0.713025 0.701139
vn 0.000021 0.713025 0.701139
vn 0.000024 0.713026 0.701138
vn 0.000024 0.713026 0.701138
vn 0.000024 0.713026 0.701138
vn 0.000013 0.713023 0.701141
vn 0.000013 0.713023 0.701141
vn 0.000013 0.713023 0.701141
vn 0.365172 0.321969 0.873491
vn 0.365172 0.321969 0.873491
vn 0.053903 0.224036 0.973089
vn 0.053903 0.224036 0.973089
vn 0.053903 0.224036 0.973089
vn 0.053903 0.224036 0.973089
vn -0.397065 0.344350 0.850742
vn -0.397065 0.344350 0.850742
vn -0.397065 0.344350 0.850742
vn 0.536771 0.638153 0.551941
vn 0.536771 0.638153 0.551941
vn 0.536771 0.638153 0.551941
vn 0.397095 0.856401 0.329991
vn 0.397095 0.856401 0.329991
vn -0.365150 0.878787 0.307244
vn -0.365150 0.878787 0.307244
vn -0.536747 0.562601 0.628794
vn -0.536747 0.562601 0.628794
vn -0.053873 0.976720 0.207642
vn -0.053873 0.976720 0.207642
vn -0.053873 0.976720 0.207642
vn 0.000019 0.713027 0.701137
vn 0.000019 0.713027 0.701137
vn 0.000019 0.713027 0.701137
vn 0.000013 0.713023 0.701141
vn 0.000013 0.713023 0.701141
vn 0.000016 0.713022 0.701142
vn 0.000016 0.713022 0.701142
vn 0.000013 0.713023 0.701141
vn 0.000013 0.713023 0.701141
vn 0.365172 0.321971 0.873490
vn 0.053898 0.224046 0.973087
vn -0.397052 0.344362 0.850744
vn -0.397052 0.344362 0.850744
vn 0.536771 0.638153 0.551941
vn 0.536771 0.638153 0.551941
vn 0.397087 0.856404 0.329990
vn -0.365143 0.878785 0.307257
vn -0.365143 0.878785 0.307257
vn -0.536729 0.562611 0.628801
vn -0.536729 0.562611 0.628801
vn -0.536729 0.562611 0.628801
vn -0.053864 0.976720 0.207648
vn -0.053864 0.976720 0.207648
vn -0.053864 0.976720 0.207648
vn -0.053864 0.976720 0.207648
vn 0.000016 0.713022 0.701142
vn 0.000016 0.713022 0.701142
vn 0.000016 0.713022 0.701142
vn 0.000016 0.713022 0.701142
vn 0.000028 0.713023 0.701141
vn 0.000028 0.713023 0.701141
vn 0.000028 0.713023 0.701141
vn 0.000021 0.713032 0.701132
vn 0.000021 0.713032 0.701132
vn 0.000008 0.713028 0.701135
vn 0.000008 0.713028 0.701135
vn 0.365176 0.321974 0.873487
vn 0.365176 0.321974 0.873487
vn 0.365176 0.321974 0.873487
vn 0.053898 0.224046 0.973087
vn 0.053898 0.224046 0.973087
vn 0.053898 0.224046 0.973087
vn 0.053898 0.224046 0.973087
vn -0.397063 0.344356 0.850740
vn -0.397063 0.344356 0.850741
vn -0.397063 0.344356 0.850740
vn -0.397063 0.344356 0.850740
vn 0.536776 0.638153 0.551935
vn 0.397094 0.856398 0.329998
vn 0.397094 0.856398 0.329997
vn 0.397094 0.856398 0.329997
vn -0.365141 0.878789 0.307250
vn -0.365142 0.878789 0.307250
vn -0.365141 0.878789 0.307250
vn -0.536743 0.562601 0.628798
vn -0.536743 0.562601 0.628798
vn -0.536743 0.562601 0.628798
vn -0.536743 0.562601 0.628798
vn -0.053874 0.976718 0.207653
vn -0.053874 0.976718 0.207653
vn -0.053874 0.976718 0.207653
vn -0.053874 0.976718 0.207653
vn 0.000024 0.713026 0.701138
vn 0.000024 0.713026 0.701138
vn 0.000015 0.713027 0.701137
vn 0.000015 0.713027 0.701137
vn 0.000015 0.713027 0.701137
vn 0.000015 0.713027 0.701137
vn 0.000019 0.713027 0.701137
vn 0.000019 0.713027 0.701137
vn 0.000023 0.713028 0.701135
vn 0.000023 0.713028 0.701135
vn 0.365176 0.321975 0.873486
vn 0.365176 0.321975 0.873486
vn 0.365176 0.321975 0.873486
vn 0.365176 0.321975 0.873486
vn 0.053900 0.224038 0.973089
vn 0.053900 0.224038 0.973089
vn 0.053900 0.224038 0.973089
vn 0.053900 0.224038 0.973089
vn -0.397061 0.344357 0.850741
vn -0.397061 0.344357 0.850741
vn -0.397061 0.344357 0.850741
vn 0.536767 0.638156 0.551940
vn 0.536767 0.638156 0.551940
vn 0.397091 0.856398 0.330002
vn 0.397091 0.856398 0.330002
vn 0.397091 0.856398 0.330002
vn -0.365146 0.878785 0.307256
vn -0.365146 0.878785 0.307256
vn -0.365146 0.878785 0.307256
vn -0.536742 0.562607 0.628793
vn -0.536742 0.562607 0.628793
vn -0.053868 0.976718 0.207656
vn 0.000026 0.713030 0.701133
vn 0.000026 0.713030 0.701133
vn 0.000026 0.713030 0.701133
vn 0.000014 0.713027 0.701137
vn 0.000014 0.713027 0.701137
vn 0.000016 0.713022 0.701142
vn 0.000016 0.713022 0.701142
vn 0.000016 0.713022 0.701142
vn 0.000023 0.713028 0.701135
vn 0.000023 0.713028 0.701135
vn 0.365174 0.321976 0.873487
vn 0.365174 0.321976 0.873487
vn 0.053896 0.224044 0.973088
vn 0.053896 0.224044 0.973088
vn 0.053896 0.224044 0.973088
vn -0.397058 0.344356 0.850743
vn -0.397058 0.344356 0.850743
vn -0.397058 0.344356 0.850743
vn -0.397058 0.344356 0.850743
vn 0.536762 0.638156 0.551946
vn 0.536762 0.638156 0.551946
vn 0.397079 0.856401 0.330008
vn -0.365149 0.878784 0.307254
vn -0.365149 0.878784 0.307254
vn -0.536743 0.562606 0.628794
vn -0.536743 0.562606 0.628794
vn -0.536743 0.562606 0.628794
vn -0.536743 0.562606 0.628794
vn -0.053864 0.976717 0.207661
vn -0.053864 0.976717 0.207661
vn 0.000011 0.713023 0.701140
vn 0.000011 0.713023 0.701140
vn 0.000011 0.713023 0.701140
vn 0.000021 0.713025 0.701139
vn 0.000021 0.713025 0.701139
vn 0.000026 0.713030 0.701133
vn 0.000026 0.713030 0.701133
vn 0.000026 0.713030 0.701133
vn 0.000011 0.713019 0.701144
vn 0.000011 0.713019 0.701144
vn 0.053902 0.224041 0.973088
vn 0.053902 0.224041 0.973088
vn 0.053902 0.224041 0.973088
vn -0.397065 0.344350 0.850742
vn -0.397065 0.344350 0.850742
vn -0.397065 0.344350 0.850742
vn 0.536776 0.638148 0.551941
vn 0.536777 0.638148 0.551941
vn 0.397092 0.856401 0.329993
vn 0.397092 0.856401 0.329993
vn 0.397092 0.856401 0.329993
vn -0.365142 0.878788 0.307252
vn -0.365142 0.878788 0.307252
vn -0.365142 0.878788 0.307252
vn -0.536739 0.562606 0.628797
vn -0.536739 0.562606 0.628797
vn -0.053873 0.976718 0.207653
vn -0.053873 0.976718 0.207653
vn -0.053873 0.976718 0.207653
vn 0.000021 0.713032 0.701132
vn 0.000021 0.713032 0.701132
vn 0.000021 0.713032 0.701132
vn 0.000006 0.713025 0.701139
vn 0.000006 0.713025 0.701139
vn 0.000006 0.713025 0.701139
vn 0.000011 0.713023 0.701140
vn 0.000011 0.713023 0.701140
vn 0.000011 0.713023 0.701140
vn 0.000021 0.713025 0.701139
vn 0.365180 0.321967 0.873488
vn 0.365180 0.321967 0.873488
vn 0.365180 0.321967 0.873488
vn 0.053898 0.224041 0.973088
vn 0.053898 0.224041 0.973088
vn 0.053898 0.224041 0.973088
vn -0.397052 0.344370 0.850741
vn -0.397052 0.344370 0.850741
vn 0.536771 0.638152 0.551941
vn 0.536771 0.638152 0.551941
vn 0.397087 0.856403 0.329993
vn -0.365140 0.878786 0.307258
vn -0.365140 0.878786 0.307258
vn -0.365140 0.878786 0.307258
vn -0.536730 0.562611 0.628801
vn -0.536730 0.562611 0.628801
vn -0.053865 0.976719 0.207650
vn -0.053865 0.976719 0.207650
vn 0.000016 0.713033 0.701130
vn 0.000016 0.713033 0.701130
vn 0.000016 0.713033 0.701130
vn 0.000017 0.713030 0.701133
vn 0.000017 0.713030 0.701133
vn 0.000016 0.713022 0.701142
vn 0.000016 0.713022 0.701142
vn 0.000021 0.713025 0.701139
vn 0.000021 0.713025 0.701139
vn 0.000021 0.713025 0.701139
vn 0.365168 0.321978 0.873488
vn 0.365168 0.321978 0.873488
vn 0.365168 0.321978 0.873488
vn 0.053896 0.224049 0.973086
vn 0.053896 0.224049 0.973086
vn 0.053896 0.224049 0.973086
vn -0.397055 0.344360 0.850743
vn -0.397055 0.344360 0.850743
vn -0.397055 0.344360 0.850743
vn -0.397055 0.344360 0.850743
vn 0.536762 0.638156 0.551945
vn 0.536762 0.638156 0.551946
vn 0.397081 0.856402 0.330004
vn -0.365144 0.878785 0.307257
vn -0.365144 0.878785 0.307257
vn -0.536744 0.562606 0.628793
vn -0.536744 0.562606 0.628793
vn -0.053871 0.976715 0.207667
vn -0.053871 0.976715 0.207667
vn -0.053871 0.976715 0.207667
vn 0.000016 0.713022 0.701142
vn 0.000016 0.713022 0.701142
vn 0.000024 0.713026 0.701138
vn 0.000024 0.713026 0.701138
vn 0.000024 0.713026 0.701138
vn 0.000013 0.713023 0.701141
vn 0.000013 0.713023 0.701141
vn 0.000013 0.713023 0.701141
vn 0.365169 0.321975 0.873489
vn 0.365169 0.321975 0.873489
vn 0.053905 0.224046 0.973087
vn 0.053905 0.224046 0.973087
vn 0.053905 0.224046 0.973087
vn -0.397063 0.344357 0.850741
vn -0.397063 0.344357 0.850741
vn -0.397063 0.344357 0.850741
vn -0.397063 0.344357 0.850741
vn 0.536772 0.638152 0.551941
vn 0.536772 0.638152 0.551941
vn 0.397090 0.856399 0.329999
vn -0.365143 0.878786 0.307255
vn -0.365143 0.878786 0.307254
vn -0.536742 0.562602 0.628798
vn -0.053871 0.976717 0.207656
vn -0.053871 0.976717 0.207656
vn -0.053871 0.976717 0.207656
vn 0.000021 0.713032 0.701132
vn 0.000021 0.713032 0.701132
vn 0.000021 0.713032 0.701132
vn 0.000006 0.713025 0.701139
vn 0.000006 0.713025 0.701139
vn 0.000006 0.713025 0.701139
vn 0.000011 0.713023 0.701140
vn 0.000011 0.713023 0.701140
vn 0.000011 0.713023 0.701140
vn 0.000011 0.713023 0.701140
vn 0.000021 0.713025 0.701139
vn 0.365178 0.321965 0.873489
vn 0.365178 0.321965 0.873489
vn 0.365178 0.321965 0.873489
vn 0.053905 0.224041 0.973088
vn 0.053905 0.224041 0.973088
vn 0.053905 0.224041 0.973088
vn 0.053905 0.224041 0.973088
vn -0.397058 0.344369 0.850738
vn -0.397058 0.344369 0.850738
vn 0.536767 0.638152 0.551945
vn 0.536767 0.638152 0.551945
vn 0.397081 0.856405 0.329996
vn 0.397081 0.856405 0.329996
vn 0.397081 0.856405 0.329996
vn 0.397081 0.856405 0.329996
vn -0.365140 0.878784 0.307265
vn -0.536729 0.562611 0.628802
vn -0.536729 0.562611 0.628801
vn -0.053865 0.976718 0.207656
vn -0.053865 0.976718 0.207656
vn -0.053865 0.976718 0.207656
vn 0.000021 0.713021 0.701143
vn 0.000021 0.713021 0.701143
vn 0.000021 0.713025 0.701139
vn 0.000021 0.713025 0.701139
vn 0.000021 0.713025 0.701139
vn 0.000021 0.713032 0.701132
vn 0.000021 0.713032 0.701132
vn 0.000016 0.713030 0.701133
vn 0.000016 0.713030 0.701133
vn 0.365176 0.321974 0.873487
vn 0.365176 0.321974 0.873487
vn 0.365176 0.321974 0.873487
vn 0.053901 0.224035 0.973089
vn -0.397064 0.344352 0.850742
vn -0.397064 0.344352 0.850742
vn -0.397064 0.344352 0.850742
vn 0.536767 0.638156 0.551941
vn 0.397091 0.856398 0.330003
vn 0.397091 0.856398 0.330003
vn -0.365144 0.878788 0.307248
vn -0.365144 0.878788 0.307248
vn -0.536740 0.562606 0.628797
vn -0.536740 0.562605 0.628797
vn -0.536740 0.562605 0.628797
vn -0.053874 0.976719 0.207649
vn -0.053874 0.976719 0.207649
vn -0.053874 0.976719 0.207649
vn -0.053874 0.976719 0.207649
vn 0.000021 0.713021 0.701143
vn 0.000021 0.713021 0.701143
vn 0.000021 0.713021 0.701143
vn 0.000021 0.713025 0.701139
vn 0.000021 0.713025 0.701139
vn 0.000021 0.713025 0.701139
vn 0.000021 0.713021 0.701143
vn 0.000021 0.713025 0.701139
vn 0.365171 0.321983 0.873486
vn 0.365171 0.321983 0.873486
vn 0.053890 0.224045 0.973088
vn 0.053890 0.224045 0.973088
vn 0.053890 0.224045 0.973088
vn 0.053890 0.224045 0.973088
vn -0.397053 0.344352 0.850747
vn -0.397053 0.344352 0.850747
vn -0.397053 0.344352 0.850747
vn -0.397053 0.344352 0.850747
vn 0.536761 0.638156 0.551946
vn 0.536761 0.638156 0.551946
vn 0.397090 0.856400 0.329998
vn 0.397090 0.856400 0.329998
vn 0.397090 0.856400 0.329998
vn 0.397090 0.856400 0.329998
vn -0.365143 0.878787 0.307251
vn -0.365143 0.878787 0.307251
vn -0.365143 0.878787 0.307251
vn -0.536739 0.562605 0.628797
vn -0.536739 0.562605 0.628797
vn -0.053869 0.976720 0.207646
vn -0.053869 0.976720 0.207646

# Mesh
g Cylinder001
usemtl DefaultMaterial
f 3/3/3 4/4/4 1/1/1 2/2/2
f 6/6/6 3/3/3 2/2/2 5/5/5
f 8/8/8 6/6/6 5/5/5 7/7/7
f 10/10/10 8/8/8 7/7/7 9/9/9
f 12/12/12 10/10/10 9/9/9 11/11/11
f 12/12/12 11/11/11 13/13/13 14/14/14
f 14/14/14 13/13/13 15/15/15 16/16/16
f 16/16/16 15/15/15 17/17/17 18/18/18
f 18/18/18 17/17/17 19/19/19 20/20/20
f 20/20/20 19/19/19 21/21/21 22/22/22
f 22/22/22 21/21/21 23/23/23 24/24/24
f 24/24/24 23/23/23 25/25/25 26/26/26
f 26/26/26 25/25/25 27/27/27 28/28/28
f 28/28/28 27/27/27 29/29/29 30/30/30
f 30/30/30 29/29/29 31/31/31 32/32/32
f 32/32/32 31/31/31 33/33/33 34/34/34
f 34/34/34 33/33/33 35/35/35 36/36/36
f 36/36/36 35/35/35 37/37/37 38/38/38
f 38/38/38 37/37/37 39/39/39 40/40/40
f 40/40/40 39/39/39 41/41/41 42/42/42
f 42/42/42 41/41/41 43/43/43 44/44/44
f 44/44/44 43/43/43 45/45/45 46/46/46
f 46/46/46 45/45/45 47/47/47 48/48/48
f 47/47/47 49/49/49 50/50/50 48/48/48
f 49/49/49 51/51/51 52/52/52 50/50/50
f 51/51/51 53/53/53 54/54/54 52/52/52
f 53/53/53 55/55/55 56/56/56 54/54/54
f 55/55/55 57/57/57 58/58/58 56/56/56
f 57/57/57 59/59/59 60/60/60 58/58/58
f 59/59/59 61/61/61 62/62/62 60/60/60
f 61/61/61 63/63/63 64/64/64 62/62/62
f 63/63/63 65/65/65 66/66/66 64/64/64
f 65/65/65 67/67/67 68/68/68 66/66/66
f 67/67/67 69/69/69 70/70/70 68/68/68
f 71/71/71 72/72/72 70/70/70 69/69/69
f 73/73/73 74/74/74 72/72/72 71/71/71
f 75/75/75 76/76/76 74/74/74 73/73/73
f 77/77/77 78/78/78 76/76/76 75/75/75
f 79/79/79 80/80/80 78/78/78 77/77/77
f 81/81/81 82/82/82 80/80/80 79/79/79
f 83/83/83 84/84/84 82/82/82 81/81/81
f 85/85/85 86/86/86 84/84/84 83/83/83
f 87/87/87 88/88/88 86/86/86 85/85/85
f 89/89/89 90/90/90 88/88/88 87/87/87
f 91/91/91 92/92/92 90/90/90 89/89/89
f 93/93/93 94/94/94 92/92/92 91/91/91
f 95/95/95 96/96/96 94/94/94 93/93/93
f 97/97/97 98/98/98 96/96/96 95/95/95
f 99/99/99 100/100/100 98/98/98 97/97/97
f 101/101/101 102/102/102 100/100/100 99/99/99
f 104/104/104 102/102/102 101/101/101 103/103/103
f 106/106/106 104/104/104 103/103/103 105/105/105
f 108/108/108 106/106/106 105/105/105 107/107/107
f 110/110/110 108/108/108 107/107/107 109/109/109
f 112/112/112 110/110/110 109/109/109 111/111/111
f 4/4/4 112/112/112 111/111/111 1/1/1
f 113/113/113 114/114/114 6/6/6 8/8/8
f 113/113/113 8/8/8 10/10/10 115/115/115
f 115/115/115 10/10/10 12/12/12 116/116/116
f 116/116/116 12/12/12 14/14/14 117/117/117
f 117/117/117 14/14/14 16/16/16 118/118/118
f 118/118/118 16/16/16 18/18/18 119/119/119
f 119/119/119 18/18/18 20/20/20 120/120/120
f 120/120/120 20/20/20 22/22/22 121/121/121
f 121/121/121 22/22/22 24/24/24 122/122/122
f 122/122/122 24/24/24 26/26/26 123/123/123
f 123/123/123 26/26/26 28/28/28 124/124/124
f 124/124/124 28/28/28 30/30/30 125/125/125
f 125/125/125 30/30/30 32/32/32 126/126/126
f 126/126/126 32/32/32 34/34/34 127/127/127
f 127/127/127 34/34/34 36/36/36 128/128/128
f 128/128/128 36/36/36 38/38/38 129/129/129
f 129/129/129 38/38/38 40/40/40 130/130/130
f 130/130/130 40/40/40 42/42/42 131/131/131
f 131/131/131 42/42/42 44/44/44 132/132/132
f 132/132/132 44/44/44 46/46/46 133/133/133
f 133/133/133 46/46/46 48/48/48 134/134/134
f 134/134/134 48/48/48 50/50/50 135/135/135
f 135/135/135 50/50/50 52/52/52 136/136/136
f 136/136/136 52/52/52 54/54/54 137/137/137
f 137/137/137 54/54/54 56/56/56 138/138/138
f 56/56/56 58/58/58 139/139/139 138/138/138
f 58/58/58 60/60/60 140/140/140 139/139/139
f 60/60/60 62/62/62 141/141/141 140/140/140
f 62/62/62 64/64/64 142/142/142 141/141/141
f 64/64/64 66/66/66 143/143/143 142/142/142
f 68/68/68 144/144/144 143/143/143 66/66/66
f 70/70/70 145/145/145 144/144/144 68/68/68
f 72/72/72 146/146/146 145/145/145 70/70/70
f 74/74/74 147/147/147 146/146/146 72/72/72
f 76/76/76 148/148/148 147/147/147 74/74/74
f 78/78/78 149/149/149 148/148/148 76/76/76
f 80/80/80 150/150/150 149/149/149 78/78/78
f 82/82/82 151/151/151 150/150/150 80/80/80
f 84/84/84 152/152/152 151/151/151 82/82/82
f 86/86/86 153/153/153 152/152/152 84/84/84
f 88/88/88 154/154/154 153/153/153 86/86/86
f 90/90/90 155/155/155 154/154/154 88/88/88
f 92/92/92 156/156/156 155/155/155 90/90/90
f 94/94/94 157/157/157 156/156/156 92/92/92
f 96/96/96 158/158/158 157/157/157 94/94/94
f 98/98/98 159/159/159 158/158/158 96/96/96
f 100/100/100 160/160/160 159/159/159 98/98/98
f 102/102/102 161/161/161 160/160/160 100/100/100
f 104/104/104 162/162/162 161/161/161 102/102/102
f 106/106/106 163/163/163 162/162/162 104/104/104
f 164/164/164 163/163/163 106/106/106 108/108/108
f 165/165/165 164/164/164 108/108/108 110/110/110
f 166/166/166 165/165/165 110/110/110 112/112/112
f 167/167/167 166/166/166 112/112/112 4/4/4
f 168/168/168 167/167/167 4/4/4 3/3/3
f 114/114/114 168/168/168 3/3/3 6/6/6
f 144/144/144 169/169/169 170/170/170 143/143/143
f 145/145/145 171/171/171 169/169/169 144/144/144
f 146/146/146 172/172/172 171/171/171 145/145/145
f 147/147/147 173/173/173 172/172/172 146/146/146
f 148/148/148 174/174/174 173/173/173 147/147/147
f 149/149/149 175/175/175 174/174/174 148/148/148
f 150/150/150 176/176/176 175/175/175 149/149/149
f 151/151/151 177/177/177 176/176/176 150/150/150
f 152/152/152 178/178/178 177/177/177 151/151/151
f 153/153/153 179/179/179 178/178/178 152/152/152
f 154/154/154 180/180/180 179/179/179 153/153/153
f 155/155/155 181/181/181 180/180/180 154/154/154
f 156/156/156 182/182/182 181/181/181 155/155/155
f 156/156/156 157/157/157 183/183/183 182/182/182
f 158/158/158 184/184/184 183/183/183 157/157/157
f 159/159/159 185/185/185 184/184/184 158/158/158
f 160/160/160 186/186/186 185/185/185 159/159/159
f 161/161/161 187/187/187 186/186/186 160/160/160
f 162/162/162 188/188/188 187/187/187 161/161/161
f 163/163/163 189/189/189 188/188/188 162/162/162
f 164/164/164 190/190/190 189/189/189 163/163/163
f 165/165/165 191/191/191 190/190/190 164/164/164
f 192/192/192 191/191/191 165/165/165 166/166/166
f 193/193/193 192/192/192 166/166/166 167/167/167
f 193/193/193 167/167/167 168/168/168 194/194/194
f 194/194/194 168/168/168 114/114/114 195/195/195
f 195/195/195 114/114/114 113/113/113 196/196/196
f 196/196/196 113/113/113 115/115/115 197/197/197
f 197/197/197 115/115/115 116/116/116 198/198/198
f 198/198/198 116/116/116 117/117/117 199/199/199
f 199/199/199 117/117/117 118/118/118 200/200/200
f 200/200/200 118/118/118 119/119/119 201/201/201
f 201/201/201 119/119/119 120/120/120 202/202/202
f 202/202/202 120/120/120 121/121/121 203/203/203
f 203/203/203 121/121/121 122/122/122 204/204/204
f 204/204/204 122/122/122 123/123/123 205/205/205
f 205/205/205 123/123/123 124/124/124 206/206/206
f 206/206/206 124/124/124 125/125/125 207/207/207
f 207/207/207 125/125/125 126/126/126 208/208/208
f 208/208/208 126/126/126 127/127/127 209/209/209
f 209/209/209 127/127/127 128/128/128 210/210/210
f 210/210/210 128/128/128 129/129/129 211/211/211
f 211/211/211 129/129/129 130/130/130 212/212/212
f 212/212/212 130/130/130 131/131/131 213/213/213
f 213/213/213 131/131/131 132/132/132 214/214/214
f 214/214/214 132/132/132 133/133/133 215/215/215
f 215/215/215 133/133/133 134/134/134 216/216/216
f 216/216/216 134/134/134 135/135/135 217/217/217
f 217/217/217 135/135/135 136/136/136 218/218/218
f 218/218/218 136/136/136 137/137/137 219/219/219
f 219/219/219 137/137/137 138/138/138 220/220/220
f 220/220/220 138/138/138 139/139/139 221/221/221
f 221/221/221 139/139/139 140/140/140 222/222/222
f 222/222/222 140/140/140 141/141/141 223/223/223
f 142/142/142 224/224/224 223/223/223 141/141/141
f 143/143/143 170/170/170 224/224/224 142/142/142
f 185/185/185 225/225/225 226/226/226 184/184/184
f 184/184/184 226/226/226 227/227/227 183/183/183
f 229/229/229 230/230/230 231/231/231 228/228/228
f 231/231/231 233/233/233 232/232/232 228/228/228
f 176/176/176 228/228/228 232/232/232 175/175/175
f 177/177/177 229/229/229 228/228/228 176/176/176
f 235/235/235 236/236/236 237/237/237 234/234/234
f 234/234/234 237/237/237 239/239/239 238/238/238
f 226/226/226 234/234/234 238/238/238 227/227/227
f 225/225/225 235/235/235 234/234/234 226/226/226
f 189/189/189 240/240/240 241/241/241 188/188/188
f 188/188/188 241/241/241 242/242/242 187/187/187
f 186/186/186 243/243/243 225/225/225 185/185/185
f 187/187/187 242/242/242 243/243/243 186/186/186
f 233/233/233 244/244/244 245/245/245 232/232/232
f 232/232/232 245/245/245 246/246/246 175/175/175
f 173/173/173 247/247/247 248/248/248 172/172/172
f 172/172/172 248/248/248 249/249/249 171/171/171
f 174/174/174 250/250/250 247/247/247 173/173/173
f 175/175/175 246/246/246 250/250/250 174/174/174
f 170/170/170 251/251/251 252/252/252 224/224/224
f 252/252/252 253/253/253 223/223/223 224/224/224
f 255/255/255 220/220/220 221/221/221 254/254/254
f 256/256/256 219/219/219 220/220/220 255/255/255
f 169/169/169 257/257/257 251/251/251 170/170/170
f 171/171/171 249/249/249 257/257/257 169/169/169
f 254/254/254 221/221/221 222/222/222 258/258/258
f 258/258/258 222/222/222 223/223/223 253/253/253
f 260/260/260 216/216/216 217/217/217 259/259/259
f 261/261/261 215/215/215 216/216/216 260/260/260
f 259/259/259 217/217/217 218/218/218 262/262/262
f 262/262/262 218/218/218 219/219/219 256/256/256
f 264/264/264 212/212/212 213/213/213 263/263/263
f 265/265/265 211/211/211 212/212/212 264/264/264
f 263/263/263 213/213/213 214/214/214 266/266/266
f 266/266/266 214/214/214 215/215/215 261/261/261
f 268/268/268 208/208/208 209/209/209 267/267/267
f 269/269/269 207/207/207 208/208/208 268/268/268
f 267/267/267 209/209/209 210/210/210 270/270/270
f 270/270/270 210/210/210 211/211/211 265/265/265
f 272/272/272 204/204/204 205/205/205 271/271/271
f 273/273/273 203/203/203 204/204/204 272/272/272
f 271/271/271 205/205/205 206/206/206 274/274/274
f 274/274/274 206/206/206 207/207/207 269/269/269
f 276/276/276 200/200/200 201/201/201 275/275/275
f 277/277/277 199/199/199 200/200/200 276/276/276
f 275/275/275 201/201/201 202/202/202 278/278/278
f 278/278/278 202/202/202 203/203/203 273/273/273
f 280/280/280 196/196/196 197/197/197 279/279/279
f 281/281/281 195/195/195 196/196/196 280/280/280
f 279/279/279 197/197/197 198/198/198 282/282/282
f 282/282/282 198/198/198 199/199/199 277/277/277
f 284/284/284 192/192/192 193/193/193 283/283/283
f 191/191/191 192/192/192 284/284/284 285/285/285
f 283/283/283 193/193/193 194/194/194 286/286/286
f 286/286/286 194/194/194 195/195/195 281/281/281
f 190/190/190 287/287/287 240/240/240 189/189/189
f 191/191/191 285/285/285 287/287/287 190/190/190
f 288/288/288 289/289/289 57/57/57 55/55/55
f 290/290/290 288/288/288 55/55/55 53/53/53
f 291/291/291 290/290/290 53/53/53 51/51/51
f 292/292/292 291/291/291 51/51/51 49/49/49
f 293/293/293 292/292/292 49/49/49 47/47/47
f 294/294/294 293/293/293 47/47/47 45/45/45
f 43/43/43 295/295/295 294/294/294 45/45/45
f 41/41/41 296/296/296 295/295/295 43/43/43
f 39/39/39 297/297/297 296/296/296 41/41/41
f 37/37/37 298/298/298 297/297/297 39/39/39
f 35/35/35 299/299/299 298/298/298 37/37/37
f 33/33/33 300/300/300 299/299/299 35/35/35
f 31/31/31 301/301/301 300/300/300 33/33/33
f 29/29/29 302/302/302 301/301/301 31/31/31
f 27/27/27 303/303/303 302/302/302 29/29/29
f 25/25/25 304/304/304 303/303/303 27/27/27
f 23/23/23 305/305/305 304/304/304 25/25/25
f 21/21/21 306/306/306 305/305/305 23/23/23
f 21/21/21 19/19/19 307/307/307 306/306/306
f 19/19/19 17/17/17 308/308/308 307/307/307
f 17/17/17 15/15/15 309/309/309 308/308/308
f 15/15/15 13/13/13 310/310/310 309/309/309
f 13/13/13 11/11/11 311/311/311 310/310/310
f 11/11/11 9/9/9 312/312/312 311/311/311
f 9/9/9 7/7/7 313/313/313 312/312/312
f 7/7/7 5/5/5 314/314/314 313/313/313
f 5/5/5 2/2/2 315/315/315 314/314/314
f 2/2/2 1/1/1 316/316/316 315/315/315
f 1/1/1 111/111/111 317/317/317 316/316/316
f 111/111/111 109/109/109 318/318/318 317/317/317
f 109/109/109 107/107/107 319/319/319 318/318/318
f 107/107/107 105/105/105 320/320/320 319/319/319
f 105/105/105 103/103/103 321/321/321 320/320/320
f 103/103/103 101/101/101 322/322/322 321/321/321
f 101/101/101 99/99/99 323/323/323 322/322/322
f 99/99/99 97/97/97 324/324/324 323/323/323
f 97/97/97 95/95/95 325/325/325 324/324/324
f 95/95/95 93/93/93 326/326/326 325/325/325
f 93/93/93 91/91/91 327/327/327 326/326/326
f 327/327/327 91/91/91 89/89/89 328/328/328
f 328/328/328 89/89/89 87/87/87 329/329/329
f 329/329/329 87/87/87 85/85/85 330/330/330
f 330/330/330 85/85/85 83/83/83 331/331/331
f 331/331/331 83/83/83 81/81/81 332/332/332
f 332/332/332 81/81/81 79/79/79 333/333/333
f 333/333/333 79/79/79 77/77/77 334/334/334
f 334/334/334 77/77/77 75/75/75 335/335/335
f 335/335/335 75/75/75 73/73/73 336/336/336
f 336/336/336 73/73/73 71/71/71 337/337/337
f 337/337/337 71/71/71 69/69/69 338/338/338
f 339/339/339 338/338/338 69/69/69 67/67/67
f 340/340/340 339/339/339 67/67/67 65/65/65
f 341/341/341 340/340/340 65/65/65 63/63/63
f 342/342/342 341/341/341 63/63/63 61/61/61
f 343/343/343 342/342/342 61/61/61 59/59/59
f 289/289/289 343/343/343 59/59/59 57/57/57
f 344/344/344 345/345/345 340/340/340 341/341/341
f 346/346/346 344/344/344 341/341/341 342/342/342
f 347/347/347 346/346/346 342/342/342 343/343/343
f 348/348/348 347/347/347 343/343/343 289/289/289
f 349/349/349 348/348/348 289/289/289 288/288/288
f 350/350/350 349/349/349 288/288/288 290/290/290
f 351/351/351 350/350/350 290/290/290 291/291/291
f 352/352/352 351/351/351 291/291/291 292/292/292
f 353/353/353 352/352/352 292/292/292 293/293/293
f 354/354/354 353/353/353 293/293/293 294/294/294
f 355/355/355 354/354/354 294/294/294 295/295/295
f 356/356/356 355/355/355 295/295/295 296/296/296
f 297/297/297 357/357/357 356/356/356 296/296/296
f 298/298/298 358/358/358 357/357/357 297/297/297
f 299/299/299 359/359/359 358/358/358 298/298/298
f 300/300/300 360/360/360 359/359/359 299/299/299
f 301/301/301 361/361/361 360/360/360 300/300/300
f 302/302/302 362/362/362 361/361/361 301/301/301
f 303/303/303 363/363/363 362/362/362 302/302/302
f 303/303/303 304/304/304 364/364/364 363/363/363
f 304/304/304 305/305/305 365/365/365 364/364/364
f 305/305/305 306/306/306 366/366/366 365/365/365
f 306/306/306 307/307/307 367/367/367 366/366/366
f 307/307/307 308/308/308 368/368/368 367/367/367
f 308/308/308 309/309/309 369/369/369 368/368/368
f 309/309/309 310/310/310 370/370/370 369/369/369
f 310/310/310 311/311/311 371/371/371 370/370/370
f 311/311/311 312/312/312 372/372/372 371/371/371
f 312/312/312 313/313/313 373/373/373 372/372/372
f 313/313/313 314/314/314 374/374/374 373/373/373
f 314/314/314 315/315/315 375/375/375 374/374/374
f 315/315/315 316/316/316 376/376/376 375/375/375
f 316/316/316 317/317/317 377/377/377 376/376/376
f 317/317/317 318/318/318 378/378/378 377/377/377
f 318/318/318 319/319/319 379/379/379 378/378/378
f 319/319/319 320/320/320 380/380/380 379/379/379
f 320/320/320 321/321/321 381/381/381 380/380/380
f 321/321/321 322/322/322 382/382/382 381/381/381
f 322/322/322 323/323/323 383/383/383 382/382/382
f 323/323/323 324/324/324 384/384/384 383/383/383
f 324/324/324 325/325/325 385/385/385 384/384/384
f 325/325/325 326/326/326 386/386/386 385/385/385
f 326/326/326 327/327/327 387/387/387 386/386/386
f 327/327/327 328/328/328 388/388/388 387/387/387
f 328/328/328 329/329/329 389/389/389 388/388/388
f 389/389/389 329/329/329 330/330/330 390/390/390
f 390/390/390 330/330/330 331/331/331 391/391/391
f 391/391/391 331/331/331 332/332/332 392/392/392
f 392/392/392 332/332/332 333/333/333 393/393/393
f 393/393/393 333/333/333 334/334/334 394/394/394
f 394/394/394 334/334/334 335/335/335 395/395/395
f 395/395/395 335/335/335 336/336/336 396/396/396
f 396/396/396 336/336/336 337/337/337 397/397/397
f 398/398/398 397/397/397 337/337/337 338/338/338
f 399/399/399 398/398/398 338/338/338 339/339/339
f 345/345/345 399/399/399 339/339/339 340/340/340
f 372/372/372 373/373/373 400/400/400 401/401/401
f 373/373/373 374/374/374 402/402/402 400/400/400
f 374/374/374 375/375/375 403/403/403 402/402/402
f 375/375/375 376/376/376 404/404/404 403/403/403
f 376/376/376 377/377/377 405/405/405 404/404/404
f 377/377/377 378/378/378 406/406/406 405/405/405
f 378/378/378 379/379/379 407/407/407 406/406/406
f 379/379/379 380/380/380 408/408/408 407/407/407
f 380/380/380 381/381/381 409/409/409 408/408/408
f 381/381/381 382/382/382 410/410/410 409/409/409
f 382/382/382 383/383/383 411/411/411 410/410/410
f 383/383/383 384/384/384 412/412/412 411/411/411
f 412/412/412 384/384/384 385/385/385 413/413/413
f 413/413/413 385/385/385 386/386/386 414/414/414
f 414/414/414 386/386/386 387/387/387 415/415/415
f 415/415/415 387/387/387 388/388/388 416/416/416
f 416/416/416 388/388/388 389/389/389 417/417/417
f 417/417/417 389/389/389 390/390/390 418/418/418
f 418/418/418 390/390/390 391/391/391 419/419/419
f 420/420/420 419/419/419 391/391/391 392/392/392
f 421/421/421 420/420/420 392/392/392 393/393/393
f 422/422/422 421/421/421 393/393/393 394/394/394
f 423/423/423 422/422/422 394/394/394 395/395/395
f 424/424/424 423/423/423 395/395/395 396/396/396
f 425/425/425 424/424/424 396/396/396 397/397/397
f 426/426/426 425/425/425 397/397/397 398/398/398
f 427/427/427 426/426/426 398/398/398 399/399/399
f 428/428/428 427/427/427 399/399/399 345/345/345
f 429/429/429 428/428/428 345/345/345 344/344/344
f 430/430/430 429/429/429 344/344/344 346/346/346
f 431/431/431 430/430/430 346/346/346 347/347/347
f 432/432/432 431/431/431 347/347/347 348/348/348
f 433/433/433 432/432/432 348/348/348 349/349/349
f 434/434/434 433/433/433 349/349/349 350/350/350
f 435/435/435 434/434/434 350/350/350 351/351/351
f 436/436/436 435/435/435 351/351/351 352/352/352
f 437/437/437 436/436/436 352/352/352 353/353/353
f 438/438/438 437/437/437 353/353/353 354/354/354
f 439/439/439 438/438/438 354/354/354 355/355/355
f 440/440/440 439/439/439 355/355/355 356/356/356
f 441/441/441 440/440/440 356/356/356 357/357/357
f 442/442/442 441/441/441 357/357/357 358/358/358
f 443/443/443 442/442/442 358/358/358 359/359/359
f 444/444/444 443/443/443 359/359/359 360/360/360
f 445/445/445 444/444/444 360/360/360 361/361/361
f 446/446/446 445/445/445 361/361/361 362/362/362
f 363/363/363 447/447/447 446/446/446 362/362/362
f 364/364/364 448/448/448 447/447/447 363/363/363
f 365/365/365 449/449/449 448/448/448 364/364/364
f 365/365/365 366/366/366 450/450/450 449/449/449
f 366/366/366 367/367/367 451/451/451 450/450/450
f 367/367/367 368/368/368 452/452/452 451/451/451
f 368/368/368 369/369/369 453/453/453 452/452/452
f 369/369/369 370/370/370 454/454/454 453/453/453
f 370/370/370 371/371/371 455/455/455 454/454/454
f 371/371/371 372/372/372 401/401/401 455/455/455
f 457/457/457 458/458/458 459/459/459 456/456/456
f 456/456/456 459/459/459 461/461/461 460/460/460
f 456/456/456 460/460/460 442/442/442 443/443/443
f 444/444/444 457/457/457 456/456/456 443/443/443
f 464/464/464 465/465/465 462/462/462 463/463/463
f 465/465/465 467/467/467 466/466/466 462/462/462
f 462/462/462 466/466/466 438/438/438 439/439/439
f 463/463/463 462/462/462 439/439/439 440/440/440
f 468/468/468 463/463/463 440/440/440 441/441/441
f 460/460/460 468/468/468 441/441/441 442/442/442
f 460/460/460 461/461/461 469/469/469 468/468/468
f 469/469/469 464/464/464 463/463/463 468/468/468
f 470/470/470 471/471/471 434/434/434 435/435/435
f 437/437/437 470/470/470 435/435/435 436/436/436
f 438/438/438 466/466/466 470/470/470 437/437/437
f 466/466/466 467/467/467 471/471/471 470/470/470
f 473/473/473 472/472/472 457/457/457 444/444/444
f 448/448/448 449/449/449 472/472/472 473/473/473
f 449/449/449 450/450/450 474/474/474 472/472/472
f 472/472/472 474/474/474 458/458/458 457/457/457
f 475/475/475 476/476/476 467/467/467 465/465/465
f 469/469/469 475/475/475 465/465/465 464/464/464
f 459/459/459 475/475/475 469/469/469 461/461/461
f 459/459/459 458/458/458 476/476/476 475/475/475
f 478/478/478 479/479/479 480/480/480 477/477/477
f 477/477/477 480/480/480 482/482/482 481/481/481
f 476/476/476 477/477/477 481/481/481 467/467/467
f 458/458/458 478/478/478 477/477/477 476/476/476
f 450/450/450 451/451/451 483/483/483 474/474/474
f 452/452/452 484/484/484 483/483/483 451/451/451
f 484/484/484 479/479/479 478/478/478 483/483/483
f 474/474/474 483/483/483 478/478/478 458/458/458
f 487/487/487 488/488/488 485/485/485 486/486/486
f 485/485/485 488/488/488 490/490/490 489/489/489
f 480/480/480 485/485/485 489/489/489 482/482/482
f 479/479/479 486/486/486 485/485/485 480/480/480
f 453/453/453 491/491/491 484/484/484 452/452/452
f 454/454/454 492/492/492 491/491/491 453/453/453
f 492/492/492 487/487/487 486/486/486 491/491/491
f 484/484/484 491/491/491 486/486/486 479/479/479
f 401/401/401 400/400/400 493/493/493 455/455/455
f 400/400/400 402/402/402 494/494/494 493/493/493
f 493/493/493 494/494/494 487/487/487 492/492/492
f 455/455/455 493/493/493 492/492/492 454/454/454
f 402/402/402 403/403/403 495/495/495 494/494/494
f 403/403/403 404/404/404 496/496/496 495/495/495
f 495/495/495 496/496/496 490/490/490 488/488/488
f 494/494/494 495/495/495 488/488/488 487/487/487
f 497/497/497 498/498/498 499/499/499 500/500/500
f 501/501/501 497/497/497 500/500/500 502/502/502
f 406/406/406 407/407/407 497/497/497 501/501/501
f 407/407/407 408/408/408 498/498/498 497/497/497
f 404/404/404 405/405/405 503/503/503 496/496/496
f 405/405/405 406/406/406 501/501/501 503/503/503
f 503/503/503 501/501/501 502/502/502 504/504/504
f 496/496/496 503/503/503 504/504/504 490/490/490
f 507/507/507 508/508/508 505/505/505 506/506/506
f 508/508/508 510/510/510 509/509/509 505/505/505
f 505/505/505 509/509/509 432/432/432 433/433/433
f 506/506/506 505/505/505 433/433/433 434/434/434
f 511/511/511 506/506/506 434/434/434 471/471/471
f 467/467/467 481/481/481 511/511/511 471/471/471
f 481/481/481 482/482/482 512/512/512 511/511/511
f 512/512/512 507/507/507 506/506/506 511/511/511
f 515/515/515 516/516/516 513/513/513 514/514/514
f 516/516/516 518/518/518 517/517/517 513/513/513
f 513/513/513 517/517/517 428/428/428 429/429/429
f 514/514/514 513/513/513 429/429/429 430/430/430
f 519/519/519 514/514/514 430/430/430 431/431/431
f 509/509/509 519/519/519 431/431/431 432/432/432
f 510/510/510 520/520/520 519/519/519 509/509/509
f 520/520/520 515/515/515 514/514/514 519/519/519
f 482/482/482 489/489/489 521/521/521 512/512/512
f 489/489/489 490/490/490 522/522/522 521/521/521
f 521/521/521 522/522/522 510/510/510 508/508/508
f 512/512/512 521/521/521 508/508/508 507/507/507
f 490/490/490 504/504/504 523/523/523 522/522/522
f 504/504/504 502/502/502 524/524/524 523/523/523
f 523/523/523 524/524/524 515/515/515 520/520/520
f 522/522/522 523/523/523 520/520/520 510/510/510
f 525/525/525 526/526/526 518/518/518 516/516/516
f 524/524/524 525/525/525 516/516/516 515/515/515
f 502/502/502 500/500/500 525/525/525 524/524/524
f 500/500/500 499/499/499 526/526/526 525/525/525
f 527/527/527 528/528/528 529/529/529 530/530/530
f 531/531/531 527/527/527 530/530/530 532/532/532
f 410/410/410 411/411/411 527/527/527 531/531/531
f 411/411/411 412/412/412 528/528/528 527/527/527
f 408/408/408 409/409/409 533/533/533 498/498/498
f 409/409/409 410/410/410 531/531/531 533/533/533
f 533/533/533 531/531/531 532/532/532 534/534/534
f 498/498/498 533/533/533 534/534/534 499/499/499
f 412/412/412 413/413/413 535/535/535 528/528/528
f 535/535/535 413/413/413 414/414/414 536/536/536
f 535/535/535 536/536/536 537/537/537 538/538/538
f 528/528/528 535/535/535 538/538/538 529/529/529
f 534/534/534 532/532/532 540/540/540 539/539/539
f 539/539/539 540/540/540 542/542/542 541/541/541
f 526/526/526 539/539/539 541/541/541 518/518/518
f 499/499/499 534/534/534 539/539/539 526/526/526
f 541/541/541 543/543/543 544/544/544 518/518/518
f 542/542/542 545/545/545 543/543/543 541/541/541
f 543/543/543 545/545/545 546/546/546 547/547/547
f 543/543/543 547/547/547 548/548/548 544/544/544
f 549/549/549 550/550/550 426/426/426 427/427/427
f 517/517/517 549/549/549 427/427/427 428/428/428
f 518/518/518 544/544/544 549/549/549 517/517/517
f 544/544/544 548/548/548 550/550/550 549/549/549
f 551/551/551 552/552/552 424/424/424 425/425/425
f 550/550/550 551/551/551 425/425/425 426/426/426
f 548/548/548 547/547/547 551/551/551 550/550/550
f 547/547/547 546/546/546 552/552/552 551/551/551
f 554/554/554 420/420/420 421/421/421 553/553/553
f 553/553/553 421/421/421 422/422/422 423/423/423
f 552/552/552 553/553/553 423/423/423 424/424/424
f 546/546/546 554/554/554 553/553/553 552/552/552
f 556/556/556 416/416/416 417/417/417 555/555/555
f 555/555/555 417/417/417 418/418/418 419/419/419
f 555/555/555 419/419/419 420/420/420 554/554/554
f 546/546/546 556/556/556 555/555/555 554/554/554
f 536/536/536 414/414/414 415/415/415 557/557/557
f 557/557/557 415/415/415 416/416/416 556/556/556
f 558/558/558 557/557/557 556/556/556 546/546/546
f 537/537/537 536/536/536 557/557/557 558/558/558
f 538/538/538 537/537/537 558/558/558 559/559/559
f 559/559/559 558/558/558 546/546/546 545/545/545
f 560/560/560 559/559/559 545/545/545 542/542/542
f 529/529/529 538/538/538 559/559/559 560/560/560
f 561/561/561 560/560/560 542/542/542 540/540/540
f 532/532/532 530/530/530 561/561/561 540/540/540
f 530/530/530 529/529/529 560/560/560 561/561/561
f 562/562/562 473/473/473 444/444/444 445/445/445
f 447/447/447 562/562/562 445/445/445 446/446/446
f 447/447/447 448/448/448 473/473/473 562/562/562
f 564/564/564 565/565/565 566/566/566 563/563/563
f 567/567/567 568/568/568 565/565/565 564/564/564
f 568/568/568 259/569/259 262/570/262 565/565/565
f 565/565/565 262/570/262 256/571/256 566/566/566
f 570/573/570 571/574/571 572/575/572 569/572/569
f 573/576/573 574/577/574 571/574/571 570/573/570
f 574/577/574 263/578/263 266/579/266 571/574/571
f 571/574/571 266/579/266 261/580/261 572/575/572
f 576/582/576 577/583/577 578/584/578 575/581/575
f 579/585/579 580/586/580 577/583/577 576/582/576
f 580/586/580 267/587/267 270/588/270 577/583/577
f 577/583/577 270/588/270 265/589/265 578/584/578
f 582/591/582 583/592/583 584/593/584 581/590/581
f 585/594/585 586/595/586 583/592/583 582/591/582
f 586/595/586 271/596/271 274/597/274 583/592/583
f 583/592/583 274/597/274 269/598/269 584/593/584
f 588/600/588 589/601/589 590/602/590 587/599/587
f 591/603/591 592/604/592 589/601/589 588/600/588
f 592/604/592 275/605/275 278/606/278 589/601/589
f 589/601/589 278/606/278 273/607/273 590/602/590
f 594/609/594 595/610/595 596/611/596 593/608/593
f 597/612/597 598/613/598 595/610/595 594/609/594
f 598/613/598 279/614/279 282/615/282 595/610/595
f 595/610/595 282/615/282 277/616/277 596/611/596
f 599/617/599 600/618/600 592/604/592 591/603/591
f 593/608/593 596/611/596 600/618/600 599/617/599
f 596/611/596 277/616/277 276/619/276 600/618/600
f 600/618/600 276/619/276 275/605/275 592/604/592
f 601/620/601 602/621/602 586/595/586 585/594/585
f 587/599/587 590/602/590 602/621/602 601/620/601
f 590/602/590 273/607/273 272/622/272 602/621/602
f 602/621/602 272/622/272 271/596/271 586/595/586
f 603/623/603 604/624/604 580/586/580 579/585/579
f 581/590/581 584/593/584 604/624/604 603/623/603
f 584/593/584 269/598/269 268/625/268 604/624/604
f 604/624/604 268/625/268 267/587/267 580/586/580
f 605/626/605 606/627/606 574/577/574 573/576/573
f 575/581/575 578/584/578 606/627/606 605/626/605
f 578/584/578 265/589/265 264/628/264 606/627/606
f 606/627/606 264/628/264 263/578/263 574/577/574
f 607/629/607 608/630/608 568/568/568 567/567/567
f 569/572/569 572/575/572 608/630/608 607/629/607
f 572/575/572 261/580/261 260/631/260 608/630/608
f 608/630/608 260/631/260 259/569/259 568/568/568
f 610/633/610 594/609/594 593/608/593 609/632/609
f 597/612/597 594/609/594 610/633/610 611/634/611
f 613/636/613 599/617/599 591/603/591 612/635/612
f 609/632/609 593/608/593 599/617/599 613/636/613
f 615/638/615 588/600/588 587/599/587 614/637/614
f 612/635/612 591/603/591 588/600/588 615/638/615
f 617/640/617 601/620/601 585/594/585 616/639/616
f 614/637/614 587/599/587 601/620/601 617/640/617
f 619/642/619 582/591/582 581/590/581 618/641/618
f 616/639/616 585/594/585 582/591/582 619/642/619
f 621/644/621 603/623/603 579/585/579 620/643/620
f 618/641/618 581/590/581 603/623/603 621/644/621
f 623/646/623 576/582/576 575/581/575 622/645/622
f 620/643/620 579/585/579 576/582/576 623/646/623
f 625/648/625 605/626/605 573/576/573 624/647/624
f 622/645/622 575/581/575 605/626/605 625/648/625
f 627/650/627 570/573/570 569/572/569 626/649/626
f 624/647/624 573/576/573 570/573/570 627/650/627
f 629/652/629 607/629/607 567/567/567 628/651/628
f 626/649/626 569/572/569 607/629/607 629/652/629
f 631/654/631 564/564/564 563/563/563 630/653/630
f 628/651/628 567/567/567 564/564/564 631/654/631
f 633/656/633 610/633/610 609/632/609 632/655/632
f 634/657/634 611/634/611 610/633/610 633/656/633
f 636/659/636 613/636/613 612/635/612 635/658/635
f 632/655/632 609/632/609 613/636/613 636/659/636
f 638/661/638 615/638/615 614/637/614 637/660/637
f 635/658/635 612/635/612 615/638/615 638/661/638
f 640/663/640 617/640/617 616/639/616 639/662/639
f 637/660/637 614/637/614 617/640/617 640/663/640
f 642/665/642 619/642/619 618/641/618 641/664/641
f 639/662/639 616/639/616 619/642/619 642/665/642
f 644/667/644 621/644/621 620/643/620 643/666/643
f 641/664/641 618/641/618 621/644/621 644/667/644
f 646/669/646 623/646/623 622/645/622 645/668/645
f 643/666/643 620/643/620 623/646/623 646/669/646
f 648/671/648 625/648/625 624/647/624 647/670/647
f 645/668/645 622/645/622 625/648/625 648/671/648
f 650/673/650 627/650/627 626/649/626 649/672/649
f 647/670/647 624/647/624 627/650/627 650/673/650
f 652/675/652 629/652/629 628/651/628 651/674/651
f 649/672/649 626/649/626 629/652/629 652/675/652
f 654/677/654 631/654/631 630/653/630 653/676/653
f 651/674/651 628/651/628 631/654/631 654/677/654
f 658/681/658 655/678/655 656/679/656 657/680/657
f 655/678/655 659/682/659 660/683/660 656/679/656
f 659/682/659 661/684/661 662/685/662 660/683/660
f 661/684/661 663/686/663 664/687/664 662/685/662
f 663/686/663 665/688/665 666/689/666 664/687/664
f 666/689/666 665/688/665 667/690/667 668/691/668
f 668/691/668 667/690/667 669/692/669 670/693/670
f 670/693/670 669/692/669 671/694/671 672/695/672
f 672/695/672 671/694/671 673/696/673 674/697/674
f 674/697/674 673/696/673 675/698/675 676/699/676
f 676/699/676 675/698/675 677/700/677 678/701/678
f 678/701/678 677/700/677 679/702/679 680/703/680
f 680/703/680 679/702/679 681/704/681 682/705/682
f 682/705/682 681/704/681 683/706/683 684/707/684
f 684/707/684 683/706/683 685/708/685 686/709/686
f 686/709/686 685/708/685 687/710/687 688/711/688
f 688/711/688 687/710/687 689/712/689 690/713/690
f 690/713/690 689/712/689 691/714/691 692/715/692
f 692/715/692 691/714/691 693/716/693 694/717/694
f 694/717/694 693/716/693 695/718/695 696/719/696
f 696/719/696 695/718/695 697/720/697 698/721/698
f 698/721/698 697/720/697 699/722/699 700/723/700
f 700/723/700 699/722/699 701/724/701 702/725/702
f 704/727/704 702/725/702 701/724/701 703/726/703
f 706/729/706 704/727/704 703/726/703 705/728/705
f 708/731/708 706/729/706 705/728/705 707/730/707
f 710/733/710 708/731/708 707/730/707 709/732/709
f 712/735/712 710/733/710 709/732/709 711/734/711
f 714/737/714 712/735/712 711/734/711 713/736/713
f 716/739/716 714/737/714 713/736/713 715/738/715
f 718/741/718 716/739/716 715/738/715 717/740/717
f 720/743/720 718/741/718 717/740/717 719/742/719
f 722/745/722 720/743/720 719/742/719 721/744/721
f 724/747/724 722/745/722 721/744/721 723/746/723
f 725/748/725 726/749/726 724/747/724 723/746/723
f 727/750/727 728/751/728 726/749/726 725/748/725
f 729/752/729 730/753/730 728/751/728 727/750/727
f 731/754/731 732/755/732 730/753/730 729/752/729
f 733/756/733 734/757/734 732/755/732 731/754/731
f 735/758/735 736/759/736 734/757/734 733/756/733
f 737/760/737 738/761/738 736/759/736 735/758/735
f 739/762/739 740/763/740 738/761/738 737/760/737
f 741/764/741 742/765/742 740/763/740 739/762/739
f 743/766/743 744/767/744 742/765/742 741/764/741
f 745/768/745 746/769/746 744/767/744 743/766/743
f 747/770/747 748/771/748 746/769/746 745/768/745
f 749/772/749 750/773/750 748/771/748 747/770/747
f 751/774/751 752/775/752 750/773/750 749/772/749
f 753/776/753 754/777/754 752/775/752 751/774/751
f 755/778/755 756/779/756 754/777/754 753/776/753
f 755/778/755 757/780/757 758/781/758 756/779/756
f 757/780/757 759/782/759 760/783/760 758/781/758
f 759/782/759 761/784/761 762/785/762 760/783/760
f 761/784/761 763/786/763 764/787/764 762/785/762
f 763/786/763 765/788/765 766/789/766 764/787/764
f 765/788/765 658/681/658 657/680/657 766/789/766
f 768/791/768 767/790/767 661/684/661 659/682/659
f 661/684/661 767/790/767 769/792/769 663/686/663
f 663/686/663 769/792/769 770/793/770 665/688/665
f 665/688/665 770/793/770 771/794/771 667/690/667
f 667/690/667 771/794/771 772/795/772 669/692/669
f 669/692/669 772/795/772 773/796/773 671/694/671
f 671/694/671 773/796/773 774/797/774 673/696/673
f 673/696/673 774/797/774 775/798/775 675/698/675
f 675/698/675 775/798/775 776/799/776 677/700/677
f 677/700/677 776/799/776 777/800/777 679/702/679
f 679/702/679 777/800/777 778/801/778 681/704/681
f 681/704/681 778/801/778 779/802/779 683/706/683
f 683/706/683 779/802/779 780/803/780 685/708/685
f 685/708/685 780/803/780 781/804/781 687/710/687
f 687/710/687 781/804/781 782/805/782 689/712/689
f 689/712/689 782/805/782 783/806/783 691/714/691
f 691/714/691 783/806/783 784/807/784 693/716/693
f 693/716/693 784/807/784 785/808/785 695/718/695
f 695/718/695 785/808/785 786/809/786 697/720/697
f 697/720/697 786/809/786 787/810/787 699/722/699
f 699/722/699 787/810/787 788/811/788 701/724/701
f 701/724/701 788/811/788 789/812/789 703/726/703
f 703/726/703 789/812/789 790/813/790 705/728/705
f 705/728/705 790/813/790 791/814/791 707/730/707
f 707/730/707 791/814/791 792/815/792 709/732/709
f 711/734/711 709/732/709 792/815/792 793/816/793
f 713/736/713 711/734/711 793/816/793 794/817/794
f 715/738/715 713/736/713 794/817/794 795/818/795
f 717/740/717 715/738/715 795/818/795 796/819/796
f 719/742/719 717/740/717 796/819/796 797/820/797
f 798/821/798 721/744/721 719/742/719 797/820/797
f 799/822/799 723/746/723 721/744/721 798/821/798
f 800/823/800 725/748/725 723/746/723 799/822/799
f 801/824/801 727/750/727 725/748/725 800/823/800
f 802/825/802 729/752/729 727/750/727 801/824/801
f 803/826/803 731/754/731 729/752/729 802/825/802
f 804/827/804 733/756/733 731/754/731 803/826/803
f 805/828/805 735/758/735 733/756/733 804/827/804
f 806/829/806 737/760/737 735/758/735 805/828/805
f 807/830/807 739/762/739 737/760/737 806/829/806
f 808/831/808 741/764/741 739/762/739 807/830/807
f 809/832/809 743/766/743 741/764/741 808/831/808
f 810/833/810 745/768/745 743/766/743 809/832/809
f 811/834/811 747/770/747 745/768/745 810/833/810
f 812/835/812 749/772/749 747/770/747 811/834/811
f 813/836/813 751/774/751 749/772/749 812/835/812
f 814/837/814 753/776/753 751/774/751 813/836/813
f 815/838/815 755/778/755 753/776/753 814/837/814
f 816/839/816 757/780/757 755/778/755 815/838/815
f 817/840/817 759/782/759 757/780/757 816/839/816
f 817/840/817 818/841/818 761/784/761 759/782/759
f 818/841/818 819/842/819 763/786/763 761/784/761
f 819/842/819 820/843/820 765/788/765 763/786/763
f 820/843/820 821/844/821 658/681/658 765/788/765
f 821/844/821 822/845/822 655/678/655 658/681/658
f 822/845/822 768/791/768 659/682/659 655/678/655
f 823/846/823 798/821/798 797/820/797 824/847/824
f 825/848/825 799/822/799 798/821/798 823/846/823
f 826/849/826 800/823/800 799/822/799 825/848/825
f 827/850/827 801/824/801 800/823/800 826/849/826
f 828/851/828 802/825/802 801/824/801 827/850/827
f 829/852/829 803/826/803 802/825/802 828/851/828
f 830/853/830 804/827/804 803/826/803 829/852/829
f 831/854/831 805/828/805 804/827/804 830/853/830
f 832/855/832 806/829/806 805/828/805 831/854/831
f 833/856/833 807/830/807 806/829/806 832/855/832
f 834/857/834 808/831/808 807/830/807 833/856/833
f 835/858/835 809/832/809 808/831/808 834/857/834
f 836/859/836 810/833/810 809/832/809 835/858/835
f 811/834/811 810/833/810 836/859/836 837/860/837
f 838/861/838 812/835/812 811/834/811 837/860/837
f 839/862/839 813/836/813 812/835/812 838/861/838
f 840/863/840 814/837/814 813/836/813 839/862/839
f 841/864/841 815/838/815 814/837/814 840/863/840
f 842/865/842 816/839/816 815/838/815 841/864/841
f 843/866/843 817/840/817 816/839/816 842/865/842
f 844/867/844 818/841/818 817/840/817 843/866/843
f 845/868/845 819/842/819 818/841/818 844/867/844
f 845/868/845 846/869/846 820/843/820 819/842/819
f 846/869/846 847/870/847 821/844/821 820/843/820
f 821/844/821 847/870/847 848/871/848 822/845/822
f 822/845/822 848/871/848 849/872/849 768/791/768
f 768/791/768 849/872/849 850/873/850 767/790/767
f 767/790/767 850/873/850 851/874/851 769/792/769
f 769/792/769 851/874/851 852/875/852 770/793/770
f 770/793/770 852/875/852 853/876/853 771/794/771
f 771/794/771 853/876/853 854/877/854 772/795/772
f 772/795/772 854/877/854 855/878/855 773/796/773
f 773/796/773 855/878/855 856/879/856 774/797/774
f 774/797/774 856/879/856 857/880/857 775/798/775
f 775/798/775 857/880/857 858/881/858 776/799/776
f 776/799/776 858/881/858 859/882/859 777/800/777
f 777/800/777 859/882/859 860/883/860 778/801/778
f 778/801/778 860/883/860 861/884/861 779/802/779
f 779/802/779 861/884/861 862/885/862 780/803/780
f 780/803/780 862/885/862 863/886/863 781/804/781
f 781/804/781 863/886/863 864/887/864 782/805/782
f 782/805/782 864/887/864 865/888/865 783/806/783
f 783/806/783 865/888/865 866/889/866 784/807/784
f 784/807/784 866/889/866 867/890/867 785/808/785
f 785/808/785 867/890/867 868/891/868 786/809/786
f 786/809/786 868/891/868 869/892/869 787/810/787
f 787/810/787 869/892/869 870/893/870 788/811/788
f 788/811/788 870/893/870 871/894/871 789/812/789
f 789/812/789 871/894/871 872/895/872 790/813/790
f 790/813/790 872/895/872 873/896/873 791/814/791
f 791/814/791 873/896/873 874/897/874 792/815/792
f 792/815/792 874/897/874 875/898/875 793/816/793
f 793/816/793 875/898/875 876/899/876 794/817/794
f 794/817/794 876/899/876 877/900/877 795/818/795
f 878/901/878 796/819/796 795/818/795 877/900/877
f 824/847/824 797/820/797 796/819/796 878/901/878
f 880/903/880 839/862/839 838/861/838 879/902/879
f 879/902/879 838/861/838 837/860/837 881/904/881
f 882/905/882 883/906/883 884/907/884 885/908/885
f 887/910/887 885/908/885 884/907/884 886/909/886
f 884/907/884 830/853/830 829/852/829 886/909/886
f 883/906/883 831/854/831 830/853/830 884/907/884
f 888/911/888 889/912/889 890/913/890 891/914/891
f 891/914/891 890/913/890 892/915/892 893/916/893
f 890/913/890 879/902/879 881/904/881 892/915/892
f 889/912/889 880/903/880 879/902/879 890/913/890
f 895/918/895 843/866/843 842/865/842 894/917/894
f 894/917/894 842/865/842 841/864/841 896/919/896
f 897/920/897 840/863/840 839/862/839 880/903/880
f 896/919/896 841/864/841 840/863/840 897/920/897
f 899/922/899 887/910/887 886/909/886 898/921/898
f 898/921/898 886/909/886 829/852/829 900/923/900
f 902/925/902 827/850/827 826/849/826 901/924/901
f 901/924/901 826/849/826 825/848/825 903/926/903
f 904/927/904 828/851/828 827/850/827 902/925/902
f 900/923/900 829/852/829 828/851/828 904/927/904
f 906/929/906 824/847/824 878/901/878 905/928/905
f 907/930/907 905/928/905 878/901/878 877/900/877
f 874/897/874 908/931/908 909/932/909 875/898/875
f 873/896/873 910/933/910 908/931/908 874/897/874
f 911/934/911 823/846/823 824/847/824 906/929/906
f 903/926/903 825/848/825 823/846/823 911/934/911
f 875/898/875 909/932/909 912/935/912 876/899/876
f 876/899/876 912/935/912 907/930/907 877/900/877
f 870/893/870 913/936/913 914/937/914 871/894/871
f 869/892/869 915/938/915 913/936/913 870/893/870
f 871/894/871 914/937/914 916/939/916 872/895/872
f 872/895/872 916/939/916 910/933/910 873/896/873
f 866/889/866 917/940/917 918/941/918 867/890/867
f 865/888/865 919/942/919 917/940/917 866/889/866
f 867/890/867 918/941/918 920/943/920 868/891/868
f 868/891/868 920/943/920 915/938/915 869/892/869
f 862/885/862 921/944/921 922/945/922 863/886/863
f 861/884/861 923/946/923 921/944/921 862/885/862
f 863/886/863 922/945/922 924/947/924 864/887/864
f 864/887/864 924/947/924 919/942/919 865/888/865
f 858/881/858 925/948/925 926/949/926 859/882/859
f 857/880/857 927/950/927 925/948/925 858/881/858
f 859/882/859 926/949/926 928/951/928 860/883/860
f 860/883/860 928/951/928 923/946/923 861/884/861
f 854/877/854 929/952/929 930/953/930 855/878/855
f 853/876/853 931/954/931 929/952/929 854/877/854
f 855/878/855 930/953/930 932/955/932 856/879/856
f 856/879/856 932/955/932 927/950/927 857/880/857
f 850/873/850 933/956/933 934/957/934 851/874/851
f 849/872/849 935/958/935 933/956/933 850/873/850
f 851/874/851 934/957/934 936/959/936 852/875/852
f 852/875/852 936/959/936 931/954/931 853/876/853
f 846/869/846 937/960/937 938/961/938 847/870/847
f 846/869/846 845/868/845 939/962/939 937/960/937
f 847/870/847 938/961/938 940/963/940 848/871/848
f 848/871/848 940/963/940 935/958/935 849/872/849
f 941/964/941 844/867/844 843/866/843 895/918/895
f 939/962/939 845/868/845 844/867/844 941/964/941
f 943/966/943 942/965/942 710/733/710 712/735/712
f 942/965/942 944/967/944 708/731/708 710/733/710
f 944/967/944 945/968/945 706/729/706 708/731/708
f 945/968/945 946/969/946 704/727/704 706/729/706
f 946/969/946 947/970/947 702/725/702 704/727/704
f 947/970/947 948/971/948 700/723/700 702/725/702
f 949/972/949 698/721/698 700/723/700 948/971/948
f 950/973/950 696/719/696 698/721/698 949/972/949
f 951/974/951 694/717/694 696/719/696 950/973/950
f 952/975/952 692/715/692 694/717/694 951/974/951
f 953/976/953 690/713/690 692/715/692 952/975/952
f 954/977/954 688/711/688 690/713/690 953/976/953
f 955/978/955 686/709/686 688/711/688 954/977/954
f 956/979/956 684/707/684 686/709/686 955/978/955
f 957/980/957 682/705/682 684/707/684 956/979/956
f 958/981/958 680/703/680 682/705/682 957/980/957
f 959/982/959 678/701/678 680/703/680 958/981/958
f 960/983/960 676/699/676 678/701/678 959/982/959
f 674/697/674 676/699/676 960/983/960 961/984/961
f 672/695/672 674/697/674 961/984/961 962/985/962
f 670/693/670 672/695/672 962/985/962 963/986/963
f 668/691/668 670/693/670 963/986/963 964/987/964
f 666/689/666 668/691/668 964/987/964 965/988/965
f 664/687/664 666/689/666 965/988/965 966/989/966
f 662/685/662 664/687/664 966/989/966 967/990/967
f 660/683/660 662/685/662 967/990/967 968/991/968
f 656/679/656 660/683/660 968/991/968 969/992/969
f 657/680/657 656/679/656 969/992/969 970/993/970
f 766/789/766 657/680/657 970/993/970 971/994/971
f 764/787/764 766/789/766 971/994/971 972/995/972
f 762/785/762 764/787/764 972/995/972 973/996/973
f 760/783/760 762/785/762 973/996/973 974/997/974
f 758/781/758 760/783/760 974/997/974 975/998/975
f 756/779/756 758/781/758 975/998/975 976/999/976
f 754/777/754 756/779/756 976/999/976 977/1000/977
f 752/775/752 754/777/754 977/1000/977 978/1001/978
f 750/773/750 752/775/752 978/1001/978 979/1002/979
f 748/771/748 750/773/750 979/1002/979 980/1003/980
f 746/769/746 748/771/748 980/1003/980 981/1004/981
f 746/769/746 981/1004/981 982/1005/982 744/767/744
f 744/767/744 982/1005/982 983/1006/983 742/765/742
f 742/765/742 983/1006/983 984/1007/984 740/763/740
f 740/763/740 984/1007/984 985/1008/985 738/761/738
f 738/761/738 985/1008/985 986/1009/986 736/759/736
f 736/759/736 986/1009/986 987/1010/987 734/757/734
f 734/757/734 987/1010/987 988/1011/988 732/755/732
f 732/755/732 988/1011/988 989/1012/989 730/753/730
f 730/753/730 989/1012/989 990/1013/990 728/751/728
f 728/751/728 990/1013/990 991/1014/991 726/749/726
f 726/749/726 991/1014/991 992/1015/992 724/747/724
f 992/1015/992 993/1016/993 722/745/722 724/747/724
f 993/1016/993 994/1017/994 720/743/720 722/745/722
f 994/1017/994 995/1018/995 718/741/718 720/743/720
f 995/1018/995 996/1019/996 716/739/716 718/741/718
f 996/1019/996 997/1020/997 714/737/714 716/739/716
f 997/1020/997 943/966/943 712/735/712 714/737/714
f 999/1022/999 998/1021/998 995/1018/995 994/1017/994
f 998/1021/998 1000/1023/1000 996/1019/996 995/1018/995
f 1000/1023/1000 1001/1024/1001 997/1020/997 996/1019/996
f 1001/1024/1001 1002/1025/1002 943/966/943 997/1020/997
f 1002/1025/1002 1003/1026/1003 942/965/942 943/966/943
f 1003/1026/1003 1004/1027/1004 944/967/944 942/965/942
f 1004/1027/1004 1005/1028/1005 945/968/945 944/967/944
f 1005/1028/1005 1006/1029/1006 946/969/946 945/968/945
f 1006/1029/1006 1007/1030/1007 947/970/947 946/969/946
f 1007/1030/1007 1008/1031/1008 948/971/948 947/970/947
f 1008/1031/1008 1009/1032/1009 949/972/949 948/971/948
f 1009/1032/1009 1010/1033/1010 950/973/950 949/972/949
f 1011/1034/1011 951/974/951 950/973/950 1010/1033/1010
f 1012/1035/1012 952/975/952 951/974/951 1011/1034/1011
f 1013/1036/1013 953/976/953 952/975/952 1012/1035/1012
f 1014/1037/1014 954/977/954 953/976/953 1013/1036/1013
f 1015/1038/1015 955/978/955 954/977/954 1014/1037/1014
f 1016/1039/1016 956/979/956 955/978/955 1015/1038/1015
f 1017/1040/1017 957/980/957 956/979/956 1016/1039/1016
f 958/981/958 957/980/957 1017/1040/1017 1018/1041/1018
f 959/982/959 958/981/958 1018/1041/1018 1019/1042/1019
f 960/983/960 959/982/959 1019/1042/1019 1020/1043/1020
f 961/984/961 960/983/960 1020/1043/1020 1021/1044/1021
f 962/985/962 961/984/961 1021/1044/1021 1022/1045/1022
f 963/986/963 962/985/962 1022/1045/1022 1023/1046/1023
f 964/987/964 963/986/963 1023/1046/1023 1024/1047/1024
f 965/988/965 964/987/964 1024/1047/1024 1025/1048/1025
f 966/989/966 965/988/965 1025/1048/1025 1026/1049/1026
f 967/990/967 966/989/966 1026/1049/1026 1027/1050/1027
f 968/991/968 967/990/967 1027/1050/1027 1028/1051/1028
f 969/992/969 968/991/968 1028/1051/1028 1029/1052/1029
f 970/993/970 969/992/969 1029/1052/1029 1030/1053/1030
f 971/994/971 970/993/970 1030/1053/1030 1031/1054/1031
f 972/995/972 971/994/971 1031/1054/1031 1032/1055/1032
f 973/996/973 972/995/972 1032/1055/1032 1033/1056/1033
f 974/997/974 973/996/973 1033/1056/1033 1034/1057/1034
f 975/998/975 974/997/974 1034/1057/1034 1035/1058/1035
f 976/999/976 975/998/975 1035/1058/1035 1036/1059/1036
f 977/1000/977 976/999/976 1036/1059/1036 1037/1060/1037
f 978/1001/978 977/1000/977 1037/1060/1037 1038/1061/1038
f 979/1002/979 978/1001/978 1038/1061/1038 1039/1062/1039
f 980/1003/980 979/1002/979 1039/1062/1039 1040/1063/1040
f 981/1004/981 980/1003/980 1040/1063/1040 1041/1064/1041
f 982/1005/982 981/1004/981 1041/1064/1041 1042/1065/1042
f 983/1006/983 982/1005/982 1042/1065/1042 1043/1066/1043
f 983/1006/983 1043/1066/1043 1044/1067/1044 984/1007/984
f 984/1007/984 1044/1067/1044 1045/1068/1045 985/1008/985
f 985/1008/985 1045/1068/1045 1046/1069/1046 986/1009/986
f 986/1009/986 1046/1069/1046 1047/1070/1047 987/1010/987
f 987/1010/987 1047/1070/1047 1048/1071/1048 988/1011/988
f 988/1011/988 1048/1071/1048 1049/1072/1049 989/1012/989
f 989/1012/989 1049/1072/1049 1050/1073/1050 990/1013/990
f 990/1013/990 1050/1073/1050 1051/1074/1051 991/1014/991
f 1051/1074/1051 1052/1075/1052 992/1015/992 991/1014/991
f 1052/1075/1052 1053/1076/1053 993/1016/993 992/1015/992
f 1053/1076/1053 999/1022/999 994/1017/994 993/1016/993
f 1027/1050/1027 1026/1049/1026 1055/1078/1055 1054/1077/1054
f 1028/1051/1028 1027/1050/1027 1054/1077/1054 1056/1079/1056
f 1029/1052/1029 1028/1051/1028 1056/1079/1056 1057/1080/1057
f 1030/1053/1030 1029/1052/1029 1057/1080/1057 1058/1081/1058
f 1031/1054/1031 1030/1053/1030 1058/1081/1058 1059/1082/1059
f 1032/1055/1032 1031/1054/1031 1059/1082/1059 1060/1083/1060
f 1033/1056/1033 1032/1055/1032 1060/1083/1060 1061/1084/1061
f 1034/1057/1034 1033/1056/1033 1061/1084/1061 1062/1085/1062
f 1035/1058/1035 1034/1057/1034 1062/1085/1062 1063/1086/1063
f 1036/1059/1036 1035/1058/1035 1063/1086/1063 1064/1087/1064
f 1037/1060/1037 1036/1059/1036 1064/1087/1064 1065/1088/1065
f 1038/1061/1038 1037/1060/1037 1065/1088/1065 1066/1089/1066
f 1038/1061/1038 1066/1089/1066 1067/1090/1067 1039/1062/1039
f 1039/1062/1039 1067/1090/1067 1068/1091/1068 1040/1063/1040
f 1040/1063/1040 1068/1091/1068 1069/1092/1069 1041/1064/1041
f 1041/1064/1041 1069/1092/1069 1070/1093/1070 1042/1065/1042
f 1042/1065/1042 1070/1093/1070 1071/1094/1071 1043/1066/1043
f 1043/1066/1043 1071/1094/1071 1072/1095/1072 1044/1067/1044
f 1044/1067/1044 1072/1095/1072 1073/1096/1073 1045/1068/1045
f 1073/1096/1073 1074/1097/1074 1046/1069/1046 1045/1068/1045
f 1074/1097/1074 1075/1098/1075 1047/1070/1047 1046/1069/1046
f 1075/1098/1075 1076/1099/1076 1048/1071/1048 1047/1070/1047
f 1076/1099/1076 1077/1100/1077 1049/1072/1049 1048/1071/1048
f 1077/1100/1077 1078/1101/1078 1050/1073/1050 1049/1072/1049
f 1078/1101/1078 1079/1102/1079 1051/1074/1051 1050/1073/1050
f 1079/1102/1079 1080/1103/1080 1052/1075/1052 1051/1074/1051
f 1080/1103/1080 1081/1104/1081 1053/1076/1053 1052/1075/1052
f 1081/1104/1081 1082/1105/1082 999/1022/999 1053/1076/1053
f 1082/1105/1082 1083/1106/1083 998/1021/998 999/1022/999
f 1083/1106/1083 1084/1107/1084 1000/1023/1000 998/1021/998
f 1084/1107/1084 1085/1108/1085 1001/1024/1001 1000/1023/1000
f 1085/1108/1085 1086/1109/1086 1002/1025/1002 1001/1024/1001
f 1086/1109/1086 1087/1110/1087 1003/1026/1003 1002/1025/1002
f 1087/1110/1087 1088/1111/1088 1004/1027/1004 1003/1026/1003
f 1088/1111/1088 1089/1112/1089 1005/1028/1005 1004/1027/1004
f 1089/1112/1089 1090/1113/1090 1006/1029/1006 1005/1028/1005
f 1090/1113/1090 1091/1114/1091 1007/1030/1007 1006/1029/1006
f 1091/1114/1091 1092/1115/1092 1008/1031/1008 1007/1030/1007
f 1092/1115/1092 1093/1116/1093 1009/1032/1009 1008/1031/1008
f 1093/1116/1093 1094/1117/1094 1010/1033/1010 1009/1032/1009
f 1094/1117/1094 1095/1118/1095 1011/1034/1011 1010/1033/1010
f 1095/1118/1095 1096/1119/1096 1012/1035/1012 1011/1034/1011
f 1096/1119/1096 1097/1120/1097 1013/1036/1013 1012/1035/1012
f 1097/1120/1097 1098/1121/1098 1014/1037/1014 1013/1036/1013
f 1098/1121/1098 1099/1122/1099 1015/1038/1015 1014/1037/1014
f 1099/1122/1099 1100/1123/1100 1016/1039/1016 1015/1038/1015
f 1101/1124/1101 1017/1040/1017 1016/1039/1016 1100/1123/1100
f 1102/1125/1102 1018/1041/1018 1017/1040/1017 1101/1124/1101
f 1103/1126/1103 1019/1042/1019 1018/1041/1018 1102/1125/1102
f 1020/1043/1020 1019/1042/1019 1103/1126/1103 1104/1127/1104
f 1021/1044/1021 1020/1043/1020 1104/1127/1104 1105/1128/1105
f 1022/1045/1022 1021/1044/1021 1105/1128/1105 1106/1129/1106
f 1023/1046/1023 1022/1045/1022 1106/1129/1106 1107/1130/1107
f 1024/1047/1024 1023/1046/1023 1107/1130/1107 1108/1131/1108
f 1025/1048/1025 1024/1047/1024 1108/1131/1108 1109/1132/1109
f 1026/1049/1026 1025/1048/1025 1109/1132/1109 1055/1078/1055
f 1110/1133/1110 1111/1134/1111 1112/1135/1112 1113/1136/1113
f 1113/1136/1113 1112/1135/1112 1114/1137/1114 1115/1138/1115
f 1114/1137/1114 1112/1135/1112 1097/1120/1097 1096/1119/1096
f 1111/1134/1111 1098/1121/1098 1097/1120/1097 1112/1135/1112
f 1119/1142/1119 1116/1139/1116 1117/1140/1117 1118/1141/1118
f 1121/1144/1121 1119/1142/1119 1118/1141/1118 1120/1143/1120
f 1120/1143/1120 1118/1141/1118 1093/1116/1093 1092/1115/1092
f 1118/1141/1118 1117/1140/1117 1094/1117/1094 1093/1116/1093
f 1117/1140/1117 1122/1145/1122 1095/1118/1095 1094/1117/1094
f 1122/1145/1122 1114/1137/1114 1096/1119/1096 1095/1118/1095
f 1115/1138/1115 1114/1137/1114 1122/1145/1122 1123/1146/1123
f 1116/1139/1116 1123/1146/1123 1122/1145/1122 1117/1140/1117
f 1124/1147/1124 1125/1148/1125 1089/1112/1089 1088/1111/1088
f 1125/1148/1125 1091/1114/1091 1090/1113/1090 1089/1112/1089
f 1120/1143/1120 1092/1115/1092 1091/1114/1091 1125/1148/1125
f 1121/1144/1121 1120/1143/1120 1125/1148/1125 1124/1147/1124
f 1126/1149/1126 1127/1150/1127 1098/1121/1098 1111/1134/1111
f 1103/1126/1103 1102/1125/1102 1127/1150/1127 1126/1149/1126
f 1104/1127/1104 1103/1126/1103 1126/1149/1126 1128/1151/1128
f 1128/1151/1128 1126/1149/1126 1111/1134/1111 1110/1133/1110
f 1129/1152/1129 1130/1153/1130 1119/1142/1119 1121/1144/1121
f 1130/1153/1130 1123/1146/1123 1116/1139/1116 1119/1142/1119
f 1113/1136/1113 1115/1138/1115 1123/1146/1123 1130/1153/1130
f 1110/1133/1110 1113/1136/1113 1130/1153/1130 1129/1152/1129
f 1131/1154/1131 1132/1155/1132 1133/1156/1133 1134/1157/1134
f 1134/1157/1134 1133/1156/1133 1135/1158/1135 1136/1159/1136
f 1133/1156/1133 1129/1152/1129 1121/1144/1121 1135/1158/1135
f 1132/1155/1132 1110/1133/1110 1129/1152/1129 1133/1156/1133
f 1137/1160/1137 1105/1128/1105 1104/1127/1104 1128/1151/1128
f 1138/1161/1138 1106/1129/1106 1105/1128/1105 1137/1160/1137
f 1131/1154/1131 1138/1161/1138 1137/1160/1137 1132/1155/1132
f 1137/1160/1137 1128/1151/1128 1110/1133/1110 1132/1155/1132
f 1142/1165/1142 1139/1162/1139 1140/1163/1140 1141/1164/1141
f 1142/1165/1142 1141/1164/1141 1143/1166/1143 1144/1167/1144
f 1141/1164/1141 1134/1157/1134 1136/1159/1136 1143/1166/1143
f 1140/1163/1140 1131/1154/1131 1134/1157/1134 1141/1164/1141
f 1145/1168/1145 1107/1130/1107 1106/1129/1106 1138/1161/1138
f 1146/1169/1146 1108/1131/1108 1107/1130/1107 1145/1168/1145
f 1139/1162/1139 1146/1169/1146 1145/1168/1145 1140/1163/1140
f 1145/1168/1145 1138/1161/1138 1131/1154/1131 1140/1163/1140
f 1054/1077/1054 1055/1078/1055 1109/1132/1109 1147/1170/1147
f 1056/1079/1056 1054/1077/1054 1147/1170/1147 1148/1171/1148
f 1148/1171/1148 1147/1170/1147 1146/1169/1146 1139/1162/1139
f 1147/1170/1147 1109/1132/1109 1108/1131/1108 1146/1169/1146
f 1057/1080/1057 1056/1079/1056 1148/1171/1148 1149/1172/1149
f 1058/1081/1058 1057/1080/1057 1149/1172/1149 1150/1173/1150
f 1150/1173/1150 1149/1172/1149 1142/1165/1142 1144/1167/1144
f 1149/1172/1149 1148/1171/1148 1139/1162/1139 1142/1165/1142
f 1152/1175/1152 1153/1176/1153 1154/1177/1154 1151/1174/1151
f 1153/1176/1153 1155/1178/1155 1156/1179/1156 1154/1177/1154
f 1061/1084/1061 1060/1083/1060 1155/1178/1155 1153/1176/1153
f 1062/1085/1062 1061/1084/1061 1153/1176/1153 1152/1175/1152
f 1059/1082/1059 1058/1081/1058 1150/1173/1150 1157/1180/1157
f 1060/1083/1060 1059/1082/1059 1157/1180/1157 1155/1178/1155
f 1155/1178/1155 1157/1180/1157 1158/1181/1158 1156/1179/1156
f 1157/1180/1157 1150/1173/1150 1144/1167/1144 1158/1181/1158
f 1162/1185/1162 1159/1182/1159 1160/1183/1160 1161/1184/1161
f 1164/1187/1164 1162/1185/1162 1161/1184/1161 1163/1186/1163
f 1163/1186/1163 1161/1184/1161 1087/1110/1087 1086/1109/1086
f 1161/1184/1161 1160/1183/1160 1088/1111/1088 1087/1110/1087
f 1160/1183/1160 1165/1188/1165 1124/1147/1124 1088/1111/1088
f 1135/1158/1135 1121/1144/1121 1124/1147/1124 1165/1188/1165
f 1136/1159/1136 1135/1158/1135 1165/1188/1165 1166/1189/1166
f 1159/1182/1159 1166/1189/1166 1165/1188/1165 1160/1183/1160
f 1170/1193/1170 1167/1190/1167 1168/1191/1168 1169/1192/1169
f 1172/1195/1172 1170/1193/1170 1169/1192/1169 1171/1194/1171
f 1171/1194/1171 1169/1192/1169 1083/1106/1083 1082/1105/1082
f 1169/1192/1169 1168/1191/1168 1084/1107/1084 1083/1106/1083
f 1168/1191/1168 1173/1196/1173 1085/1108/1085 1084/1107/1084
f 1173/1196/1173 1163/1186/1163 1086/1109/1086 1085/1108/1085
f 1174/1197/1174 1164/1187/1164 1163/1186/1163 1173/1196/1173
f 1167/1190/1167 1174/1197/1174 1173/1196/1173 1168/1191/1168
f 1143/1166/1143 1136/1159/1136 1166/1189/1166 1175/1198/1175
f 1144/1167/1144 1143/1166/1143 1175/1198/1175 1176/1199/1176
f 1176/1199/1176 1175/1198/1175 1162/1185/1162 1164/1187/1164
f 1175/1198/1175 1166/1189/1166 1159/1182/1159 1162/1185/1162
f 1158/1181/1158 1144/1167/1144 1176/1199/1176 1177/1200/1177
f 1156/1179/1156 1158/1181/1158 1177/1200/1177 1178/1201/1178
f 1178/1201/1178 1177/1200/1177 1174/1197/1174 1167/1190/1167
f 1177/1200/1177 1176/1199/1176 1164/1187/1164 1174/1197/1174
f 1179/1202/1179 1180/1203/1180 1170/1193/1170 1172/1195/1172
f 1180/1203/1180 1178/1201/1178 1167/1190/1167 1170/1193/1170
f 1154/1177/1154 1156/1179/1156 1178/1201/1178 1180/1203/1180
f 1151/1174/1151 1154/1177/1154 1180/1203/1180 1179/1202/1179
f 1182/1205/1182 1183/1206/1183 1184/1207/1184 1181/1204/1181
f 1183/1206/1183 1185/1208/1185 1186/1209/1186 1184/1207/1184
f 1065/1088/1065 1064/1087/1064 1185/1208/1185 1183/1206/1183
f 1066/1089/1066 1065/1088/1065 1183/1206/1183 1182/1205/1182
f 1063/1086/1063 1062/1085/1062 1152/1175/1152 1187/1210/1187
f 1064/1087/1064 1063/1086/1063 1187/1210/1187 1185/1208/1185
f 1185/1208/1185 1187/1210/1187 1188/1211/1188 1186/1209/1186
f 1187/1210/1187 1152/1175/1152 1151/1174/1151 1188/1211/1188
f 1067/1090/1067 1066/1089/1066 1182/1205/1182 1189/1212/1189
f 1067/1090/1067 1189/1212/1189 1190/1213/1190 1068/1091/1068
f 1190/1213/1190 1189/1212/1189 1192/1215/1192 1191/1214/1191
f 1189/1212/1189 1182/1205/1182 1181/1204/1181 1192/1215/1192
f 1186/1209/1186 1188/1211/1188 1193/1216/1193 1194/1217/1194
f 1194/1217/1194 1193/1216/1193 1195/1218/1195 1196/1219/1196
f 1193/1216/1193 1179/1202/1179 1172/1195/1172 1195/1218/1195
f 1188/1211/1188 1151/1174/1151 1179/1202/1179 1193/1216/1193
f 1198/1221/1198 1195/1218/1195 1172/1195/1172 1197/1220/1197
f 1199/1222/1199 1196/1219/1196 1195/1218/1195 1198/1221/1198
f 1199/1222/1199 1198/1221/1198 1201/1224/1201 1200/1223/1200
f 1201/1224/1201 1198/1221/1198 1197/1220/1197 1202/1225/1202
f 1203/1226/1203 1204/1227/1204 1081/1104/1081 1080/1103/1080
f 1204/1227/1204 1171/1194/1171 1082/1105/1082 1081/1104/1081
f 1197/1220/1197 1172/1195/1172 1171/1194/1171 1204/1227/1204
f 1202/1225/1202 1197/1220/1197 1204/1227/1204 1203/1226/1203
f 1205/1228/1205 1206/1229/1206 1079/1102/1079 1078/1101/1078
f 1206/1229/1206 1203/1226/1203 1080/1103/1080 1079/1102/1079
f 1201/1224/1201 1202/1225/1202 1203/1226/1203 1206/1229/1206
f 1200/1223/1200 1201/1224/1201 1206/1229/1206 1205/1228/1205
f 1074/1097/1074 1207/1230/1207 1208/1231/1208 1075/1098/1075
f 1075/1098/1075 1208/1231/1208 1077/1100/1077 1076/1099/1076
f 1208/1231/1208 1205/1228/1205 1078/1101/1078 1077/1100/1077
f 1207/1230/1207 1200/1223/1200 1205/1228/1205 1208/1231/1208
f 1070/1093/1070 1209/1232/1209 1210/1233/1210 1071/1094/1071
f 1071/1094/1071 1210/1233/1210 1073/1096/1073 1072/1095/1072
f 1073/1096/1073 1210/1233/1210 1207/1230/1207 1074/1097/1074
f 1209/1232/1209 1200/1223/1200 1207/1230/1207 1210/1233/1210
f 1068/1091/1068 1190/1213/1190 1211/1234/1211 1069/1092/1069
f 1069/1092/1069 1211/1234/1211 1209/1232/1209 1070/1093/1070
f 1211/1234/1211 1212/1235/1212 1200/1223/1200 1209/1232/1209
f 1190/1213/1190 1191/1214/1191 1212/1235/1212 1211/1234/1211
f 1191/1214/1191 1192/1215/1192 1213/1236/1213 1212/1235/1212
f 1212/1235/1212 1213/1236/1213 1199/1222/1199 1200/1223/1200
f 1213/1236/1213 1214/1237/1214 1196/1219/1196 1199/1222/1199
f 1192/1215/1192 1181/1204/1181 1214/1237/1214 1213/1236/1213
f 1214/1237/1214 1215/1238/1215 1194/1217/1194 1196/1219/1196
f 1184/1207/1184 1186/1209/1186 1194/1217/1194 1215/1238/1215
f 1181/1204/1181 1184/1207/1184 1215/1238/1215 1214/1237/1214
f 1127/1150/1127 1216/1239/1216 1099/1122/1099 1098/1121/1098
f 1216/1239/1216 1101/1124/1101 1100/1123/1100 1099/1122/1099
f 1102/1125/1102 1101/1124/1101 1216/1239/1216 1127/1150/1127
f 1217/1240/1217 1218/1241/1218 1219/1242/1219 1220/1243/1220
f 1221/1244/1221 1222/1245/1222 1218/1241/1218 1217/1240/1217
f 914/1246/914 1221/1244/1221 1217/1240/1217 916/1247/916
f 916/1247/916 1217/1240/1217 1220/1243/1220 910/1248/910
f 1223/1249/1223 1224/1250/1224 1225/1251/1225 1226/1252/1226
f 1227/1253/1227 1228/1254/1228 1224/1250/1224 1223/1249/1223
f 918/1255/918 1227/1253/1227 1223/1249/1223 920/1256/920
f 920/1256/920 1223/1249/1223 1226/1252/1226 915/1257/915
f 1229/1258/1229 1230/1259/1230 1231/1260/1231 1232/1261/1232
f 1233/1262/1233 1234/1263/1234 1230/1259/1230 1229/1258/1229
f 922/1264/922 1233/1262/1233 1229/1258/1229 924/1265/924
f 924/1265/924 1229/1258/1229 1232/1261/1232 919/1266/919
f 1235/1267/1235 1236/1268/1236 1237/1269/1237 1238/1270/1238
f 1239/1271/1239 1240/1272/1240 1236/1268/1236 1235/1267/1235
f 926/1273/926 1239/1271/1239 1235/1267/1235 928/1274/928
f 928/1274/928 1235/1267/1235 1238/1270/1238 923/1275/923
f 1241/1276/1241 1242/1277/1242 1243/1278/1243 1244/1279/1244
f 1245/1280/1245 1246/1281/1246 1242/1277/1242 1241/1276/1241
f 930/1282/930 1245/1280/1245 1241/1276/1241 932/1283/932
f 932/1283/932 1241/1276/1241 1244/1279/1244 927/1284/927
f 1247/1285/1247 1248/1286/1248 1249/1287/1249 1250/1288/1250
f 1251/1289/1251 1252/1290/1252 1248/1286/1248 1247/1285/1247
f 934/1291/934 1251/1289/1251 1247/1285/1247 936/1292/936
f 936/1292/936 1247/1285/1247 1250/1288/1250 931/1293/931
f 1253/1294/1253 1254/1295/1254 1246/1281/1246 1245/1280/1245
f 1250/1288/1250 1249/1287/1249 1254/1295/1254 1253/1294/1253
f 931/1293/931 1250/1288/1250 1253/1294/1253 929/1296/929
f 929/1296/929 1253/1294/1253 1245/1280/1245 930/1282/930
f 1255/1297/1255 1256/1298/1256 1240/1272/1240 1239/1271/1239
f 1244/1279/1244 1243/1278/1243 1256/1298/1256 1255/1297/1255
f 927/1284/927 1244/1279/1244 1255/1297/1255 925/1299/925
f 925/1299/925 1255/1297/1255 1239/1271/1239 926/1273/926
f 1257/1300/1257 1258/1301/1258 1234/1263/1234 1233/1262/1233
f 1238/1270/1238 1237/1269/1237 1258/1301/1258 1257/1300/1257
f 923/1275/923 1238/1270/1238 1257/1300/1257 921/1302/921
f 921/1302/921 1257/1300/1257 1233/1262/1233 922/1264/922
f 1259/1303/1259 1260/1304/1260 1228/1254/1228 1227/1253/1227
f 1232/1261/1232 1231/1260/1231 1260/1304/1260 1259/1303/1259
f 919/1266/919 1232/1261/1232 1259/1303/1259 917/1305/917
f 917/1305/917 1259/1303/1259 1227/1253/1227 918/1255/918
f 1261/1306/1261 1262/1307/1262 1222/1245/1222 1221/1244/1221
f 1226/1252/1226 1225/1251/1225 1262/1307/1262 1261/1306/1261
f 915/1257/915 1226/1252/1226 1261/1306/1261 913/1308/913
f 913/1308/913 1261/1306/1261 1221/1244/1221 914/1246/914
f 1248/1286/1248 1263/1309/1263 1264/1310/1264 1249/1287/1249
f 1252/1290/1252 1265/1311/1265 1263/1309/1263 1248/1286/1248
f 1254/1295/1254 1266/1312/1266 1267/1313/1267 1246/1281/1246
f 1249/1287/1249 1264/1310/1264 1266/1312/1266 1254/1295/1254
f 1242/1277/1242 1268/1314/1268 1269/1315/1269 1243/1278/1243
f 1246/1281/1246 1267/1313/1267 1268/1314/1268 1242/1277/1242
f 1256/1298/1256 1270/1316/1270 1271/1317/1271 1240/1272/1240
f 1243/1278/1243 1269/1315/1269 1270/1316/1270 1256/1298/1256
f 1236/1268/1236 1272/1318/1272 1273/1319/1273 1237/1269/1237
f 1240/1272/1240 1271/1317/1271 1272/1318/1272 1236/1268/1236
f 1258/1301/1258 1274/1320/1274 1275/1321/1275 1234/1263/1234
f 1237/1269/1237 1273/1319/1273 1274/1320/1274 1258/1301/1258
f 1230/1259/1230 1276/1322/1276 1277/1323/1277 1231/1260/1231
f 1234/1263/1234 1275/1321/1275 1276/1322/1276 1230/1259/1230
f 1260/1304/1260 1278/1324/1278 1279/1325/1279 1228/1254/1228
f 1231/1260/1231 1277/1323/1277 1278/1324/1278 1260/1304/1260
f 1224/1250/1224 1280/1326/1280 1281/1327/1281 1225/1251/1225
f 1228/1254/1228 1279/1325/1279 1280/1326/1280 1224/1250/1224
f 1262/1307/1262 1282/1328/1282 1283/1329/1283 1222/1245/1222
f 1225/1251/1225 1281/1327/1281 1282/1328/1282 1262/1307/1262
f 1218/1241/1218 1284/1330/1284 1285/1331/1285 1219/1242/1219
f 1222/1245/1222 1283/1329/1283 1284/1330/1284 1218/1241/1218
f 1263/1309/1263 1287/1333/1287 1286/1332/1286 1264/1310/1264
f 1265/1311/1265 1288/1334/1288 1287/1333/1287 1263/1309/1263
f 1266/1312/1266 1290/1336/1290 1289/1335/1289 1267/1313/1267
f 1264/1310/1264 1286/1332/1286 1290/1336/1290 1266/1312/1266
f 1268/1314/1268 1292/1338/1292 1291/1337/1291 1269/1315/1269
f 1267/1313/1267 1289/1335/1289 1292/1338/1292 1268/1314/1268
f 1270/1316/1270 1294/1340/1294 1293/1339/1293 1271/1317/1271
f 1269/1315/1269 1291/1337/1291 1294/1340/1294 1270/1316/1270
f 1272/1318/1272 1296/1342/1296 1295/1341/1295 1273/1319/1273
f 1271/1317/1271 1293/1339/1293 1296/1342/1296 1272/1318/1272
f 1274/1320/1274 1298/1344/1298 1297/1343/1297 1275/1321/1275
f 1273/1319/1273 1295/1341/1295 1298/1344/1298 1274/1320/1274
f 1276/1322/1276 1300/1346/1300 1299/1345/1299 1277/1323/1277
f 1275/1321/1275 1297/1343/1297 1300/1346/1300 1276/1322/1276
f 1278/1324/1278 1302/1348/1302 1301/1347/1301 1279/1325/1279
f 1277/1323/1277 1299/1345/1299 1302/1348/1302 1278/1324/1278
f 1280/1326/1280 1304/1350/1304 1303/1349/1303 1281/1327/1281
f 1279/1325/1279 1301/1347/1301 1304/1350/1304 1280/1326/1280
f 1282/1328/1282 1306/1352/1306 1305/1351/1305 1283/1329/1283
f 1281/1327/1281 1303/1349/1303 1306/1352/1306 1282/1328/1282
f 1284/1330/1284 1308/1354/1308 1307/1353/1307 1285/1331/1285
f 1283/1329/1283 1305/1351/1305 1308/1354/1308 1284/1330/1284
f 178/178/178 832/1355/832 831/1356/831 177/177/177
f 179/179/179 833/1357/833 832/1355/832 178/178/178
f 180/180/180 834/1358/834 833/1357/833 179/179/179
f 181/181/181 835/1359/835 834/1358/834 180/180/180
f 182/182/182 836/1360/836 835/1359/835 181/181/181
f 183/183/183 837/1361/837 836/1360/836 182/182/182
f 227/227/227 881/1362/881 837/1361/837 183/183/183
f 229/229/229 883/1363/883 882/1364/882 230/230/230
f 230/230/230 882/1364/882 885/1365/885 231/231/231
f 885/1365/885 887/1366/887 233/233/233 231/231/231
f 177/177/177 831/1356/831 883/1363/883 229/229/229
f 235/235/235 889/1367/889 888/1368/888 236/236/236
f 236/236/236 888/1368/888 891/1369/891 237/237/237
f 237/237/237 891/1369/891 893/1370/893 239/239/239
f 238/238/238 239/239/239 893/1370/893 892/1371/892
f 227/227/227 238/238/238 892/1371/892 881/1362/881
f 225/225/225 880/1372/880 889/1367/889 235/235/235
f 240/240/240 895/1373/895 894/1374/894 241/241/241
f 241/241/241 894/1374/894 896/1375/896 242/242/242
f 243/243/243 897/1376/897 880/1372/880 225/225/225
f 242/242/242 896/1375/896 897/1376/897 243/243/243
f 244/244/244 899/1377/899 898/1378/898 245/245/245
f 887/1366/887 899/1377/899 244/244/244 233/233/233
f 245/245/245 898/1378/898 900/1379/900 246/246/246
f 247/247/247 902/1380/902 901/1381/901 248/248/248
f 248/248/248 901/1381/901 903/1382/903 249/249/249
f 250/250/250 904/1383/904 902/1380/902 247/247/247
f 246/246/246 900/1379/900 904/1383/904 250/250/250
f 906/1384/906 905/1385/905 252/252/252 251/251/251
f 905/1385/905 907/1386/907 253/253/253 252/252/252
f 909/1387/909 908/1388/908 255/255/255 254/254/254
f 908/1388/908 910/1389/910 256/256/256 255/255/255
f 257/257/257 911/1390/911 906/1384/906 251/251/251
f 249/249/249 903/1382/903 911/1390/911 257/257/257
f 912/1391/912 909/1387/909 254/254/254 258/258/258
f 907/1386/907 912/1391/912 258/258/258 253/253/253
f 280/280/280 279/279/279 934/1392/934 933/1393/933
f 281/281/281 280/280/280 933/1393/933 935/1394/935
f 284/284/284 283/283/283 938/1395/938 937/1396/937
f 285/285/285 284/284/284 937/1396/937 939/1397/939
f 283/283/283 286/286/286 940/1398/940 938/1395/938
f 286/286/286 281/281/281 935/1394/935 940/1398/940
f 240/240/240 287/287/287 941/1399/941 895/1373/895
f 287/287/287 285/285/285 939/1397/939 941/1399/941
f 1220/1400/1220 1219/1401/1219 563/563/563 566/566/566
f 910/1402/910 1220/1400/1220 566/566/566 256/571/256
f 598/613/598 597/612/597 1252/1403/1252 1251/1404/1251
f 279/614/279 598/613/598 1251/1404/1251 934/1405/934
f 1252/1403/1252 597/612/597 611/634/611 1265/1406/1265
f 1219/1401/1219 1285/1407/1285 630/653/630 563/563/563
f 1287/1409/1287 633/656/633 632/655/632 1286/1408/1286
f 1288/1410/1288 634/657/634 633/656/633 1287/1409/1287
f 1265/1406/1265 611/634/611 634/657/634 1288/1410/1288
f 1290/1412/1290 636/659/636 635/658/635 1289/1411/1289
f 1286/1408/1286 632/655/632 636/659/636 1290/1412/1290
f 1292/1414/1292 638/661/638 637/660/637 1291/1413/1291
f 1289/1411/1289 635/658/635 638/661/638 1292/1414/1292
f 1294/1416/1294 640/663/640 639/662/639 1293/1415/1293
f 1291/1413/1291 637/660/637 640/663/640 1294/1416/1294
f 1296/1418/1296 642/665/642 641/664/641 1295/1417/1295
f 1293/1415/1293 639/662/639 642/665/642 1296/1418/1296
f 1298/1420/1298 644/667/644 643/666/643 1297/1419/1297
f 1295/1417/1295 641/664/641 644/667/644 1298/1420/1298
f 1300/1422/1300 646/669/646 645/668/645 1299/1421/1299
f 1297/1419/1297 643/666/643 646/669/646 1300/1422/1300
f 1302/1424/1302 648/671/648 647/670/647 1301/1423/1301
f 1299/1421/1299 645/668/645 648/671/648 1302/1424/1302
f 1304/1426/1304 650/673/650 649/672/649 1303/1425/1303
f 1301/1423/1301 647/670/647 650/673/650 1304/1426/1304
f 1306/1428/1306 652/675/652 651/674/651 1305/1427/1305
f 1303/1425/1303 649/672/649 652/675/652 1306/1428/1306
f 1285/1407/1285 1307/1429/1307 653/676/653 630/653/630
f 1307/1429/1307 1308/1430/1308 654/677/654 653/676/653
f 1308/1430/1308 1305/1427/1305 651/674/651 654/677/654
f 1310/1432/1310 1311/1433/1311 1312/1434/1312 1309/1431/1309
f 1315/1437/1315 1316/1438/1316 1313/1435/1313 1314/1436/1314
f 1311/1433/1311 1315/1437/1315 1314/1436/1314 1312/1434/1312
f 1316/1440/1316 1310/1432/1310 1309/1431/1309 1313/1439/1313
f 1317/1441/1317 1318/1442/1318 1311/1433/1311 1310/1432/1310
f 1319/1443/1319 1320/1444/1320 1316/1438/1316 1315/1437/1315
f 1318/1442/1318 1319/1443/1319 1315/1437/1315 1311/1433/1311
f 1320/1445/1320 1317/1441/1317 1310/1432/1310 1316/1440/1316
f 1321/1446/1321 1322/1447/1322 1318/1442/1318 1317/1441/1317
f 1323/1448/1323 1324/1449/1324 1320/1444/1320 1319/1443/1319
f 1322/1447/1322 1323/1448/1323 1319/1443/1319 1318/1442/1318
f 1324/1450/1324 1321/1446/1321 1317/1441/1317 1320/1445/1320
f 1309/1431/1309 1312/1434/1312 1325/1451/1325 1326/1452/1326
f 1314/1436/1314 1313/1435/1313 1327/1453/1327 1328/1454/1328
f 1312/1434/1312 1314/1436/1314 1328/1454/1328 1325/1451/1325
f 1313/1439/1313 1309/1431/1309 1326/1452/1326 1327/1455/1327
f 1326/1452/1326 1325/1451/1325 1329/1456/1329 1330/1457/1330
f 1328/1454/1328 1327/1453/1327 1331/1458/1331 1332/1459/1332
f 1325/1451/1325 1328/1454/1328 1332/1459/1332 1329/1456/1329
f 1327/1455/1327 1326/1452/1326 1330/1457/1330 1331/1460/1331
f 1333/1461/1333 1334/1462/1334 1322/1447/1322 1321/1446/1321
f 1335/1463/1335 1336/1464/1336 1324/1449/1324 1323/1448/1323
f 1334/1462/1334 1335/1463/1335 1323/1448/1323 1322/1447/1322
f 1336/1465/1336 1333/1461/1333 1321/1446/1321 1324/1450/1324
f 1337/1466/1337 1338/1467/1338 1334/1462/1334 1333/1461/1333
f 1339/1468/1339 1340/1469/1340 1336/1464/1336 1335/1463/1335
f 1338/1467/1338 1339/1468/1339 1335/1463/1335 1334/1462/1334
f 1340/1470/1340 1337/1466/1337 1333/1461/1333 1336/1465/1336
f 1341/1471/1341 1342/1472/1342 1338/1467/1338 1337/1466/1337
f 1343/1473/1343 1344/1474/1344 1340/1469/1340 1339/1468/1339
f 1342/1472/1342 1343/1473/1343 1339/1468/1339 1338/1467/1338
f 1344/1475/1344 1341/1471/1341 1337/1466/1337 1340/1470/1340
f 1345/1476/1345 1346/1477/1346 1342/1472/1342 1341/1471/1341
f 1347/1478/1347 1348/1479/1348 1344/1474/1344 1343/1473/1343
f 1346/1477/1346 1347/1478/1347 1343/1473/1343 1342/1472/1342
f 1348/1479/1348 1345/1476/1345 1341/1471/1341 1344/1475/1344
f 1345/1476/1345 1348/1479/1348 1347/1478/1347 1346/1477/1346
f 1350/1481/1350 1351/1482/1351 1352/1483/1352 1349/1480/1349
f 1355/1486/1355 1356/1487/1356 1353/1484/1353 1354/1485/1354
f 1351/1482/1351 1355/1488/1355 1354/1489/1354 1352/1483/1352
f 1356/1487/1356 1350/1481/1350 1349/1480/1349 1353/1484/1353
f 1349/1480/1349 1352/1483/1352 1357/1490/1357 1358/1491/1358
f 1354/1485/1354 1353/1484/1353 1359/1492/1359 1360/1493/1360
f 1352/1483/1352 1354/1489/1354 1360/1494/1360 1357/1490/1357
f 1353/1484/1353 1349/1480/1349 1358/1491/1358 1359/1492/1359
f 1358/1491/1358 1357/1490/1357 1361/1495/1361 1362/1496/1362
f 1360/1493/1360 1359/1492/1359 1363/1497/1363 1364/1498/1364
f 1357/1490/1357 1360/1494/1360 1364/1499/1364 1361/1495/1361
f 1359/1492/1359 1358/1491/1358 1362/1496/1362 1363/1497/1363
f 1362/1496/1362 1361/1495/1361 1365/1500/1365 1366/1501/1366
f 1364/1498/1364 1363/1497/1363 1367/1502/1367 1368/1503/1368
f 1361/1495/1361 1364/1499/1364 1368/1504/1368 1365/1500/1365
f 1363/1497/1363 1362/1496/1362 1366/1501/1366 1367/1502/1367
f 1366/1501/1366 1365/1500/1365 1369/1505/1369 1370/1506/1370
f 1368/1503/1368 1367/1502/1367 1371/1507/1371 1372/1508/1372
f 1365/1500/1365 1368/1504/1368 1372/1509/1372 1369/1505/1369
f 1367/1502/1367 1366/1501/1366 1370/1506/1370 1371/1507/1371
f 1374/1511/1374 1375/1512/1375 1376/1513/1376 1373/1510/1373
f 1377/1514/1377 1378/1515/1378 1351/1482/1351 1350/1481/1350
f 1379/1516/1379 1380/1517/1380 1356/1487/1356 1355/1486/1355
f 1378/1515/1378 1379/1518/1379 1355/1488/1355 1351/1482/1351
f 1380/1517/1380 1377/1514/1377 1350/1481/1350 1356/1487/1356
f 1381/1519/1381 1382/1520/1382 1378/1515/1378 1377/1514/1377
f 1383/1521/1383 1384/1522/1384 1380/1517/1380 1379/1516/1379
f 1382/1520/1382 1383/1523/1383 1379/1518/1379 1378/1515/1378
f 1384/1522/1384 1381/1519/1381 1377/1514/1377 1380/1517/1380
f 1375/1512/1375 1370/1506/1370 1369/1505/1369 1376/1513/1376
f 1372/1508/1372 1371/1507/1371 1374/1511/1374 1373/1510/1373
f 1369/1505/1369 1372/1509/1372 1373/1510/1373 1376/1513/1376
f 1371/1507/1371 1370/1506/1370 1375/1512/1375 1374/1511/1374

# Mesh
g Plane002
usemtl DefaultMaterial
f 1387/1526/1387 1388/1527/1388 1385/1524/1385 1386/1525/1386
f 1388/1527/1388 1389/1528/1389 1390/1529/1390 1385/1524/1385
f 1389/1528/1389 1391/1530/1391 1392/1531/1392 1390/1529/1390
f 1391/1530/1391 1393/1532/1393 1394/1533/1394 1392/1531/1392
f 1396/1535/1396 1392/1531/1392 1394/1533/1394 1395/1534/1395
f 1398/1537/1398 1396/1535/1396 1395/1534/1395 1397/1536/1397
f 1399/1538/1399 1387/1526/1387 1386/1525/1386 1400/1539/1400
f 1399/1538/1399 1400/1539/1400 1398/1537/1398 1401/1540/1401
f 1403/1542/1403 1399/1538/1399 1401/1540/1401 1402/1541/1402
f 1404/1543/1404 1405/1544/1405 1406/1545/1406 1407/1546/1407
f 1402/1541/1402 1401/1540/1401 1406/1545/1406 1405/1544/1405
f 1406/1545/1406 1401/1540/1401 1408/1547/1408 1409/1548/1409
f 1401/1540/1401 1398/1537/1398 1397/1536/1397 1408/1547/1408
f 1408/1547/1408 1410/1549/1410 1411/1550/1411 1409/1548/1409
f 1413/1552/1413 1409/1548/1409 1411/1550/1411 1412/1551/1412
f 1411/1550/1411 1410/1549/1410 1414/1553/1414 1415/1554/1415
f 1410/1549/1410 1416/1555/1416 1417/1556/1417 1414/1553/1414
f 1414/1553/1414 1418/1557/1418 1419/1558/1419 1415/1554/1415
f 1418/1557/1418 1421/1560/1421 1420/1559/1420 1419/1558/1419
f 1424/1563/1424 1425/1564/1425 1422/1561/1422 1423/1562/1423
f 1416/1555/1416 1426/1565/1426 1427/1566/1427 1417/1556/1417
f 1426/1565/1426 1429/1568/1429 1428/1567/1428 1427/1566/1427
f 1431/1570/1431 1429/1568/1429 1426/1565/1426 1430/1569/1430
f 1427/1566/1427 1428/1567/1428 1432/1571/1432 1433/1572/1433
f 1428/1567/1428 1435/1574/1435 1434/1573/1434 1432/1571/1432
f 1435/1574/1435 1437/1576/1437 1436/1575/1436 1434/1573/1434
f 1437/1576/1437 1438/1577/1438 1439/1578/1439 1436/1575/1436
f 1434/1573/1434 1436/1575/1436 1440/1579/1440 1441/1580/1441
f 1443/1582/1443 1441/1580/1441 1440/1579/1440 1442/1581/1442
f 1445/1584/1445 1443/1582/1443 1442/1581/1442 1444/1583/1444
f 1447/1586/1447 1445/1584/1445 1444/1583/1444 1446/1585/1446
f 1432/1571/1432 1448/1587/1448 1449/1588/1449 1433/1572/1433
f 1448/1587/1448 1450/1589/1450 1451/1590/1451 1449/1588/1449
f 1450/1589/1450 1447/1586/1447 1446/1585/1446 1451/1590/1451
f 1452/1591/1452 1453/1592/1453 1437/1576/1437 1435/1574/1435
f 1455/1594/1455 1454/1593/1454 1453/1592/1453 1452/1591/1452
f 1454/1593/1454 1457/1596/1457 1456/1595/1456 1453/1592/1453
f 1459/1598/1459 1458/1597/1458 1454/1593/1454 1455/1594/1455
f 1460/1599/1460 1458/1597/1458 1459/1598/1459 1461/1600/1461
f 1462/1601/1462 1460/1599/1460 1461/1600/1461 1463/1602/1463
f 1464/1603/1464 1462/1601/1462 1463/1602/1463 1465/1604/1465
f 1393/1532/1393 1431/1570/1431 1430/1569/1430 1394/1533/1394
f 1431/1570/1431 1455/1594/1455 1452/1591/1452 1429/1568/1429
f 1468/1607/1468 1469/1608/1469 1466/1605/1466 1467/1606/1467
f 1467/1606/1467 1466/1605/1466 1470/1609/1470 1471/1610/1471
f 1472/1611/1472 1473/1612/1473 1474/1613/1474 1475/1614/1475
f 1471/1610/1471 1470/1609/1470 1476/1615/1476 1477/1616/1477
f 1475/1614/1475 1474/1613/1474 1478/1617/1478 1479/1618/1479
f 1479/1618/1479 1478/1617/1478 1480/1619/1480 1481/1620/1481
f 1482/1621/1482 1483/1622/1483 1484/1623/1484 1485/1624/1485
f 1486/1625/1486 1487/1626/1487 1483/1622/1483 1482/1621/1482
f 1488/1627/1488 1489/1628/1489 1490/1629/1490 1491/1630/1491
f 1491/1630/1491 1490/1629/1490 1492/1631/1492 1493/1632/1493
f 1496/1635/1496 1497/1636/1497 1494/1633/1494 1495/1634/1495
f 1500/1639/1500 1501/1640/1501 1498/1637/1498 1499/1638/1499
f 1499/1638/1499 1498/1637/1498 1502/1641/1502 1503/1642/1503
f 1493/1632/1493 1492/1631/1492 1504/1643/1504 1505/1644/1505
f 1503/1642/1503 1502/1641/1502 1506/1645/1506 1507/1646/1507
f 1507/1646/1507 1506/1645/1506 1508/1647/1508 1509/1648/1509
f 1510/1649/1510 1511/1650/1511 1512/1651/1512 1513/1652/1513
f 1516/1655/1516 1517/1656/1517 1514/1653/1514 1515/1654/1515
f 1518/1657/1518 1519/1658/1519 1520/1659/1520 1521/1660/1521
f 1524/1663/1524 1525/1664/1525 1522/1661/1522 1523/1662/1523
f 1515/1654/1515 1514/1653/1514 1526/1665/1526 1527/1666/1527
f 1530/1669/1530 1531/1670/1531 1532/1671/1532 1528/1667/1528 1529/1668/1529
f 1533/1672/1533 1534/1673/1534 1535/1674/1535 1536/1675/1536
f 1537/1676/1537 1538/1677/1538 1534/1673/1534 1533/1672/1533
f 1531/1670/1531 1530/1669/1530 1539/1678/1539 1540/1679/1540
f 1541/1680/1541 1542/1681/1542 1543/1682/1543 1544/1683/1544
f 1544/1683/1544 1543/1682/1543 1545/1684/1545 1546/1685/1546
f 1547/1686/1547 1548/1687/1548 1549/1688/1549 1550/1689/1550
f 1529/1668/1529 1528/1667/1528 1551/1690/1551 1552/1691/1552
f 1555/1694/1555 1556/1695/1556 1553/1692/1553 1554/1693/1554
f 1552/1691/1552 1551/1690/1551 1557/1696/1557 1558/1697/1558
f 1558/1697/1558 1557/1696/1557 1559/1698/1559 1560/1699/1560 1561/1700/1561
f 1562/1701/1562 1563/1702/1563 1538/1677/1538 1537/1676/1537
f 1564/1703/1564 1565/1704/1565 1566/1705/1566 1567/1706/1567
f 1568/1707/1568 1569/1708/1569 1565/1709/1565 1564/1710/1564
f 1572/1713/1572 1573/1714/1573 1570/1711/1570 1571/1712/1571
f 1574/1715/1574 1575/1716/1575 1573/1714/1573 1572/1713/1572
f 1577/1718/1577 1578/1719/1578 1579/1720/1579 1576/1717/1576
f 1580/1721/1580 1577/1718/1577 1576/1717/1576 1581/1722/1581
f 1582/1723/1582 1580/1721/1580 1581/1722/1581 1583/1724/1583
f 1584/1725/1584 1582/1723/1582 1583/1724/1583 1585/1726/1585
f 1583/1724/1583 1587/1728/1587 1586/1727/1586 1585/1726/1585
f 1587/1728/1587 1589/1730/1589 1588/1729/1588 1586/1727/1586
f 1578/1719/1578 1590/1731/1590 1591/1732/1591 1579/1720/1579
f 1591/1732/1591 1590/1731/1590 1592/1733/1592 1589/1730/1589
f 1590/1731/1590 1594/1735/1594 1593/1734/1593 1592/1733/1592
f 1596/1737/1596 1597/1738/1597 1598/1739/1598 1595/1736/1595
f 1592/1733/1592 1593/1734/1593 1596/1737/1596 1595/1736/1595
f 1592/1733/1592 1595/1736/1595 1600/1741/1600 1599/1740/1599
f 1589/1730/1589 1592/1733/1592 1599/1740/1599 1588/1729/1588
f 1601/1742/1601 1599/1740/1599 1600/1741/1600 1602/1743/1602
f 1600/1741/1600 1604/1745/1604 1603/1744/1603 1602/1743/1602
f 1601/1742/1601 1602/1743/1602 1606/1747/1606 1605/1746/1605
f 1607/1748/1607 1601/1742/1601 1605/1746/1605 1608/1749/1608
f 1609/1750/1609 1605/1746/1605 1606/1747/1606 1610/1751/1610
f 1612/1753/1612 1609/1750/1609 1610/1751/1610 1611/1752/1611
f 1616/1757/1616 1613/1754/1613 1614/1755/1614 1615/1756/1615
f 1617/1758/1617 1607/1748/1607 1608/1749/1608 1618/1759/1618
f 1620/1761/1620 1617/1758/1617 1618/1759/1618 1619/1760/1619
f 1620/1761/1620 1621/1762/1621 1622/1763/1622 1617/1758/1617
f 1619/1760/1619 1618/1759/1618 1624/1765/1624 1623/1764/1623
f 1626/1767/1626 1619/1760/1619 1623/1764/1623 1625/1766/1625
f 1628/1769/1628 1626/1767/1626 1625/1766/1625 1627/1768/1627
f 1629/1770/1629 1628/1769/1628 1627/1768/1627 1630/1771/1630
f 1627/1768/1627 1625/1766/1625 1632/1773/1632 1631/1772/1631
f 1632/1773/1632 1634/1775/1634 1633/1774/1633 1631/1772/1631
f 1634/1775/1634 1636/1777/1636 1635/1776/1635 1633/1774/1633
f 1636/1777/1636 1638/1779/1638 1637/1778/1637 1635/1776/1635
f 1639/1780/1639 1623/1764/1623 1624/1765/1624 1640/1781/1640
f 1641/1782/1641 1639/1780/1639 1640/1781/1640 1642/1783/1642
f 1638/1779/1638 1641/1782/1641 1642/1783/1642 1637/1778/1637
f 1644/1785/1644 1643/1784/1643 1626/1767/1626 1628/1769/1628
f 1645/1786/1645 1646/1787/1646 1643/1784/1643 1644/1785/1644
f 1648/1789/1648 1645/1786/1645 1644/1785/1644 1647/1788/1647
f 1649/1790/1649 1650/1791/1650 1646/1787/1646 1645/1786/1645
f 1649/1790/1649 1651/1792/1651 1652/1793/1652 1650/1791/1650
f 1651/1792/1651 1653/1794/1653 1654/1795/1654 1652/1793/1652
f 1653/1794/1653 1655/1796/1655 1656/1797/1656 1654/1795/1654
f 1621/1762/1621 1584/1725/1584 1585/1726/1585 1622/1763/1622
f 1646/1787/1646 1621/1762/1621 1620/1761/1620 1643/1784/1643
f 1473/1612/1473 1472/1611/1472 1657/1798/1657 1658/1799/1658
f 1477/1801/1477 1476/1800/1476 1485/1624/1485 1484/1623/1484
f 1662/1805/1662 1659/1802/1659 1660/1803/1660 1661/1804/1661
f 1489/1628/1489 1488/1627/1488 1659/1802/1659 1662/1805/1662
f 1658/1799/1658 1657/1798/1657 1663/1806/1663 1664/1807/1664
f 1469/1608/1469 1468/1607/1468 1487/1626/1487 1486/1625/1486
f 1668/1811/1668 1665/1808/1665 1666/1809/1666 1667/1810/1667
f 1664/1807/1664 1663/1806/1663 1665/1808/1665 1668/1811/1668
f 1672/1815/1672 1669/1812/1669 1670/1813/1670 1671/1814/1671
f 1674/1817/1674 1673/1816/1673 1669/1812/1669 1672/1815/1672
f 1671/1814/1671 1670/1813/1670 1675/1818/1675 1676/1819/1676
f 1667/1810/1667 1666/1809/1666 1673/1816/1673 1674/1817/1674
f 1676/1819/1676 1675/1818/1675 1497/1636/1497 1496/1635/1496
f 1495/1634/1495 1494/1633/1494 1501/1640/1501 1500/1639/1500
f 1517/1656/1517 1516/1655/1516 1678/1821/1678 1677/1820/1677
f 1677/1820/1677 1678/1821/1678 1511/1650/1511 1510/1649/1510
f 1680/1823/1680 1681/1824/1681 1682/1825/1682 1679/1822/1679
f 1684/1827/1684 1683/1826/1683 1679/1822/1679 1682/1825/1682
f 1685/1828/1685 1686/1829/1686 1681/1824/1681 1680/1823/1680
f 1523/1662/1523 1522/1661/1522 1505/1830/1505 1504/1831/1504
f 1481/1620/1481 1480/1619/1480 1688/1833/1688 1687/1832/1687
f 1690/1835/1690 1689/1834/1689 1521/1660/1521 1520/1659/1520
f 1536/1675/1536 1535/1674/1535 1542/1681/1542 1541/1680/1541
f 1540/1837/1540 1539/1836/1539 1550/1689/1550 1549/1688/1549
f 1546/1685/1546 1545/1684/1545 1692/1839/1692 1691/1838/1691
f 1561/1700/1561 1560/1699/1560 1548/1687/1548 1547/1686/1547
f 1691/1838/1691 1692/1839/1692 1694/1841/1694 1693/1840/1693
f 1527/1666/1527 1526/1665/1526 1556/1695/1556 1555/1694/1555
f 1528/1667/1528 1532/1671/1532 1695/1842/1695 1551/1690/1696
f 1551/1690/1696 1695/1842/1695 1559/1698/1559 1557/1696/1557
f 1554/1693/1554 1553/1692/1553 1693/1840/1693 1694/1841/1694
f 1697/1844/1698 1696/1843/1697 1689/1834/1689 1690/1835/1690
f 1563/1702/1563 1562/1701/1562 1567/1706/1567 1566/1705/1566
f 1698/1845/1699 1699/1846/1700 1569/1708/1569 1568/1707/1568
f 1703/1850/1704 1700/1847/1701 1701/1848/1702 1702/1849/1703
f 1704/1851/1705 1705/1852/1706 1699/1846/1700 1698/1845/1699
f 1571/1712/1571 1570/1711/1570 1700/1847/1701 1703/1850/1704
f 1706/1853/1707 1707/1854/1708 1705/1852/1706 1704/1851/1705
f 1709/1856/1710 1708/1855/1709 1575/1716/1575 1574/1715/1574
f 1708/1855/1709 1709/1856/1710 1707/1854/1708 1706/1853/1707
f 1661/1804/1661 1660/1803/1660 1525/1664/1525 1524/1663/1524
f 1711/1858/1712 1710/1857/1711 1687/1832/1687 1688/1833/1688
f 1519/1658/1519 1518/1657/1518 1696/1859/1697 1697/1860/1698
f 1421/1560/1421 1424/1563/1424 1423/1562/1423 1420/1559/1420
f 1509/1648/1509 1508/1647/1508 1683/1826/1683 1684/1827/1684
f 1613/1754/1613 1612/1753/1612 1611/1752/1611 1614/1755/1614
f 1513/1652/1513 1512/1651/1512 1686/1829/1686 1685/1828/1685
f 1386/1525/1386 1385/1524/1385 1466/1861/1466 1469/1862/1469
f 1657/1863/1657 1472/1864/1472 1388/1527/1388 1387/1526/1387
f 1466/1861/1466 1385/1524/1385 1390/1529/1390 1470/1865/1470
f 1472/1864/1472 1475/1866/1475 1389/1528/1389 1388/1527/1388
f 1470/1865/1470 1390/1529/1390 1392/1531/1392 1476/1867/1476
f 1389/1528/1389 1475/1866/1475 1479/1868/1479 1391/1530/1391
f 1391/1530/1391 1479/1868/1479 1481/1869/1481 1393/1532/1393
f 1485/1870/1485 1476/1867/1476 1392/1531/1392 1396/1535/1396
f 1395/1534/1395 1394/1533/1394 1660/1871/1660 1659/1872/1659
f 1482/1873/1482 1485/1870/1485 1396/1535/1396 1398/1537/1398
f 1397/1536/1397 1395/1534/1395 1659/1872/1659 1488/1874/1488
f 1657/1863/1657 1387/1526/1387 1399/1538/1399 1663/1875/1663
f 1386/1525/1386 1469/1862/1469 1486/1876/1486 1400/1539/1400
f 1400/1539/1400 1486/1876/1486 1482/1873/1482 1398/1537/1398
f 1665/1878/1665 1403/1542/1403 1402/1541/1402 1666/1877/1666
f 1663/1875/1663 1399/1538/1399 1403/1542/1403 1665/1878/1665
f 1669/1880/1669 1404/1543/1404 1407/1546/1407 1670/1879/1670
f 1669/1880/1669 1673/1881/1673 1405/1544/1405 1404/1543/1404
f 1407/1546/1407 1406/1545/1406 1675/1882/1675 1670/1879/1670
f 1666/1877/1666 1402/1541/1402 1405/1544/1405 1673/1881/1673
f 1675/1882/1675 1406/1545/1406 1409/1548/1409 1497/1883/1497
f 1408/1547/1408 1397/1536/1397 1488/1874/1488 1491/1884/1491
f 1408/1547/1408 1491/1884/1491 1493/1885/1493 1410/1549/1410
f 1494/1887/1494 1413/1552/1413 1412/1551/1412 1501/1886/1501
f 1494/1887/1494 1497/1883/1497 1409/1548/1409 1413/1552/1413
f 1412/1551/1412 1411/1550/1411 1498/1888/1498 1501/1886/1501
f 1498/1888/1498 1411/1550/1411 1415/1554/1415 1502/1889/1502
f 1414/1553/1414 1417/1556/1417 1517/1890/1517 1677/1891/1677
f 1493/1885/1493 1505/1892/1505 1416/1555/1416 1410/1549/1410
f 1502/1889/1502 1415/1554/1415 1419/1558/1419 1506/1893/1506
f 1414/1553/1414 1677/1891/1677 1510/1894/1510 1418/1557/1418
f 1506/1893/1506 1419/1558/1419 1420/1559/1420 1508/1895/1508
f 1418/1557/1418 1510/1894/1510 1513/1896/1513 1421/1560/1421
f 1425/1564/1425 1680/1897/1680 1679/1898/1679 1422/1561/1422
f 1683/1899/1683 1423/1562/1423 1422/1561/1422 1679/1898/1679
f 1685/1900/1685 1680/1897/1680 1425/1564/1425 1424/1563/1424
f 1417/1556/1417 1427/1566/1427 1514/1901/1514 1517/1890/1517
f 1505/1892/1505 1522/1902/1522 1426/1565/1426 1416/1555/1416
f 1429/1568/1429 1518/1903/1518 1521/1904/1521 1428/1567/1428
f 1525/1905/1525 1430/1569/1430 1426/1565/1426 1522/1902/1522
f 1514/1901/1514 1427/1566/1427 1433/1572/1433 1526/1906/1526
f 1432/1571/1432 1434/1573/1434 1530/1907/1530 1529/1908/1529
f 1521/1904/1521 1689/1909/1689 1435/1574/1435 1428/1567/1428
f 1438/1577/1438 1533/1910/1533 1536/1911/1536 1439/1578/1439
f 1436/1575/1436 1439/1578/1439 1536/1911/1536 1541/1912/1541
f 1537/1913/1537 1533/1910/1533 1438/1577/1438 1437/1576/1437
f 1530/1907/1530 1434/1573/1434 1441/1580/1441 1539/1914/1539
f 1436/1575/1436 1541/1912/1541 1544/1915/1544 1440/1579/1440
f 1539/1914/1539 1441/1580/1441 1443/1582/1443 1550/1916/1550
f 1440/1579/1440 1544/1915/1544 1546/1917/1546 1442/1581/1442
f 1547/1918/1547 1550/1916/1550 1443/1582/1443 1445/1584/1445
f 1442/1581/1442 1546/1917/1546 1691/1919/1691 1444/1583/1444
f 1561/1920/1561 1547/1918/1547 1445/1584/1445 1447/1586/1447
f 1446/1585/1446 1444/1583/1444 1691/1919/1691 1693/1921/1693
f 1526/1906/1526 1433/1572/1433 1449/1588/1449 1556/1922/1556
f 1432/1571/1432 1529/1908/1529 1552/1923/1552 1448/1587/1448
f 1556/1922/1556 1449/1588/1449 1451/1590/1451 1553/1924/1553
f 1552/1923/1552 1558/1925/1558 1450/1589/1450 1448/1587/1448
f 1558/1925/1558 1561/1920/1561 1447/1586/1447 1450/1589/1450
f 1451/1590/1451 1446/1585/1446 1693/1921/1693 1553/1924/1553
f 1453/1592/1453 1562/1926/1562 1537/1913/1537 1437/1576/1437
f 1696/1927/1697 1452/1591/1452 1435/1574/1435 1689/1909/1689
f 1457/1596/1457 1564/1928/1564 1567/1929/1567 1456/1595/1456
f 1453/1592/1453 1456/1595/1456 1567/1929/1567 1562/1926/1562
f 1568/1930/1568 1564/1928/1564 1457/1596/1457 1454/1593/1454
f 1458/1597/1458 1698/1931/1699 1568/1930/1568 1454/1593/1454
f 1700/1932/1701 1459/1598/1459 1455/1594/1455 1712/1933/1713 1701/1934/1702
f 1460/1599/1460 1704/1935/1705 1698/1931/1699 1458/1597/1458
f 1461/1600/1461 1459/1598/1459 1700/1932/1701 1570/1936/1570
f 1462/1601/1462 1706/1937/1707 1704/1935/1705 1460/1599/1460
f 1463/1602/1463 1461/1600/1461 1570/1936/1570 1573/1938/1573
f 1708/1940/1709 1464/1603/1464 1465/1604/1465 1575/1939/1575
f 1708/1940/1709 1706/1937/1707 1462/1601/1462 1464/1603/1464
f 1465/1604/1465 1463/1602/1463 1573/1938/1573 1575/1939/1575
f 1660/1871/1660 1394/1533/1394 1430/1569/1430 1525/1905/1525
f 1393/1532/1393 1481/1869/1481 1687/1941/1687 1431/1570/1431
f 1687/1941/1687 1710/1942/1711 1712/1933/1713 1455/1594/1455 1431/1570/1431
f 1429/1568/1429 1452/1591/1452 1696/1927/1697 1518/1903/1518
f 1421/1560/1421 1513/1896/1513 1685/1900/1685 1424/1563/1424
f 1508/1895/1508 1420/1559/1420 1423/1562/1423 1683/1899/1683
f 1702/1943/1703 1711/1944/1712 1646/1787/1646
f 1701/1934/1702 1712/1933/1713 1710/1942/1711
f 1576/1717/1576 1579/1720/1579 1468/1945/1468 1467/1946/1467
f 1576/1717/1576 1467/1946/1467 1471/1947/1471 1581/1722/1581
f 1474/1948/1474 1473/1949/1473 1577/1718/1577 1580/1721/1580
f 1581/1722/1581 1471/1947/1471 1477/1950/1477 1583/1724/1583
f 1474/1948/1474 1580/1721/1580 1582/1723/1582 1478/1951/1478
f 1478/1951/1478 1582/1723/1582 1584/1725/1584 1480/1952/1480
f 1484/1953/1484 1483/1954/1483 1589/1730/1589 1587/1728/1587
f 1487/1955/1487 1591/1732/1591 1589/1730/1589 1483/1954/1483
f 1588/1729/1588 1599/1740/1599 1490/1956/1490 1489/1957/1489
f 1490/1956/1490 1599/1740/1599 1601/1742/1601 1492/1958/1492
f 1496/1959/1496 1495/1960/1495 1604/1745/1604 1600/1741/1600
f 1602/1743/1602 1603/1744/1603 1500/1961/1500 1499/1962/1499
f 1602/1743/1602 1499/1962/1499 1503/1963/1503 1606/1747/1606
f 1504/1964/1504 1492/1958/1492 1601/1742/1601 1607/1748/1607
f 1606/1747/1606 1503/1963/1503 1507/1965/1507 1610/1751/1610
f 1610/1751/1610 1507/1965/1507 1509/1966/1509 1611/1752/1611
f 1511/1968/1511 1609/1750/1609 1612/1753/1612 1512/1967/1512
f 1618/1759/1618 1608/1749/1608 1516/1969/1516 1515/1970/1515
f 1519/1972/1519 1620/1761/1620 1619/1760/1619 1520/1971/1520
f 1622/1763/1622 1524/1973/1524 1523/1974/1523 1617/1758/1617
f 1618/1759/1618 1515/1970/1515 1527/1975/1527 1624/1765/1624
f 1625/1766/1625 1623/1764/1623 1532/1976/1532 1531/1977/1531
f 1534/1979/1534 1629/1770/1629 1630/1771/1630 1535/1978/1535
f 1534/1979/1534 1538/1980/1538 1628/1769/1628 1629/1770/1629
f 1625/1766/1625 1531/1977/1531 1540/1981/1540 1632/1773/1632
f 1542/1983/1542 1627/1768/1627 1631/1772/1631 1543/1982/1543
f 1543/1982/1543 1631/1772/1631 1633/1774/1633 1545/1984/1545
f 1549/1985/1549 1548/1986/1548 1636/1777/1636 1634/1775/1634
f 1640/1781/1640 1555/1987/1555 1554/1988/1554 1642/1783/1642
f 1560/1989/1560 1559/1990/1559 1641/1782/1641 1638/1779/1638
f 1563/1991/1563 1644/1785/1644 1628/1769/1628 1538/1980/1538
f 1565/1993/1565 1648/1789/1648 1647/1788/1647 1566/1992/1566
f 1565/1993/1565 1569/1994/1569 1645/1786/1645 1648/1789/1648
f 1652/1793/1652 1654/1795/1654 1572/1995/1572 1571/1996/1571
f 1654/1795/1654 1656/1797/1656 1574/1997/1574 1572/1995/1572
f 1473/1949/1473 1658/1998/1658 1578/1719/1578 1577/1718/1577
f 1585/1726/1585 1586/1727/1586 1662/1999/1662 1661/2000/1661
f 1477/1950/1477 1484/1953/1484 1587/1728/1587 1583/1724/1583
f 1586/1727/1586 1588/1729/1588 1489/1957/1489 1662/1999/1662
f 1468/1945/1468 1579/1720/1579 1591/1732/1591 1487/1955/1487
f 1578/1719/1578 1658/1998/1658 1664/2001/1664 1590/1731/1590
f 1590/1731/1590 1664/2001/1664 1668/2002/1668 1594/1735/1594
f 1594/1735/1594 1668/2002/1668 1667/2003/1667 1593/1734/1593
f 1595/1736/1595 1598/1739/1598 1671/2004/1671 1676/2005/1676
f 1674/2006/1674 1672/2007/1672 1597/1738/1597 1596/1737/1596
f 1597/1738/1597 1672/2007/1672 1671/2004/1671 1598/1739/1598
f 1593/1734/1593 1667/2003/1667 1674/2006/1674 1596/1737/1596
f 1595/1736/1595 1676/2005/1676 1496/1959/1496 1600/1741/1600
f 1604/1745/1604 1495/1960/1495 1500/1961/1500 1603/1744/1603
f 1608/1749/1608 1605/1746/1605 1678/2008/1678 1516/1969/1516
f 1678/2008/1678 1605/1746/1605 1609/1750/1609 1511/1968/1511
f 1681/2009/1681 1686/2010/1686 1613/1754/1613 1616/1757/1616
f 1614/1755/1614 1684/2011/1684 1682/2012/1682 1615/1756/1615
f 1681/2009/1681 1616/1757/1616 1615/1756/1615 1682/2012/1682
f 1523/1974/1523 1504/1964/1504 1607/1748/1607 1617/1758/1617
f 1690/2013/1690 1520/1971/1520 1619/1760/1619 1626/1767/1626
f 1630/1771/1630 1627/1768/1627 1542/1983/1542 1535/1978/1535
f 1632/1773/1632 1540/1981/1540 1549/1985/1549 1634/1775/1634
f 1545/1984/1545 1633/1774/1633 1635/1776/1635 1692/2014/1692
f 1635/1776/1635 1637/1778/1637 1694/2015/1694 1692/2014/1692
f 1548/1986/1548 1560/1989/1560 1638/1779/1638 1636/1777/1636
f 1532/1976/1532 1623/1764/1623 1639/1780/1639 1695/2016/1695
f 1624/1765/1624 1527/1975/1527 1555/1987/1555 1640/1781/1640
f 1559/1990/1559 1695/2016/1695 1639/1780/1639 1641/1782/1641
f 1637/1778/1637 1642/1783/1642 1554/1988/1554 1694/2015/1694
f 1643/1784/1643 1697/2017/1698 1690/2013/1690 1626/1767/1626
f 1647/1788/1647 1644/1785/1644 1563/1991/1563 1566/1992/1566
f 1650/1791/1650 1703/2018/1704 1702/1943/1703 1646/1787/1646
f 1699/2019/1700 1649/1790/1649 1645/1786/1645 1569/1994/1569
f 1650/1791/1650 1652/1793/1652 1571/1996/1571 1703/2018/1704
f 1705/2020/1706 1651/1792/1651 1649/1790/1649 1699/2019/1700
f 1707/2021/1708 1653/1794/1653 1651/1792/1651 1705/2020/1706
f 1707/2021/1708 1709/2022/1710 1655/1796/1655 1653/1794/1653
f 1655/1796/1655 1709/2022/1710 1574/1997/1574 1656/1797/1656
f 1480/1952/1480 1584/1725/1584 1621/1762/1621 1688/2023/1688
f 1585/1726/1585 1661/2000/1661 1524/1973/1524 1622/1763/1622
f 1643/1784/1643 1620/1761/1620 1519/1972/1519 1697/2017/1698
f 1711/1944/1712 1688/2023/1688 1621/1762/1621 1646/1787/1646
f 1702/1849/1703 1701/1848/1702 1710/1857/1711 1711/1858/1712
f 1611/1752/1611 1509/1966/1509 1684/2011/1684 1614/1755/1614
f 1512/1967/1512 1612/1753/1612 1613/1754/1613 1686/2010/1686
f 1713/2024/1714 1714/2025/1715 1715/2026/1714 1716/2027/1716
f 1716/2027/1719 1715/2026/1717 1717/2028/1718 1718/2029/1719
f 1720/2031/1721 1716/2027/1721 1718/2029/1720 1719/2030/1721
f 1721/2032/1723 1713/2024/1724 1716/2027/1723 1720/2031/1722
f 1723/2034/1726 1721/2032/1725 1720/2031/1726 1722/2033/1726
f 1722/2033/1729 1720/2031/1727 1719/2030/1728 1724/2035/1727
f 1724/2035/1733 1719/2030/1730 1718/2029/1731 1725/2036/1732
f 1723/2034/1734 1726/2037/1734 1713/2024/1734 1721/2032/1734
f 1713/2024/1736 1726/2037/1737 1727/2038/1738 1714/2025/1735
f 1715/2026/1740 1728/2039/1739 1729/2040/1739 1717/2028/1739
f 1718/2029/1741 1717/2028/1741 1729/2040/1741 1725/2036/1741
f 1714/2025/1744 1727/2038/1744 1728/2039/1742 1715/2026/1743
f 1730/2041/1745 1731/2042/1745 1732/2043/1746 1733/2044/1745
f 1733/2044/1749 1732/2043/1747 1734/2045/1747 1735/2046/1748
f 1737/2048/1751 1733/2044/1751 1735/2046/1750 1736/2047/1751
f 1738/2049/1752 1730/2041/1753 1733/2044/1752 1737/2048/1752
f 1740/2051/1754 1738/2049/1754 1737/2048/1755 1739/2050/1754
f 1739/2050/1759 1737/2048/1756 1736/2047/1757 1741/2052/1758
f 1741/2052/1762 1736/2047/1760 1735/2046/1761 1742/2053/1762
f 1740/2051/1763 1743/2054/1763 1730/2041/1763 1738/2049/1763
f 1730/2041/1764 1743/2054/1764 1744/2055/1765 1731/2042/1764
f 1732/2043/1766 1745/2056/1766 1746/2057/1766 1734/2045/1766
f 1735/2046/1768 1734/2045/1769 1746/2057/1770 1742/2053/1767
f 1731/2042/1772 1744/2055/1772 1745/2056/1771 1732/2043/1772
f 1747/2058/1773 1748/2059/1774 1749/2060/1773 1750/2061/1774
f 1750/2061/1776 1749/2060/1775 1751/2062/1776 1752/2063/1777
f 1754/2065/1779 1750/2061/1779 1752/2063/1778 1753/2064/1779
f 1755/2066/1780 1747/2058/1781 1750/2061/1780 1754/2065/1780
f 1757/2068/1783 1755/2066/1782 1754/2065/1782 1756/2067/1782
f 1756/2067/1786 1754/2065/1784 1753/2064/1785 1758/2069/1786
f 1758/2069/1787 1753/2064/1787 1752/2063/1788 1759/2070/1789
f 1757/2068/1791 1760/2071/1790 1747/2058/1791 1755/2066/1791
f 1747/2058/1792 1760/2071/1793 1761/2072/1793 1748/2059/1792
f 1749/2060/1795 1762/2073/1795 1763/2074/1795 1751/2062/1794
f 1752/2063/1797 1751/2062/1798 1763/2074/1796 1759/2070/1796
f 1748/2059/1800 1761/2072/1801 1762/2073/1799 1749/2060/1800
f 1764/2075/1802 1765/2076/1802 1766/2077/1802 1767/2078/1802
f 1767/2078/1805 1766/2077/1803 1768/2079/1804 1769/2080/1804
f 1771/2082/1807 1767/2078/1808 1769/2080/1806 1770/2081/1806
f 1772/2083/1810 1764/2075/1811 1767/2078/1810 1771/2082/1809
f 1774/2085/1813 1772/2083/1812 1771/2082/1812 1773/2084/1812
f 1773/2084/1815 1771/2082/1814 1770/2081/1815 1775/2086/1815
f 1775/2086/1816 1770/2081/1816 1769/2080/1817 1776/2087/1818
f 1774/2085/1819 1777/2088/1819 1764/2075/1819 1772/2083/1819
f 1764/2075/1792 1777/2088/1792 1778/2089/1792 1765/2076/1793
f 1766/2077/1821 1779/2090/1820 1780/2091/1822 1768/2079/1820
f 1769/2080/1824 1768/2079/1825 1780/2091/1825 1776/2087/1823
f 1765/2076/1827 1778/2089/1826 1779/2090/1826 1766/2077/1827
f 1781/2092/1828 1782/2093/1829 1783/2094/1829 1784/2095/1830
f 1784/2095/1832 1783/2094/1831 1785/2096/1832 1786/2097/1832
f 1788/2099/1834 1784/2095/1830 1786/2097/1833 1787/2098/1834
f 1789/2100/1836 1781/2092/1837 1784/2095/1837 1788/2099/1835
f 1791/2102/1838 1789/2100/1838 1788/2099/1839 1790/2101/1838
f 1790/2101/1841 1788/2099/1840 1787/2098/1841 1792/2103/1840
f 1792/2103/1845 1787/2098/1842 1786/2097/1843 1793/2104/1844
f 1791/2102/1848 1794/2105/1846 1781/2092/1847 1789/2100/1846
f 1781/2092/1850 1794/2105/1850 1795/2106/1850 1782/2093/1849
f 1783/2094/1852 1796/2107/1853 1797/2108/1853 1785/2096/1851
f 1786/2097/1854 1785/2096/1855 1797/2108/1856 1793/2104/1854
f 1782/2093/1859 1795/2106/1858 1796/2107/1857 1783/2094/1858
f 1798/2109/1860 1799/2110/1861 1800/2111/1862 1801/2112/1863
f 1801/2112/1866 1800/2111/1864 1802/2113/1864 1803/2114/1865
f 1805/2116/1868 1801/2112/1863 1803/2114/1867 1804/2115/1868
f 1806/2117/1870 1798/2109/1871 1801/2112/1866 1805/2116/1869
f 1808/2119/1875 1806/2117/1872 1805/2116/1873 1807/2118/1874
f 1807/2118/1879 1805/2116/1876 1804/2115/1877 1809/2120/1878
f 1809/2120/1882 1804/2115/1880 1803/2114/1880 1810/2121/1881
f 1808/2119/1885 1811/2122/1883 1798/2109/1884 1806/2117/1884
f 1798/2109/1792 1811/2122/1792 1812/2123/1792 1799/2110/1792
f 1800/2111/1887 1813/2124/1887 1814/2125/1888 1802/2113/1886
f 1803/2114/1889 1802/2113/1890 1814/2125/1889 1810/2121/1889
f 1799/2110/1893 1812/2123/1894 1813/2124/1891 1800/2111/1892
f 1815/2126/1895 1816/2127/1896 1817/2128/1895 1818/2129/1895
f 1818/2129/1899 1817/2128/1897 1819/2130/1898 1820/2131/1897
f 1822/2133/1901 1818/2129/1895 1820/2131/1900 1821/2132/1901
f 1823/2134/1902 1815/2126/1903 1818/2129/1904 1822/2133/1902
f 1825/2136/1907 1823/2134/1905 1822/2133/1906 1824/2135/1905
f 1824/2135/1911 1822/2133/1908 1821/2132/1909 1826/2137/1910
f 1826/2137/1915 1821/2132/1912 1820/2131/1913 1827/2138/1914
f 1825/2136/1919 1828/2139/1916 1815/2126/1917 1823/2134/1918
f 1815/2126/1921 1828/2139/1920 1829/2140/1920 1816/2127/1920
f 1817/2128/1923 1830/2141/1923 1831/2142/1923 1819/2130/1922
f 1820/2131/1924 1819/2130/1925 1831/2142/1925 1827/2138/1924
f 1816/2127/1927 1829/2140/1927 1830/2141/1926 1817/2128/1926
f 1832/2143/1928 1833/2144/1929 1834/2145/1930 1835/2146/1930
f 1835/2146/1932 1834/2145/1931 1836/2147/1932 1837/2148/1933
f 1839/2150/1935 1835/2146/1930 1837/2148/1934 1838/2149/1934
f 1840/2151/1937 1832/2143/1938 1835/2146/1932 1839/2150/1936
f 1842/2153/1939 1840/2151/1939 1839/2150/1939 1841/2152/1939
f 1841/2152/1943 1839/2150/1940 1838/2149/1941 1843/2154/1942
f 1843/2154/1944 1838/2149/1944 1837/2148/1945 1844/2155/1944
f 1842/2153/1946 1845/2156/1946 1832/2143/1946 1840/2151/1946
f 1832/2143/1948 1845/2156/1947 1846/2157/1947 1833/2144/1947
f 1834/2145/1950 1847/2158/1951 1848/2159/1951 1836/2147/1949
f 1837/2148/1953 1836/2147/1952 1848/2159/1952 1844/2155/1952
f 1833/2144/1956 1846/2157/1954 1847/2158/1954 1834/2145/1955
f 1849/2160/1957 1850/2161/1958 1851/2162/1959 1852/2163/1960
f 1852/2163/1961 1851/2162/1961 1853/2164/1961 1854/2165/1962
f 1856/2167/1965 1852/2163/1960 1854/2165/1963 1855/2166/1964
f 1857/2168/1967 1849/2160/1968 1852/2163/1961 1856/2167/1966
f 1859/2170/1970 1857/2168/1969 1856/2167/1969 1858/2169/1969
f 1858/2169/1973 1856/2167/1971 1855/2166/1972 1860/2171/1973
f 1860/2171/1974 1855/2166/1974 1854/2165/1975 1861/2172/1975
f 1859/2170/1978 1862/2173/1976 1849/2160/1977 1857/2168/1976
f 1849/2160/1980 1862/2173/1979 1863/2174/1981 1850/2161/1979
f 1851/2162/1982 1864/2175/1983 1865/2176/1984 1853/2164/1982
f 1854/2165/1985 1853/2164/1985 1865/2176/1986 1861/2172/1985
f 1850/2161/1987 1863/2174/1988 1864/2175/1987 1851/2162/1987
f 1866/2177/1989 1867/2178/1990 1868/2179/1990 1869/2180/1989
f 1869/2180/1991 1868/2179/1991 1870/2181/1991 1871/2182/1992
f 1873/2184/1994 1869/2180/1989 1871/2182/1993 1872/2183/1993
f 1874/2185/1996 1866/2177/1997 1869/2180/1995 1873/2184/1995
f 1876/2187/2000 1874/2185/1998 1873/2184/1999 1875/2186/1998
f 1875/2186/2001 1873/2184/2001 1872/2183/2001 1877/2188/2001
f 1877/2188/2005 1872/2183/2002 1871/2182/2003 1878/2189/2004
f 1876/2187/2006 1879/2190/2006 1866/2177/2007 1874/2185/2006
f 1866/2177/2008 1879/2190/2008 1880/2191/2009 1867/2178/2008
f 1868/2179/2010 1881/2192/2010 1882/2193/2011 1870/2181/2010
f 1871/2182/2013 1870/2181/2012 1882/2193/2012 1878/2189/2012
f 1867/2178/2015 1880/2191/2014 1881/2192/2014 1868/2179/2014
f 1883/2194/2016 1884/2195/2017 1885/2196/2018 1886/2197/2018
f 1886/2197/2020 1885/2196/2019 1887/2198/2020 1888/2199/2021
f 1890/2201/2023 1886/2197/2018 1888/2199/2022 1889/2200/2023
f 1891/2202/2025 1883/2194/2026 1886/2197/2020 1890/2201/2024
f 1893/2204/2028 1891/2202/2027 1890/2201/2027 1892/2203/2027
f 1892/2203/2029 1890/2201/2029 1889/2200/2030 1894/2205/2031
f 1894/2205/2032 1889/2200/2032 1888/2199/2032 1895/2206/2033
f 1893/2204/2034 1896/2207/2034 1883/2194/2034 1891/2202/2034
f 1883/2194/2035 1896/2207/2036 1897/2208/2035 1884/2195/2035
f 1885/2196/2038 1898/2209/2038 1899/2210/2039 1887/2198/2037
f 1888/2199/2041 1887/2198/2042 1899/2210/2041 1895/2206/2040
f 1884/2195/2043 1897/2208/2045 1898/2209/2043 1885/2196/2044
f 1900/2211/2046 1901/2212/2046 1902/2213/2046 1903/2214/2046
f 1903/2214/2048 1902/2213/2047 1904/2215/2048 1905/2216/2048
f 1907/2218/2050 1903/2214/2046 1905/2216/2049 1906/2217/2050
f 1908/2219/2051 1900/2211/2052 1903/2214/2048 1907/2218/2051
f 1910/2221/2054 1908/2219/2053 1907/2218/2053 1909/2220/2053
f 1909/2220/2058 1907/2218/2055 1906/2217/2056 1911/2222/2057
f 1911/2222/2061 1906/2217/2059 1905/2216/2060 1912/2223/2061
f 1910/2221/2065 1913/2224/2062 1900/2211/2063 1908/2219/2064
f 1900/2211/2067 1913/2224/2066 1914/2225/2066 1901/2212/2066
f 1902/2213/2069 1915/2226/2068 1916/2227/2068 1904/2215/2068
f 1905/2216/2071 1904/2215/2072 1916/2227/2070 1912/2223/2070
f 1901/2212/2075 1914/2225/2076 1915/2226/2073 1902/2213/2074
f 1917/2228/2077 1918/2229/2078 1919/2230/2079 1920/2231/2077
f 1920/2231/2081 1919/2230/2080 1921/2232/2081 1922/2233/2082
f 1924/2235/2085 1920/2231/2083 1922/2233/2083 1923/2234/2084
f 1925/2236/2086 1917/2228/2087 1920/2231/2088 1924/2235/2086
f 1927/2238/2090 1925/2236/2089 1924/2235/2090 1926/2237/2090
f 1926/2237/2094 1924/2235/2091 1923/2234/2092 1928/2239/2093
f 1928/2239/2096 1923/2234/2095 1922/2233/2096 1929/2240/2097
f 1927/2238/2098 1930/2241/2098 1917/2228/2098 1925/2236/2099
f 1917/2228/2100 1930/2241/2101 1931/2242/2101 1918/2229/2100
f 1919/2230/2103 1932/2243/2104 1933/2244/2103 1921/2232/2102
f 1922/2233/2105 1921/2232/2106 1933/2244/2105 1929/2240/2105
f 1918/2229/2109 1931/2242/2110 1932/2243/2107 1919/2230/2108
f 1934/2245/2111 1935/2246/2112 1936/2247/2113 1937/2248/2112
f 1937/2248/2115 1936/2247/2114 1938/2249/2115 1939/2250/2116
f 1941/2252/2119 1937/2248/2118 1939/2250/2117 1940/2251/2118
f 1942/2253/2120 1934/2245/2120 1937/2248/2120 1941/2252/2120
f 1944/2255/2121 1942/2253/2121 1941/2252/2122 1943/2254/2121
f 1943/2254/2126 1941/2252/2123 1940/2251/2124 1945/2256/2125
f 1945/2256/2130 1940/2251/2127 1939/2250/2128 1946/2257/2129
f 1944/2255/2132 1947/2258/2131 1934/2245/2131 1942/2253/2131
f 1934/2245/2134 1947/2258/2135 1948/2259/2134 1935/2246/2133
f 1936/2247/2136 1949/2260/2136 1950/2261/2137 1938/2249/2136
f 1939/2250/2139 1938/2249/2138 1950/2261/2138 1946/2257/2138
f 1935/2246/2141 1948/2259/2142 1949/2260/2140 1936/2247/2140
f 1951/2262/2143 1952/2263/2144 1953/2264/2145 1954/2265/2146
f 1954/2265/2148 1953/2264/2147 1955/2266/2147 1956/2267/2147
f 1958/2269/2149 1954/2265/2146 1956/2267/2149 1957/2268/2150
f 1959/2270/2151 1951/2262/2151 1954/2265/2148 1958/2269/2151
f 1961/2272/2153 1959/2270/2152 1958/2269/2153 1960/2271/2154
f 1960/2271/2157 1958/2269/2155 1957/2268/2156 1962/2273/2157
f 1962/2273/2159 1957/2268/2158 1956/2267/2158 1963/2274/2158
f 1961/2272/2161 1964/2275/2160 1951/2262/2160 1959/2270/2160
f 1951/2262/2163 1964/2275/2164 1965/2276/2165 1952/2263/2162
f 1953/2264/2167 1966/2277/2168 1967/2278/2169 1955/2266/2166
f 1956/2267/2170 1955/2266/2170 1967/2278/2171 1963/2274/2170
f 1952/2263/2173 1965/2276/2173 1966/2277/2172 1953/2264/2173
f 1968/2279/2174 1969/2280/2175 1970/2281/2175 1971/2282/2175
f 1971/2282/2177 1970/2281/2176 1972/2283/2177 1973/2284/2178
f 1975/2286/2180 1971/2282/2175 1973/2284/2179 1974/2285/2179
f 1976/2287/2182 1968/2279/2182 1971/2282/2177 1975/2286/2181
f 1978/2289/2184 1976/2287/2183 1975/2286/2184 1977/2288/2185
f 1977/2288/2189 1975/2286/2186 1974/2285/2187 1979/2290/2188
f 1979/2290/2191 1974/2285/2190 1973/2284/2191 1980/2291/2192
f 1978/2289/2193 1981/2292/2193 1968/2279/2193 1976/2287/2194
f 1968/2279/2196 1981/2292/2197 1982/2293/2196 1969/2280/2195
f 1970/2281/2199 1983/2294/2198 1984/2295/2199 1972/2283/2198
f 1973/2284/2201 1972/2283/2201 1984/2295/2201 1980/2291/2200
f 1969/2280/2204 1982/2293/2204 1983/2294/2202 1970/2281/2203
f 1985/2296/2205 1986/2297/2205 1987/2298/2205 1988/2299/2206
f 1988/2299/2207 1987/2298/2207 1989/2300/2208 1990/2301/2207
f 1992/2303/2211 1988/2299/2211 1990/2301/2209 1991/2302/2210
f 1993/2304/2213 1985/2296/2212 1988/2299/2214 1992/2303/2212
f 1995/2306/2218 1993/2304/2215 1992/2303/2216 1994/2305/2217
f 1994/2305/2219 1992/2303/2219 1991/2302/2220 1996/2307/2219
f 1996/2307/2222 1991/2302/2221 1990/2301/2222 1997/2308/2223
f 1995/2306/2224 1998/2309/2224 1985/2296/2224 1993/2304/2224
f 1985/2296/2225 1998/2309/2226 1999/2310/2225 1986/2297/2225
f 1987/2298/2228 2000/2311/2228 2001/2312/2228 1989/2300/2227
f 1990/2301/2230 1989/2300/2230 2001/2312/2229 1997/2308/2229
f 1986/2297/2233 1999/2310/2233 2000/2311/2231 1987/2298/2232
f 2002/2313/1714 2003/2314/2234 2004/2315/2235 2005/2316/1714
f 2005/2316/2237 2004/2315/2236 2006/2317/2237 2007/2318/2238
f 2009/2320/2239 2005/2316/1714 2007/2318/2239 2008/2319/2240
f 2010/2321/2242 2002/2313/2241 2005/2316/2243 2009/2320/2241
f 2012/2323/2244 2010/2321/2244 2009/2320/2244 2011/2322/2244
f 2011/2322/2247 2009/2320/2245 2008/2319/2245 2013/2324/2246
f 2013/2324/2249 2008/2319/2248 2007/2318/2248 2014/2325/2249
f 2012/2323/2251 2015/2326/2250 2002/2313/2251 2010/2321/2251
f 2002/2313/2253 2015/2326/2253 2016/2327/2254 2003/2314/2252
f 2004/2315/2256 2017/2328/2255 2018/2329/2255 2006/2317/2255
f 2007/2318/2257 2006/2317/2258 2018/2329/2257 2014/2325/2257
f 2003/2314/2261 2016/2327/2262 2017/2328/2259 2004/2315/2260
f 2019/2330/2263 2020/2331/2264 2021/2332/2263 2022/2333/2263
f 2022/2333/2266 2021/2332/2265 2023/2334/2266 2024/2335/2267
f 2026/2337/2269 2022/2333/2270 2024/2335/2268 2025/2336/2268
f 2027/2338/2272 2019/2330/2273 2022/2333/2274 2026/2337/2271
f 2029/2340/2275 2027/2338/2275 2026/2337/2276 2028/2339/2277
f 2028/2339/2279 2026/2337/2278 2025/2336/2279 2030/2341/2280
f 2030/2341/2284 2025/2336/2281 2024/2335/2282 2031/2342/2283
f 2029/2340/2285 2032/2343/2285 2019/2330/2286 2027/2338/2285
f 2019/2330/2288 2032/2343/2289 2033/2344/2287 2020/2331/2287
f 2021/2332/2291 2034/2345/2290 2035/2346/2290 2023/2334/2290
f 2024/2335/2292 2023/2334/2292 2035/2346/2293 2031/2342/2292
f 2020/2331/1858 2033/2344/1859 2034/2345/2294 2021/2332/2295
f 2036/2347/2296 2037/2348/2296 2038/2349/2297 2039/2350/2298
f 2039/2350/2302 2038/2349/2299 2040/2351/2300 2041/2352/2301
f 2043/2354/2304 2039/2350/2305 2041/2352/2303 2042/2353/2303
f 2044/2355/2307 2036/2347/2306 2039/2350/2306 2043/2354/2306
f 2046/2357/2308 2044/2355/2308 2043/2354/2309 2045/2356/2308
f 2045/2356/2313 2043/2354/2310 2042/2353/2311 2047/2358/2312
f 2047/2358/2315 2042/2353/2314 2041/2352/2315 2048/2359/2315
f 2046/2357/2317 2049/2360/2316 2036/2347/2316 2044/2355/2316
f 2036/2347/2318 2049/2360/2319 2050/2361/2318 2037/2348/2318
f 2038/2349/2321 2051/2362/2322 2052/2363/2323 2040/2351/2320
f 2041/2352/2324 2040/2351/2325 2052/2363/2324 2048/2359/2324
f 2037/2348/2327 2050/2361/2326 2051/2362/2326 2038/2349/2327
f 2053/2364/2328 2054/2365/2328 2055/2366/2328 2056/2367/2329
f 2056/2367/2331 2055/2366/2330 2057/2368/2331 2058/2369/2331
f 2060/2371/2333 2056/2367/2329 2058/2369/2332 2059/2370/2333
f 2061/2372/2335 2053/2364/2336 2056/2367/2336 2060/2371/2334
f 2063/2374/2337 2061/2372/2337 2060/2371/2338 2062/2373/2339
f 2062/2373/2343 2060/2371/2340 2059/2370/2341 2064/2375/2342
f 2064/2375/2346 2059/2370/2344 2058/2369/2344 2065/2376/2345
f 2063/2374/2347 2066/2377/2347 2053/2364/2348 2061/2372/2349
f 2053/2364/2351 2066/2377/2352 2067/2378/2352 2054/2365/2350
f 2055/2366/2354 2068/2379/2355 2069/2380/2353 2057/2368/2353
f 2058/2369/2357 2057/2368/2356 2069/2380/2358 2065/2376/2356
f 2054/2365/2360 2067/2378/2360 2068/2379/2359 2055/2366/2360
f 2053/2381/2328 2054/2382/2328 2055/2383/2328 2056/2384/2329
f 2056/2384/2331 2055/2383/2330 2057/2385/2331 2058/2386/2331
f 2060/2388/2333 2056/2384/2329 2058/2386/2332 2059/2387/2333
f 2061/2389/2335 2053/2381/2336 2056/2384/2336 2060/2388/2334
f 2063/2391/2337 2061/2389/2337 2060/2388/2338 2062/2390/2339
f 2062/2390/2343 2060/2388/2340 2059/2387/2341 2064/2392/2342
f 2064/2392/2346 2059/2387/2344 2058/2386/2344 2065/2393/2345
f 2063/2391/2347 2066/2394/2347 2053/2381/2348 2061/2389/2349
f 2053/2381/2351 2066/2394/2352 2067/2395/2352 2054/2382/2350
f 2055/2383/2354 2068/2396/2355 2069/2397/2353 2057/2385/2353
f 2058/2386/2357 2057/2385/2356 2069/2397/2358 2065/2393/2356
f 2054/2382/2360 2067/2395/2360 2068/2396/2359 2055/2383/2360
f 2070/2398/2361 2071/2399/2361 2072/2400/2361 2073/2401/2362
f 2073/2401/2363 2072/2400/2363 2074/2402/2363 2075/2403/2363
f 2077/2405/2364 2073/2401/2364 2075/2403/2364 2076/2404/2364
f 2078/2406/2365 2070/2398/2366 2073/2401/2365 2077/2405/2365
f 2080/2408/2370 2078/2406/2367 2077/2405/2368 2079/2407/2369
f 2079/2407/2371 2077/2405/2371 2076/2404/2372 2081/2409/2371
f 2081/2409/2376 2076/2404/2373 2075/2403/2374 2082/2410/2375
f 2080/2408/2377 2083/2411/2377 2070/2398/2377 2078/2406/2377
f 2070/2398/2379 2083/2411/2379 2084/2412/2380 2071/2399/2378
f 2072/2400/2381 2085/2413/2381 2086/2414/2382 2074/2402/2381
f 2075/2403/2383 2074/2402/2383 2086/2414/2383 2082/2410/2383
f 2071/2399/2384 2084/2412/2384 2085/2413/2384 2072/2400/2384
f 2087/2415/2385 2088/2416/2386 2089/2417/2385 2090/2418/2385
f 2090/2418/2389 2089/2417/2387 2091/2419/2387 2092/2420/2388
f 2094/2422/2390 2090/2418/2391 2092/2420/2390 2093/2421/2390
f 2095/2423/2393 2087/2415/2394 2090/2418/2394 2094/2422/2392
f 2097/2425/2395 2095/2423/2395 2094/2422/2396 2096/2424/2395
f 2096/2424/2399 2094/2422/2397 2093/2421/2398 2098/2426/2399
f 2098/2426/2401 2093/2421/2400 2092/2420/2401 2099/2427/2401
f 2097/2425/2405 2100/2428/2402 2087/2415/2403 2095/2423/2404
f 2087/2415/2407 2100/2428/2407 2101/2429/2407 2088/2416/2406
f 2089/2417/2228 2102/2430/2228 2103/2431/2228 2091/2419/2227
f 2092/2420/2408 2091/2419/2408 2103/2431/2408 2099/2427/2408
f 2088/2416/2411 2101/2429/2409 2102/2430/2409 2089/2417/2410
f 2104/2432/2412 2105/2433/2412 2106/2434/2413 2107/2435/2414
f 2107/2435/2417 2106/2434/2415 2108/2436/2416 2109/2437/2416
f 2111/2439/2419 2107/2435/2414 2109/2437/2418 2110/2438/2418
f 2112/2440/2420 2104/2432/2421 2107/2435/2421 2111/2439/2420
f 2114/2442/2425 2112/2440/2422 2111/2439/2423 2113/2441/2424
f 2113/2441/2428 2111/2439/2426 2110/2438/2427 2115/2443/2427
f 2115/2443/2429 2110/2438/2429 2109/2437/2430 2116/2444/2431
f 2114/2442/2250 2117/2445/2250 2104/2432/2250 2112/2440/2250
f 2104/2432/2433 2117/2445/2434 2118/2446/2434 2105/2433/2432
f 2106/2434/2436 2119/2447/2437 2120/2448/2438 2108/2436/2435
f 2109/2437/2439 2108/2436/2439 2120/2448/2439 2116/2444/2439
f 2105/2433/2440 2118/2446/2441 2119/2447/2440 2106/2434/2441
f 2121/2449/2442 2122/2450/2443 2123/2451/2443 2124/2452/2442
f 2124/2452/2444 2123/2451/2444 2125/2453/2445 2126/2454/2444
f 2128/2456/2446 2124/2452/2448 2126/2454/2446 2127/2455/2447
f 2129/2457/2449 2121/2449/2449 2124/2452/2449 2128/2456/2449
f 2131/2459/2452 2129/2457/2450 2128/2456/2451 2130/2458/2451
f 2130/2458/2454 2128/2456/2453 2127/2455/2453 2132/2460/2453
f 2132/2460/2457 2127/2455/2455 2126/2454/2456 2133/2461/2457
f 2131/2459/2459 2134/2462/2063 2121/2449/2458 2129/2457/2063
f 2121/2449/2461 2134/2462/2461 2135/2463/2462 2122/2450/2460
f 2123/2451/2464 2136/2464/2463 2137/2465/2463 2125/2453/2463
f 2126/2454/2465 2125/2453/2465 2137/2465/2465 2133/2461/2465
f 2122/2450/2468 2135/2463/2469 2136/2464/2466 2123/2451/2467
f 2138/2466/2470 2139/2467/2470 2140/2468/2471 2141/2469/2470
f 2141/2469/2473 2140/2468/2472 2142/2470/2473 2143/2471/2474
f 2145/2473/2477 2141/2469/2478 2143/2471/2475 2144/2472/2476
f 2146/2474/2480 2138/2466/2481 2141/2469/2481 2145/2473/2479
f 2148/2476/2484 2146/2474/2482 2145/2473/2482 2147/2475/2483
f 2147/2475/2487 2145/2473/2485 2144/2472/2486 2149/2477/2486
f 2149/2477/2490 2144/2472/2488 2143/2471/2489 2150/2478/2488
f 2148/2476/2493 2151/2479/2491 2138/2466/2492 2146/2474/2492
f 2138/2466/2495 2151/2479/2496 2152/2480/2494 2139/2467/2494
f 2140/2468/2498 2153/2481/2499 2154/2482/2500 2142/2470/2497
f 2143/2471/2501 2142/2470/2501 2154/2482/2502 2150/2478/2501
f 2139/2467/2503 2152/2480/2505 2153/2481/2503 2140/2468/2504
f 2155/2483/2506 2156/2484/2507 2157/2485/2508 2158/2486/2509
f 2158/2486/2511 2157/2485/2510 2159/2487/2510 2160/2488/2511
f 2162/2490/2512 2158/2486/2509 2160/2488/2512 2161/2489/2513
f 2163/2491/2515 2155/2483/2516 2158/2486/2516 2162/2490/2514
f 2165/2493/2518 2163/2491/2517 2162/2490/2518 2164/2492/2519
f 2164/2492/2523 2162/2490/2520 2161/2489/2521 2166/2494/2522
f 2166/2494/2526 2161/2489/2524 2160/2488/2525 2167/2495/2524
f 2165/2493/2527 2168/2496/2527 2155/2483/2527 2163/2491/2527
f 2155/2483/2529 2168/2496/2530 2169/2497/2531 2156/2484/2528
f 2157/2485/2533 2170/2498/2533 2171/2499/2534 2159/2487/2532
f 2160/2488/2536 2159/2487/2536 2171/2499/2536 2167/2495/2535
f 2156/2484/2539 2169/2497/2540 2170/2498/2537 2157/2485/2538
f 2172/2500/2541 2173/2501/2542 2174/2502/2542 2175/2503/2542
f 2175/2503/2546 2174/2502/2543 2176/2504/2544 2177/2505/2545
f 2179/2507/2548 2175/2503/2542 2177/2505/2547 2178/2506/2548
f 2180/2508/2550 2172/2500/2551 2175/2503/2546 2179/2507/2549
f 2182/2510/2554 2180/2508/2552 2179/2507/2553 2181/2509/2554
f 2181/2509/2556 2179/2507/2555 2178/2506/2556 2183/2511/2557
f 2183/2511/2559 2178/2506/2558 2177/2505/2559 2184/2512/2559
f 2182/2510/2562 2185/2513/2560 2172/2500/2560 2180/2508/2561
f 2172/2500/2564 2185/2513/2564 2186/2514/2564 2173/2501/2563
f 2174/2502/2566 2187/2515/2565 2188/2516/2565 2176/2504/2565
f 2177/2505/2567 2176/2504/2568 2188/2516/2567 2184/2512/2567
f 2173/2501/2570 2186/2514/2569 2187/2515/2569 2174/2502/2569
f 2189/2517/2571 2190/2518/2572 2191/2519/2573 2192/2520/2571
f 2192/2520/2575 2191/2519/2574 2193/2521/2575 2194/2522/2575
f 2196/2524/2577 2192/2520/2577 2194/2522/2576 2195/2523/2577
f 2197/2525/2578 2189/2517/2579 2192/2520/2579 2196/2524/2578
f 2199/2527/2580 2197/2525/2580 2196/2524/2580 2198/2526/2581
f 2198/2526/2582 2196/2524/2582 2195/2523/2583 2200/2528/2584
f 2200/2528/2587 2195/2523/2585 2194/2522/2586 2201/2529/2586
f 2199/2527/2589 2202/2530/2588 2189/2517/2589 2197/2525/2589
f 2189/2517/2591 2202/2530/2592 2203/2531/2591 2190/2518/2590
f 2191/2519/2594 2204/2532/2595 2205/2533/2593 2193/2521/2593
f 2194/2522/2597 2193/2521/2598 2205/2533/2599 2201/2529/2596
f 2190/2518/2600 2203/2531/2601 2204/2532/2600 2191/2519/2600
f 2206/2534/2296 2207/2535/2296 2208/2536/2297 2209/2537/2298
f 2209/2537/2604 2208/2536/2602 2210/2538/2603 2211/2539/2604
f 2213/2541/2606 2209/2537/2607 2211/2539/2605 2212/2540/2606
f 2214/2542/2608 2206/2534/2609 2209/2537/2610 2213/2541/2608
f 2216/2544/2612 2214/2542/2611 2213/2541/2611 2215/2543/2612
f 2215/2543/2616 2213/2541/2613 2212/2540/2614 2217/2545/2615
f 2217/2545/2619 2212/2540/2617 2211/2539/2617 2218/2546/2618
f 2216/2544/2622 2219/2547/2620 2206/2534/2621 2214/2542/2621
f 2206/2534/2624 2219/2547/2624 2220/2548/2623 2207/2535/2623
f 2208/2536/2626 2221/2549/2626 2222/2550/2625 2210/2538/2625
f 2211/2539/2628 2210/2538/2627 2222/2550/2627 2218/2546/2627
f 2207/2535/2631 2220/2548/2629 2221/2549/2629 2208/2536/2630
f 2223/2551/2632 2224/2552/2633 2225/2553/2634 2226/2554/2633
f 2226/2554/2635 2225/2553/2635 2227/2555/2636 2228/2556/2636
f 2230/2558/2637 2226/2554/2633 2228/2556/2637 2229/2557/2638
f 2231/2559/2639 2223/2551/2640 2226/2554/2640 2230/2558/2639
f 2233/2561/2641 2231/2559/2641 2230/2558/2641 2232/2560/2641
f 2232/2560/2642 2230/2558/2642 2229/2557/2642 2234/2562/2642
f 2234/2562/2643 2229/2557/2643 2228/2556/2643 2235/2563/2644
f 2233/2561/2646 2236/2564/2645 2223/2551/2646 2231/2559/2645
f 2223/2551/2647 2236/2564/2647 2237/2565/2647 2224/2552/2647
f 2225/2553/2649 2238/2566/2649 2239/2567/2648 2227/2555/2648
f 2228/2556/2650 2227/2555/2651 2239/2567/2652 2235/2563/2650
f 2224/2552/2655 2237/2565/2656 2238/2566/2653 2225/2553/2654
f 2240/2568/2657 2241/2569/2658 2242/2570/2659 2243/2571/2660
f 2243/2571/2661 2242/2570/2661 2244/2572/2662 2245/2573/2663
f 2247/2575/2665 2243/2571/2665 2245/2573/2664 2246/2574/2665
f 2248/2576/2666 2240/2568/2667 2243/2571/2667 2247/2575/2666
f 2250/2578/2669 2248/2576/2668 2247/2575/2669 2249/2577/2670
f 2249/2577/2674 2247/2575/2671 2246/2574/2672 2251/2579/2673
f 2251/2579/2678 2246/2574/2675 2245/2573/2676 2252/2580/2677
f 2250/2578/2679 2253/2581/2679 2240/2568/2679 2248/2576/2679
f 2240/2568/2680 2253/2581/2681 2254/2582/2682 2241/2569/2680
f 2242/2570/2684 2255/2583/2685 2256/2584/2683 2244/2572/2683
f 2245/2573/2687 2244/2572/2688 2256/2584/2689 2252/2580/2686
f 2241/2569/2692 2254/2582/2693 2255/2583/2690 2242/2570/2691
f 2257/2585/2694 2258/2586/2695 2259/2587/2695 2260/2588/2695
f 2260/2588/2699 2259/2587/2696 2261/2589/2697 2262/2590/2698
f 2264/2592/2701 2260/2588/2695 2262/2590/2700 2263/2591/2700
f 2265/2593/2702 2257/2585/2703 2260/2588/2699 2264/2592/2702
f 2267/2595/2707 2265/2593/2704 2264/2592/2705 2266/2594/2706
f 2266/2594/2711 2264/2592/2708 2263/2591/2709 2268/2596/2710
f 2268/2596/2712 2263/2591/2712 2262/2590/2713 2269/2597/2714
f 2267/2595/2716 2270/2598/2715 2257/2585/2715 2265/2593/2716
f 2257/2585/2717 2270/2598/2718 2271/2599/2719 2258/2586/2717
f 2259/2587/2721 2272/2600/2721 2273/2601/2722 2261/2589/2720
f 2262/2590/2724 2261/2589/2723 2273/2601/2723 2269/2597/2723
f 2258/2586/2725 2271/2599/2725 2272/2600/2725 2259/2587/2725
f 2274/2602/2726 2275/2603/2727 2276/2604/2727 2277/2605/2728
f 2277/2605/2729 2276/2604/2729 2278/2606/2730 2279/2607/2729
f 2281/2609/2733 2277/2605/2733 2279/2607/2731 2280/2608/2732
f 2282/2610/2734 2274/2602/2735 2277/2605/2729 2281/2609/2734
f 2284/2612/2736 2282/2610/2736 2281/2609/2736 2283/2611/2737
f 2283/2611/2739 2281/2609/2738 2280/2608/2739 2285/2613/2740
f 2285/2613/2744 2280/2608/2741 2279/2607/2742 2286/2614/2743
f 2284/2612/2745 2287/2615/2745 2274/2602/2746 2282/2610/2745
f 2274/2602/2747 2287/2615/2747 2288/2616/2747 2275/2603/2747
f 2276/2604/2748 2289/2617/2749 2290/2618/2748 2278/2606/2748
f 2279/2607/2751 2278/2606/2752 2290/2618/2753 2286/2614/2750
f 2275/2603/2755 2288/2616/2755 2289/2617/2754 2276/2604/2755
f 2291/2619/2756 2292/2620/2757 2293/2621/2757 2294/2622/2758
f 2294/2622/2759 2293/2621/2759 2295/2623/2759 2296/2624/2760
f 2298/2626/2761 2294/2622/2763 2296/2624/2761 2297/2625/2762
f 2299/2627/2764 2291/2619/2764 2294/2622/2765 2298/2626/2764
f 2301/2629/2337 2299/2627/2337 2298/2626/2337 2300/2628/2337
f 2300/2628/2768 2298/2626/2766 2297/2625/2767 2302/2630/2768
f 2302/2630/2770 2297/2625/2769 2296/2624/2770 2303/2631/2771
f 2301/2629/2773 2304/2632/2772 2291/2619/2773 2299/2627/2772
f 2291/2619/2775 2304/2632/2776 2305/2633/2776 2292/2620/2774
f 2293/2621/2778 2306/2634/2777 2307/2635/2779 2295/2623/2777
f 2296/2624/2780 2295/2623/2781 2307/2635/2780 2303/2631/2780
f 2292/2620/2782 2305/2633/2784 2306/2634/2782 2293/2621/2783
f 2308/2636/2785 2309/2637/2786 2310/2638/2785 2311/2639/2787
f 2311/2639/2788 2310/2638/2788 2312/2640/2789 2313/2641/2790
f 2315/2643/2793 2311/2639/2793 2313/2641/2791 2314/2642/2792
f 2316/2644/2794 2308/2636/2794 2311/2639/2794 2315/2643/2794
f 2318/2646/2797 2316/2644/2795 2315/2643/2796 2317/2645/2797
f 2317/2645/2800 2315/2643/2798 2314/2642/2798 2319/2647/2799
f 2319/2647/2802 2314/2642/2801 2313/2641/2801 2320/2648/2802
f 2318/2646/2803 2321/2649/2803 2308/2636/2804 2316/2644/2803
f 2308/2636/2805 2321/2649/2805 2322/2650/2036 2309/2637/2036
f 2310/2638/2807 2323/2651/2808 2324/2652/2808 2312/2640/2806
f 2313/2641/2810 2312/2640/2809 2324/2652/2809 2320/2648/2809
f 2309/2637/2812 2322/2650/2811 2323/2651/2811 2310/2638/2811
f 2325/2653/2813 2326/2654/2814 2327/2655/2815 2328/2656/2813
f 2328/2656/2817 2327/2655/2816 2329/2657/2816 2330/2658/2817
f 2332/2660/2818 2328/2656/2819 2330/2658/2818 2331/2659/2818
f 2333/2661/2821 2325/2653/2822 2328/2656/2822 2332/2660/2820
f 2335/2663/2825 2333/2661/2823 2332/2660/2824 2334/2662/2823
f 2334/2662/2828 2332/2660/2826 2331/2659/2826 2336/2664/2827
f 2336/2664/2832 2331/2659/2829 2330/2658/2830 2337/2665/2831
f 2335/2663/2833 2338/2666/2833 2325/2653/2833 2333/2661/2834
f 2325/2653/2835 2338/2666/2835 2339/2667/2835 2326/2654/2835
f 2327/2655/2837 2340/2668/2837 2341/2669/2837 2329/2657/2836
f 2330/2658/2839 2329/2657/2839 2341/2669/2839 2337/2665/2838
f 2326/2654/2842 2339/2667/2841 2340/2668/2840 2327/2655/2841
f 2342/2670/2843 2343/2671/2843 2344/2672/2843 2345/2673/2844
f 2345/2673/2759 2344/2672/2759 2346/2674/2759 2347/2675/2760
f 2349/2677/2847 2345/2673/2844 2347/2675/2845 2348/2676/2846
f 2350/2678/2849 2342/2670/2850 2345/2673/2759 2349/2677/2848
f 2352/2680/2851 2350/2678/2851 2349/2677/2852 2351/2679/2852
f 2351/2679/2855 2349/2677/2853 2348/2676/2854 2353/2681/2855
f 2353/2681/2859 2348/2676/2856 2347/2675/2857 2354/2682/2858
f 2352/2680/2860 2355/2683/2860 2342/2670/2860 2350/2678/2861
f 2342/2670/2862 2355/2683/2862 2356/2684/2862 2343/2671/2862
f 2344/2672/2864 2357/2685/2864 2358/2686/2864 2346/2674/2863
f 2347/2675/2865 2346/2674/2865 2358/2686/2865 2354/2682/2865
f 2343/2671/2868 2356/2684/2866 2357/2685/2866 2344/2672/2867
f 2359/2687/2869 2360/2688/2870 2361/2689/2871 2362/2690/2870
f 2362/2690/2874 2361/2689/2872 2363/2691/2872 2364/2692/2873
f 2366/2694/2877 2362/2690/2878 2364/2692/2875 2365/2693/2876
f 2367/2695/2879 2359/2687/2879 2362/2690/2879 2366/2694/2879
f 2369/2697/2880 2367/2695/2880 2366/2694/2881 2368/2696/2882
f 2368/2696/2886 2366/2694/2883 2365/2693/2884 2370/2698/2885
f 2370/2698/2888 2365/2693/2887 2364/2692/2888 2371/2699/2888
f 2369/2697/2889 2372/2700/2889 2359/2687/2890 2367/2695/2890
f 2359/2687/2892 2372/2700/2893 2373/2701/2894 2360/2688/2891
f 2361/2689/2895 2374/2702/2895 2375/2703/2895 2363/2691/2895
f 2364/2692/2896 2363/2691/2897 2375/2703/2896 2371/2699/2896
f 2360/2688/2899 2373/2701/2900 2374/2702/2898 2361/2689/2898
f 2376/2704/2901 2377/2705/2902 2378/2706/2902 2379/2707/2902
f 2379/2707/2905 2378/2706/2903 2380/2708/2904 2381/2709/2905
f 2383/2711/2907 2379/2707/2907 2381/2709/2906 2382/2710/2664
f 2384/2712/2909 2376/2704/2909 2379/2707/2909 2383/2711/2908
f 2386/2714/2912 2384/2712/2910 2383/2711/2910 2385/2713/2911
f 2385/2713/2913 2383/2711/2913 2382/2710/2913 2387/2715/2913
f 2387/2715/2916 2382/2710/2914 2381/2709/2915 2388/2716/2915
f 2386/2714/2917 2389/2717/2917 2376/2704/2917 2384/2712/2917
f 2376/2704/2919 2389/2717/2919 2390/2718/2919 2377/2705/2918
f 2378/2706/2920 2391/2719/2920 2392/2720/2921 2380/2708/2920
f 2381/2709/2923 2380/2708/2924 2392/2720/2923 2388/2716/2922
f 2377/2705/2927 2390/2718/2928 2391/2719/2925 2378/2706/2926
f 2393/2721/2929 2394/2722/2930 2395/2723/2931 2396/2724/2931
f 2396/2724/2934 2395/2723/2932 2397/2725/2932 2398/2726/2933
f 2400/2728/2935 2396/2724/2931 2398/2726/2935 2399/2727/2935
f 2401/2729/2936 2393/2721/2936 2396/2724/2934 2400/2728/2936
f 2403/2731/2938 2401/2729/2937 2400/2728/2937 2402/2730/2938
f 2402/2730/2942 2400/2728/2939 2399/2727/2940 2404/2732/2941
f 2404/2732/2946 2399/2727/2943 2398/2726/2944 2405/2733/2945
f 2403/2731/2947 2406/2734/2947 2393/2721/2947 2401/2729/2948
f 2393/2721/2950 2406/2734/2951 2407/2735/2952 2394/2722/2949
f 2395/2723/2953 2408/2736/2954 2409/2737/2955 2397/2725/2953
f 2398/2726/2956 2397/2725/2957 2409/2737/2956 2405/2733/2956
f 2394/2722/2958 2407/2735/2958 2408/2736/2958 2395/2723/2959
