# Blender v3.4.1 OBJ File: ''
# www.blender.org
mtllib untitled.mtl
o Object_2_Object_0
v 0.141755 -0.004930 0.380623
v 0.150748 0.003621 0.386397
v 0.132887 0.003876 0.387443
v 0.110254 0.060501 0.371058
v 0.148615 0.059215 0.374807
v 0.180543 0.057190 0.362137
v 0.168328 0.005387 0.383563
v 0.245261 0.011183 0.341700
v 0.238641 0.007522 0.353050
v 0.244438 0.004017 0.342146
v 0.246447 0.028489 0.354694
v 0.120702 -0.048285 0.328838
v 0.117850 -0.046802 0.334454
v 0.115809 -0.046593 0.332267
v 0.315323 -0.025031 -0.024024
v 0.301532 -0.029415 -0.012385
v 0.298358 -0.031115 -0.359855
v 0.303245 -0.028575 -0.366722
v 0.293299 -0.031940 -0.368242
v 0.120785 -0.047159 0.334898
v 0.238871 -0.006986 0.344669
v 0.241326 -0.008341 0.340518
v 0.242367 -0.003000 0.340244
v 0.113056 -0.020151 0.370306
v 0.178104 -0.030860 0.357639
v 0.177696 -0.022571 0.363573
v 0.211431 -0.051883 0.300190
v 0.217830 -0.050569 0.300379
v 0.216805 -0.050694 0.303662
v 0.214186 -0.050875 0.305868
v 0.044283 -0.046557 -0.356001
v 0.038678 -0.045127 -0.360996
v 0.045807 -0.045799 -0.364837
v 0.035852 -0.044793 -0.353383
v 0.306971 -0.027253 -0.357866
v 0.288675 -0.015965 -0.394143
v 0.308702 -0.008726 -0.393849
v 0.293885 -0.029180 -0.373348
v 0.320813 -0.022285 -0.020735
v 0.316562 -0.023598 -0.016142
v 0.322174 -0.021829 -0.026968
v 0.124608 0.007248 0.382146
v 0.114977 0.014050 0.382437
v 0.187625 0.009338 0.365942
v -0.039422 -0.052291 0.149735
v -0.040166 -0.051916 0.148851
v -0.039913 -0.051947 0.148421
v -0.040606 -0.051955 0.149094
v -0.039422 -0.044308 0.149735
v -0.040166 -0.044683 0.148851
v -0.040606 -0.044644 0.149094
v -0.039913 -0.044652 0.148421
v -0.028509 -0.052291 0.149813
v -0.027884 -0.051947 0.148379
v -0.027626 -0.051917 0.148808
v -0.027181 -0.051958 0.149051
v -0.028509 -0.044308 0.149813
v -0.027626 -0.044682 0.148808
v -0.027884 -0.044652 0.148379
v -0.027181 -0.044641 0.149051
v -0.039533 -0.052296 0.103667
v -0.040326 -0.051918 0.104527
v -0.040774 -0.051958 0.104289
v -0.040064 -0.051947 0.104954
v -0.039533 -0.044303 0.103667
v -0.040326 -0.044681 0.104527
v -0.040064 -0.044652 0.104954
v -0.040774 -0.044641 0.104289
v -0.028865 -0.052296 0.103717
v -0.027775 -0.051919 0.104482
v -0.028035 -0.051947 0.104911
v -0.027324 -0.051961 0.104236
v -0.028865 -0.044303 0.103717
v -0.028035 -0.044652 0.104911
v -0.027775 -0.044680 0.104482
v -0.027324 -0.044638 0.104236
v -0.040132 -0.052291 -0.053265
v -0.040874 -0.051916 -0.054148
v -0.040621 -0.051947 -0.054577
v -0.041314 -0.051955 -0.053904
v -0.040132 -0.044308 -0.053265
v -0.040874 -0.044683 -0.054148
v -0.041314 -0.044644 -0.053904
v -0.040621 -0.044652 -0.054577
v -0.029218 -0.052291 -0.053186
v -0.028592 -0.051947 -0.054619
v -0.028335 -0.051917 -0.054191
v -0.027889 -0.051958 -0.053949
v -0.029218 -0.044308 -0.053186
v -0.028335 -0.044682 -0.054191
v -0.028592 -0.044652 -0.054619
v -0.027889 -0.044641 -0.053949
v -0.040242 -0.052296 -0.099332
v -0.041034 -0.051918 -0.098472
v -0.041483 -0.051958 -0.098710
v -0.040773 -0.051947 -0.098045
v -0.040242 -0.044303 -0.099332
v -0.041034 -0.044681 -0.098472
v -0.040773 -0.044652 -0.098045
v -0.041483 -0.044641 -0.098710
v -0.029574 -0.052296 -0.099283
v -0.028483 -0.051919 -0.098517
v -0.028744 -0.051947 -0.098087
v -0.028032 -0.051961 -0.098762
v -0.029574 -0.044303 -0.099283
v -0.028744 -0.044652 -0.098087
v -0.028483 -0.044680 -0.098517
v -0.028032 -0.044638 -0.098762
v -0.040769 -0.052291 -0.235963
v -0.041511 -0.051916 -0.236847
v -0.041259 -0.051947 -0.237276
v -0.041951 -0.051955 -0.236603
v -0.040769 -0.044308 -0.235963
v -0.041511 -0.044683 -0.236847
v -0.041951 -0.044644 -0.236603
v -0.041259 -0.044652 -0.237276
v -0.029856 -0.052291 -0.235885
v -0.029229 -0.051947 -0.237318
v -0.028973 -0.051917 -0.236890
v -0.028527 -0.051958 -0.236647
v -0.029856 -0.044308 -0.235885
v -0.028973 -0.044682 -0.236890
v -0.029229 -0.044652 -0.237318
v -0.028527 -0.044641 -0.236647
v -0.040879 -0.052296 -0.282031
v -0.041672 -0.051918 -0.281170
v -0.042121 -0.051958 -0.281409
v -0.041410 -0.051947 -0.280744
v -0.040879 -0.044303 -0.282031
v -0.041672 -0.044681 -0.281170
v -0.041410 -0.044652 -0.280744
v -0.042121 -0.044641 -0.281409
v -0.030212 -0.052296 -0.281981
v -0.029121 -0.051919 -0.281216
v -0.029381 -0.051947 -0.280786
v -0.028669 -0.051961 -0.281460
v -0.030212 -0.044303 -0.281981
v -0.029381 -0.044652 -0.280786
v -0.029121 -0.044680 -0.281216
v -0.028669 -0.044638 -0.281460
v 0.112779 -0.002944 0.379712
v 0.148569 0.058868 0.381721
v 0.164536 0.057852 0.376032
v 0.131627 0.059516 0.380795
v 0.124708 0.004455 0.387508
v 0.114866 0.023805 0.395717
v -0.141755 -0.004930 0.380623
v -0.132887 0.003876 0.387443
v -0.150748 0.003621 0.386397
v -0.110254 0.060501 0.371058
v -0.180543 0.057190 0.362137
v -0.148615 0.059215 0.374807
v -0.168328 0.005387 0.383563
v -0.245261 0.011183 0.341700
v -0.244438 0.004017 0.342146
v -0.238641 0.007522 0.353050
v -0.246447 0.028489 0.354694
v -0.120702 -0.048285 0.328838
v -0.115809 -0.046593 0.332267
v -0.117850 -0.046802 0.334454
v -0.315323 -0.025031 -0.024024
v -0.298358 -0.031115 -0.359855
v -0.301532 -0.029415 -0.012385
v -0.303245 -0.028575 -0.366722
v -0.293299 -0.031940 -0.368242
v -0.120785 -0.047159 0.334898
v -0.238871 -0.006986 0.344669
v -0.242367 -0.003000 0.340244
v -0.241326 -0.008341 0.340518
v -0.113056 -0.020151 0.370306
v -0.177696 -0.022571 0.363573
v -0.178104 -0.030860 0.357639
v -0.211431 -0.051883 0.300190
v -0.216805 -0.050694 0.303662
v -0.217830 -0.050569 0.300379
v -0.214186 -0.050875 0.305868
v -0.044283 -0.046557 -0.356001
v -0.045807 -0.045799 -0.364837
v -0.038678 -0.045127 -0.360996
v -0.035852 -0.044793 -0.353383
v -0.306971 -0.027253 -0.357866
v -0.288675 -0.015965 -0.394143
v -0.293885 -0.029180 -0.373348
v -0.308702 -0.008726 -0.393849
v -0.316562 -0.023598 -0.016142
v -0.320813 -0.022285 -0.020735
v -0.322174 -0.021829 -0.026968
v -0.124608 0.007248 0.382146
v -0.187625 0.009338 0.365942
v -0.114977 0.014050 0.382437
v -0.112779 -0.002944 0.379712
v -0.164536 0.057852 0.376032
v -0.148569 0.058868 0.381721
v -0.131627 0.059516 0.380795
v -0.124708 0.004455 0.387508
v -0.114866 0.023805 0.395717
v 0.186572 0.042222 0.382470
v 0.184295 0.050006 0.376442
v 0.162498 0.051777 0.390122
v 0.162175 0.044882 0.396529
v 0.162774 0.035652 0.396530
v 0.186963 0.032188 0.383616
v 0.114371 0.046424 0.395927
v 0.114869 0.037271 0.396461
v 0.129531 0.037564 0.400344
v 0.129303 0.046496 0.400362
v 0.129955 0.052923 0.394515
v 0.113117 0.052831 0.389470
v 0.110358 0.060062 0.375304
v 0.110832 0.058775 0.379347
v 0.131201 0.058220 0.384867
v 0.181790 0.054761 0.369857
v 0.180846 0.056566 0.366234
v 0.164084 0.056354 0.380387
v 0.185417 0.008118 0.379898
v 0.246313 0.014704 -0.356863
v 0.246360 0.027363 -0.356862
v 0.110455 -0.027484 0.363411
v 0.109542 -0.020285 0.369433
v 0.106309 -0.026858 0.362775
v 0.106102 -0.020243 0.365662
v 0.103402 -0.026505 0.359708
v 0.238614 0.005115 0.158003
v 0.238246 -0.002169 0.332377
v 0.243415 -0.004410 0.331266
v 0.245557 0.002516 0.157285
v 0.185229 0.042125 -0.381604
v 0.185601 0.049711 -0.374464
v 0.211954 0.046967 -0.375683
v 0.217009 0.039460 -0.382030
v 0.156376 -0.000015 0.033315
v 0.133840 -0.000015 0.129241
v 0.244481 0.008295 0.118712
v 0.264727 0.016426 0.052127
v 0.245883 0.037624 0.355970
v 0.240772 0.044876 0.353123
v 0.185094 0.032030 -0.384199
v 0.218888 0.029431 -0.384316
v 0.185975 0.054248 -0.367285
v 0.186108 0.055978 -0.363440
v 0.198828 0.055040 -0.363359
v 0.202062 0.053214 -0.367022
v 0.278371 0.020288 -0.387965
v 0.300343 0.027995 0.008724
v 0.326460 0.035911 -0.016692
v 0.308999 0.030695 -0.375556
v 0.115347 -0.044138 0.339587
v 0.119459 -0.044701 0.340208
v 0.111760 -0.033250 0.356272
v 0.107643 -0.032596 0.355688
v 0.251595 0.009793 -0.399542
v 0.223375 0.005515 -0.400506
v 0.223063 0.008550 -0.393298
v 0.251163 0.012810 -0.391499
v 0.011168 -0.018738 0.037272
v 0.009385 -0.018433 -0.376837
v 0.013886 -0.025449 -0.372581
v 0.016703 -0.026547 0.037253
v 0.252066 0.006114 0.118195
v 0.273022 0.015473 0.054776
v 0.104758 -0.032258 0.352641
v 0.112490 -0.043888 0.336508
v 0.133926 -0.000015 0.168462
v 0.177340 -0.000015 0.349656
v 0.027752 0.010528 0.178352
v 0.110926 0.002823 0.370872
v 0.011477 -0.018753 0.140315
v 0.016871 -0.026602 0.139151
v 0.069500 0.060411 0.363653
v 0.067331 0.055839 0.370623
v 0.009575 -0.009367 0.140724
v 0.009214 -0.009367 0.037278
v 0.255795 -0.012155 0.118179
v 0.279059 -0.002121 0.055991
v 0.276518 0.008937 0.056270
v 0.255296 -0.000752 0.117991
v 0.237707 -0.037731 0.311397
v 0.236374 -0.037980 0.315638
v 0.221669 -0.048273 0.306744
v 0.222972 -0.048133 0.302493
v 0.007764 -0.009367 -0.378373
v 0.252066 0.006114 0.118195
v 0.273022 0.015473 0.054776
v 0.012251 0.009008 0.037196
v 0.012606 0.008949 0.140420
v 0.019704 0.011299 0.139708
v 0.019397 0.011457 0.037003
v 0.332973 0.027169 0.001411
v 0.328007 0.033225 -0.000200
v 0.305717 0.026562 0.013339
v 0.309678 0.020255 0.015225
v 0.237146 -0.020717 0.337809
v 0.179793 -0.009298 0.372411
v 0.232970 -0.038375 0.318479
v 0.218280 -0.048564 0.309598
v 0.009214 0.002088 0.037278
v 0.009575 0.002088 0.140724
v 0.012606 0.008949 0.140420
v 0.012251 0.009008 0.037196
v 0.019972 -0.019467 0.178761
v 0.025240 -0.027149 0.177648
v 0.232340 0.051161 0.347316
v 0.237917 -0.032613 0.323701
v 0.241305 -0.032234 0.320804
v 0.242109 -0.025292 0.327273
v 0.239433 -0.024754 0.330954
v 0.129878 -0.030881 -0.404374
v 0.130019 -0.038212 -0.398443
v 0.025395 -0.026693 -0.385733
v 0.020920 -0.019622 -0.390099
v 0.123831 0.024273 -0.383986
v 0.061845 0.025723 -0.383768
v 0.061845 0.038193 -0.383768
v 0.123831 0.036743 -0.383986
v 0.129829 -0.021692 -0.406493
v 0.019305 -0.010536 -0.391671
v 0.246375 -0.025297 0.156486
v 0.242638 -0.031962 0.316541
v 0.240887 -0.032707 0.155110
v 0.226908 -0.045848 0.131300
v 0.243154 -0.031526 0.135410
v 0.225077 -0.046422 0.151150
v 0.243158 -0.025290 0.322732
v 0.238482 -0.001110 0.336680
v 0.239131 0.002079 0.339698
v 0.242367 -0.003000 0.340244
v 0.243140 -0.004143 0.335965
v 0.279640 -0.011314 0.054298
v 0.254243 -0.021493 0.117842
v 0.243140 -0.004143 0.335965
v 0.018224 -0.010335 0.179092
v 0.019305 0.000919 -0.391671
v 0.129829 -0.010237 -0.406493
v 0.248201 -0.016262 0.156961
v 0.231894 -0.044492 0.112074
v 0.249063 -0.029298 0.116577
v 0.228829 0.052923 0.344941
v 0.226404 0.053011 -0.335638
v 0.222674 0.053770 -0.331839
v 0.224939 0.053770 0.342366
v 0.229663 0.051436 -0.339021
v 0.124427 0.058970 -0.367062
v 0.124175 0.054428 -0.374246
v 0.185094 0.019560 -0.384199
v 0.218888 0.016961 -0.384316
v 0.215887 0.009977 -0.381310
v 0.185105 0.012332 -0.381204
v 0.185105 0.012332 -0.381204
v 0.215887 0.009977 -0.381310
v 0.208731 0.007522 -0.374058
v 0.185130 0.009338 -0.373975
v 0.114977 0.014050 0.382437
v 0.114893 0.016751 0.390676
v 0.064418 0.018495 0.376958
v 0.064393 0.015500 0.369730
v 0.064418 0.018495 0.376958
v 0.114893 0.016751 0.390676
v 0.064429 0.025723 0.379953
v 0.061855 0.018495 -0.380774
v 0.123796 0.017044 -0.380991
v 0.123710 0.014050 -0.373763
v 0.061880 0.015500 -0.373546
v 0.123796 0.017044 -0.380991
v 0.061855 0.018495 -0.380774
v 0.034335 -0.041518 0.155538
v 0.040402 -0.041674 0.174403
v 0.019004 -0.026746 0.158848
v 0.243211 -0.009324 0.336093
v 0.243140 -0.004143 0.335965
v 0.231064 -0.021374 -0.401332
v 0.233108 -0.028434 -0.395386
v 0.022326 0.007816 -0.389051
v 0.029508 0.010121 -0.382728
v 0.130444 -0.000015 -0.396289
v 0.130009 -0.003009 -0.403505
v 0.022326 0.007816 -0.389051
v 0.130009 -0.003009 -0.403505
v 0.277175 -0.019303 0.050011
v 0.243941 -0.009562 0.331243
v 0.243415 -0.004410 0.331266
v 0.243140 -0.004143 0.335965
v 0.228466 -0.012531 -0.403465
v 0.225209 -0.001509 -0.403479
v 0.223375 0.005515 -0.400506
v 0.010784 0.008981 -0.375752
v 0.007764 0.002088 -0.378373
v 0.279105 0.017384 -0.398491
v 0.280935 0.010380 -0.401489
v 0.306689 0.019177 -0.400458
v 0.309942 0.008193 -0.400470
v 0.284188 -0.000603 -0.401500
v 0.244438 0.004017 0.342146
v 0.243399 0.007724 -0.353855
v 0.122467 0.006200 0.385049
v 0.032278 -0.041408 0.135819
v 0.130966 -0.055184 0.148870
v 0.216215 -0.050252 0.131387
v 0.214359 -0.050768 0.151283
v 0.133115 -0.055188 0.168518
v 0.061915 0.055892 -0.374033
v 0.061968 0.060443 -0.366853
v 0.070301 0.062128 0.359921
v 0.070542 0.062720 0.355783
v 0.062002 0.062178 -0.363006
v 0.062048 0.062772 -0.358829
v 0.124468 0.061288 -0.359038
v 0.124501 0.060699 -0.363215
v 0.186132 0.056573 -0.359261
v 0.020804 0.008228 0.179004
v 0.106338 0.000763 0.372906
v 0.243399 0.007724 -0.353855
v 0.244438 0.004017 0.342146
v 0.239470 0.003762 0.340548
v 0.236330 0.005344 -0.346605
v 0.061864 0.048293 -0.381173
v 0.123923 0.046839 -0.381389
v 0.239383 0.044146 -0.349400
v 0.244515 0.037176 -0.354849
v 0.064429 0.038193 0.379953
v 0.065203 0.048278 0.377464
v 0.236417 0.037839 -0.374202
v 0.238306 0.027950 -0.376309
v 0.231252 0.044968 -0.368431
v 0.221567 0.051959 -0.358666
v 0.235321 0.008447 -0.373306
v 0.228195 0.006009 -0.366060
v 0.238290 0.015425 -0.376308
v 0.243399 0.007724 -0.353855
v 0.235321 0.008447 -0.373306
v 0.218301 0.053606 -0.355184
v 0.195109 0.055883 -0.359293
v 0.214560 0.054389 -0.351292
v 0.243399 0.007724 -0.353855
v 0.294579 0.025814 -0.390603
v 0.301930 0.025167 -0.397567
v 0.342710 0.018119 -0.010939
v 0.324364 0.013072 -0.385438
v 0.321110 0.024055 -0.385427
v 0.339457 0.029103 -0.010928
v 0.133294 -0.055180 0.129243
v 0.221208 -0.048977 0.112065
v 0.279105 0.017384 -0.398491
v 0.301930 0.025167 -0.397567
v 0.248309 -0.004318 0.156984
v 0.245557 0.002516 0.157285
v 0.336226 0.016186 0.001400
v 0.312931 0.009272 0.015214
v 0.310964 -0.000891 -0.398719
v 0.286746 -0.009289 -0.399547
v 0.051044 -0.046585 0.173105
v 0.044963 -0.046423 0.154196
v 0.177610 -0.038375 0.351113
v 0.175369 -0.044365 0.343470
v 0.042915 -0.046286 0.134498
v 0.323016 -0.003623 -0.379166
v 0.340094 0.000773 -0.015043
v 0.326388 -0.017972 -0.025184
v 0.310667 -0.023654 -0.360819
v 0.265995 -0.040299 -0.365574
v 0.278715 -0.035935 0.002465
v 0.338515 0.000267 -0.007930
v 0.324827 -0.018457 -0.018036
v 0.333593 -0.001268 -0.002754
v 0.319953 -0.019992 -0.012786
v 0.017970 0.001578 0.179228
v 0.106107 -0.003827 0.373502
v 0.106338 0.000763 0.372906
v 0.020804 0.008228 0.179004
v 0.011041 0.001754 -0.387207
v 0.011041 -0.009701 -0.387207
v 0.014062 0.008648 -0.384588
v 0.014062 0.008648 -0.384588
v 0.010784 0.008981 -0.375752
v 0.017966 0.011289 -0.369428
v 0.021243 0.010953 -0.378263
v 0.012659 -0.018769 -0.385659
v 0.017147 -0.025792 -0.381366
v 0.306250 -0.025148 -0.371267
v 0.316659 0.022569 -0.395900
v 0.319913 0.011586 -0.395911
v 0.316352 0.030044 -0.382532
v 0.311902 0.028556 -0.393006
v 0.316352 0.030044 -0.382532
v 0.311902 0.028556 -0.393006
v 0.304552 0.029202 -0.386034
v 0.320914 0.002544 -0.394215
v 0.325358 0.004047 -0.383770
v 0.318589 -0.005173 -0.389518
v 0.334447 0.035156 -0.012612
v 0.314101 0.000103 0.013776
v 0.336889 0.006955 0.000294
v 0.155919 -0.055159 0.033275
v 0.042965 -0.045697 0.036978
v 0.130918 -0.055137 -0.370583
v 0.031259 -0.042078 -0.356017
v 0.032187 -0.040933 0.037198
v 0.260474 -0.037091 0.028772
v 0.281481 -0.031532 0.012386
v 0.291538 -0.014470 0.026937
v 0.285772 0.020262 0.031017
v 0.279018 0.021632 0.027563
v 0.312166 -0.007931 0.009798
v 0.343375 0.008918 -0.012035
v 0.285772 0.020262 0.031017
v 0.289539 0.013897 0.032679
v 0.305717 0.026562 0.013339
v 0.303959 -0.024699 -0.002687
v 0.259268 -0.017004 -0.400456
v 0.261283 -0.023955 -0.394652
v 0.256682 -0.008216 -0.402535
v 0.292601 0.002892 0.032593
v 0.253428 0.002777 -0.402530
v 0.251595 0.009793 -0.399542
v 0.293616 -0.006327 0.031065
v 0.034527 -0.042415 -0.364837
v 0.042779 -0.043246 -0.369276
v 0.108846 -0.003663 0.377321
v 0.341807 0.008437 -0.004909
v 0.341145 0.017648 -0.003811
v 0.332896 0.034688 -0.005462
v 0.337892 0.028632 -0.003800
v 0.324946 0.035451 -0.009486
v 0.332896 0.034688 -0.005462
v 0.334447 0.035156 -0.012612
v 0.320136 0.033993 -0.004085
v 0.328007 0.033225 -0.000200
v 0.170729 -0.052041 0.331334
v 0.181194 0.002730 0.357922
v 0.187625 0.009338 0.365942
v 0.239470 0.003762 0.340548
v 0.117112 0.004287 0.377896
v 0.124608 0.007248 0.382146
v 0.112610 0.002269 0.379797
v 0.122467 0.006200 0.385049
v 0.240110 0.006333 0.138112
v 0.247318 0.003820 0.137445
v 0.021766 0.011088 0.159442
v 0.131588 -0.000015 0.148857
v 0.013655 -0.018935 0.159999
v 0.248592 -0.023923 0.136762
v 0.130416 -0.051296 -0.381717
v 0.236702 -0.040999 -0.378681
v 0.011799 -0.009612 0.160388
v 0.250417 -0.014685 0.137209
v 0.045300 -0.045008 0.173607
v 0.014712 0.008761 0.160140
v 0.247318 0.003820 0.137445
v 0.250318 -0.003120 0.137168
v 0.168949 -0.054404 0.326048
v 0.167435 -0.055212 0.320239
v 0.264796 -0.036780 -0.376804
v 0.265583 -0.039432 -0.371488
v 0.011732 0.001959 0.160423
v 0.014712 0.008761 0.160140
v 0.113497 0.003112 0.374937
v 0.108949 0.001067 0.376928
v 0.178907 0.000693 0.354177
v 0.108949 0.001067 0.376928
v 0.112610 0.002269 0.379797
v 0.108949 0.001067 0.376928
v 0.244438 0.004017 0.342146
v 0.220070 -0.049481 0.150627
v 0.257208 -0.039747 0.024989
v 0.279545 -0.034741 0.008027
v 0.238063 -0.044628 -0.367543
v 0.237565 -0.043727 -0.373433
v 0.037177 -0.044220 0.037134
v 0.037171 -0.044735 0.135013
v 0.302245 -0.028136 -0.006885
v 0.253556 -0.041066 0.021407
v 0.226918 -0.047607 0.111493
v 0.130602 -0.054149 -0.376469
v 0.039223 -0.044856 0.154726
v 0.221924 -0.048940 0.130763
v 0.124608 0.007248 0.382146
v 0.122467 0.006200 0.385049
v 0.187625 0.009338 0.365942
v 0.137020 -0.048624 0.143201
v 0.184732 -0.047166 0.140108
v 0.184580 -0.047166 0.096637
v 0.136869 -0.048624 0.099729
v 0.089233 -0.045558 0.102816
v 0.089385 -0.045558 0.146287
v 0.136986 -0.057548 0.144668
v 0.184737 -0.055591 0.141574
v 0.184737 -0.048631 0.141574
v 0.137019 -0.050088 0.144666
v 0.089232 -0.055971 0.147762
v 0.089367 -0.047022 0.147753
v 0.136825 -0.057548 0.098268
v 0.136857 -0.050088 0.098266
v 0.184575 -0.048631 0.095173
v 0.184575 -0.055591 0.095173
v 0.089070 -0.055971 0.101362
v 0.089205 -0.047022 0.101353
v 0.184732 -0.057055 0.140108
v 0.136975 -0.059012 0.143203
v 0.136824 -0.059012 0.099733
v 0.184580 -0.057055 0.096637
v 0.089052 -0.057436 0.102828
v 0.089204 -0.057436 0.146299
v 0.048430 -0.040966 0.148941
v 0.048279 -0.040966 0.105470
v 0.032256 -0.031136 0.106137
v 0.032378 -0.031187 0.149190
v 0.031795 -0.043114 0.150889
v 0.048486 -0.053117 0.150402
v 0.048441 -0.042430 0.150405
v 0.032310 -0.032651 0.150683
v 0.048487 -0.054582 0.148938
v 0.031719 -0.044575 0.149453
v 0.031596 -0.044540 0.106118
v 0.048335 -0.054582 0.105467
v 0.031664 -0.043076 0.104655
v 0.032180 -0.032596 0.104671
v 0.048279 -0.042430 0.104005
v 0.048324 -0.053117 0.104004
v 0.010519 -0.030247 0.105811
v 0.010451 -0.030521 0.148222
v 0.005267 -0.016669 0.147880
v 0.005406 -0.016332 0.105699
v 0.021650 -0.040254 0.148720
v 0.021653 -0.040077 0.105951
v 0.011561 -0.029205 0.104374
v 0.006766 -0.015762 0.104275
v 0.013764 -0.012877 0.104475
v 0.017866 -0.022938 0.104536
v 0.026157 -0.031266 0.104665
v 0.022320 -0.038767 0.104513
v 0.018902 -0.021917 0.106027
v 0.015112 -0.012331 0.105979
v 0.014972 -0.012669 0.148160
v 0.018815 -0.022210 0.148359
v 0.026823 -0.030134 0.148919
v 0.026824 -0.029969 0.106156
v 0.011487 -0.029499 0.149703
v 0.017773 -0.023253 0.149806
v 0.013613 -0.013239 0.149586
v 0.006615 -0.016124 0.149385
v 0.022316 -0.038957 0.150211
v 0.026156 -0.031444 0.150358
v 0.213667 -0.053331 0.139699
v 0.228188 -0.049275 0.138496
v 0.227280 -0.043585 0.138153
v 0.213667 -0.046371 0.139699
v 0.213510 -0.054796 0.094763
v 0.228926 -0.051471 0.093959
v 0.228436 -0.050745 0.137119
v 0.213663 -0.054796 0.138234
v 0.213506 -0.046371 0.093298
v 0.229001 -0.043202 0.092208
v 0.228955 -0.050033 0.092444
v 0.213506 -0.053331 0.093298
v 0.213510 -0.044907 0.094763
v 0.213663 -0.044907 0.138234
v 0.227116 -0.042127 0.136602
v 0.228945 -0.041752 0.093620
v 0.235333 -0.036274 0.135077
v 0.245793 -0.019669 0.131771
v 0.259313 -0.018608 0.090189
v 0.245472 -0.032948 0.091957
v 0.249344 -0.001974 0.131000
v 0.261389 -0.002213 0.089177
v 0.267576 -0.020259 0.091159
v 0.252382 -0.035823 0.091862
v 0.247139 -0.033430 0.090805
v 0.261168 -0.018868 0.089221
v 0.263195 -0.002512 0.088192
v 0.269338 -0.003814 0.090046
v 0.242392 -0.038980 0.135721
v 0.253302 -0.036509 0.093535
v 0.268443 -0.020586 0.092947
v 0.254321 -0.021396 0.134190
v 0.257185 -0.003769 0.133347
v 0.270245 -0.004094 0.091849
v 0.252434 -0.021146 0.135173
v 0.246695 -0.019986 0.133546
v 0.236341 -0.036911 0.136617
v 0.240638 -0.038548 0.137006
v 0.255347 -0.003443 0.134325
v 0.250282 -0.002280 0.132810
v 0.009612 0.002285 0.149598
v 0.002398 0.002285 0.149400
v 0.011086 0.002285 0.148174
v 0.011358 0.002285 0.105992
v 0.002691 0.002285 0.104289
v 0.009904 0.002285 0.104487
v 0.000945 0.002285 0.147896
v 0.001216 0.002285 0.105713
v 0.015043 0.018298 0.148777
v 0.018375 0.011900 0.148988
v 0.014369 0.019582 0.147269
v 0.014416 0.019211 0.105088
v 0.015094 0.017898 0.103666
v 0.018425 0.011501 0.103878
v 0.019053 0.010588 0.147566
v 0.019099 0.010216 0.105385
v 0.236779 0.019191 0.133366
v 0.015043 0.018298 0.148777
v 0.018375 0.011900 0.148988
v 0.237351 0.012258 0.133579
v 0.014416 0.019211 0.105088
v 0.014369 0.019582 0.147269
v 0.237063 0.020635 0.131915
v 0.248360 0.020217 0.089857
v 0.248886 0.018743 0.088494
v 0.249457 0.011810 0.088707
v 0.018425 0.011501 0.103878
v 0.015094 0.017898 0.103666
v 0.019099 0.010216 0.105385
v 0.249172 0.010366 0.090159
v 0.237876 0.010784 0.132216
v 0.019053 0.010588 0.147566
v 0.249359 0.012924 0.132561
v 0.260618 0.012767 0.090494
v 0.248249 0.011658 0.133796
v 0.245401 0.006524 0.133093
v 0.245100 0.005247 0.131512
v 0.256358 0.005089 0.089444
v 0.260315 0.011489 0.088912
v 0.257468 0.006355 0.088210
v -0.000956 -0.045908 0.156132
v -0.000956 -0.050691 0.156132
v -0.000977 -0.050691 0.150186
v -0.000977 -0.045908 0.150186
v 0.030755 -0.050691 0.143718
v 0.030642 -0.050691 0.111237
v 0.019193 -0.050691 0.112991
v 0.019295 -0.050691 0.142129
v -0.001568 -0.051104 0.099148
v -0.001568 -0.045496 0.099148
v -0.001275 -0.045787 0.099360
v -0.001275 -0.050812 0.099360
v 0.042074 -0.050691 0.104507
v 0.042233 -0.050691 0.150036
v 0.042254 -0.050691 0.155981
v 0.042254 -0.045908 0.155981
v 0.042233 -0.045908 0.150036
v 0.042233 -0.050691 0.150036
v 0.030755 -0.045908 0.143718
v 0.019295 -0.045908 0.142129
v 0.019193 -0.045908 0.112991
v 0.030642 -0.045908 0.111237
v -0.001275 -0.050812 0.099360
v -0.001275 -0.045787 0.099360
v -0.001152 -0.045908 0.099872
v -0.001152 -0.050691 0.099872
v 0.042074 -0.045908 0.104507
v 0.042233 -0.045908 0.150036
v 0.042057 -0.045908 0.099721
v 0.042057 -0.050691 0.099721
v 0.042074 -0.050691 0.104507
v 0.042074 -0.045908 0.104507
v -0.000977 -0.050691 0.150186
v 0.009151 -0.050691 0.143793
v 0.009038 -0.050691 0.111312
v -0.001135 -0.050691 0.104657
v 0.042176 -0.045787 0.099208
v 0.042176 -0.050812 0.099208
v 0.042057 -0.050691 0.099721
v 0.042057 -0.045908 0.099721
v -0.001135 -0.045908 0.104657
v -0.001135 -0.050691 0.104657
v -0.001152 -0.050691 0.099872
v -0.001152 -0.045908 0.099872
v -0.000977 -0.045908 0.150186
v -0.001135 -0.045908 0.104657
v 0.009038 -0.045908 0.111312
v 0.009151 -0.045908 0.143793
v 0.042467 -0.045496 0.098995
v 0.042467 -0.051104 0.098995
v 0.042176 -0.050812 0.099208
v 0.042176 -0.045787 0.099208
v -0.015346 -0.050691 0.104707
v -0.015187 -0.050691 0.150236
v -0.015187 -0.045908 0.150236
v -0.015346 -0.045908 0.104707
v 0.009167 -0.044836 0.148552
v 0.009167 -0.045183 0.148552
v 0.019310 -0.045183 0.146399
v 0.019310 -0.044836 0.146399
v 0.042376 -0.050812 0.156493
v 0.042376 -0.045787 0.156493
v 0.042254 -0.045908 0.155981
v 0.042254 -0.050691 0.155981
v 0.019310 -0.051763 0.146399
v 0.019310 -0.051416 0.146399
v 0.009167 -0.051416 0.148552
v 0.009167 -0.051763 0.148552
v 0.042669 -0.051104 0.156704
v 0.042669 -0.045496 0.156704
v 0.042376 -0.045787 0.156493
v 0.042376 -0.050812 0.156493
v -0.001075 -0.045787 0.156645
v -0.001075 -0.050812 0.156645
v -0.000956 -0.050691 0.156132
v -0.000956 -0.045908 0.156132
v 0.030773 -0.045183 0.148476
v 0.030773 -0.044836 0.148476
v -0.001366 -0.045496 0.156858
v -0.001366 -0.051104 0.156858
v -0.001075 -0.050812 0.156645
v -0.001075 -0.045787 0.156645
v 0.030773 -0.051763 0.148476
v 0.030773 -0.051416 0.148476
v -0.015005 -0.045288 0.148817
v -0.015005 -0.051311 0.148817
v -0.026401 -0.051153 0.148724
v -0.026401 -0.045446 0.148724
v -0.027697 -0.051137 0.105720
v -0.027697 -0.045462 0.105720
v -0.027551 -0.045462 0.147569
v -0.027551 -0.051137 0.147569
v -0.015160 -0.051311 0.104384
v -0.015160 -0.045288 0.104384
v -0.026556 -0.045446 0.104557
v -0.026556 -0.051153 0.104557
v -0.055347 -0.045405 0.104711
v -0.055347 -0.051194 0.104711
v -0.041547 -0.051142 0.104626
v -0.041547 -0.045458 0.104626
v -0.040251 -0.051137 0.147613
v -0.040251 -0.045462 0.147613
v -0.040397 -0.045462 0.105764
v -0.040397 -0.051137 0.105764
v -0.055166 -0.051232 0.148822
v -0.055166 -0.045367 0.148822
v -0.041392 -0.045455 0.148763
v -0.041392 -0.051144 0.148763
v -0.015164 -0.044143 0.103238
v -0.015172 -0.044133 0.100683
v -0.027580 -0.044229 0.100794
v -0.040548 -0.044229 0.100839
v -0.027580 -0.052371 0.100794
v -0.015172 -0.052466 0.100683
v -0.015164 -0.052456 0.103238
v -0.040548 -0.052371 0.100839
v -0.050544 -0.044134 0.100933
v -0.053475 -0.044218 0.103556
v -0.053475 -0.052381 0.103556
v -0.050544 -0.052465 0.100933
v -0.014027 -0.051327 0.100672
v -0.014027 -0.045272 0.100672
v -0.014018 -0.045272 0.103221
v -0.014018 -0.051327 0.103221
v -0.051839 -0.045242 0.100557
v -0.051839 -0.051357 0.100557
v -0.055639 -0.051227 0.103955
v -0.055639 -0.045372 0.103955
v -0.027374 -0.044219 0.155393
v -0.014981 -0.044133 0.155418
v -0.015000 -0.044143 0.149963
v -0.040373 -0.044219 0.155439
v -0.015000 -0.052456 0.149963
v -0.014981 -0.052466 0.155418
v -0.027374 -0.052380 0.155393
v -0.040373 -0.052380 0.155439
v -0.054086 -0.044203 0.149962
v -0.050155 -0.044115 0.155441
v -0.050155 -0.052484 0.155441
v -0.054086 -0.052396 0.149962
v -0.013836 -0.045272 0.155421
v -0.013836 -0.051327 0.155421
v -0.013855 -0.051327 0.149972
v -0.013855 -0.045272 0.149972
v -0.051410 -0.051359 0.155654
v -0.051410 -0.045240 0.155654
v -0.055643 -0.045344 0.149757
v -0.055643 -0.051256 0.149757
v -0.015176 -0.045279 0.099538
v -0.015176 -0.051321 0.099538
v -0.027543 -0.051252 0.099649
v -0.027543 -0.045348 0.099649
v -0.040593 -0.051252 0.099695
v -0.040593 -0.045348 0.099695
v -0.014977 -0.051321 0.156564
v -0.014977 -0.045279 0.156564
v -0.027345 -0.045348 0.156539
v -0.027345 -0.051252 0.156539
v -0.040395 -0.045348 0.156584
v -0.040395 -0.051252 0.156584
v -0.049840 -0.051371 0.099782
v -0.049840 -0.045228 0.099782
v -0.049597 -0.045237 0.156584
v -0.049597 -0.051362 0.156584
v -0.001366 -0.045496 0.156858
v -0.001075 -0.045787 0.156645
v 0.009167 -0.045696 0.148339
v -0.015187 -0.050691 0.150236
v -0.015167 -0.050691 0.155861
v -0.015167 -0.045908 0.155861
v -0.015187 -0.045908 0.150236
v 0.009167 -0.045696 0.148339
v -0.000956 -0.045908 0.156132
v 0.009165 -0.045908 0.147826
v 0.056543 -0.045908 0.150912
v 0.054046 -0.045908 0.155740
v 0.054046 -0.050691 0.155740
v 0.056543 -0.050691 0.150912
v 0.042233 -0.045908 0.150036
v 0.055979 -0.045908 0.149988
v 0.055979 -0.050691 0.149988
v 0.042233 -0.050691 0.150036
v 0.009167 -0.050903 0.148339
v 0.056304 -0.050691 0.103574
v 0.053926 -0.050691 0.099837
v 0.053926 -0.045908 0.099837
v 0.056304 -0.045908 0.103574
v 0.042074 -0.050691 0.104507
v 0.055820 -0.050691 0.104458
v 0.055820 -0.045908 0.104458
v 0.042074 -0.045908 0.104507
v -0.015361 -0.050691 0.100241
v -0.015346 -0.050691 0.104707
v -0.015346 -0.045908 0.104707
v -0.015361 -0.045908 0.100241
v 0.009167 -0.050903 0.148339
v 0.009165 -0.050691 0.147826
v -0.000956 -0.050691 0.156132
v 0.030642 -0.052807 0.111237
v 0.019193 -0.052807 0.112991
v 0.019185 -0.052807 0.110508
v 0.030633 -0.052807 0.108349
v 0.019181 -0.044836 0.109464
v 0.019181 -0.045183 0.109464
v 0.009024 -0.045183 0.107381
v 0.009024 -0.044836 0.107381
v 0.041630 -0.052807 0.150394
v 0.041471 -0.052807 0.104163
v 0.041897 -0.052501 0.104405
v 0.042056 -0.052501 0.150140
v 0.030772 -0.045696 0.148263
v 0.042376 -0.045787 0.156493
v 0.042669 -0.045496 0.156704
v 0.042056 -0.052501 0.150140
v 0.041897 -0.052501 0.104405
v 0.042074 -0.051763 0.104507
v 0.042233 -0.051763 0.150036
v 0.042074 -0.050691 0.104507
v 0.042233 -0.050691 0.150036
v 0.030642 -0.043792 0.111237
v 0.030633 -0.043792 0.108349
v 0.019185 -0.043792 0.110508
v 0.019193 -0.043792 0.112991
v 0.009024 -0.051763 0.107381
v 0.009024 -0.051416 0.107381
v 0.019181 -0.051416 0.109464
v 0.019181 -0.051763 0.109464
v 0.041630 -0.043792 0.150394
v 0.042056 -0.044098 0.150140
v 0.041897 -0.044098 0.104405
v 0.041471 -0.043792 0.104163
v 0.030772 -0.045696 0.148263
v 0.030770 -0.045908 0.147751
v 0.042254 -0.045908 0.155981
v 0.041897 -0.044098 0.104405
v 0.042056 -0.044098 0.150140
v 0.042233 -0.044836 0.150036
v 0.042074 -0.044836 0.104507
v 0.042233 -0.045908 0.150036
v 0.042074 -0.045908 0.104507
v -0.001135 -0.052807 0.104657
v -0.001151 -0.052807 0.100192
v 0.009027 -0.052807 0.108425
v 0.009038 -0.052807 0.111312
v 0.030772 -0.050903 0.148263
v 0.030628 -0.044836 0.107306
v 0.030628 -0.045183 0.107306
v -0.001135 -0.043792 0.104657
v 0.009038 -0.043792 0.111312
v 0.009027 -0.043792 0.108425
v -0.001151 -0.043792 0.100192
v 0.030772 -0.050903 0.148263
v 0.042254 -0.050691 0.155981
v 0.030770 -0.050691 0.147751
v 0.030628 -0.051416 0.107306
v 0.030628 -0.051763 0.107306
v 0.041897 -0.044098 0.104405
v 0.055510 -0.044098 0.104120
v 0.054966 -0.043792 0.103417
v 0.055820 -0.044836 0.104458
v 0.042074 -0.044836 0.104507
v 0.042074 -0.045908 0.104507
v 0.055820 -0.045908 0.104458
v 0.009025 -0.045696 0.107593
v 0.053926 -0.044836 0.099837
v 0.056304 -0.044836 0.103574
v 0.041897 -0.044098 0.104405
v 0.042074 -0.051763 0.104507
v 0.055820 -0.051763 0.104458
v 0.056304 -0.051763 0.103574
v 0.053926 -0.051763 0.099837
v 0.009025 -0.045696 0.107593
v 0.009027 -0.045908 0.108107
v -0.001152 -0.045908 0.099872
v -0.014317 -0.052807 0.100238
v -0.014301 -0.052807 0.104704
v 0.009025 -0.050903 0.107593
v -0.015361 -0.051763 0.100241
v -0.015346 -0.051763 0.104707
v -0.000977 -0.052807 0.150186
v -0.014143 -0.052807 0.150232
v -0.015187 -0.051763 0.150236
v -0.014317 -0.043792 0.100238
v -0.014301 -0.043792 0.104704
v -0.015346 -0.044836 0.104707
v -0.015361 -0.044836 0.100241
v -0.015361 -0.045908 0.100241
v -0.015346 -0.045908 0.104707
v 0.009025 -0.050903 0.107593
v -0.001275 -0.050812 0.099360
v -0.001152 -0.050691 0.099872
v 0.009027 -0.050691 0.108107
v -0.014143 -0.043792 0.150232
v -0.000977 -0.043792 0.150186
v -0.015187 -0.044836 0.150236
v -0.015187 -0.045908 0.150236
v 0.009151 -0.043792 0.143793
v 0.019295 -0.043792 0.142129
v 0.030755 -0.052807 0.143718
v 0.030769 -0.052807 0.147432
v 0.019307 -0.052807 0.145354
v 0.019295 -0.052807 0.142129
v 0.019307 -0.045908 0.145673
v 0.054966 -0.052807 0.103417
v 0.055510 -0.052501 0.104120
v 0.041897 -0.052501 0.104405
v -0.000956 -0.045908 0.156132
v 0.009151 -0.052807 0.143793
v 0.030755 -0.043792 0.143718
v 0.019307 -0.043792 0.145354
v 0.030769 -0.043792 0.147432
v 0.019307 -0.050691 0.145673
v 0.041897 -0.052501 0.104405
v -0.000956 -0.050691 0.156132
v 0.009164 -0.052807 0.147507
v -0.000957 -0.052807 0.155812
v 0.042254 -0.045908 0.155981
v -0.000957 -0.043792 0.155812
v 0.009164 -0.043792 0.147507
v 0.042254 -0.050691 0.155981
v 0.055304 -0.043792 0.151034
v 0.055741 -0.044098 0.150319
v 0.042056 -0.044098 0.150140
v 0.042233 -0.044836 0.150036
v 0.055979 -0.044836 0.149988
v 0.055979 -0.045908 0.149988
v 0.042233 -0.045908 0.150036
v 0.056543 -0.044836 0.150912
v 0.054046 -0.044836 0.155740
v 0.054046 -0.045908 0.155740
v 0.056543 -0.045908 0.150912
v 0.019184 -0.045908 0.110188
v -0.001135 -0.045908 0.104657
v -0.015346 -0.045908 0.104707
v -0.015346 -0.050691 0.104707
v -0.001135 -0.050691 0.104657
v -0.001152 -0.045908 0.099872
v 0.042056 -0.044098 0.150140
v 0.055979 -0.051763 0.149988
v 0.042233 -0.051763 0.150036
v 0.019184 -0.050691 0.110188
v 0.054046 -0.051763 0.155740
v 0.056543 -0.051763 0.150912
v -0.014123 -0.052807 0.155858
v -0.001152 -0.050691 0.099872
v -0.015167 -0.051763 0.155861
v 0.030631 -0.045908 0.108031
v 0.042057 -0.045908 0.099721
v -0.014123 -0.043792 0.155858
v -0.015187 -0.045908 0.150236
v -0.000977 -0.045908 0.150186
v -0.000977 -0.050691 0.150186
v -0.015187 -0.050691 0.150236
v 0.042057 -0.050691 0.099721
v 0.030631 -0.050691 0.108031
v -0.015167 -0.044836 0.155861
v -0.015167 -0.045908 0.155861
v -0.024299 -0.044759 0.106335
v -0.024009 -0.044925 0.146341
v -0.021891 -0.037678 0.146134
v -0.022211 -0.037486 0.106281
v -0.027985 -0.045262 0.146500
v -0.024009 -0.044925 0.146341
v -0.024299 -0.044759 0.106335
v -0.028166 -0.045082 0.106361
v -0.021282 -0.039022 0.147581
v -0.023332 -0.046234 0.147775
v -0.019493 -0.053747 0.147601
v -0.015669 -0.051599 0.147414
v -0.028178 -0.046719 0.147945
v -0.024360 -0.053828 0.147818
v -0.018838 -0.055044 0.146106
v -0.019129 -0.054867 0.106094
v -0.015388 -0.052735 0.106032
v -0.015083 -0.052930 0.145931
v -0.023680 -0.055113 0.146330
v -0.023972 -0.054967 0.106168
v -0.021624 -0.038816 0.104796
v -0.015998 -0.051391 0.104589
v -0.019807 -0.053557 0.104661
v -0.023643 -0.046057 0.104839
v -0.024673 -0.053671 0.104729
v -0.028372 -0.046526 0.104873
v -0.136851 -0.048624 0.100685
v -0.184583 -0.047166 0.097926
v -0.184441 -0.047166 0.138642
v -0.136709 -0.048624 0.141401
v -0.089049 -0.045558 0.145170
v -0.089195 -0.045558 0.103439
v -0.136664 -0.057548 0.142868
v -0.136697 -0.050088 0.142866
v -0.184435 -0.048631 0.140107
v -0.184435 -0.055591 0.140107
v -0.088886 -0.055971 0.146644
v -0.089022 -0.047022 0.146636
v -0.136817 -0.057548 0.099223
v -0.184588 -0.055591 0.096462
v -0.184588 -0.048631 0.096462
v -0.136849 -0.050088 0.099221
v -0.089041 -0.055971 0.101984
v -0.089177 -0.047022 0.101976
v -0.136805 -0.059012 0.100688
v -0.136663 -0.059012 0.141403
v -0.184441 -0.057055 0.138642
v -0.184583 -0.057055 0.097926
v -0.089014 -0.057436 0.103450
v -0.088869 -0.057436 0.145180
v -0.048077 -0.040966 0.147539
v -0.032027 -0.036334 0.146660
v -0.032196 -0.036283 0.106362
v -0.048223 -0.040966 0.105807
v -0.048123 -0.053117 0.148999
v -0.031432 -0.048261 0.148355
v -0.031949 -0.037799 0.148153
v -0.048078 -0.042430 0.149003
v -0.048133 -0.054582 0.147535
v -0.048280 -0.054582 0.105804
v -0.031536 -0.049687 0.106338
v -0.031366 -0.049722 0.146919
v -0.048278 -0.053117 0.104340
v -0.048234 -0.042430 0.104342
v -0.032130 -0.037744 0.104895
v -0.031615 -0.048223 0.104877
v -0.010462 -0.030247 0.105885
v -0.005350 -0.016332 0.105736
v -0.004926 -0.016669 0.145162
v -0.010107 -0.030521 0.145539
v -0.011514 -0.029205 0.104454
v -0.017818 -0.022938 0.104660
v -0.013717 -0.012877 0.104570
v -0.006719 -0.015762 0.104321
v -0.018842 -0.021917 0.106158
v -0.018471 -0.022210 0.145735
v -0.014629 -0.012669 0.145509
v -0.015054 -0.012331 0.106085
v -0.011132 -0.029499 0.147027
v -0.006263 -0.016124 0.146674
v -0.013260 -0.013239 0.146925
v -0.017418 -0.023253 0.147174
v -0.032027 -0.036334 0.146660
v -0.027985 -0.045262 0.146500
v -0.028166 -0.045082 0.106361
v -0.032196 -0.036283 0.106362
v -0.213378 -0.053331 0.138434
v -0.213378 -0.046371 0.138434
v -0.227001 -0.043585 0.136984
v -0.227907 -0.049275 0.137333
v -0.213526 -0.054796 0.096254
v -0.213384 -0.054796 0.136969
v -0.228165 -0.050745 0.135958
v -0.228947 -0.051471 0.095557
v -0.213531 -0.046371 0.094790
v -0.213531 -0.053331 0.094790
v -0.228986 -0.050033 0.094043
v -0.229035 -0.043202 0.093806
v -0.213526 -0.044907 0.096254
v -0.228968 -0.041752 0.095219
v -0.226848 -0.042127 0.135432
v -0.213384 -0.044907 0.136969
v -0.235076 -0.036274 0.133965
v -0.245506 -0.032948 0.093670
v -0.259359 -0.018608 0.092000
v -0.245559 -0.019669 0.130732
v -0.249114 -0.001974 0.129985
v -0.261442 -0.002213 0.091001
v -0.267615 -0.020259 0.093027
v -0.261220 -0.018868 0.091044
v -0.247181 -0.033430 0.092531
v -0.252415 -0.035823 0.093624
v -0.269385 -0.003814 0.091927
v -0.263254 -0.002512 0.090029
v -0.242130 -0.038980 0.134658
v -0.254070 -0.021396 0.133210
v -0.268470 -0.020586 0.094821
v -0.253324 -0.036509 0.095304
v -0.256940 -0.003769 0.132387
v -0.270278 -0.004094 0.093736
v -0.252175 -0.021146 0.134179
v -0.240367 -0.038548 0.135930
v -0.236072 -0.036911 0.135511
v -0.246448 -0.019986 0.132512
v -0.250040 -0.002280 0.131801
v -0.255095 -0.003443 0.133352
v -0.002047 0.002285 0.146661
v -0.009259 0.002285 0.146909
v -0.010743 0.002285 0.145495
v -0.011299 0.002285 0.106071
v -0.009856 0.002285 0.104556
v -0.002645 0.002285 0.104308
v -0.000604 0.002285 0.145147
v -0.001160 0.002285 0.105722
v -0.014696 0.018298 0.146125
v -0.018026 0.011900 0.146360
v -0.014033 0.019582 0.144613
v -0.014364 0.019211 0.105188
v -0.015052 0.017898 0.103771
v -0.018381 0.011501 0.104006
v -0.018714 0.010588 0.144943
v -0.019045 0.010216 0.105518
v -0.236533 0.019191 0.132263
v -0.237103 0.012258 0.132480
v -0.248408 0.020217 0.091591
v -0.236829 0.020635 0.130813
v -0.248944 0.018743 0.090232
v -0.249513 0.011810 0.090449
v -0.237638 0.010784 0.131120
v -0.249218 0.010366 0.091899
v -0.249118 0.012924 0.131546
v -0.236829 0.020635 0.130813
v -0.248408 0.020217 0.091591
v -0.260662 0.012767 0.092312
v -0.248000 0.011658 0.132773
v -0.245157 0.006524 0.132051
v -0.237103 0.012258 0.132480
v -0.236533 0.019191 0.132263
v -0.244867 0.005247 0.130467
v -0.256410 0.005089 0.091233
v -0.249218 0.010366 0.091899
v -0.237638 0.010784 0.131120
v -0.260370 0.011489 0.090729
v -0.248944 0.018743 0.090232
v -0.249513 0.011810 0.090449
v -0.257527 0.006355 0.090007
v -0.008381 -0.050382 0.106241
v 0.002349 -0.050382 0.106204
v 0.002504 -0.050382 0.150355
v -0.008226 -0.050382 0.150393
v 0.002348 -0.049657 0.105479
v -0.007658 -0.049657 0.105514
v -0.007658 -0.046942 0.105514
v 0.002348 -0.046942 0.105479
v -0.008381 -0.046217 0.106241
v -0.008226 -0.046217 0.150393
v 0.002504 -0.046217 0.150355
v 0.002349 -0.046217 0.106204
v 0.002507 -0.046942 0.151081
v -0.007499 -0.046942 0.151116
v -0.007499 -0.049657 0.151116
v 0.002507 -0.049657 0.151081
v 0.028561 -0.049657 0.102942
v 0.011616 -0.049657 0.102242
v 0.011616 -0.046942 0.102242
v 0.028561 -0.046942 0.102942
v 0.038181 -0.046942 0.105185
v 0.038181 -0.049657 0.105185
v 0.038890 -0.049657 0.106076
v 0.038890 -0.046942 0.106076
v 0.039043 -0.046942 0.150228
v 0.039043 -0.049657 0.150228
v 0.011798 -0.046942 0.154253
v 0.011798 -0.049657 0.154253
v 0.028737 -0.049657 0.153435
v 0.028737 -0.046942 0.153435
v 0.038341 -0.049657 0.151123
v 0.038341 -0.046942 0.151123
v 0.011619 -0.046217 0.102967
v 0.011795 -0.046217 0.153528
v 0.011619 -0.050382 0.102967
v 0.011795 -0.050382 0.153528
v 0.028562 -0.046217 0.103667
v 0.028734 -0.046217 0.152709
v 0.038319 -0.046217 0.150382
v 0.038164 -0.046217 0.105927
v 0.028562 -0.050382 0.103667
v 0.038164 -0.050382 0.105927
v 0.038319 -0.050382 0.150382
v 0.028734 -0.050382 0.152709
v -0.014858 -0.045908 0.156600
v -0.014858 -0.044836 0.156600
v -0.014119 -0.045908 0.156902
v -0.014119 -0.044836 0.156902
v -0.014861 -0.044098 0.155861
v -0.014881 -0.044098 0.150235
v -0.000955 -0.044098 0.156551
v -0.014121 -0.044098 0.156597
v -0.000954 -0.044836 0.156856
v -0.014119 -0.051763 0.156902
v -0.014119 -0.050691 0.156902
v -0.014858 -0.050691 0.156600
v -0.014858 -0.051763 0.156600
v -0.014121 -0.052501 0.156597
v -0.000955 -0.052501 0.156551
v -0.000954 -0.051763 0.156856
v -0.014881 -0.052501 0.150235
v -0.014861 -0.052501 0.155861
v 0.053414 -0.050691 0.156418
v 0.053414 -0.051763 0.156418
v 0.052522 -0.050691 0.156670
v 0.052522 -0.051763 0.156670
v 0.053705 -0.052501 0.155682
v 0.056140 -0.052501 0.150972
v 0.052930 -0.052807 0.155624
v 0.055304 -0.052807 0.151034
v 0.056522 -0.051763 0.150291
v 0.056522 -0.050691 0.150291
v 0.056522 -0.051763 0.150291
v 0.042255 -0.052501 0.156400
v 0.052627 -0.052501 0.156339
v 0.042256 -0.051763 0.156706
v 0.042253 -0.052807 0.155661
v 0.042056 -0.052501 0.150140
v 0.055741 -0.052501 0.150319
v 0.042056 -0.052501 0.150140
v 0.052522 -0.044836 0.156670
v 0.052522 -0.045908 0.156670
v 0.053414 -0.045908 0.156418
v 0.053414 -0.044836 0.156418
v 0.052627 -0.044098 0.156339
v 0.042255 -0.044098 0.156400
v 0.042256 -0.044836 0.156706
v 0.042253 -0.043792 0.155661
v 0.052930 -0.043792 0.155624
v 0.056522 -0.045908 0.150291
v 0.056522 -0.044836 0.150291
v 0.056522 -0.044836 0.150291
v 0.056140 -0.044098 0.150972
v 0.053705 -0.044098 0.155682
v 0.019309 -0.044098 0.146092
v 0.009166 -0.044098 0.148245
v 0.009166 -0.052501 0.148245
v 0.019309 -0.052501 0.146092
v 0.030772 -0.044098 0.148170
v 0.030772 -0.052501 0.148170
v -0.015040 -0.044098 0.104706
v -0.014321 -0.044836 0.099193
v -0.014321 -0.045908 0.099193
v -0.015058 -0.045908 0.099501
v -0.015058 -0.044836 0.099501
v -0.001155 -0.044836 0.099147
v -0.014320 -0.044098 0.099499
v -0.001154 -0.044098 0.099453
v -0.015055 -0.044098 0.100240
v -0.015040 -0.052501 0.104706
v -0.015058 -0.050691 0.099501
v -0.015058 -0.051763 0.099501
v -0.014321 -0.050691 0.099193
v -0.014321 -0.051763 0.099193
v -0.015055 -0.052501 0.100240
v -0.001155 -0.051763 0.099147
v -0.001154 -0.052501 0.099453
v -0.014320 -0.052501 0.099499
v 0.052321 -0.051763 0.098960
v 0.052321 -0.050691 0.098960
v 0.053236 -0.050691 0.099192
v 0.053236 -0.051763 0.099192
v 0.052441 -0.052501 0.099300
v 0.042056 -0.052501 0.099301
v 0.042055 -0.051763 0.098996
v 0.042059 -0.052807 0.100040
v 0.052793 -0.052807 0.100003
v 0.056323 -0.050691 0.104158
v 0.056323 -0.051763 0.104158
v 0.056323 -0.051763 0.104158
v 0.055852 -0.052501 0.103495
v 0.053575 -0.052501 0.099919
v 0.053236 -0.045908 0.099192
v 0.053236 -0.044836 0.099192
v 0.052321 -0.045908 0.098960
v 0.052321 -0.044836 0.098960
v 0.053575 -0.044098 0.099919
v 0.055852 -0.044098 0.103495
v 0.052793 -0.043792 0.100003
v 0.056323 -0.044836 0.104158
v 0.056323 -0.045908 0.104158
v 0.056323 -0.044836 0.104158
v 0.042056 -0.044098 0.099301
v 0.052441 -0.044098 0.099300
v 0.042055 -0.044836 0.098996
v 0.042059 -0.043792 0.100040
v 0.009025 -0.044098 0.107687
v 0.019182 -0.044098 0.109770
v 0.019182 -0.052501 0.109770
v 0.009025 -0.052501 0.107687
v 0.030630 -0.044098 0.107611
v 0.030630 -0.052501 0.107611
v -0.015058 -0.045908 0.099501
v 0.056323 -0.045908 0.104158
v 0.056522 -0.045908 0.150291
v 0.053414 -0.045908 0.156418
v 0.052522 -0.045908 0.156670
v -0.014858 -0.045908 0.156600
v -0.014119 -0.045908 0.156902
v -0.014956 -0.044200 0.099603
v -0.014757 -0.044200 0.156498
v -0.014956 -0.052399 0.099603
v -0.014757 -0.052399 0.156498
v 0.053343 -0.044178 0.156302
v 0.053171 -0.044172 0.099310
v 0.053343 -0.052421 0.156302
v 0.053171 -0.052427 0.099310
v 0.056337 -0.052455 0.150403
v 0.056522 -0.051763 0.150291
v 0.056337 -0.044144 0.150403
v 0.056522 -0.044836 0.150291
v 0.056105 -0.052483 0.104039
v 0.056323 -0.051763 0.104158
v 0.056105 -0.052483 0.104039
v 0.056105 -0.052483 0.104039
v 0.056105 -0.044116 0.104039
v 0.056323 -0.044836 0.104158
v 0.019182 -0.050903 0.109676
v 0.030630 -0.050903 0.107519
v 0.019182 -0.050903 0.109676
v 0.030630 -0.050903 0.107519
v 0.030630 -0.045696 0.107519
v 0.030630 -0.045696 0.107519
v 0.042057 -0.045908 0.099721
v 0.019182 -0.045696 0.109676
v 0.019182 -0.045696 0.109676
v 0.042057 -0.050691 0.099721
v 0.042176 -0.050812 0.099208
v 0.019309 -0.050903 0.146186
v 0.019309 -0.050903 0.146186
v 0.019309 -0.045696 0.146186
v 0.019309 -0.045696 0.146186
v -0.040389 -0.044544 0.156248
v -0.049738 -0.044436 0.156205
v -0.040395 -0.045348 0.156584
v -0.050616 -0.045232 0.156338
v -0.050616 -0.051368 0.156338
v -0.040389 -0.052056 0.156248
v -0.049738 -0.052163 0.156205
v -0.040580 -0.052052 0.100032
v -0.050017 -0.052160 0.100202
v -0.050910 -0.051375 0.099988
v -0.050910 -0.045225 0.099988
v -0.040580 -0.044547 0.100032
v -0.040593 -0.045348 0.099695
v -0.050017 -0.044440 0.100202
v -0.027345 -0.045348 0.156539
v -0.027353 -0.044544 0.156202
v -0.027353 -0.052056 0.156202
v -0.014979 -0.052131 0.156228
v -0.014169 -0.051325 0.156230
v -0.014169 -0.045274 0.156230
v -0.014979 -0.044469 0.156228
v -0.014977 -0.045279 0.156564
v -0.027554 -0.052052 0.099987
v -0.027543 -0.045348 0.099649
v -0.027554 -0.044547 0.099987
v -0.015175 -0.044469 0.099872
v -0.015176 -0.045279 0.099538
v -0.014365 -0.045274 0.099865
v -0.014365 -0.051325 0.099865
v -0.015175 -0.052131 0.099872
v -0.055101 -0.052064 0.149861
v -0.051019 -0.052161 0.155547
v -0.051019 -0.044438 0.155547
v -0.055101 -0.044535 0.149861
v -0.055690 -0.045357 0.149143
v -0.055690 -0.051242 0.149143
v -0.055690 -0.051242 0.149143
v -0.055690 -0.045357 0.149143
v -0.014172 -0.044465 0.155420
v -0.013836 -0.045272 0.155421
v -0.013855 -0.045272 0.149972
v -0.014191 -0.044468 0.149969
v -0.014172 -0.052135 0.155420
v -0.014191 -0.052131 0.149969
v -0.014192 -0.051322 0.149159
v -0.014192 -0.045277 0.149159
v -0.054764 -0.052049 0.149198
v -0.054764 -0.044550 0.149198
v -0.041392 -0.045455 0.148763
v -0.015003 -0.052121 0.149153
v -0.015003 -0.044478 0.149153
v -0.015005 -0.045288 0.148817
v -0.026401 -0.045446 0.148724
v -0.054793 -0.044557 0.103757
v -0.051428 -0.044449 0.100747
v -0.051428 -0.052150 0.100747
v -0.054793 -0.052042 0.103757
v -0.055755 -0.051208 0.104434
v -0.055755 -0.045392 0.104434
v -0.055755 -0.045392 0.104434
v -0.055755 -0.051208 0.104434
v -0.014363 -0.052135 0.100675
v -0.014355 -0.052131 0.103227
v -0.014363 -0.044465 0.100675
v -0.014355 -0.044468 0.103227
v -0.014018 -0.045272 0.103221
v -0.014027 -0.045272 0.100672
v -0.014350 -0.045277 0.104037
v -0.014350 -0.051322 0.104037
v -0.054589 -0.052021 0.104293
v -0.054589 -0.044579 0.104293
v -0.041547 -0.045458 0.104626
v -0.015161 -0.052121 0.104049
v -0.040397 -0.045462 0.105764
v -0.040251 -0.045462 0.147613
v -0.027551 -0.045462 0.147569
v -0.027697 -0.045462 0.105720
v -0.015161 -0.044478 0.104049
v -0.026556 -0.045446 0.104557
v -0.015160 -0.045288 0.104384
v -0.040584 -0.045460 0.148425
v -0.040584 -0.051139 0.148425
v -0.040736 -0.045461 0.104956
v -0.040736 -0.051138 0.104956
v -0.027365 -0.045457 0.104905
v -0.027365 -0.051142 0.104905
v -0.027214 -0.045457 0.148382
v -0.027214 -0.051142 0.148382
v -0.050857 -0.044480 0.100128
v -0.050549 -0.044503 0.156207
v -0.050857 -0.052120 0.100128
v -0.050549 -0.052096 0.156207
v -0.014477 -0.044577 0.099979
v -0.014365 -0.045274 0.099865
v -0.014281 -0.044577 0.156119
v -0.014169 -0.045274 0.156230
v -0.014281 -0.052022 0.156119
v -0.014477 -0.052022 0.099979
v -0.055421 -0.052059 0.149281
v -0.055690 -0.051242 0.149143
v -0.055421 -0.052059 0.149281
v -0.055421 -0.052059 0.149281
v -0.055421 -0.044540 0.149281
v -0.055421 -0.044540 0.149281
v -0.055690 -0.045357 0.149143
v -0.055421 -0.044540 0.149281
v -0.014304 -0.044581 0.149270
v -0.014192 -0.045277 0.149159
v -0.014304 -0.052018 0.149270
v -0.040584 -0.045460 0.148425
v -0.027214 -0.045457 0.148382
v -0.055288 -0.052201 0.104255
v -0.055755 -0.051208 0.104434
v -0.055288 -0.052201 0.104255
v -0.055755 -0.051208 0.104434
v -0.055288 -0.044398 0.104255
v -0.055755 -0.045392 0.104434
v -0.055288 -0.044398 0.104255
v -0.055755 -0.045392 0.104434
v -0.014463 -0.044581 0.103927
v -0.014350 -0.045277 0.104037
v -0.014463 -0.052018 0.103927
v -0.040736 -0.045461 0.104956
v -0.027365 -0.045457 0.104905
v 0.011617 -0.050170 0.102453
v 0.028561 -0.050170 0.103154
v 0.011797 -0.050170 0.154041
v 0.028735 -0.050170 0.153223
v 0.038172 -0.050170 0.105406
v 0.038673 -0.050170 0.106036
v 0.038827 -0.050170 0.150270
v 0.038330 -0.050170 0.150903
v 0.028735 -0.046429 0.153223
v 0.011797 -0.046429 0.154041
v 0.028735 -0.046429 0.153223
v 0.011797 -0.046429 0.154041
v 0.011617 -0.046429 0.102453
v 0.028561 -0.046429 0.103154
v 0.011617 -0.046429 0.102453
v 0.028561 -0.046429 0.103154
v 0.002506 -0.046429 0.150869
v 0.002506 -0.046429 0.150869
v 0.002506 -0.050170 0.150869
v 0.038330 -0.046429 0.150903
v 0.038330 -0.046429 0.150903
v 0.038827 -0.046429 0.150270
v 0.038673 -0.046429 0.106036
v 0.038172 -0.046429 0.105406
v 0.038172 -0.046429 0.105406
v 0.002348 -0.050170 0.105690
v 0.002348 -0.046429 0.105690
v 0.002348 -0.046429 0.105690
v 0.038848 -0.049657 0.150798
v 0.038848 -0.046942 0.150798
v 0.038848 -0.046942 0.150798
v 0.038848 -0.049657 0.150798
v 0.038690 -0.046942 0.105509
v 0.038690 -0.049657 0.105509
v 0.038690 -0.049657 0.105509
v 0.038690 -0.046942 0.105509
v -0.008012 -0.046429 0.150905
v -0.008012 -0.046429 0.150905
v -0.008012 -0.050170 0.150905
v -0.008170 -0.046429 0.105727
v -0.008170 -0.046429 0.105727
v -0.008170 -0.050170 0.105727
v 0.038773 -0.046496 0.150739
v 0.038773 -0.046496 0.150739
v 0.038773 -0.050104 0.150739
v 0.038615 -0.046496 0.105568
v 0.038615 -0.046496 0.105568
v 0.038615 -0.050104 0.105568
v -0.260746 0.012389 0.091269
v -0.270211 -0.004016 0.092634
v -0.256908 0.005456 0.090292
v -0.262155 -0.002304 0.090137
v -0.256908 0.005456 0.090292
v -0.262155 -0.002304 0.090137
v -0.249204 -0.002061 0.131096
v -0.244782 0.005625 0.131512
v -0.248620 0.012557 0.132489
v -0.256203 -0.003670 0.133247
v -0.048228 -0.041394 0.104771
v -0.089192 -0.045987 0.102404
v -0.089192 -0.045987 0.102404
v -0.048228 -0.041394 0.104771
v -0.089039 -0.045987 0.146206
v -0.048075 -0.041394 0.148573
v -0.088871 -0.057007 0.146215
v -0.048128 -0.054153 0.148570
v -0.048281 -0.054153 0.104768
v -0.089025 -0.057007 0.102414
v -0.248737 0.019779 0.090611
v -0.249476 0.010783 0.090892
v -0.249476 0.010783 0.090892
v -0.237310 0.011221 0.132101
v -0.236570 0.020218 0.131820
v -0.018856 0.010585 0.104467
v -0.249476 0.010783 0.090892
v -0.018856 0.010585 0.104467
v -0.249476 0.010783 0.090892
v -0.018506 0.010980 0.145963
v -0.237310 0.011221 0.132101
v -0.248737 0.019779 0.090611
v -0.014571 0.018819 0.104168
v -0.236570 0.020218 0.131820
v -0.014221 0.019213 0.145664
v -0.010887 0.002285 0.105018
v -0.010887 0.002285 0.105018
v -0.010297 0.002285 0.146514
v -0.001606 0.002285 0.104703
v -0.001016 0.002285 0.146199
v -0.184437 -0.047595 0.139677
v -0.213380 -0.045336 0.138005
v -0.184587 -0.047595 0.096891
v -0.213530 -0.045336 0.095218
v -0.213530 -0.045336 0.095218
v -0.184587 -0.047595 0.096891
v -0.213380 -0.054367 0.138005
v -0.184437 -0.056626 0.139677
v -0.184587 -0.056626 0.096891
v -0.213530 -0.054367 0.095218
v -0.005310 -0.016515 0.146213
v -0.005760 -0.016159 0.104717
v -0.014670 -0.012485 0.105033
v -0.014670 -0.012485 0.105033
v -0.014220 -0.012842 0.146529
v -0.015572 -0.052338 0.105004
v -0.010776 -0.029937 0.104861
v -0.010402 -0.030226 0.146581
v -0.015249 -0.052543 0.146973
v -0.229019 -0.042175 0.094203
v -0.246148 -0.033041 0.092751
v -0.246148 -0.033041 0.092751
v -0.229019 -0.042175 0.094203
v -0.226859 -0.042555 0.136498
v -0.235229 -0.036512 0.134994
v -0.022044 -0.037872 0.105240
v -0.018549 -0.022211 0.105112
v -0.018549 -0.022211 0.105112
v -0.022044 -0.037872 0.105240
v -0.228970 -0.051062 0.094505
v -0.253219 -0.036270 0.094232
v -0.021707 -0.038075 0.147164
v -0.018157 -0.022520 0.146761
v -0.228077 -0.050300 0.136964
v -0.241456 -0.038895 0.135625
v -0.253305 -0.021336 0.134069
v -0.245623 -0.019778 0.131822
v -0.268426 -0.020477 0.093732
v -0.260106 -0.018668 0.091144
v -0.260106 -0.018668 0.091144
v -0.032001 -0.036762 0.147705
v -0.028039 -0.045692 0.147529
v -0.027985 -0.045262 0.146500
v -0.028039 -0.045692 0.147529
v -0.032001 -0.036762 0.147705
v -0.028166 -0.045082 0.106361
v -0.028229 -0.045502 0.105317
v -0.032179 -0.036710 0.105326
v -0.028229 -0.045502 0.105317
v -0.032179 -0.036710 0.105326
v -0.031383 -0.049293 0.147945
v -0.023874 -0.054740 0.147373
v -0.031562 -0.049258 0.105303
v -0.024182 -0.054585 0.105141
v -0.032179 -0.036710 0.105326
v -0.032179 -0.036710 0.105326
v -0.032001 -0.036762 0.147705
v -0.136661 -0.058583 0.142439
v -0.136811 -0.058584 0.099652
v -0.136853 -0.049052 0.099650
v -0.136853 -0.049052 0.099650
v -0.136703 -0.049052 0.142436
v -0.028229 -0.045502 0.105317
v -0.024112 -0.045135 0.105289
v -0.024112 -0.045135 0.105289
v -0.028229 -0.045502 0.105317
v -0.028166 -0.045082 0.106361
v -0.024299 -0.044759 0.106335
v -0.019333 -0.054479 0.105069
v -0.024299 -0.044759 0.106335
v -0.019024 -0.054668 0.147152
v -0.023806 -0.045312 0.147367
v -0.028039 -0.045692 0.147529
v -0.024009 -0.044925 0.146341
v -0.027985 -0.045262 0.146500
v 0.262096 -0.002304 0.088307
v 0.256850 0.005456 0.088498
v 0.256850 0.005456 0.088498
v 0.262096 -0.002304 0.088307
v 0.260695 0.012389 0.089448
v 0.270170 -0.004016 0.090748
v 0.249441 -0.002061 0.132109
v 0.245022 0.005625 0.132557
v 0.248866 0.012557 0.133507
v 0.256455 -0.003670 0.134212
v 0.048435 -0.041394 0.149976
v 0.089382 -0.045987 0.147323
v 0.089223 -0.045987 0.101781
v 0.048276 -0.041394 0.104435
v 0.089223 -0.045987 0.101781
v 0.048276 -0.041394 0.104435
v 0.048488 -0.054153 0.149973
v 0.089214 -0.057007 0.147334
v 0.089056 -0.057007 0.101793
v 0.048329 -0.054153 0.104432
v 0.249424 0.010783 0.089151
v 0.249424 0.010783 0.089151
v 0.248682 0.019779 0.088874
v 0.237554 0.011221 0.133199
v 0.236813 0.020218 0.132923
v 0.018852 0.010980 0.148588
v 0.018903 0.010585 0.104335
v 0.018903 0.010585 0.104335
v 0.014616 0.018819 0.104066
v 0.014565 0.019213 0.148319
v 0.018852 0.010980 0.148588
v 0.010648 0.002285 0.149196
v 0.010938 0.002285 0.104943
v 0.018903 0.010585 0.104335
v 0.018903 0.010585 0.104335
v 0.010938 0.002285 0.104943
v 0.014616 0.018819 0.104066
v 0.001655 0.002285 0.104691
v 0.001365 0.002285 0.148945
v 0.014565 0.019213 0.148319
v 0.213507 -0.045336 0.093727
v 0.184576 -0.047595 0.095602
v 0.184576 -0.047595 0.095602
v 0.213507 -0.045336 0.093727
v 0.184736 -0.047595 0.141144
v 0.213666 -0.045336 0.139269
v 0.184736 -0.056626 0.141144
v 0.213666 -0.054367 0.139269
v 0.213507 -0.054367 0.093727
v 0.184576 -0.056626 0.095602
v 0.005809 -0.016159 0.104677
v 0.005658 -0.016515 0.148929
v 0.014721 -0.012485 0.104930
v 0.014721 -0.012485 0.104930
v 0.014570 -0.012842 0.149182
v 0.021849 -0.039690 0.104926
v 0.031614 -0.044110 0.105083
v 0.026629 -0.030345 0.105112
v 0.032232 -0.031563 0.105102
v 0.026629 -0.030345 0.105112
v 0.032232 -0.031563 0.105102
v 0.227134 -0.042555 0.137667
v 0.235494 -0.036512 0.136105
v 0.228989 -0.042175 0.092605
v 0.246107 -0.033041 0.091032
v 0.228989 -0.042175 0.092605
v 0.246107 -0.033041 0.091032
v 0.031743 -0.044146 0.150478
v 0.021844 -0.039878 0.149763
v 0.228942 -0.051062 0.092907
v 0.253189 -0.036270 0.092465
v 0.032359 -0.031615 0.150236
v 0.026626 -0.030522 0.149945
v 0.241725 -0.038895 0.136693
v 0.228355 -0.050300 0.138126
v 0.245864 -0.019778 0.132861
v 0.253563 -0.021336 0.135054
v 0.268392 -0.020477 0.091857
v 0.260054 -0.018668 0.089329
v 0.260054 -0.018668 0.089329
v 0.010753 -0.030226 0.149263
v 0.018508 -0.022520 0.149389
v 0.018600 -0.022211 0.104982
v 0.018600 -0.022211 0.104982
v 0.010826 -0.029937 0.104786
v 0.136821 -0.058584 0.098697
v 0.136980 -0.058583 0.144238
v 0.136863 -0.049052 0.098694
v 0.136863 -0.049052 0.098694
v 0.137022 -0.049052 0.144235
v 0.183871 -0.047166 -0.106361
v 0.136160 -0.048624 -0.103269
v 0.136312 -0.048624 -0.059798
v 0.184023 -0.047166 -0.062890
v 0.088524 -0.045558 -0.100182
v 0.088676 -0.045558 -0.056712
v 0.136278 -0.057548 -0.058331
v 0.184029 -0.055591 -0.061426
v 0.184029 -0.048631 -0.061426
v 0.136310 -0.050088 -0.058333
v 0.088523 -0.055971 -0.055237
v 0.088658 -0.047022 -0.055246
v 0.136116 -0.057548 -0.104731
v 0.136148 -0.050088 -0.104733
v 0.183866 -0.048631 -0.107825
v 0.183866 -0.055591 -0.107825
v 0.088361 -0.055971 -0.101636
v 0.088497 -0.047022 -0.101646
v 0.183871 -0.057055 -0.106361
v 0.184023 -0.057055 -0.062890
v 0.136266 -0.059012 -0.059795
v 0.136114 -0.059012 -0.103267
v 0.088496 -0.057436 -0.056700
v 0.088344 -0.057436 -0.100171
v 0.037469 -0.038544 -0.052356
v 0.047732 -0.042430 -0.052594
v 0.047727 -0.041394 -0.053022
v 0.037518 -0.037509 -0.052801
v 0.047722 -0.040966 -0.054057
v 0.037535 -0.037082 -0.053847
v 0.047778 -0.054582 -0.054060
v 0.047780 -0.054153 -0.053025
v 0.036901 -0.050038 -0.052578
v 0.036878 -0.050466 -0.053604
v 0.212954 -0.054796 -0.064765
v 0.212802 -0.054796 -0.108236
v 0.212797 -0.053331 -0.109700
v 0.212797 -0.046371 -0.109700
v 0.212959 -0.046371 -0.063301
v 0.212959 -0.053331 -0.063301
v 0.212954 -0.044907 -0.064765
v 0.212802 -0.044907 -0.108236
v 0.047627 -0.054582 -0.097531
v 0.047571 -0.042430 -0.098993
v 0.047615 -0.053117 -0.098996
v 0.047777 -0.053117 -0.052595
v 0.047570 -0.040966 -0.097527
v -0.001665 -0.045908 -0.046868
v -0.001665 -0.050691 -0.046868
v -0.001685 -0.050691 -0.052812
v -0.001685 -0.045908 -0.052812
v 0.030047 -0.050691 -0.059281
v 0.029934 -0.050691 -0.091762
v 0.018485 -0.050691 -0.090009
v 0.018587 -0.050691 -0.060869
v -0.002276 -0.051104 -0.103850
v -0.002276 -0.045496 -0.103850
v -0.001984 -0.045787 -0.103638
v -0.001984 -0.050812 -0.103638
v 0.041525 -0.050691 -0.052963
v 0.041366 -0.050691 -0.098493
v 0.041545 -0.050691 -0.047018
v 0.041545 -0.045908 -0.047018
v 0.041525 -0.045908 -0.052963
v 0.041525 -0.050691 -0.052963
v 0.030047 -0.045908 -0.059281
v 0.018587 -0.045908 -0.060869
v 0.018485 -0.045908 -0.090009
v 0.029934 -0.045908 -0.091762
v -0.001984 -0.050812 -0.103638
v -0.001984 -0.045787 -0.103638
v -0.001861 -0.045908 -0.103127
v -0.001861 -0.050691 -0.103127
v 0.041525 -0.045908 -0.052963
v 0.041366 -0.045908 -0.098493
v 0.041349 -0.045908 -0.103277
v 0.041349 -0.050691 -0.103277
v 0.041366 -0.050691 -0.098493
v 0.041366 -0.045908 -0.098493
v -0.001844 -0.050691 -0.098342
v -0.001685 -0.050691 -0.052812
v 0.008442 -0.050691 -0.059206
v 0.008329 -0.050691 -0.091687
v 0.041468 -0.045787 -0.103790
v 0.041468 -0.050812 -0.103790
v 0.041349 -0.050691 -0.103277
v 0.041349 -0.045908 -0.103277
v -0.001844 -0.045908 -0.098342
v -0.001844 -0.050691 -0.098342
v -0.001861 -0.050691 -0.103127
v -0.001861 -0.045908 -0.103127
v -0.001844 -0.045908 -0.098342
v 0.008329 -0.045908 -0.091687
v 0.008442 -0.045908 -0.059206
v -0.001685 -0.045908 -0.052812
v 0.041759 -0.045496 -0.104004
v 0.041759 -0.051104 -0.104004
v 0.041468 -0.050812 -0.103790
v 0.041468 -0.045787 -0.103790
v -0.016054 -0.050691 -0.098293
v -0.015895 -0.050691 -0.052763
v -0.015895 -0.045908 -0.052763
v -0.016054 -0.045908 -0.098293
v 0.008459 -0.044836 -0.054447
v 0.008459 -0.045183 -0.054447
v 0.018601 -0.045183 -0.056600
v 0.018601 -0.044836 -0.056600
v 0.041668 -0.050812 -0.046505
v 0.041668 -0.045787 -0.046505
v 0.041545 -0.045908 -0.047018
v 0.041545 -0.050691 -0.047018
v 0.018601 -0.051763 -0.056600
v 0.018601 -0.051416 -0.056600
v 0.008459 -0.051416 -0.054447
v 0.008459 -0.051763 -0.054447
v 0.041961 -0.051104 -0.046294
v 0.041961 -0.045496 -0.046294
v 0.041668 -0.045787 -0.046505
v 0.041668 -0.050812 -0.046505
v -0.001783 -0.045787 -0.046354
v -0.001783 -0.050812 -0.046354
v -0.001665 -0.050691 -0.046868
v -0.001665 -0.045908 -0.046868
v 0.030064 -0.045183 -0.054523
v 0.030064 -0.044836 -0.054523
v -0.002074 -0.045496 -0.046140
v -0.002074 -0.051104 -0.046140
v -0.001783 -0.050812 -0.046354
v -0.001783 -0.045787 -0.046354
v 0.030064 -0.051763 -0.054523
v 0.030064 -0.051416 -0.054523
v -0.015713 -0.045288 -0.054181
v -0.015713 -0.051311 -0.054181
v -0.027110 -0.051153 -0.054276
v -0.027110 -0.045446 -0.054276
v -0.028406 -0.051137 -0.097279
v -0.028406 -0.045462 -0.097279
v -0.028259 -0.045462 -0.055429
v -0.028259 -0.051137 -0.055429
v -0.015868 -0.051311 -0.098614
v -0.015868 -0.045288 -0.098614
v -0.027264 -0.045446 -0.098442
v -0.027264 -0.051153 -0.098442
v -0.056056 -0.045405 -0.098287
v -0.056056 -0.051194 -0.098287
v -0.042255 -0.051142 -0.098372
v -0.042255 -0.045458 -0.098372
v -0.040960 -0.051137 -0.055386
v -0.040960 -0.045462 -0.055386
v -0.041106 -0.045462 -0.097235
v -0.041106 -0.051137 -0.097235
v -0.055874 -0.051232 -0.054177
v -0.055874 -0.045367 -0.054177
v -0.042101 -0.045455 -0.054235
v -0.042101 -0.051144 -0.054235
v -0.015872 -0.044143 -0.099760
v -0.015881 -0.044133 -0.102316
v -0.028288 -0.044229 -0.102205
v -0.041257 -0.044229 -0.102160
v -0.028288 -0.052371 -0.102205
v -0.015881 -0.052466 -0.102316
v -0.015872 -0.052456 -0.099760
v -0.041257 -0.052371 -0.102160
v -0.051253 -0.044134 -0.102066
v -0.054184 -0.044218 -0.099443
v -0.054184 -0.052381 -0.099443
v -0.051253 -0.052465 -0.102066
v -0.014735 -0.051327 -0.102327
v -0.014735 -0.045272 -0.102327
v -0.014726 -0.045272 -0.099777
v -0.014726 -0.051327 -0.099777
v -0.052548 -0.045242 -0.102442
v -0.052548 -0.051357 -0.102442
v -0.056347 -0.051227 -0.099044
v -0.056347 -0.045372 -0.099044
v -0.028082 -0.044219 -0.047605
v -0.015690 -0.044133 -0.047580
v -0.015709 -0.044143 -0.053036
v -0.041081 -0.044219 -0.047560
v -0.015709 -0.052456 -0.053036
v -0.015690 -0.052466 -0.047580
v -0.028082 -0.052380 -0.047605
v -0.041081 -0.052380 -0.047560
v -0.054795 -0.044203 -0.053036
v -0.050863 -0.044115 -0.047559
v -0.050863 -0.052484 -0.047559
v -0.054795 -0.052396 -0.053036
v -0.014545 -0.045272 -0.047578
v -0.014545 -0.051327 -0.047578
v -0.014564 -0.051327 -0.053027
v -0.014564 -0.045272 -0.053027
v -0.052119 -0.051359 -0.047344
v -0.052119 -0.045240 -0.047344
v -0.056352 -0.045344 -0.053241
v -0.056352 -0.051256 -0.053241
v -0.015886 -0.045279 -0.103462
v -0.015886 -0.051321 -0.103462
v -0.028252 -0.051252 -0.103349
v -0.028252 -0.045348 -0.103349
v -0.041302 -0.051252 -0.103304
v -0.041302 -0.045348 -0.103304
v -0.015686 -0.051321 -0.046435
v -0.015686 -0.045279 -0.046435
v -0.028054 -0.045348 -0.046461
v -0.028054 -0.051252 -0.046461
v -0.041103 -0.045348 -0.046415
v -0.041103 -0.051252 -0.046415
v -0.050549 -0.051371 -0.103217
v -0.050549 -0.045228 -0.103217
v -0.050305 -0.045237 -0.046414
v -0.050305 -0.051362 -0.046414
v -0.002074 -0.045496 -0.046140
v -0.001783 -0.045787 -0.046354
v 0.008458 -0.045696 -0.054659
v -0.015895 -0.050691 -0.052763
v -0.015875 -0.050691 -0.047137
v -0.015875 -0.045908 -0.047137
v -0.015895 -0.045908 -0.052763
v 0.008458 -0.045696 -0.054659
v -0.001665 -0.045908 -0.046868
v 0.008457 -0.045908 -0.055173
v 0.055835 -0.045908 -0.052087
v 0.053337 -0.045908 -0.047259
v 0.053337 -0.050691 -0.047259
v 0.055835 -0.050691 -0.052087
v 0.041525 -0.045908 -0.052963
v 0.055270 -0.045908 -0.053011
v 0.055270 -0.050691 -0.053011
v 0.041525 -0.050691 -0.052963
v 0.008458 -0.050903 -0.054659
v 0.055595 -0.050691 -0.099425
v 0.053216 -0.050691 -0.103162
v 0.053216 -0.045908 -0.103162
v 0.055595 -0.045908 -0.099425
v 0.041366 -0.050691 -0.098493
v 0.055112 -0.050691 -0.098541
v 0.055112 -0.045908 -0.098541
v 0.041366 -0.045908 -0.098493
v -0.016069 -0.050691 -0.102758
v -0.016054 -0.050691 -0.098293
v -0.016054 -0.045908 -0.098293
v -0.016069 -0.045908 -0.102758
v 0.008458 -0.050903 -0.054659
v 0.008457 -0.050691 -0.055173
v -0.001665 -0.050691 -0.046868
v 0.029934 -0.052807 -0.091762
v 0.018485 -0.052807 -0.090009
v 0.018476 -0.052807 -0.092491
v 0.029924 -0.052807 -0.094649
v 0.018473 -0.044836 -0.093535
v 0.018473 -0.045183 -0.093535
v 0.008315 -0.045183 -0.095618
v 0.008315 -0.044836 -0.095618
v 0.040921 -0.052807 -0.052605
v 0.040762 -0.052807 -0.098837
v 0.041189 -0.052501 -0.098594
v 0.041348 -0.052501 -0.052858
v 0.030064 -0.045696 -0.054735
v 0.041668 -0.045787 -0.046505
v 0.041961 -0.045496 -0.046294
v 0.041348 -0.052501 -0.052858
v 0.041189 -0.052501 -0.098594
v 0.041366 -0.051763 -0.098493
v 0.041525 -0.051763 -0.052963
v 0.041366 -0.050691 -0.098493
v 0.041525 -0.050691 -0.052963
v 0.029934 -0.043792 -0.091762
v 0.029924 -0.043792 -0.094649
v 0.018476 -0.043792 -0.092491
v 0.018485 -0.043792 -0.090009
v 0.008315 -0.051763 -0.095618
v 0.008315 -0.051416 -0.095618
v 0.018473 -0.051416 -0.093535
v 0.018473 -0.051763 -0.093535
v 0.040921 -0.043792 -0.052605
v 0.041348 -0.044098 -0.052858
v 0.041189 -0.044098 -0.098594
v 0.040762 -0.043792 -0.098837
v 0.030064 -0.045696 -0.054735
v 0.030061 -0.045908 -0.055248
v 0.041545 -0.045908 -0.047018
v 0.041189 -0.044098 -0.098594
v 0.041348 -0.044098 -0.052858
v 0.041525 -0.044836 -0.052963
v 0.041366 -0.044836 -0.098493
v 0.041525 -0.045908 -0.052963
v 0.041366 -0.045908 -0.098493
v -0.001860 -0.052807 -0.102808
v 0.008319 -0.052807 -0.094573
v 0.008329 -0.052807 -0.091687
v -0.001844 -0.052807 -0.098342
v 0.030064 -0.050903 -0.054735
v 0.029920 -0.044836 -0.095693
v 0.029920 -0.045183 -0.095693
v -0.001860 -0.043792 -0.102808
v -0.001844 -0.043792 -0.098342
v 0.008329 -0.043792 -0.091687
v 0.008319 -0.043792 -0.094573
v 0.030064 -0.050903 -0.054735
v 0.041545 -0.050691 -0.047018
v 0.030061 -0.050691 -0.055248
v 0.029920 -0.051416 -0.095693
v 0.029920 -0.051763 -0.095693
v 0.041189 -0.044098 -0.098594
v 0.054800 -0.044098 -0.098879
v 0.054257 -0.043792 -0.099582
v 0.055112 -0.044836 -0.098541
v 0.041366 -0.044836 -0.098493
v 0.041366 -0.045908 -0.098493
v 0.055112 -0.045908 -0.098541
v 0.008316 -0.045696 -0.095405
v 0.053216 -0.044836 -0.103162
v 0.055595 -0.044836 -0.099425
v 0.041189 -0.044098 -0.098594
v 0.041366 -0.051763 -0.098493
v 0.055112 -0.051763 -0.098541
v 0.055595 -0.051763 -0.099425
v 0.053216 -0.051763 -0.103162
v 0.008316 -0.045696 -0.095405
v 0.008318 -0.045908 -0.094893
v -0.001861 -0.045908 -0.103127
v -0.015026 -0.052807 -0.102762
v -0.015010 -0.052807 -0.098296
v 0.008316 -0.050903 -0.095405
v -0.016069 -0.051763 -0.102758
v -0.016054 -0.051763 -0.098293
v -0.014852 -0.052807 -0.052766
v -0.001685 -0.052807 -0.052812
v -0.015895 -0.051763 -0.052763
v -0.015026 -0.043792 -0.102762
v -0.015010 -0.043792 -0.098296
v -0.016054 -0.044836 -0.098293
v -0.016069 -0.044836 -0.102758
v -0.016069 -0.045908 -0.102758
v -0.016054 -0.045908 -0.098293
v 0.008316 -0.050903 -0.095405
v -0.001984 -0.050812 -0.103638
v -0.001861 -0.050691 -0.103127
v 0.008318 -0.050691 -0.094893
v -0.014852 -0.043792 -0.052766
v -0.001685 -0.043792 -0.052812
v -0.015895 -0.044836 -0.052763
v -0.015895 -0.045908 -0.052763
v 0.008442 -0.043792 -0.059206
v 0.018587 -0.043792 -0.060869
v 0.030047 -0.052807 -0.059281
v 0.030060 -0.052807 -0.055567
v 0.018598 -0.052807 -0.057645
v 0.018587 -0.052807 -0.060869
v 0.018599 -0.045908 -0.057325
v 0.054257 -0.052807 -0.099582
v 0.054800 -0.052501 -0.098879
v 0.041189 -0.052501 -0.098594
v -0.001665 -0.045908 -0.046868
v 0.008442 -0.052807 -0.059206
v 0.030047 -0.043792 -0.059281
v 0.018598 -0.043792 -0.057645
v 0.030060 -0.043792 -0.055567
v 0.018599 -0.050691 -0.057325
v 0.041189 -0.052501 -0.098594
v -0.001665 -0.050691 -0.046868
v -0.001666 -0.052807 -0.047187
v 0.008455 -0.052807 -0.055491
v 0.041545 -0.045908 -0.047018
v -0.001666 -0.043792 -0.047187
v 0.008455 -0.043792 -0.055491
v 0.041545 -0.050691 -0.047018
v 0.054596 -0.043792 -0.051964
v 0.055032 -0.044098 -0.052680
v 0.041348 -0.044098 -0.052858
v 0.041525 -0.044836 -0.052963
v 0.055270 -0.044836 -0.053011
v 0.055270 -0.045908 -0.053011
v 0.041525 -0.045908 -0.052963
v 0.055835 -0.044836 -0.052087
v 0.053337 -0.044836 -0.047259
v 0.053337 -0.045908 -0.047259
v 0.055835 -0.045908 -0.052087
v 0.018476 -0.045908 -0.092809
v -0.001844 -0.045908 -0.098342
v -0.016054 -0.045908 -0.098293
v -0.016054 -0.050691 -0.098293
v -0.001844 -0.050691 -0.098342
v -0.001861 -0.045908 -0.103127
v 0.041348 -0.044098 -0.052858
v 0.055270 -0.051763 -0.053011
v 0.041525 -0.051763 -0.052963
v 0.018476 -0.050691 -0.092809
v 0.053337 -0.051763 -0.047259
v 0.055835 -0.051763 -0.052087
v -0.014832 -0.052807 -0.047141
v -0.001861 -0.050691 -0.103127
v -0.015875 -0.051763 -0.047137
v 0.041349 -0.045908 -0.103277
v 0.029923 -0.045908 -0.094967
v -0.014832 -0.043792 -0.047141
v -0.015895 -0.045908 -0.052763
v -0.001685 -0.045908 -0.052812
v -0.001685 -0.050691 -0.052812
v -0.015895 -0.050691 -0.052763
v 0.041349 -0.050691 -0.103277
v 0.029923 -0.050691 -0.094967
v -0.015875 -0.044836 -0.047137
v -0.015875 -0.045908 -0.047137
v -0.028694 -0.045262 -0.056498
v -0.024717 -0.044925 -0.056657
v -0.025007 -0.044759 -0.096664
v -0.028874 -0.045082 -0.096638
v -0.023728 -0.044629 -0.055725
v -0.024201 -0.044521 -0.056730
v -0.024515 -0.045312 -0.055632
v -0.024041 -0.046234 -0.055224
v -0.028887 -0.046719 -0.055054
v -0.025069 -0.053828 -0.055182
v -0.020202 -0.053747 -0.055398
v -0.022642 -0.044836 -0.055345
v -0.024389 -0.055113 -0.056669
v -0.024680 -0.054967 -0.096831
v -0.019838 -0.054867 -0.096905
v -0.019546 -0.055044 -0.056893
v -0.019733 -0.054668 -0.055847
v -0.012158 -0.047130 -0.056022
v -0.013193 -0.046974 -0.055577
v -0.024352 -0.046057 -0.098160
v -0.020515 -0.053557 -0.098338
v -0.025382 -0.053671 -0.098270
v -0.029081 -0.046526 -0.098127
v -0.185291 -0.047166 -0.105073
v -0.185149 -0.047166 -0.064357
v -0.137417 -0.048624 -0.061597
v -0.137559 -0.048624 -0.102313
v -0.089903 -0.045558 -0.099559
v -0.089758 -0.045558 -0.057829
v -0.137374 -0.057548 -0.060131
v -0.137406 -0.050088 -0.060133
v -0.185144 -0.048631 -0.062892
v -0.185144 -0.055591 -0.062892
v -0.089594 -0.055971 -0.056355
v -0.089730 -0.047022 -0.056362
v -0.137526 -0.057548 -0.103776
v -0.185297 -0.055591 -0.106537
v -0.185297 -0.048631 -0.106537
v -0.137558 -0.050088 -0.103777
v -0.089750 -0.055971 -0.101015
v -0.089886 -0.047022 -0.101023
v -0.185291 -0.057055 -0.105073
v -0.137515 -0.059012 -0.102311
v -0.137372 -0.059012 -0.061595
v -0.185149 -0.057055 -0.064357
v -0.089577 -0.057436 -0.057818
v -0.089723 -0.057436 -0.099549
v -0.048786 -0.040966 -0.055461
v -0.032735 -0.036334 -0.056338
v -0.032904 -0.036283 -0.096636
v -0.048931 -0.040966 -0.097191
v -0.048831 -0.053117 -0.053999
v -0.032141 -0.048261 -0.054644
v -0.032657 -0.037799 -0.054846
v -0.048786 -0.042430 -0.053997
v -0.048842 -0.054582 -0.055464
v -0.048988 -0.054582 -0.097194
v -0.032245 -0.049687 -0.096661
v -0.032075 -0.049722 -0.056080
v -0.048987 -0.053117 -0.098659
v -0.048943 -0.042430 -0.098657
v -0.032839 -0.037744 -0.098104
v -0.032323 -0.048223 -0.098123
v -0.032735 -0.036334 -0.056338
v -0.028694 -0.045262 -0.056498
v -0.028874 -0.045082 -0.096638
v -0.032904 -0.036283 -0.096636
v -0.299056 -0.037351 -0.064268
v -0.299056 -0.029765 -0.064268
v -0.312679 -0.026728 -0.065718
v -0.313585 -0.032930 -0.065369
v -0.299204 -0.038948 -0.106449
v -0.299062 -0.038948 -0.065733
v -0.313843 -0.034532 -0.066744
v -0.314625 -0.035323 -0.107145
v -0.299209 -0.029765 -0.107913
v -0.299209 -0.037351 -0.107913
v -0.314664 -0.033756 -0.108659
v -0.314713 -0.026310 -0.108895
v -0.299204 -0.028169 -0.106449
v -0.314646 -0.024730 -0.107483
v -0.312526 -0.025139 -0.067269
v -0.299062 -0.028169 -0.065733
v -0.320754 -0.018759 -0.068738
v -0.324369 -0.015134 -0.109055
v -0.334598 0.000498 -0.110739
v -0.335587 -0.000659 -0.071956
v -0.339143 0.018628 -0.072701
v -0.336680 0.018368 -0.111737
v -0.342853 -0.001303 -0.109712
v -0.336458 0.000214 -0.111694
v -0.326043 -0.015659 -0.110195
v -0.331279 -0.018267 -0.109102
v -0.344623 0.016622 -0.110812
v -0.338492 0.018041 -0.112710
v -0.327808 -0.021708 -0.068045
v -0.344098 -0.002542 -0.069477
v -0.343708 -0.001659 -0.107917
v -0.332187 -0.019015 -0.107422
v -0.346968 0.016671 -0.070300
v -0.345516 0.016317 -0.109003
v -0.342203 -0.002269 -0.068508
v -0.326045 -0.021238 -0.066772
v -0.321750 -0.019453 -0.067191
v -0.336476 -0.001005 -0.070175
v -0.340068 0.018294 -0.070886
v -0.345123 0.017027 -0.069335
v -0.322507 0.043272 -0.071888
v -0.327272 0.042816 -0.111134
v -0.339524 0.034695 -0.110413
v -0.339146 0.034867 -0.071141
v -0.322212 0.041698 -0.070439
v -0.338029 0.033487 -0.069915
v -0.335185 0.027891 -0.070636
v -0.322781 0.034141 -0.070222
v -0.334895 0.026499 -0.072220
v -0.335273 0.026327 -0.111493
v -0.328082 0.032079 -0.110827
v -0.323316 0.032534 -0.071581
v -0.339233 0.033303 -0.111996
v -0.327806 0.041210 -0.112494
v -0.328377 0.033653 -0.112277
v -0.336390 0.027707 -0.112719
v 0.001641 -0.050382 -0.096795
v 0.001795 -0.050382 -0.052643
v -0.008934 -0.050382 -0.052606
v -0.009089 -0.050382 -0.096758
v 0.001638 -0.049657 -0.097520
v -0.008366 -0.049657 -0.097485
v -0.008366 -0.046942 -0.097485
v 0.001638 -0.046942 -0.097520
v 0.001641 -0.046217 -0.096795
v -0.009089 -0.046217 -0.096758
v -0.008934 -0.046217 -0.052606
v 0.001795 -0.046217 -0.052643
v 0.001798 -0.046942 -0.051918
v -0.008207 -0.046942 -0.051884
v -0.008207 -0.049657 -0.051884
v 0.001798 -0.049657 -0.051918
v 0.027852 -0.049657 -0.100056
v 0.010908 -0.049657 -0.100757
v 0.010908 -0.046942 -0.100757
v 0.027852 -0.046942 -0.100056
v 0.037473 -0.046942 -0.097812
v 0.037473 -0.049657 -0.097812
v 0.038181 -0.049657 -0.096923
v 0.038181 -0.046942 -0.096923
v 0.038335 -0.046942 -0.052770
v 0.038335 -0.049657 -0.052770
v 0.011089 -0.046942 -0.048746
v 0.011089 -0.049657 -0.048746
v 0.028028 -0.049657 -0.049564
v 0.028028 -0.046942 -0.049564
v 0.037633 -0.049657 -0.051875
v 0.037633 -0.046942 -0.051875
v 0.011086 -0.046217 -0.049472
v 0.010909 -0.046217 -0.100032
v 0.011086 -0.050382 -0.049472
v 0.010909 -0.050382 -0.100032
v 0.028026 -0.046217 -0.050288
v 0.037611 -0.046217 -0.052617
v 0.037456 -0.046217 -0.097071
v 0.027854 -0.046217 -0.099332
v 0.028026 -0.050382 -0.050288
v 0.027854 -0.050382 -0.099332
v 0.037456 -0.050382 -0.097071
v 0.037611 -0.050382 -0.052617
v -0.015567 -0.045908 -0.046399
v -0.015567 -0.044836 -0.046399
v -0.014828 -0.045908 -0.046096
v -0.014828 -0.044836 -0.046096
v -0.015570 -0.044098 -0.047138
v -0.015589 -0.044098 -0.052763
v -0.001663 -0.044098 -0.046448
v -0.014829 -0.044098 -0.046402
v -0.001662 -0.044836 -0.046142
v -0.014828 -0.051763 -0.046096
v -0.014828 -0.050691 -0.046096
v -0.015567 -0.050691 -0.046399
v -0.015567 -0.051763 -0.046399
v -0.014829 -0.052501 -0.046402
v -0.001663 -0.052501 -0.046448
v -0.001662 -0.051763 -0.046142
v -0.015589 -0.052501 -0.052763
v -0.015570 -0.052501 -0.047138
v 0.052705 -0.050691 -0.046581
v 0.052705 -0.051763 -0.046581
v 0.051814 -0.050691 -0.046329
v 0.051814 -0.051763 -0.046329
v 0.052995 -0.052501 -0.047318
v 0.055431 -0.052501 -0.052026
v 0.052221 -0.052807 -0.047375
v 0.054596 -0.052807 -0.051964
v 0.055812 -0.051763 -0.052708
v 0.055812 -0.050691 -0.052708
v 0.055812 -0.051763 -0.052708
v 0.041547 -0.052501 -0.046598
v 0.051918 -0.052501 -0.046659
v 0.041548 -0.051763 -0.046293
v 0.041544 -0.052807 -0.047337
v 0.041348 -0.052501 -0.052858
v 0.055032 -0.052501 -0.052680
v 0.041348 -0.052501 -0.052858
v 0.051814 -0.044836 -0.046329
v 0.051814 -0.045908 -0.046329
v 0.052705 -0.045908 -0.046581
v 0.052705 -0.044836 -0.046581
v 0.051918 -0.044098 -0.046659
v 0.041547 -0.044098 -0.046598
v 0.041548 -0.044836 -0.046293
v 0.041544 -0.043792 -0.047337
v 0.052221 -0.043792 -0.047375
v 0.055812 -0.045908 -0.052708
v 0.055812 -0.044836 -0.052708
v 0.055812 -0.044836 -0.052708
v 0.055431 -0.044098 -0.052026
v 0.052995 -0.044098 -0.047318
v 0.018600 -0.044098 -0.056906
v 0.008458 -0.044098 -0.054753
v 0.008458 -0.052501 -0.054753
v 0.018600 -0.052501 -0.056906
v 0.030063 -0.044098 -0.054829
v 0.030063 -0.052501 -0.054829
v -0.015749 -0.044098 -0.098294
v -0.015029 -0.044836 -0.103806
v -0.015029 -0.045908 -0.103806
v -0.015767 -0.045908 -0.103497
v -0.015767 -0.044836 -0.103497
v -0.015028 -0.044098 -0.103500
v -0.001862 -0.044098 -0.103546
v -0.001863 -0.044836 -0.103852
v -0.015764 -0.044098 -0.102759
v -0.015749 -0.052501 -0.098294
v -0.015767 -0.050691 -0.103497
v -0.015767 -0.051763 -0.103497
v -0.015029 -0.050691 -0.103806
v -0.015029 -0.051763 -0.103806
v -0.015764 -0.052501 -0.102759
v -0.001862 -0.052501 -0.103546
v -0.015028 -0.052501 -0.103500
v -0.001863 -0.051763 -0.103852
v 0.051613 -0.051763 -0.104038
v 0.051613 -0.050691 -0.104038
v 0.052528 -0.050691 -0.103806
v 0.052528 -0.051763 -0.103806
v 0.051732 -0.052501 -0.103700
v 0.041347 -0.052501 -0.103696
v 0.041346 -0.051763 -0.104002
v 0.041350 -0.052807 -0.102958
v 0.052085 -0.052807 -0.102996
v 0.055614 -0.050691 -0.098840
v 0.055614 -0.051763 -0.098840
v 0.055614 -0.051763 -0.098840
v 0.055142 -0.052501 -0.099504
v 0.052867 -0.052501 -0.103079
v 0.052528 -0.045908 -0.103806
v 0.052528 -0.044836 -0.103806
v 0.051613 -0.045908 -0.104038
v 0.051613 -0.044836 -0.104038
v 0.052867 -0.044098 -0.103079
v 0.055142 -0.044098 -0.099504
v 0.052085 -0.043792 -0.102996
v 0.055614 -0.044836 -0.098840
v 0.055614 -0.045908 -0.098840
v 0.055614 -0.044836 -0.098840
v 0.041347 -0.044098 -0.103696
v 0.051732 -0.044098 -0.103700
v 0.041346 -0.044836 -0.104002
v 0.041350 -0.043792 -0.102958
v 0.008316 -0.044098 -0.095312
v 0.018474 -0.044098 -0.093229
v 0.018474 -0.052501 -0.093229
v 0.008316 -0.052501 -0.095312
v 0.029921 -0.044098 -0.095387
v 0.029921 -0.052501 -0.095387
v -0.015767 -0.045908 -0.103497
v 0.055614 -0.045908 -0.098840
v 0.055812 -0.045908 -0.052708
v 0.052705 -0.045908 -0.046581
v 0.051814 -0.045908 -0.046329
v -0.015567 -0.045908 -0.046399
v -0.014828 -0.045908 -0.046096
v -0.015664 -0.044200 -0.103396
v -0.015465 -0.044200 -0.046501
v -0.015664 -0.052399 -0.103396
v -0.015465 -0.052399 -0.046501
v 0.052635 -0.044178 -0.046696
v 0.052463 -0.044172 -0.103688
v 0.052635 -0.052421 -0.046696
v 0.052463 -0.052427 -0.103688
v 0.055629 -0.052455 -0.052595
v 0.055812 -0.051763 -0.052708
v 0.055629 -0.044144 -0.052595
v 0.055812 -0.044836 -0.052708
v 0.055397 -0.052483 -0.098959
v 0.055614 -0.051763 -0.098840
v 0.055397 -0.052483 -0.098959
v 0.055397 -0.052483 -0.098959
v 0.055397 -0.044116 -0.098959
v 0.055614 -0.044836 -0.098840
v 0.018473 -0.050903 -0.093322
v 0.029921 -0.050903 -0.095481
v 0.018473 -0.050903 -0.093322
v 0.029921 -0.050903 -0.095481
v 0.029921 -0.045696 -0.095481
v 0.029921 -0.045696 -0.095481
v 0.041349 -0.045908 -0.103277
v 0.018473 -0.045696 -0.093322
v 0.018473 -0.045696 -0.093322
v 0.041349 -0.050691 -0.103277
v 0.041468 -0.050812 -0.103790
v 0.018601 -0.050903 -0.056813
v 0.018601 -0.050903 -0.056813
v 0.018601 -0.045696 -0.056813
v 0.018601 -0.045696 -0.056813
v -0.041097 -0.044544 -0.046752
v -0.050446 -0.044436 -0.046794
v -0.041103 -0.045348 -0.046415
v -0.051324 -0.045232 -0.046660
v -0.051324 -0.051368 -0.046660
v -0.041097 -0.052056 -0.046752
v -0.050446 -0.052163 -0.046794
v -0.041289 -0.052052 -0.102967
v -0.050725 -0.052160 -0.102797
v -0.051619 -0.051375 -0.103010
v -0.051619 -0.045225 -0.103010
v -0.041289 -0.044547 -0.102967
v -0.041302 -0.045348 -0.103304
v -0.050725 -0.044440 -0.102797
v -0.028054 -0.045348 -0.046461
v -0.028062 -0.044544 -0.046797
v -0.028062 -0.052056 -0.046797
v -0.015687 -0.052131 -0.046769
v -0.014878 -0.051325 -0.046768
v -0.014878 -0.045274 -0.046768
v -0.015687 -0.044469 -0.046769
v -0.015686 -0.045279 -0.046435
v -0.028263 -0.052052 -0.103013
v -0.028252 -0.045348 -0.103349
v -0.028263 -0.044547 -0.103013
v -0.015883 -0.044469 -0.103125
v -0.015886 -0.045279 -0.103462
v -0.015074 -0.045274 -0.103133
v -0.015074 -0.051325 -0.103133
v -0.015883 -0.052131 -0.103125
v -0.055810 -0.052064 -0.053138
v -0.051728 -0.052161 -0.047451
v -0.051728 -0.044438 -0.047451
v -0.055810 -0.044535 -0.053138
v -0.056398 -0.045357 -0.053854
v -0.056398 -0.051242 -0.053854
v -0.056398 -0.051242 -0.053854
v -0.056398 -0.045357 -0.053854
v -0.014881 -0.044465 -0.047578
v -0.014545 -0.045272 -0.047578
v -0.014564 -0.045272 -0.053027
v -0.014899 -0.044468 -0.053029
v -0.014881 -0.052135 -0.047578
v -0.014899 -0.052131 -0.053029
v -0.014901 -0.051322 -0.053840
v -0.014901 -0.045277 -0.053840
v -0.055473 -0.052049 -0.053800
v -0.055473 -0.044550 -0.053800
v -0.042101 -0.045455 -0.054235
v -0.015712 -0.052121 -0.053845
v -0.015712 -0.044478 -0.053845
v -0.015713 -0.045288 -0.054181
v -0.027110 -0.045446 -0.054276
v -0.055502 -0.044557 -0.099242
v -0.052137 -0.044449 -0.102251
v -0.052137 -0.052150 -0.102251
v -0.055502 -0.052042 -0.099242
v -0.056463 -0.051208 -0.098565
v -0.056463 -0.045392 -0.098565
v -0.056463 -0.045392 -0.098565
v -0.056463 -0.051208 -0.098565
v -0.015072 -0.052135 -0.102323
v -0.015063 -0.052131 -0.099773
v -0.015072 -0.044465 -0.102323
v -0.015063 -0.044468 -0.099773
v -0.014726 -0.045272 -0.099777
v -0.014735 -0.045272 -0.102327
v -0.015058 -0.045277 -0.098961
v -0.015058 -0.051322 -0.098961
v -0.055298 -0.052021 -0.098706
v -0.055298 -0.044579 -0.098706
v -0.042255 -0.045458 -0.098372
v -0.015869 -0.052121 -0.098949
v -0.041106 -0.045462 -0.097235
v -0.040960 -0.045462 -0.055386
v -0.028259 -0.045462 -0.055429
v -0.028406 -0.045462 -0.097279
v -0.015869 -0.044478 -0.098949
v -0.027264 -0.045446 -0.098442
v -0.015868 -0.045288 -0.098614
v -0.041292 -0.045460 -0.054574
v -0.041292 -0.051139 -0.054574
v -0.041445 -0.045461 -0.098042
v -0.041445 -0.051138 -0.098042
v -0.028074 -0.045457 -0.098094
v -0.028074 -0.051142 -0.098094
v -0.027922 -0.045457 -0.054617
v -0.027922 -0.051142 -0.054617
v -0.051566 -0.044480 -0.102872
v -0.051257 -0.044503 -0.046792
v -0.051566 -0.052120 -0.102872
v -0.051257 -0.052096 -0.046792
v -0.015186 -0.044577 -0.103021
v -0.015074 -0.045274 -0.103133
v -0.014990 -0.044577 -0.046881
v -0.014878 -0.045274 -0.046768
v -0.014990 -0.052022 -0.046881
v -0.015186 -0.052022 -0.103021
v -0.056130 -0.052059 -0.053718
v -0.056398 -0.051242 -0.053854
v -0.056130 -0.052059 -0.053718
v -0.056130 -0.052059 -0.053718
v -0.056130 -0.044540 -0.053718
v -0.056130 -0.044540 -0.053718
v -0.056398 -0.045357 -0.053854
v -0.056130 -0.044540 -0.053718
v -0.015014 -0.044581 -0.053729
v -0.014901 -0.045277 -0.053840
v -0.015014 -0.052018 -0.053729
v -0.041292 -0.045460 -0.054574
v -0.027922 -0.045457 -0.054617
v -0.055997 -0.052201 -0.098743
v -0.056463 -0.051208 -0.098565
v -0.055997 -0.052201 -0.098743
v -0.056463 -0.051208 -0.098565
v -0.055997 -0.044398 -0.098743
v -0.056463 -0.045392 -0.098565
v -0.055997 -0.044398 -0.098743
v -0.056463 -0.045392 -0.098565
v -0.015172 -0.044581 -0.099072
v -0.015058 -0.045277 -0.098961
v -0.015172 -0.052018 -0.099072
v -0.041445 -0.045461 -0.098042
v -0.028074 -0.045457 -0.098094
v 0.010908 -0.050170 -0.100545
v 0.027853 -0.050170 -0.099845
v 0.011088 -0.050170 -0.048958
v 0.028027 -0.050170 -0.049777
v 0.037463 -0.050170 -0.097592
v 0.037965 -0.050170 -0.096963
v 0.038119 -0.050170 -0.052729
v 0.037622 -0.050170 -0.052096
v 0.011088 -0.046429 -0.048958
v 0.028027 -0.046429 -0.049777
v 0.028027 -0.046429 -0.049777
v 0.011088 -0.046429 -0.048958
v 0.010908 -0.046429 -0.100545
v 0.027853 -0.046429 -0.099845
v 0.027853 -0.046429 -0.099845
v 0.010908 -0.046429 -0.100545
v 0.001797 -0.046429 -0.052130
v 0.001797 -0.046429 -0.052130
v 0.001797 -0.050170 -0.052130
v 0.037622 -0.046429 -0.052096
v 0.037622 -0.046429 -0.052096
v 0.038119 -0.046429 -0.052729
v 0.037965 -0.046429 -0.096963
v 0.037463 -0.046429 -0.097592
v 0.037463 -0.046429 -0.097592
v 0.001640 -0.050170 -0.097307
v 0.001640 -0.046429 -0.097307
v 0.001640 -0.046429 -0.097307
v 0.038139 -0.049657 -0.052201
v 0.038139 -0.046942 -0.052201
v 0.038139 -0.046942 -0.052201
v 0.038139 -0.049657 -0.052201
v 0.037981 -0.046942 -0.097491
v 0.037981 -0.049657 -0.097491
v 0.037981 -0.049657 -0.097491
v 0.037981 -0.046942 -0.097491
v -0.008720 -0.046429 -0.052094
v -0.008720 -0.046429 -0.052094
v -0.008720 -0.050170 -0.052094
v -0.008878 -0.046429 -0.097270
v -0.008878 -0.046429 -0.097270
v -0.008878 -0.050170 -0.097270
v 0.038064 -0.046496 -0.052261
v 0.038064 -0.046496 -0.052261
v 0.038064 -0.050104 -0.052261
v 0.037907 -0.046496 -0.097431
v 0.037907 -0.046496 -0.097431
v 0.037907 -0.050104 -0.097431
v -0.345449 0.016402 -0.110105
v -0.339609 0.034284 -0.111457
v -0.345516 0.016317 -0.109003
v -0.339524 0.034695 -0.110413
v -0.335771 0.026727 -0.112435
v -0.337393 0.018268 -0.112602
v -0.339232 0.018534 -0.071591
v -0.334809 0.026911 -0.071175
v -0.338648 0.034467 -0.070198
v -0.346232 0.016780 -0.069439
v -0.048937 -0.041394 -0.098227
v -0.089901 -0.045987 -0.100595
v -0.089748 -0.045987 -0.056793
v -0.048784 -0.041394 -0.054426
v -0.089580 -0.057007 -0.056783
v -0.048837 -0.054153 -0.054428
v -0.048989 -0.054153 -0.098230
v -0.089733 -0.057007 -0.100584
v -0.048988 -0.054582 -0.097194
v -0.089723 -0.057436 -0.099549
v -0.327601 0.042340 -0.112115
v -0.327272 0.042816 -0.111134
v -0.328340 0.032533 -0.111833
v -0.322988 0.033011 -0.070601
v -0.322249 0.042817 -0.070882
v -0.185145 -0.047595 -0.063321
v -0.299058 -0.028636 -0.064698
v -0.185295 -0.047595 -0.106108
v -0.299208 -0.028636 -0.107484
v -0.299058 -0.038480 -0.064698
v -0.185145 -0.056626 -0.063321
v -0.299208 -0.038480 -0.107484
v -0.185295 -0.056626 -0.106108
v -0.185291 -0.057055 -0.105073
v -0.299204 -0.038948 -0.106449
v -0.314696 -0.025191 -0.108498
v -0.325010 -0.015235 -0.109975
v -0.312538 -0.025605 -0.066205
v -0.320907 -0.019018 -0.067709
v -0.332083 -0.018755 -0.108494
v -0.314648 -0.034878 -0.108196
v -0.332187 -0.019015 -0.107422
v -0.314625 -0.035323 -0.107145
v -0.313755 -0.034047 -0.065738
v -0.327134 -0.021616 -0.067077
v -0.343334 -0.002476 -0.068618
v -0.335650 -0.000778 -0.070866
v -0.343665 -0.001541 -0.109007
v -0.343708 -0.001659 -0.107917
v -0.335344 0.000432 -0.111594
v -0.032711 -0.036762 -0.055293
v -0.028748 -0.045692 -0.055469
v -0.028694 -0.045262 -0.056498
v -0.028748 -0.045692 -0.055469
v -0.032711 -0.036762 -0.055293
v -0.028874 -0.045082 -0.096638
v -0.028938 -0.045502 -0.097681
v -0.032888 -0.036710 -0.097672
v -0.028938 -0.045502 -0.097681
v -0.032888 -0.036710 -0.097672
v -0.032092 -0.049293 -0.055054
v -0.024582 -0.054740 -0.055626
v -0.032245 -0.049687 -0.096661
v -0.032271 -0.049258 -0.097695
v -0.024891 -0.054585 -0.097859
v -0.024680 -0.054967 -0.096831
v -0.032888 -0.036710 -0.097672
v -0.032711 -0.036762 -0.055293
v -0.137371 -0.058583 -0.060560
v -0.137515 -0.059012 -0.102311
v -0.137520 -0.058584 -0.103347
v -0.137561 -0.049052 -0.103350
v -0.137412 -0.049052 -0.060562
v -0.028938 -0.045502 -0.097681
v -0.024821 -0.045135 -0.097710
v -0.028874 -0.045082 -0.096638
v -0.020042 -0.054479 -0.097930
v -0.019838 -0.054867 -0.096905
v -0.011739 -0.047194 -0.057065
v -0.012137 -0.047227 -0.096976
v -0.012579 -0.047164 -0.098003
v -0.013621 -0.047008 -0.098414
v -0.024649 -0.044515 -0.096677
v -0.024187 -0.044640 -0.097729
v -0.023093 -0.044868 -0.098186
v -0.028748 -0.045692 -0.055469
v -0.028694 -0.045262 -0.056498
v -0.012137 -0.047227 -0.096976
v 0.088673 -0.045987 -0.055675
v 0.088514 -0.045987 -0.101218
v 0.047568 -0.041394 -0.098564
v 0.088506 -0.057007 -0.055665
v 0.088346 -0.057007 -0.101206
v 0.047621 -0.054153 -0.098568
v 0.088344 -0.057436 -0.100171
v 0.047627 -0.054582 -0.097531
v 0.183867 -0.047595 -0.107397
v 0.212799 -0.045336 -0.109271
v 0.184027 -0.047595 -0.061855
v 0.212957 -0.045336 -0.063730
v 0.212957 -0.054367 -0.063730
v 0.184027 -0.056626 -0.061855
v 0.212799 -0.054367 -0.109271
v 0.183867 -0.056626 -0.107397
v 0.212802 -0.054796 -0.108236
v 0.183871 -0.057055 -0.106361
v 0.036953 -0.049007 -0.052166
v 0.037335 -0.038494 -0.098403
v 0.037387 -0.037461 -0.097973
v 0.037410 -0.037035 -0.096936
v 0.036753 -0.050434 -0.096952
v 0.036771 -0.050005 -0.097987
v 0.036820 -0.048972 -0.098414
v 0.036753 -0.050434 -0.096952
v 0.136113 -0.058584 -0.104302
v 0.136114 -0.059012 -0.103267
v 0.136272 -0.058583 -0.058760
v 0.136154 -0.049052 -0.104305
v 0.136313 -0.049052 -0.058762
v 0.158593 0.070933 -0.255923
v -0.161017 0.070933 -0.254710
v -0.161013 0.070484 -0.253703
v 0.158596 0.070484 -0.254915
v 0.158466 0.070484 -0.295580
v -0.161144 0.070484 -0.294367
v -0.161144 0.070484 -0.294367
v 0.158466 0.070484 -0.295580
v 0.158462 0.070012 -0.296560
v -0.161147 0.070012 -0.295348
v 0.158461 0.068896 -0.296940
v -0.161148 0.068896 -0.295727
v 0.158461 0.061428 -0.296727
v -0.161148 0.061428 -0.295513
v -0.161147 0.060322 -0.295070
v 0.158463 0.060322 -0.296282
v 0.158466 0.059873 -0.295275
v -0.161144 0.059873 -0.294062
v 0.158594 0.060323 -0.255618
v -0.161016 0.060323 -0.254406
v 0.158597 0.060794 -0.254637
v -0.161013 0.060794 -0.253424
v -0.161012 0.061910 -0.253045
v 0.158598 0.061910 -0.254258
v 0.158598 0.069378 -0.254472
v -0.161012 0.069378 -0.253259
v -0.023172 -0.044041 -0.056902
v -0.023582 -0.044076 -0.096622
v -0.012694 -0.046284 -0.055960
v -0.022032 -0.044324 -0.055781
v -0.012525 -0.045968 -0.056476
v -0.021619 -0.044147 -0.056609
v -0.011893 -0.046581 -0.096913
v -0.011499 -0.046545 -0.057139
v -0.022456 -0.044376 -0.097810
v -0.013106 -0.046327 -0.098047
v -0.012908 -0.046180 -0.097231
v -0.022460 -0.044331 -0.097212
v -0.023256 -0.044142 -0.097434
v -0.012277 -0.046538 -0.097730
v -0.011893 -0.046581 -0.096913
v -0.012620 -0.046189 -0.097072
v -0.012475 -0.046208 -0.096731
v -0.011893 -0.046581 -0.096913
v -0.011499 -0.046545 -0.057139
v -0.012087 -0.046169 -0.057312
v -0.012228 -0.046148 -0.056958
v -0.011868 -0.046499 -0.056306
v -0.011868 -0.046499 -0.056306
v -0.011868 -0.046499 -0.056306
v -0.022830 -0.044099 -0.056114
v -0.021909 -0.043968 -0.056772
v -0.022055 -0.043949 -0.057116
v -0.022523 -0.044020 -0.096844
v 0.036688 -0.037080 -0.096838
v 0.036810 -0.037129 -0.053892
v 0.036753 -0.038362 -0.052658
v 0.036444 -0.038394 -0.053408
v 0.035951 -0.048427 -0.053211
v 0.036243 -0.048698 -0.052467
v 0.036176 -0.049881 -0.053645
v 0.036052 -0.049846 -0.096850
v 0.036623 -0.038306 -0.098042
v 0.036112 -0.048655 -0.098049
v 0.035827 -0.048372 -0.097280
v 0.036321 -0.038323 -0.097264
v 0.036066 -0.049498 -0.097696
v 0.036052 -0.049846 -0.096850
v 0.035799 -0.048971 -0.096683
v 0.035806 -0.048795 -0.097105
v 0.036669 -0.037445 -0.097694
v 0.036195 -0.049536 -0.052806
v 0.035930 -0.048836 -0.053373
v 0.035921 -0.049006 -0.053779
v 0.036798 -0.037494 -0.053023
v 0.036465 -0.037956 -0.053597
v 0.036342 -0.037900 -0.097089
v 0.036472 -0.037776 -0.054038
v 0.035921 -0.049006 -0.053779
v 0.035930 -0.048836 -0.053373
v 0.035951 -0.048427 -0.053211
v 0.035799 -0.048971 -0.096683
v 0.036352 -0.037725 -0.096664
v 0.035799 -0.048971 -0.096683
v 0.035806 -0.048795 -0.097105
v 0.035827 -0.048372 -0.097280
v -0.012228 -0.046148 -0.056958
v -0.012525 -0.045968 -0.056476
v -0.012087 -0.046169 -0.057312
v -0.022447 -0.043999 -0.096486
v -0.011893 -0.046581 -0.096913
v -0.012475 -0.046208 -0.096731
v -0.012475 -0.046208 -0.096731
v -0.012620 -0.046189 -0.097072
v -0.012908 -0.046180 -0.097231
v 0.297919 -0.037351 -0.066352
v 0.312439 -0.032930 -0.067554
v 0.311530 -0.026728 -0.067897
v 0.297919 -0.029765 -0.066352
v 0.297771 -0.038948 -0.108533
v 0.313187 -0.035323 -0.109336
v 0.312687 -0.034532 -0.068931
v 0.297914 -0.038948 -0.067817
v 0.297767 -0.029765 -0.109997
v 0.313263 -0.026310 -0.111088
v 0.313215 -0.033756 -0.110851
v 0.297767 -0.037351 -0.109997
v 0.297771 -0.028169 -0.108533
v 0.297914 -0.028169 -0.067817
v 0.311367 -0.025139 -0.069447
v 0.313206 -0.024730 -0.109675
v 0.319584 -0.018759 -0.070973
v 0.334394 -0.000659 -0.074295
v 0.333134 0.000498 -0.113070
v 0.322918 -0.015134 -0.111315
v 0.337945 0.018628 -0.075065
v 0.335210 0.018368 -0.114082
v 0.341397 -0.001303 -0.112100
v 0.329827 -0.018267 -0.111409
v 0.324584 -0.015659 -0.112466
v 0.334989 0.000214 -0.114037
v 0.337016 0.018041 -0.115067
v 0.343159 0.016622 -0.113213
v 0.326643 -0.021708 -0.070330
v 0.330748 -0.019015 -0.109737
v 0.342264 -0.001659 -0.110312
v 0.342923 -0.002542 -0.071876
v 0.345786 0.016671 -0.072718
v 0.344066 0.016317 -0.111410
v 0.341035 -0.002269 -0.070893
v 0.335297 -0.001005 -0.072519
v 0.320592 -0.019453 -0.069434
v 0.324889 -0.021238 -0.069045
v 0.343949 0.017027 -0.071740
v 0.338883 0.018294 -0.073256
v 0.321314 0.043272 -0.074136
v 0.337960 0.034867 -0.073504
v 0.338063 0.034695 -0.112778
v 0.325806 0.042816 -0.113415
v 0.321030 0.041698 -0.072684
v 0.321602 0.034141 -0.072471
v 0.334003 0.027891 -0.072972
v 0.336850 0.033487 -0.072271
v 0.333701 0.026499 -0.074554
v 0.322127 0.032534 -0.073834
v 0.326618 0.032079 -0.113112
v 0.333805 0.026327 -0.113828
v 0.337762 0.033303 -0.114360
v 0.334913 0.027707 -0.115062
v 0.326902 0.033653 -0.114564
v 0.326331 0.041210 -0.114778
v 0.343990 0.016402 -0.112511
v 0.338141 0.034284 -0.113823
v 0.344066 0.016317 -0.111410
v 0.338063 0.034695 -0.112778
v 0.335917 0.018268 -0.114952
v 0.334296 0.026727 -0.114774
v 0.338042 0.018534 -0.073956
v 0.333623 0.026911 -0.073508
v 0.337468 0.034467 -0.072558
v 0.345056 0.016780 -0.071853
v 0.326128 0.042340 -0.114397
v 0.325806 0.042816 -0.113415
v 0.326869 0.032533 -0.114120
v 0.321806 0.033011 -0.072852
v 0.321064 0.042817 -0.073128
v 0.313250 -0.025191 -0.110690
v 0.323553 -0.015235 -0.112239
v 0.311386 -0.025605 -0.068383
v 0.319745 -0.019018 -0.069945
v 0.330635 -0.018755 -0.110807
v 0.313204 -0.034878 -0.110388
v 0.330748 -0.019015 -0.109737
v 0.313187 -0.035323 -0.109336
v 0.325976 -0.021616 -0.069357
v 0.312607 -0.034047 -0.067925
v 0.342165 -0.002476 -0.071011
v 0.334466 -0.000778 -0.073205
v 0.342264 -0.001659 -0.110312
v 0.342213 -0.001541 -0.111402
v 0.333875 0.000432 -0.113930
v 0.297917 -0.028636 -0.066782
v 0.297768 -0.028636 -0.109568
v 0.297768 -0.038480 -0.109568
v 0.297771 -0.038948 -0.108533
v 0.297917 -0.038480 -0.066782
v 0.281312 0.045167 -0.254903
v 0.320964 0.034141 -0.255171
v 0.320393 0.041698 -0.255383
v 0.281300 0.052595 -0.255117
v 0.281372 0.054445 -0.295989
v 0.281311 0.054206 -0.256568
v 0.320677 0.043272 -0.256835
v 0.325168 0.042816 -0.296113
v 0.281394 0.045488 -0.297136
v 0.281384 0.052923 -0.297349
v 0.325693 0.041210 -0.297475
v 0.326265 0.033653 -0.297264
v 0.281385 0.043882 -0.295684
v 0.325981 0.032079 -0.295811
v 0.321489 0.032534 -0.256533
v 0.281327 0.043651 -0.256262
v 0.281392 0.044370 -0.296691
v 0.326231 0.032533 -0.296819
v 0.321167 0.033011 -0.255551
v 0.281317 0.044075 -0.255282
v 0.281380 0.054017 -0.296970
v 0.325490 0.042340 -0.297095
v 0.281372 0.054445 -0.295989
v 0.325168 0.042816 -0.296113
v 0.281303 0.053714 -0.255561
v 0.320426 0.042817 -0.255827
v -0.283729 0.045173 -0.252876
v -0.283718 0.052602 -0.253092
v -0.322850 0.041698 -0.253137
v -0.323420 0.034141 -0.252921
v -0.284053 0.054454 -0.293959
v -0.327909 0.042816 -0.293834
v -0.323144 0.043272 -0.254588
v -0.283739 0.054213 -0.254543
v -0.284082 0.045497 -0.295104
v -0.329014 0.033653 -0.294976
v -0.328444 0.041210 -0.295192
v -0.284074 0.052932 -0.295318
v -0.284065 0.043890 -0.293653
v -0.283753 0.043657 -0.254236
v -0.323954 0.032534 -0.254281
v -0.328720 0.032079 -0.293526
v -0.284078 0.044379 -0.294660
v -0.328977 0.032533 -0.294532
v -0.283737 0.044081 -0.253255
v -0.323625 0.033011 -0.253300
v -0.328238 0.042340 -0.294813
v -0.284068 0.054026 -0.294939
v -0.327909 0.042816 -0.293834
v -0.284053 0.054454 -0.293959
v -0.322886 0.042817 -0.253582
v -0.283723 0.053721 -0.253536
v 0.135674 -0.048624 -0.242497
v 0.183386 -0.047166 -0.245589
v 0.183233 -0.047166 -0.289060
v 0.135522 -0.048624 -0.285968
v 0.087886 -0.045558 -0.282881
v 0.088038 -0.045558 -0.239411
v 0.135640 -0.057548 -0.241030
v 0.183390 -0.055591 -0.244125
v 0.183390 -0.048631 -0.244125
v 0.135673 -0.050088 -0.241032
v 0.087885 -0.055971 -0.237935
v 0.088021 -0.047022 -0.237945
v 0.135478 -0.057548 -0.287430
v 0.135511 -0.050088 -0.287432
v 0.183229 -0.048631 -0.290525
v 0.183229 -0.055591 -0.290525
v 0.087723 -0.055971 -0.284336
v 0.087859 -0.047022 -0.284345
v 0.183386 -0.057055 -0.245589
v 0.135629 -0.059012 -0.242494
v 0.135477 -0.059012 -0.285965
v 0.183233 -0.057055 -0.289060
v 0.087858 -0.057436 -0.239398
v 0.087706 -0.057436 -0.282869
v 0.036832 -0.038544 -0.235054
v 0.047095 -0.042430 -0.235292
v 0.047090 -0.041394 -0.235721
v 0.036880 -0.037509 -0.235501
v 0.047084 -0.040966 -0.236757
v 0.036898 -0.037082 -0.236544
v 0.047140 -0.054582 -0.236760
v 0.047142 -0.054153 -0.235725
v 0.036264 -0.050038 -0.235277
v 0.036240 -0.050466 -0.236303
v 0.212164 -0.054796 -0.290934
v 0.212316 -0.054796 -0.247464
v 0.212159 -0.053331 -0.292400
v 0.212159 -0.046371 -0.292400
v 0.212322 -0.046371 -0.246000
v 0.212322 -0.053331 -0.246000
v 0.212316 -0.044907 -0.247464
v 0.212164 -0.044907 -0.290934
v 0.046988 -0.054582 -0.280231
v 0.046933 -0.042430 -0.281691
v 0.046977 -0.053117 -0.281694
v 0.047140 -0.053117 -0.235295
v 0.046932 -0.040966 -0.280227
v -0.002302 -0.045908 -0.229566
v -0.002302 -0.050691 -0.229566
v -0.002323 -0.050691 -0.235512
v -0.002323 -0.045908 -0.235512
v 0.029410 -0.050691 -0.241981
v 0.029297 -0.050691 -0.274462
v 0.017848 -0.050691 -0.272708
v 0.017949 -0.050691 -0.243568
v -0.002913 -0.051104 -0.286549
v -0.002913 -0.045496 -0.286549
v -0.002621 -0.045787 -0.286338
v -0.002621 -0.050812 -0.286338
v 0.040728 -0.050691 -0.281191
v 0.040886 -0.050691 -0.235662
v 0.040908 -0.050691 -0.229717
v 0.040908 -0.045908 -0.229717
v 0.040886 -0.045908 -0.235662
v 0.040886 -0.050691 -0.235662
v 0.029410 -0.045908 -0.241981
v 0.017949 -0.045908 -0.243568
v 0.017848 -0.045908 -0.272708
v 0.029297 -0.045908 -0.274462
v -0.002621 -0.050812 -0.286338
v -0.002621 -0.045787 -0.286338
v -0.002499 -0.045908 -0.285826
v -0.002499 -0.050691 -0.285826
v 0.040728 -0.045908 -0.281191
v 0.040886 -0.045908 -0.235662
v 0.040711 -0.045908 -0.285977
v 0.040711 -0.050691 -0.285977
v 0.040728 -0.050691 -0.281191
v 0.040728 -0.045908 -0.281191
v -0.002323 -0.050691 -0.235512
v 0.007805 -0.050691 -0.241905
v 0.007691 -0.050691 -0.274386
v -0.002482 -0.050691 -0.281040
v 0.040830 -0.045787 -0.286489
v 0.040830 -0.050812 -0.286489
v 0.040711 -0.050691 -0.285977
v 0.040711 -0.045908 -0.285977
v -0.002482 -0.045908 -0.281040
v -0.002482 -0.050691 -0.281040
v -0.002499 -0.050691 -0.285826
v -0.002499 -0.045908 -0.285826
v -0.002323 -0.045908 -0.235512
v -0.002482 -0.045908 -0.281040
v 0.007691 -0.045908 -0.274386
v 0.007805 -0.045908 -0.241905
v 0.041121 -0.045496 -0.286703
v 0.041121 -0.051104 -0.286703
v 0.040830 -0.050812 -0.286489
v 0.040830 -0.045787 -0.286489
v -0.016692 -0.050691 -0.280991
v -0.016533 -0.050691 -0.235462
v -0.016692 -0.045908 -0.280991
v -0.016533 -0.045908 -0.235462
v 0.007822 -0.044836 -0.237146
v 0.007822 -0.045183 -0.237146
v 0.017964 -0.045183 -0.239299
v 0.017964 -0.044836 -0.239299
v 0.041030 -0.050812 -0.229205
v 0.041030 -0.045787 -0.229205
v 0.040908 -0.045908 -0.229717
v 0.040908 -0.050691 -0.229717
v 0.017964 -0.051763 -0.239299
v 0.017964 -0.051416 -0.239299
v 0.007822 -0.051416 -0.237146
v 0.007822 -0.051763 -0.237146
v 0.041322 -0.051104 -0.228994
v 0.041322 -0.045496 -0.228994
v 0.041030 -0.045787 -0.229205
v 0.041030 -0.050812 -0.229205
v -0.002421 -0.045787 -0.229053
v -0.002421 -0.050812 -0.229053
v -0.002302 -0.050691 -0.229566
v -0.002302 -0.045908 -0.229566
v 0.029426 -0.045183 -0.237222
v 0.029426 -0.044836 -0.237222
v -0.002712 -0.045496 -0.228840
v -0.002712 -0.051104 -0.228840
v -0.002421 -0.050812 -0.229053
v -0.002421 -0.045787 -0.229053
v 0.029426 -0.051763 -0.237222
v 0.029426 -0.051416 -0.237222
v -0.016351 -0.045288 -0.236881
v -0.016351 -0.051311 -0.236881
v -0.027748 -0.051153 -0.236974
v -0.027748 -0.045446 -0.236974
v -0.029044 -0.051137 -0.279977
v -0.029044 -0.045462 -0.279977
v -0.028897 -0.045462 -0.238129
v -0.028897 -0.051137 -0.238129
v -0.016506 -0.051311 -0.281313
v -0.016506 -0.045288 -0.281313
v -0.027902 -0.045446 -0.281140
v -0.027902 -0.051153 -0.281140
v -0.056693 -0.045405 -0.280985
v -0.056693 -0.051194 -0.280985
v -0.042893 -0.051142 -0.281071
v -0.042893 -0.045458 -0.281071
v -0.041598 -0.051137 -0.238085
v -0.041598 -0.045462 -0.238085
v -0.041743 -0.045462 -0.279933
v -0.041743 -0.051137 -0.279933
v -0.056512 -0.051232 -0.236876
v -0.056512 -0.045367 -0.236876
v -0.042739 -0.045455 -0.236935
v -0.042739 -0.051144 -0.236935
v -0.016509 -0.044143 -0.282459
v -0.016519 -0.044133 -0.285015
v -0.028926 -0.044229 -0.284904
v -0.041895 -0.044229 -0.284859
v -0.028926 -0.052371 -0.284904
v -0.016519 -0.052466 -0.285015
v -0.016509 -0.052456 -0.282459
v -0.041895 -0.052371 -0.284859
v -0.051890 -0.044134 -0.284764
v -0.054821 -0.044218 -0.282142
v -0.054821 -0.052381 -0.282142
v -0.051890 -0.052465 -0.284764
v -0.015374 -0.051327 -0.285026
v -0.015374 -0.045272 -0.285026
v -0.015364 -0.045272 -0.282475
v -0.015364 -0.051327 -0.282475
v -0.053186 -0.045242 -0.285141
v -0.053186 -0.051357 -0.285141
v -0.056985 -0.051227 -0.281743
v -0.056985 -0.045372 -0.281743
v -0.028720 -0.044219 -0.230304
v -0.016328 -0.044133 -0.230280
v -0.016347 -0.044143 -0.235735
v -0.041719 -0.044219 -0.230259
v -0.016347 -0.052456 -0.235735
v -0.016328 -0.052466 -0.230280
v -0.028720 -0.052380 -0.230304
v -0.041719 -0.052380 -0.230259
v -0.055432 -0.044203 -0.235735
v -0.051502 -0.044115 -0.230257
v -0.051502 -0.052484 -0.230257
v -0.055432 -0.052396 -0.235735
v -0.015182 -0.045272 -0.230277
v -0.015182 -0.051327 -0.230277
v -0.015201 -0.051327 -0.235726
v -0.015201 -0.045272 -0.235726
v -0.052756 -0.051359 -0.230043
v -0.052756 -0.045240 -0.230043
v -0.056990 -0.045344 -0.235941
v -0.056990 -0.051256 -0.235941
v -0.016523 -0.045279 -0.286160
v -0.016523 -0.051321 -0.286160
v -0.028889 -0.051252 -0.286049
v -0.028889 -0.045348 -0.286049
v -0.041940 -0.051252 -0.286003
v -0.041940 -0.045348 -0.286003
v -0.016324 -0.051321 -0.229133
v -0.016324 -0.045279 -0.229133
v -0.028691 -0.045348 -0.229159
v -0.028691 -0.051252 -0.229159
v -0.041740 -0.045348 -0.229113
v -0.041740 -0.051252 -0.229113
v -0.051187 -0.051371 -0.285915
v -0.051187 -0.045228 -0.285915
v -0.050943 -0.045237 -0.229112
v -0.050943 -0.051362 -0.229112
v -0.002712 -0.045496 -0.228840
v -0.002421 -0.045787 -0.229053
v 0.007821 -0.045696 -0.237359
v -0.016533 -0.050691 -0.235462
v -0.016513 -0.050691 -0.229835
v -0.016513 -0.045908 -0.229835
v -0.016533 -0.045908 -0.235462
v 0.007821 -0.045696 -0.237359
v -0.002302 -0.045908 -0.229566
v 0.007819 -0.045908 -0.237871
v 0.055197 -0.045908 -0.234786
v 0.052700 -0.045908 -0.229958
v 0.052700 -0.050691 -0.229958
v 0.055197 -0.050691 -0.234786
v 0.040886 -0.045908 -0.235662
v 0.054633 -0.045908 -0.235710
v 0.054633 -0.050691 -0.235710
v 0.040886 -0.050691 -0.235662
v 0.007821 -0.050903 -0.237359
v 0.054957 -0.050691 -0.282124
v 0.052579 -0.050691 -0.285860
v 0.052579 -0.045908 -0.285860
v 0.054957 -0.045908 -0.282124
v 0.040728 -0.050691 -0.281191
v 0.054474 -0.050691 -0.281239
v 0.054474 -0.045908 -0.281239
v 0.040728 -0.045908 -0.281191
v -0.016708 -0.050691 -0.285456
v -0.016692 -0.050691 -0.280991
v -0.016692 -0.045908 -0.280991
v -0.016708 -0.045908 -0.285456
v 0.007821 -0.050903 -0.237359
v 0.007819 -0.050691 -0.237871
v -0.002302 -0.050691 -0.229566
v 0.029297 -0.052807 -0.274462
v 0.017848 -0.052807 -0.272708
v 0.017839 -0.052807 -0.275190
v 0.029286 -0.052807 -0.277348
v 0.017835 -0.044836 -0.276234
v 0.017835 -0.045183 -0.276234
v 0.007677 -0.045183 -0.278316
v 0.007677 -0.044836 -0.278316
v 0.040284 -0.052807 -0.235304
v 0.040124 -0.052807 -0.281535
v 0.040551 -0.052501 -0.281292
v 0.040711 -0.052501 -0.235556
v 0.029425 -0.045696 -0.237434
v 0.041030 -0.045787 -0.229205
v 0.041322 -0.045496 -0.228994
v 0.040711 -0.052501 -0.235556
v 0.040551 -0.052501 -0.281292
v 0.040728 -0.051763 -0.281191
v 0.040886 -0.051763 -0.235662
v 0.040728 -0.050691 -0.281191
v 0.040886 -0.050691 -0.235662
v 0.029297 -0.043792 -0.274462
v 0.029286 -0.043792 -0.277348
v 0.017839 -0.043792 -0.275190
v 0.017848 -0.043792 -0.272708
v 0.007677 -0.051763 -0.278316
v 0.007677 -0.051416 -0.278316
v 0.017835 -0.051416 -0.276234
v 0.017835 -0.051763 -0.276234
v 0.040284 -0.043792 -0.235304
v 0.040711 -0.044098 -0.235556
v 0.040551 -0.044098 -0.281292
v 0.040124 -0.043792 -0.281535
v 0.029425 -0.045696 -0.237434
v 0.029423 -0.045908 -0.237946
v 0.040908 -0.045908 -0.229717
v 0.040551 -0.044098 -0.281292
v 0.040711 -0.044098 -0.235556
v 0.040886 -0.044836 -0.235662
v 0.040728 -0.044836 -0.281191
v 0.040886 -0.045908 -0.235662
v 0.040728 -0.045908 -0.281191
v -0.002497 -0.052807 -0.285506
v 0.007682 -0.052807 -0.277273
v 0.007691 -0.052807 -0.274386
v -0.002482 -0.052807 -0.281040
v 0.029425 -0.050903 -0.237434
v 0.029282 -0.044836 -0.278392
v 0.029282 -0.045183 -0.278392
v -0.002497 -0.043792 -0.285506
v -0.002482 -0.043792 -0.281040
v 0.007691 -0.043792 -0.274386
v 0.007682 -0.043792 -0.277273
v 0.029425 -0.050903 -0.237434
v 0.040908 -0.050691 -0.229717
v 0.029423 -0.050691 -0.237946
v 0.029282 -0.051416 -0.278392
v 0.029282 -0.051763 -0.278392
v 0.040551 -0.044098 -0.281292
v 0.054163 -0.044098 -0.281578
v 0.053620 -0.043792 -0.282281
v 0.054474 -0.044836 -0.281239
v 0.040728 -0.044836 -0.281191
v 0.040728 -0.045908 -0.281191
v 0.054474 -0.045908 -0.281239
v 0.007678 -0.045696 -0.278105
v 0.052579 -0.044836 -0.285860
v 0.054957 -0.044836 -0.282124
v 0.040551 -0.044098 -0.281292
v 0.040728 -0.051763 -0.281191
v 0.054474 -0.051763 -0.281239
v 0.054957 -0.051763 -0.282124
v 0.052579 -0.051763 -0.285860
v 0.007678 -0.045696 -0.278105
v 0.007680 -0.045908 -0.277591
v -0.002499 -0.045908 -0.285826
v -0.015648 -0.052807 -0.280994
v -0.015663 -0.052807 -0.285460
v 0.007678 -0.050903 -0.278105
v -0.016708 -0.051763 -0.285456
v -0.016692 -0.051763 -0.280991
v -0.002323 -0.052807 -0.235512
v -0.015489 -0.052807 -0.235466
v -0.016533 -0.051763 -0.235462
v -0.015663 -0.043792 -0.285460
v -0.015648 -0.043792 -0.280994
v -0.016692 -0.044836 -0.280991
v -0.016708 -0.044836 -0.285456
v -0.016708 -0.045908 -0.285456
v -0.016692 -0.045908 -0.280991
v 0.007678 -0.050903 -0.278105
v -0.002621 -0.050812 -0.286338
v -0.002499 -0.050691 -0.285826
v 0.007680 -0.050691 -0.277591
v -0.015489 -0.043792 -0.235466
v -0.002323 -0.043792 -0.235512
v -0.016533 -0.044836 -0.235462
v -0.016533 -0.045908 -0.235462
v 0.007805 -0.043792 -0.241905
v 0.017949 -0.043792 -0.243568
v 0.029423 -0.052807 -0.238266
v 0.017960 -0.052807 -0.240344
v 0.017949 -0.052807 -0.243568
v 0.029410 -0.052807 -0.241981
v 0.017962 -0.045908 -0.240024
v 0.053620 -0.052807 -0.282281
v 0.054163 -0.052501 -0.281578
v 0.040551 -0.052501 -0.281292
v -0.002302 -0.045908 -0.229566
v 0.007805 -0.052807 -0.241905
v 0.029423 -0.043792 -0.238266
v 0.029410 -0.043792 -0.241981
v 0.017960 -0.043792 -0.240344
v 0.017962 -0.050691 -0.240024
v 0.040551 -0.052501 -0.281292
v -0.002302 -0.050691 -0.229566
v 0.007817 -0.052807 -0.238191
v -0.002304 -0.052807 -0.229885
v 0.040908 -0.045908 -0.229717
v -0.002304 -0.043792 -0.229885
v 0.007817 -0.043792 -0.238191
v 0.040908 -0.050691 -0.229717
v 0.053958 -0.043792 -0.234664
v 0.054395 -0.044098 -0.235378
v 0.040711 -0.044098 -0.235556
v 0.040886 -0.044836 -0.235662
v 0.054633 -0.044836 -0.235710
v 0.054633 -0.045908 -0.235710
v 0.040886 -0.045908 -0.235662
v 0.055197 -0.044836 -0.234786
v 0.052700 -0.044836 -0.229958
v 0.052700 -0.045908 -0.229958
v 0.055197 -0.045908 -0.234786
v 0.017837 -0.045908 -0.275509
v -0.002482 -0.045908 -0.281040
v -0.016692 -0.045908 -0.280991
v -0.016692 -0.050691 -0.280991
v -0.002482 -0.050691 -0.281040
v -0.002499 -0.045908 -0.285826
v 0.040711 -0.044098 -0.235556
v 0.054633 -0.051763 -0.235710
v 0.040886 -0.051763 -0.235662
v 0.017837 -0.050691 -0.275509
v 0.052700 -0.051763 -0.229958
v 0.055197 -0.051763 -0.234786
v -0.015469 -0.052807 -0.229839
v -0.002499 -0.050691 -0.285826
v -0.016513 -0.051763 -0.229835
v 0.029285 -0.045908 -0.277666
v 0.040711 -0.045908 -0.285977
v -0.015469 -0.043792 -0.229839
v -0.016533 -0.045908 -0.235462
v -0.002323 -0.045908 -0.235512
v -0.002323 -0.050691 -0.235512
v -0.016533 -0.050691 -0.235462
v 0.040711 -0.050691 -0.285977
v 0.029285 -0.050691 -0.277666
v -0.016513 -0.044836 -0.229835
v -0.016513 -0.045908 -0.229835
v -0.029332 -0.045262 -0.239197
v -0.025355 -0.044925 -0.239356
v -0.025645 -0.044759 -0.279363
v -0.029513 -0.045082 -0.279337
v -0.024365 -0.044629 -0.238425
v -0.024838 -0.044521 -0.239428
v -0.025152 -0.045312 -0.238330
v -0.024678 -0.046234 -0.237923
v -0.029525 -0.046719 -0.237752
v -0.025706 -0.053828 -0.237880
v -0.020839 -0.053747 -0.238097
v -0.023279 -0.044836 -0.238043
v -0.025026 -0.055113 -0.239368
v -0.025319 -0.054967 -0.279530
v -0.020476 -0.054867 -0.279603
v -0.020184 -0.055044 -0.239592
v -0.020371 -0.054668 -0.238546
v -0.012796 -0.047130 -0.238721
v -0.013830 -0.046974 -0.238276
v -0.024990 -0.046057 -0.280858
v -0.021153 -0.053557 -0.281037
v -0.026020 -0.053671 -0.280969
v -0.029719 -0.046526 -0.280825
v -0.138055 -0.048624 -0.244297
v -0.138197 -0.048624 -0.285013
v -0.185929 -0.047166 -0.287771
v -0.185787 -0.047166 -0.247056
v -0.090541 -0.045558 -0.282258
v -0.090395 -0.045558 -0.240528
v -0.138011 -0.057548 -0.242830
v -0.138043 -0.050088 -0.242832
v -0.185782 -0.048631 -0.245592
v -0.185782 -0.055591 -0.245592
v -0.090232 -0.055971 -0.239053
v -0.090368 -0.047022 -0.239062
v -0.138164 -0.057548 -0.286475
v -0.185934 -0.055591 -0.289236
v -0.185934 -0.048631 -0.289236
v -0.138196 -0.050088 -0.286477
v -0.090388 -0.055971 -0.283714
v -0.090524 -0.047022 -0.283722
v -0.138010 -0.059012 -0.244295
v -0.185787 -0.057055 -0.247056
v -0.185929 -0.057055 -0.287771
v -0.138152 -0.059012 -0.285010
v -0.090215 -0.057436 -0.240518
v -0.090361 -0.057436 -0.282248
v -0.049424 -0.040966 -0.238159
v -0.033374 -0.036334 -0.239038
v -0.033542 -0.036283 -0.279335
v -0.049569 -0.040966 -0.279890
v -0.049468 -0.053117 -0.236698
v -0.032779 -0.048261 -0.237343
v -0.033295 -0.037799 -0.237544
v -0.049425 -0.042430 -0.236695
v -0.049480 -0.054582 -0.238163
v -0.049625 -0.054582 -0.279893
v -0.032883 -0.049687 -0.279359
v -0.032712 -0.049722 -0.238778
v -0.049625 -0.053117 -0.281357
v -0.049580 -0.042430 -0.281355
v -0.033476 -0.037744 -0.280803
v -0.032961 -0.048223 -0.280821
v -0.033374 -0.036334 -0.239038
v -0.029332 -0.045262 -0.239197
v -0.029513 -0.045082 -0.279337
v -0.033542 -0.036283 -0.279335
v -0.299695 -0.037351 -0.246968
v -0.299695 -0.029765 -0.246968
v -0.313316 -0.026728 -0.248417
v -0.314223 -0.032930 -0.248067
v -0.299842 -0.038948 -0.289147
v -0.299699 -0.038948 -0.248432
v -0.314481 -0.034532 -0.249443
v -0.315262 -0.035323 -0.289844
v -0.299846 -0.029765 -0.290612
v -0.299846 -0.037351 -0.290612
v -0.315301 -0.033756 -0.291359
v -0.315350 -0.026310 -0.291594
v -0.299842 -0.028169 -0.289147
v -0.315283 -0.024730 -0.290183
v -0.313164 -0.025139 -0.249969
v -0.299699 -0.028169 -0.248432
v -0.321392 -0.018759 -0.251436
v -0.325006 -0.015134 -0.291753
v -0.335235 0.000498 -0.293439
v -0.336225 -0.000659 -0.254654
v -0.339780 0.018628 -0.255400
v -0.337318 0.018368 -0.294436
v -0.343490 -0.001303 -0.292411
v -0.337096 0.000214 -0.294393
v -0.326681 -0.015659 -0.292894
v -0.331917 -0.018267 -0.291801
v -0.345261 0.016622 -0.293510
v -0.339131 0.018041 -0.295408
v -0.328446 -0.021708 -0.250744
v -0.344735 -0.002542 -0.252176
v -0.344346 -0.001659 -0.290616
v -0.332825 -0.019015 -0.290122
v -0.347605 0.016671 -0.252999
v -0.346155 0.016317 -0.291702
v -0.342841 -0.002269 -0.251207
v -0.326683 -0.021238 -0.249471
v -0.322389 -0.019453 -0.249891
v -0.337114 -0.001005 -0.252874
v -0.340707 0.018294 -0.253585
v -0.345760 0.017027 -0.252034
v -0.340162 0.034695 -0.293111
v -0.339784 0.034867 -0.253839
v -0.338666 0.033487 -0.252613
v -0.335823 0.027891 -0.253335
v -0.335533 0.026499 -0.254919
v -0.335910 0.026327 -0.294191
v -0.339872 0.033303 -0.294695
v -0.337028 0.027707 -0.295417
v -0.009573 -0.050382 -0.235305
v -0.009726 -0.050382 -0.279457
v 0.001004 -0.050382 -0.279494
v 0.001157 -0.050382 -0.235343
v 0.001001 -0.049657 -0.280219
v -0.009004 -0.049657 -0.280184
v -0.009004 -0.046942 -0.280184
v 0.001001 -0.046942 -0.280219
v -0.009573 -0.046217 -0.235305
v 0.001157 -0.046217 -0.235343
v 0.001004 -0.046217 -0.279494
v -0.009726 -0.046217 -0.279457
v 0.001160 -0.046942 -0.234616
v -0.008844 -0.046942 -0.234581
v -0.008844 -0.049657 -0.234581
v 0.001160 -0.049657 -0.234616
v 0.027214 -0.049657 -0.282756
v 0.010269 -0.049657 -0.283456
v 0.010269 -0.046942 -0.283456
v 0.027214 -0.046942 -0.282756
v 0.036835 -0.046942 -0.280511
v 0.036835 -0.049657 -0.280511
v 0.037543 -0.049657 -0.279622
v 0.037543 -0.046942 -0.279622
v 0.037698 -0.046942 -0.235470
v 0.037698 -0.049657 -0.235470
v 0.010451 -0.046942 -0.231445
v 0.010451 -0.049657 -0.231445
v 0.027390 -0.049657 -0.232263
v 0.027390 -0.046942 -0.232263
v 0.036995 -0.049657 -0.234575
v 0.036995 -0.046942 -0.234575
v 0.010448 -0.046217 -0.232169
v 0.010272 -0.046217 -0.282731
v 0.010448 -0.050382 -0.232169
v 0.010272 -0.050382 -0.282731
v 0.027388 -0.046217 -0.232988
v 0.036973 -0.046217 -0.235314
v 0.036818 -0.046217 -0.279771
v 0.027217 -0.046217 -0.282030
v 0.027388 -0.050382 -0.232988
v 0.027217 -0.050382 -0.282030
v 0.036818 -0.050382 -0.279771
v 0.036973 -0.050382 -0.235314
v -0.016205 -0.045908 -0.229098
v -0.016205 -0.044836 -0.229098
v -0.015466 -0.045908 -0.228796
v -0.015466 -0.044836 -0.228796
v -0.016208 -0.044098 -0.229836
v -0.016228 -0.044098 -0.235463
v -0.002300 -0.044098 -0.229147
v -0.015467 -0.044098 -0.229101
v -0.002300 -0.044836 -0.228842
v -0.015466 -0.051763 -0.228796
v -0.015466 -0.050691 -0.228796
v -0.016205 -0.050691 -0.229098
v -0.016205 -0.051763 -0.229098
v -0.015467 -0.052501 -0.229101
v -0.002300 -0.052501 -0.229147
v -0.002300 -0.051763 -0.228842
v -0.016228 -0.052501 -0.235463
v -0.016208 -0.052501 -0.229836
v 0.052068 -0.050691 -0.229280
v 0.052068 -0.051763 -0.229280
v 0.051176 -0.050691 -0.229028
v 0.051176 -0.051763 -0.229028
v 0.052358 -0.052501 -0.230016
v 0.054794 -0.052501 -0.234726
v 0.051584 -0.052807 -0.230072
v 0.053958 -0.052807 -0.234664
v 0.055175 -0.051763 -0.235407
v 0.055175 -0.050691 -0.235407
v 0.055175 -0.051763 -0.235407
v 0.040909 -0.052501 -0.229297
v 0.051280 -0.052501 -0.229359
v 0.040910 -0.051763 -0.228992
v 0.040906 -0.052807 -0.230036
v 0.040711 -0.052501 -0.235556
v 0.054395 -0.052501 -0.235378
v 0.040711 -0.052501 -0.235556
v 0.051176 -0.044836 -0.229028
v 0.051176 -0.045908 -0.229028
v 0.052068 -0.045908 -0.229280
v 0.052068 -0.044836 -0.229280
v 0.051280 -0.044098 -0.229359
v 0.040909 -0.044098 -0.229297
v 0.040910 -0.044836 -0.228992
v 0.040906 -0.043792 -0.230036
v 0.051584 -0.043792 -0.230072
v 0.055175 -0.045908 -0.235407
v 0.055175 -0.044836 -0.235407
v 0.055175 -0.044836 -0.235407
v 0.054794 -0.044098 -0.234726
v 0.052358 -0.044098 -0.230016
v 0.017963 -0.044098 -0.239606
v 0.007821 -0.044098 -0.237452
v 0.007821 -0.052501 -0.237452
v 0.017963 -0.052501 -0.239606
v 0.029425 -0.044098 -0.237527
v 0.029425 -0.052501 -0.237527
v -0.016386 -0.044098 -0.280991
v -0.015667 -0.044836 -0.286504
v -0.015667 -0.045908 -0.286504
v -0.016404 -0.045908 -0.286196
v -0.016404 -0.044836 -0.286196
v -0.002501 -0.044836 -0.286550
v -0.015666 -0.044098 -0.286198
v -0.002500 -0.044098 -0.286244
v -0.016402 -0.044098 -0.285458
v -0.016386 -0.052501 -0.280991
v -0.016404 -0.050691 -0.286196
v -0.016404 -0.051763 -0.286196
v -0.015667 -0.050691 -0.286504
v -0.015667 -0.051763 -0.286504
v -0.016402 -0.052501 -0.285458
v -0.002501 -0.051763 -0.286550
v -0.002500 -0.052501 -0.286244
v -0.015666 -0.052501 -0.286198
v 0.050975 -0.051763 -0.286738
v 0.050975 -0.050691 -0.286738
v 0.051889 -0.050691 -0.286505
v 0.051889 -0.051763 -0.286505
v 0.051094 -0.052501 -0.286398
v 0.040710 -0.052501 -0.286395
v 0.040709 -0.051763 -0.286702
v 0.040712 -0.052807 -0.285657
v 0.051447 -0.052807 -0.285695
v 0.054976 -0.050691 -0.281539
v 0.054976 -0.051763 -0.281539
v 0.054976 -0.051763 -0.281539
v 0.054505 -0.052501 -0.282202
v 0.052229 -0.052501 -0.285779
v 0.051889 -0.045908 -0.286505
v 0.051889 -0.044836 -0.286505
v 0.050975 -0.045908 -0.286738
v 0.050975 -0.044836 -0.286738
v 0.052229 -0.044098 -0.285779
v 0.054505 -0.044098 -0.282202
v 0.051447 -0.043792 -0.285695
v 0.054976 -0.044836 -0.281539
v 0.054976 -0.045908 -0.281539
v 0.054976 -0.044836 -0.281539
v 0.040710 -0.044098 -0.286395
v 0.051094 -0.044098 -0.286398
v 0.040709 -0.044836 -0.286702
v 0.040712 -0.043792 -0.285657
v 0.007678 -0.044098 -0.278011
v 0.017836 -0.044098 -0.275928
v 0.017836 -0.052501 -0.275928
v 0.007678 -0.052501 -0.278011
v 0.029284 -0.044098 -0.278086
v 0.029284 -0.052501 -0.278086
v -0.016404 -0.045908 -0.286196
v 0.054976 -0.045908 -0.281539
v 0.055175 -0.045908 -0.235407
v 0.052068 -0.045908 -0.229280
v 0.051176 -0.045908 -0.229028
v -0.016205 -0.045908 -0.229098
v -0.015466 -0.045908 -0.228796
v -0.016302 -0.044200 -0.286094
v -0.016104 -0.044200 -0.229200
v -0.016302 -0.052399 -0.286094
v -0.016104 -0.052399 -0.229200
v 0.051998 -0.044178 -0.229395
v 0.051826 -0.044172 -0.286387
v 0.051998 -0.052421 -0.229395
v 0.051826 -0.052427 -0.286387
v 0.054990 -0.052455 -0.235295
v 0.055175 -0.051763 -0.235407
v 0.054990 -0.044144 -0.235295
v 0.055175 -0.044836 -0.235407
v 0.054759 -0.052483 -0.281658
v 0.054976 -0.051763 -0.281539
v 0.054759 -0.052483 -0.281658
v 0.054759 -0.052483 -0.281658
v 0.054759 -0.044116 -0.281658
v 0.054976 -0.044836 -0.281539
v 0.029283 -0.050903 -0.278179
v 0.017836 -0.050903 -0.276022
v 0.017836 -0.050903 -0.276022
v 0.029283 -0.050903 -0.278179
v 0.029283 -0.045696 -0.278179
v 0.029283 -0.045696 -0.278179
v 0.040711 -0.045908 -0.285977
v 0.017836 -0.045696 -0.276022
v 0.017836 -0.045696 -0.276022
v 0.040711 -0.050691 -0.285977
v 0.040830 -0.050812 -0.286489
v 0.017963 -0.050903 -0.239512
v 0.017963 -0.050903 -0.239512
v 0.017963 -0.045696 -0.239512
v 0.017963 -0.045696 -0.239512
v -0.041735 -0.044544 -0.229449
v -0.051084 -0.044436 -0.229493
v -0.041740 -0.045348 -0.229113
v -0.051962 -0.045232 -0.229358
v -0.051962 -0.051368 -0.229358
v -0.041735 -0.052056 -0.229449
v -0.051084 -0.052163 -0.229493
v -0.041926 -0.052052 -0.285666
v -0.051363 -0.052160 -0.285496
v -0.052257 -0.051375 -0.285710
v -0.052257 -0.045225 -0.285710
v -0.041926 -0.044547 -0.285666
v -0.041940 -0.045348 -0.286003
v -0.051363 -0.044440 -0.285496
v -0.028691 -0.045348 -0.229159
v -0.028700 -0.044544 -0.229495
v -0.028700 -0.052056 -0.229495
v -0.016325 -0.052131 -0.229469
v -0.015515 -0.051325 -0.229467
v -0.015515 -0.045274 -0.229467
v -0.016325 -0.044469 -0.229469
v -0.016324 -0.045279 -0.229133
v -0.028900 -0.052052 -0.285711
v -0.028889 -0.045348 -0.286049
v -0.028900 -0.044547 -0.285711
v -0.016522 -0.044469 -0.285825
v -0.016523 -0.045279 -0.286160
v -0.015712 -0.045274 -0.285832
v -0.015712 -0.051325 -0.285832
v -0.016522 -0.052131 -0.285825
v -0.056448 -0.052064 -0.235836
v -0.052365 -0.052161 -0.230151
v -0.052365 -0.044438 -0.230151
v -0.056448 -0.044535 -0.235836
v -0.057036 -0.045357 -0.236553
v -0.057036 -0.051242 -0.236553
v -0.057036 -0.051242 -0.236553
v -0.057036 -0.045357 -0.236553
v -0.015518 -0.044465 -0.230277
v -0.015182 -0.045272 -0.230277
v -0.015201 -0.045272 -0.235726
v -0.015538 -0.044468 -0.235729
v -0.015518 -0.052135 -0.230277
v -0.015538 -0.052131 -0.235729
v -0.015539 -0.051322 -0.236539
v -0.015539 -0.045277 -0.236539
v -0.056111 -0.052049 -0.236500
v -0.056111 -0.044550 -0.236500
v -0.042739 -0.045455 -0.236935
v -0.016349 -0.052121 -0.236544
v -0.016349 -0.044478 -0.236544
v -0.016351 -0.045288 -0.236881
v -0.027748 -0.045446 -0.236974
v -0.056140 -0.044557 -0.281941
v -0.052774 -0.044449 -0.284951
v -0.052774 -0.052150 -0.284951
v -0.056140 -0.052042 -0.281941
v -0.057100 -0.051208 -0.281263
v -0.057100 -0.045392 -0.281263
v -0.057100 -0.045392 -0.281263
v -0.057100 -0.051208 -0.281263
v -0.015709 -0.052135 -0.285022
v -0.015701 -0.052131 -0.282470
v -0.015709 -0.044465 -0.285022
v -0.015701 -0.044468 -0.282470
v -0.015364 -0.045272 -0.282475
v -0.015374 -0.045272 -0.285026
v -0.015696 -0.045277 -0.281660
v -0.015696 -0.051322 -0.281660
v -0.055935 -0.052021 -0.281405
v -0.055935 -0.044579 -0.281405
v -0.042893 -0.045458 -0.281071
v -0.016507 -0.052121 -0.281648
v -0.041743 -0.045462 -0.279933
v -0.041598 -0.045462 -0.238085
v -0.028897 -0.045462 -0.238129
v -0.029044 -0.045462 -0.279977
v -0.016507 -0.044478 -0.281648
v -0.027902 -0.045446 -0.281140
v -0.016506 -0.045288 -0.281313
v -0.041930 -0.045460 -0.237273
v -0.041930 -0.051139 -0.237273
v -0.042082 -0.045461 -0.280741
v -0.042082 -0.051138 -0.280741
v -0.028711 -0.045457 -0.280793
v -0.028711 -0.051142 -0.280793
v -0.028559 -0.045457 -0.237315
v -0.028559 -0.051142 -0.237315
v -0.052203 -0.044480 -0.285570
v -0.051894 -0.044503 -0.229491
v -0.052203 -0.052120 -0.285570
v -0.051894 -0.052096 -0.229491
v -0.015824 -0.044577 -0.285719
v -0.015712 -0.045274 -0.285832
v -0.015628 -0.044577 -0.229579
v -0.015515 -0.045274 -0.229467
v -0.015628 -0.052022 -0.229579
v -0.015824 -0.052022 -0.285719
v -0.056767 -0.052059 -0.236417
v -0.057036 -0.051242 -0.236553
v -0.056767 -0.052059 -0.236417
v -0.056767 -0.052059 -0.236417
v -0.056767 -0.044540 -0.236417
v -0.056767 -0.044540 -0.236417
v -0.057036 -0.045357 -0.236553
v -0.056767 -0.044540 -0.236417
v -0.015651 -0.044581 -0.236428
v -0.015539 -0.045277 -0.236539
v -0.015651 -0.052018 -0.236428
v -0.041930 -0.045460 -0.237273
v -0.028559 -0.045457 -0.237315
v -0.056635 -0.052201 -0.281443
v -0.057100 -0.051208 -0.281263
v -0.056635 -0.052201 -0.281443
v -0.057100 -0.051208 -0.281263
v -0.056635 -0.044398 -0.281443
v -0.057100 -0.045392 -0.281263
v -0.056635 -0.044398 -0.281443
v -0.057100 -0.045392 -0.281263
v -0.015810 -0.044581 -0.281770
v -0.015696 -0.045277 -0.281660
v -0.015810 -0.052018 -0.281770
v -0.042082 -0.045461 -0.280741
v -0.028711 -0.045457 -0.280793
v 0.010270 -0.050170 -0.283245
v 0.027214 -0.050170 -0.282544
v 0.010450 -0.050170 -0.231657
v 0.027390 -0.050170 -0.232475
v 0.036826 -0.050170 -0.280292
v 0.037327 -0.050170 -0.279662
v 0.037481 -0.050170 -0.235427
v 0.036985 -0.050170 -0.234795
v 0.010450 -0.046429 -0.231657
v 0.027390 -0.046429 -0.232475
v 0.027390 -0.046429 -0.232475
v 0.010450 -0.046429 -0.231657
v 0.010270 -0.046429 -0.283245
v 0.027214 -0.046429 -0.282544
v 0.027214 -0.046429 -0.282544
v 0.010270 -0.046429 -0.283245
v 0.001159 -0.046429 -0.234829
v 0.001159 -0.046429 -0.234829
v 0.001159 -0.050170 -0.234829
v 0.036985 -0.046429 -0.234795
v 0.036985 -0.046429 -0.234795
v 0.037481 -0.046429 -0.235427
v 0.037327 -0.046429 -0.279662
v 0.036826 -0.046429 -0.280292
v 0.036826 -0.046429 -0.280292
v 0.001002 -0.050170 -0.280006
v 0.001002 -0.046429 -0.280006
v 0.001002 -0.046429 -0.280006
v 0.037502 -0.049657 -0.234900
v 0.037502 -0.046942 -0.234900
v 0.037502 -0.046942 -0.234900
v 0.037502 -0.049657 -0.234900
v 0.037344 -0.046942 -0.280189
v 0.037344 -0.049657 -0.280189
v 0.037344 -0.049657 -0.280189
v 0.037344 -0.046942 -0.280189
v -0.009358 -0.046429 -0.234792
v -0.009358 -0.046429 -0.234792
v -0.009358 -0.050170 -0.234792
v -0.009516 -0.046429 -0.279970
v -0.009516 -0.046429 -0.279970
v -0.009516 -0.050170 -0.279970
v 0.037426 -0.046496 -0.234959
v 0.037426 -0.046496 -0.234959
v 0.037426 -0.050104 -0.234959
v 0.037268 -0.046496 -0.280130
v 0.037268 -0.046496 -0.280130
v 0.037268 -0.050104 -0.280130
v -0.346087 0.016402 -0.292803
v -0.340247 0.034284 -0.294156
v -0.346155 0.016317 -0.291702
v -0.340162 0.034695 -0.293111
v -0.336409 0.026727 -0.295134
v -0.338031 0.018268 -0.295300
v -0.339870 0.018534 -0.254291
v -0.335448 0.026911 -0.253874
v -0.339286 0.034467 -0.252897
v -0.346869 0.016780 -0.252139
v -0.049574 -0.041394 -0.280926
v -0.090538 -0.045987 -0.283294
v -0.090385 -0.045987 -0.239492
v -0.049422 -0.041394 -0.237124
v -0.090218 -0.057007 -0.239482
v -0.049474 -0.054153 -0.237128
v -0.049628 -0.054153 -0.280930
v -0.090371 -0.057007 -0.283284
v -0.049625 -0.054582 -0.279893
v -0.090361 -0.057436 -0.282248
v -0.185783 -0.047595 -0.246020
v -0.299696 -0.028636 -0.247397
v -0.299845 -0.028636 -0.290183
v -0.185932 -0.047595 -0.288806
v -0.299696 -0.038480 -0.247397
v -0.185783 -0.056626 -0.246020
v -0.299845 -0.038480 -0.290183
v -0.185932 -0.056626 -0.288806
v -0.185929 -0.057055 -0.287771
v -0.299842 -0.038948 -0.289147
v -0.315335 -0.025191 -0.291197
v -0.325648 -0.015235 -0.292675
v -0.313175 -0.025605 -0.248903
v -0.321545 -0.019018 -0.250407
v -0.332720 -0.018755 -0.291193
v -0.315286 -0.034878 -0.290896
v -0.332825 -0.019015 -0.290122
v -0.315262 -0.035323 -0.289844
v -0.314392 -0.034047 -0.248438
v -0.327772 -0.021616 -0.249777
v -0.343971 -0.002476 -0.251317
v -0.336288 -0.000778 -0.253564
v -0.344302 -0.001541 -0.291707
v -0.344346 -0.001659 -0.290616
v -0.335982 0.000432 -0.294292
v -0.033348 -0.036762 -0.237993
v -0.029385 -0.045692 -0.238168
v -0.029332 -0.045262 -0.239197
v -0.029385 -0.045692 -0.238168
v -0.033348 -0.036762 -0.237993
v -0.029513 -0.045082 -0.279337
v -0.029575 -0.045502 -0.280381
v -0.033525 -0.036710 -0.280372
v -0.029575 -0.045502 -0.280381
v -0.033525 -0.036710 -0.280372
v -0.032730 -0.049293 -0.237753
v -0.025221 -0.054740 -0.238325
v -0.032883 -0.049687 -0.279359
v -0.032908 -0.049258 -0.280394
v -0.025529 -0.054585 -0.280556
v -0.025319 -0.054967 -0.279530
v -0.033525 -0.036710 -0.280372
v -0.033348 -0.036762 -0.237993
v -0.138008 -0.058583 -0.243258
v -0.138152 -0.059012 -0.285010
v -0.138158 -0.058584 -0.286046
v -0.138199 -0.049052 -0.286048
v -0.138049 -0.049052 -0.243261
v -0.029575 -0.045502 -0.280381
v -0.025458 -0.045135 -0.280409
v -0.029513 -0.045082 -0.279337
v -0.020679 -0.054479 -0.280628
v -0.020476 -0.054867 -0.279603
v -0.012377 -0.047194 -0.239764
v -0.012776 -0.047227 -0.279675
v -0.013216 -0.047164 -0.280702
v -0.014258 -0.047008 -0.281112
v -0.025286 -0.044515 -0.279376
v -0.024825 -0.044640 -0.280427
v -0.023731 -0.044868 -0.280884
v -0.029385 -0.045692 -0.238168
v -0.029332 -0.045262 -0.239197
v -0.012776 -0.047227 -0.279675
v 0.088036 -0.045987 -0.238374
v 0.087877 -0.045987 -0.283917
v 0.046930 -0.041394 -0.281263
v 0.087868 -0.057007 -0.238363
v 0.087709 -0.057007 -0.283905
v 0.046983 -0.054153 -0.281266
v 0.087706 -0.057436 -0.282869
v 0.046988 -0.054582 -0.280231
v 0.212160 -0.045336 -0.291970
v 0.183230 -0.047595 -0.290096
v 0.183389 -0.047595 -0.244554
v 0.212320 -0.045336 -0.246429
v 0.183389 -0.056626 -0.244554
v 0.212320 -0.054367 -0.246429
v 0.212160 -0.054367 -0.291970
v 0.183230 -0.056626 -0.290096
v 0.212164 -0.054796 -0.290934
v 0.183233 -0.057055 -0.289060
v 0.036316 -0.049007 -0.234865
v 0.036697 -0.038494 -0.281102
v 0.036748 -0.037461 -0.280672
v 0.036773 -0.037035 -0.279635
v 0.036116 -0.050434 -0.279651
v 0.036134 -0.050005 -0.280686
v 0.036183 -0.048972 -0.281113
v 0.036116 -0.050434 -0.279651
v 0.135477 -0.059012 -0.285965
v 0.135475 -0.058584 -0.287001
v 0.135634 -0.058583 -0.241459
v 0.135517 -0.049052 -0.287004
v 0.135676 -0.049052 -0.241461
v -0.160430 0.070933 -0.072011
v -0.160427 0.070484 -0.071005
v 0.159183 0.070484 -0.072218
v 0.159180 0.070933 -0.073223
v 0.159052 0.070484 -0.112881
v -0.160558 0.070484 -0.111668
v -0.160558 0.070484 -0.111668
v 0.159052 0.070484 -0.112881
v 0.159049 0.070012 -0.113863
v -0.160560 0.070012 -0.112650
v -0.160562 0.068896 -0.113030
v 0.159047 0.068896 -0.114242
v -0.160561 0.061428 -0.112815
v 0.159049 0.061428 -0.114027
v 0.159050 0.060322 -0.113583
v -0.160560 0.060322 -0.112370
v 0.159053 0.059873 -0.112576
v -0.160556 0.059873 -0.111363
v 0.159180 0.060323 -0.072919
v -0.160429 0.060323 -0.071707
v 0.159183 0.060794 -0.071938
v -0.160426 0.060794 -0.070726
v 0.159184 0.061910 -0.071559
v -0.160425 0.061910 -0.070346
v -0.160426 0.069378 -0.070560
v 0.159184 0.069378 -0.071773
v -0.023811 -0.044041 -0.239601
v -0.024221 -0.044076 -0.279320
v -0.013331 -0.046284 -0.238659
v -0.022669 -0.044324 -0.238480
v -0.013163 -0.045968 -0.239175
v -0.022256 -0.044147 -0.239308
v -0.012531 -0.046581 -0.279612
v -0.012138 -0.046545 -0.239838
v -0.023094 -0.044376 -0.280508
v -0.013744 -0.046327 -0.280747
v -0.013547 -0.046180 -0.279931
v -0.023098 -0.044331 -0.279910
v -0.023894 -0.044142 -0.280133
v -0.012916 -0.046538 -0.280429
v -0.012531 -0.046581 -0.279612
v -0.013257 -0.046189 -0.279771
v -0.013113 -0.046208 -0.279429
v -0.012531 -0.046581 -0.279612
v -0.012138 -0.046545 -0.239838
v -0.012725 -0.046169 -0.240012
v -0.012866 -0.046148 -0.239656
v -0.012506 -0.046499 -0.239006
v -0.012506 -0.046499 -0.239006
v -0.012506 -0.046499 -0.239006
v -0.023468 -0.044099 -0.238812
v -0.022547 -0.043968 -0.239471
v -0.022693 -0.043949 -0.239814
v -0.023160 -0.044020 -0.279543
v 0.036050 -0.037080 -0.279537
v 0.036172 -0.037129 -0.236591
v 0.036115 -0.038362 -0.235357
v 0.035806 -0.038394 -0.236107
v 0.035312 -0.048427 -0.235910
v 0.035605 -0.048698 -0.235166
v 0.035538 -0.049881 -0.236343
v 0.035415 -0.049846 -0.279549
v 0.035985 -0.038306 -0.280741
v 0.035474 -0.048655 -0.280747
v 0.035189 -0.048372 -0.279979
v 0.035683 -0.038323 -0.279963
v 0.035428 -0.049498 -0.280396
v 0.035415 -0.049846 -0.279549
v 0.035161 -0.048971 -0.279381
v 0.035169 -0.048795 -0.279804
v 0.036032 -0.037445 -0.280393
v 0.035558 -0.049536 -0.235505
v 0.035292 -0.048836 -0.236072
v 0.035282 -0.049006 -0.236478
v 0.036160 -0.037494 -0.235721
v 0.035828 -0.037956 -0.236296
v 0.035704 -0.037900 -0.279787
v 0.035835 -0.037776 -0.236738
v 0.035282 -0.049006 -0.236478
v 0.035292 -0.048836 -0.236072
v 0.035312 -0.048427 -0.235910
v 0.035161 -0.048971 -0.279381
v 0.035714 -0.037725 -0.279364
v 0.035161 -0.048971 -0.279381
v 0.035169 -0.048795 -0.279804
v 0.035189 -0.048372 -0.279979
v -0.012866 -0.046148 -0.239656
v -0.013163 -0.045968 -0.239175
v -0.012725 -0.046169 -0.240012
v -0.023085 -0.043999 -0.279185
v -0.012531 -0.046581 -0.279612
v -0.013113 -0.046208 -0.279429
v -0.013113 -0.046208 -0.279429
v -0.013257 -0.046189 -0.279771
v -0.013547 -0.046180 -0.279931
v 0.297281 -0.037351 -0.249051
v 0.311801 -0.032930 -0.250253
v 0.310893 -0.026728 -0.250596
v 0.297281 -0.029765 -0.249051
v 0.297134 -0.038948 -0.291231
v 0.312550 -0.035323 -0.292035
v 0.312050 -0.034532 -0.251631
v 0.297276 -0.038948 -0.250516
v 0.297129 -0.029765 -0.292696
v 0.312625 -0.026310 -0.293786
v 0.312578 -0.033756 -0.293550
v 0.297129 -0.037351 -0.292696
v 0.297134 -0.028169 -0.291231
v 0.297276 -0.028169 -0.250516
v 0.310729 -0.025139 -0.252147
v 0.312568 -0.024730 -0.292374
v 0.318946 -0.018759 -0.253671
v 0.333757 -0.000659 -0.256993
v 0.332497 0.000498 -0.295769
v 0.322280 -0.015134 -0.294013
v 0.337307 0.018628 -0.257764
v 0.334572 0.018368 -0.296782
v 0.340759 -0.001303 -0.294800
v 0.329189 -0.018267 -0.294109
v 0.323947 -0.015659 -0.295165
v 0.334351 0.000214 -0.296737
v 0.336378 0.018041 -0.297767
v 0.342521 0.016622 -0.295911
v 0.326006 -0.021708 -0.253028
v 0.330110 -0.019015 -0.292435
v 0.341627 -0.001659 -0.293010
v 0.342285 -0.002542 -0.254575
v 0.345149 0.016671 -0.255417
v 0.343427 0.016317 -0.294108
v 0.340397 -0.002269 -0.253592
v 0.334658 -0.001005 -0.255219
v 0.319954 -0.019453 -0.252133
v 0.324252 -0.021238 -0.251743
v 0.343310 0.017027 -0.254440
v 0.338246 0.018294 -0.255955
v 0.337322 0.034867 -0.256202
v 0.337425 0.034695 -0.295477
v 0.333365 0.027891 -0.255671
v 0.336213 0.033487 -0.254969
v 0.333063 0.026499 -0.257253
v 0.333166 0.026327 -0.296527
v 0.337124 0.033303 -0.297058
v 0.334276 0.027707 -0.297760
v 0.343352 0.016402 -0.295210
v 0.337503 0.034284 -0.296522
v 0.343427 0.016317 -0.294108
v 0.337425 0.034695 -0.295477
v 0.335279 0.018268 -0.297650
v 0.333658 0.026727 -0.297473
v 0.337404 0.018534 -0.256655
v 0.332985 0.026911 -0.256208
v 0.336830 0.034467 -0.255257
v 0.344419 0.016780 -0.254552
v 0.312612 -0.025191 -0.293389
v 0.322915 -0.015235 -0.294938
v 0.310749 -0.025605 -0.251081
v 0.319107 -0.019018 -0.252644
v 0.329998 -0.018755 -0.293506
v 0.312565 -0.034878 -0.293087
v 0.330110 -0.019015 -0.292435
v 0.312550 -0.035323 -0.292035
v 0.325339 -0.021616 -0.252056
v 0.311969 -0.034047 -0.250623
v 0.341526 -0.002476 -0.253710
v 0.333828 -0.000778 -0.255903
v 0.341627 -0.001659 -0.293010
v 0.341576 -0.001541 -0.294101
v 0.333238 0.000432 -0.296628
v 0.297280 -0.028636 -0.249481
v 0.297130 -0.028636 -0.292267
v 0.297130 -0.038480 -0.292267
v 0.297134 -0.038948 -0.291231
v 0.297280 -0.038480 -0.249481
v 0.281900 0.045175 -0.072203
v 0.281889 0.052603 -0.072419
v 0.281961 0.054452 -0.113290
v 0.281900 0.054214 -0.073869
v 0.281983 0.045495 -0.114436
v 0.281973 0.052930 -0.114651
v 0.281974 0.043889 -0.112985
v 0.281916 0.043658 -0.073563
v 0.281981 0.044377 -0.113992
v 0.281906 0.044083 -0.072582
v 0.281968 0.054024 -0.114271
v 0.281961 0.054452 -0.113290
v 0.281892 0.053722 -0.072863
v -0.283139 0.045165 -0.070177
v -0.283129 0.052594 -0.070394
v -0.283464 0.054446 -0.111259
v -0.283149 0.054205 -0.071843
v -0.283494 0.045490 -0.112405
v -0.283486 0.052925 -0.112620
v -0.283476 0.043883 -0.110954
v -0.283164 0.043649 -0.071536
v -0.283490 0.044372 -0.111961
v -0.283147 0.044073 -0.070556
v -0.283479 0.054019 -0.112241
v -0.283464 0.054446 -0.111259
v -0.283134 0.053713 -0.070837
v -0.233418 -0.049163 -0.054524
v -0.233681 -0.050692 -0.056762
v -0.193581 -0.057402 -0.056902
v -0.193317 -0.055874 -0.054665
v -0.193218 -0.055335 -0.051998
v -0.233319 -0.048625 -0.051859
v -0.190819 -0.053895 -0.056922
v -0.190555 -0.052366 -0.054685
v -0.190847 -0.054111 -0.054674
v -0.191110 -0.055640 -0.056910
v -0.190748 -0.053573 -0.052008
v -0.190456 -0.051828 -0.052019
v -0.191746 -0.059265 -0.065026
v -0.191646 -0.058726 -0.062360
v -0.191938 -0.060471 -0.062349
v -0.192038 -0.061009 -0.065015
v -0.191674 -0.058943 -0.060112
v -0.191383 -0.057198 -0.060123
v -0.236079 -0.051846 -0.064872
v -0.236371 -0.053591 -0.064860
v -0.236271 -0.053052 -0.062194
v -0.235979 -0.051307 -0.062205
v -0.236007 -0.051524 -0.059956
v -0.235716 -0.049779 -0.059968
v -0.234888 -0.044947 -0.054530
v -0.235180 -0.046692 -0.054518
v -0.235081 -0.046154 -0.051853
v -0.234789 -0.044409 -0.051864
v -0.235152 -0.046476 -0.056768
v -0.235443 -0.048221 -0.056756
v -0.234609 -0.056061 -0.064867
v -0.194508 -0.062772 -0.065006
v -0.194409 -0.062234 -0.062340
v -0.234509 -0.055523 -0.062200
v -0.194145 -0.060705 -0.060103
v -0.234245 -0.053994 -0.059963
v -0.193409 -0.056256 -0.062354
v -0.193508 -0.056794 -0.065020
v -0.233609 -0.050083 -0.064880
v -0.233509 -0.049545 -0.062215
v -0.233245 -0.048016 -0.059976
v -0.193145 -0.054727 -0.060117
v -0.232418 -0.043185 -0.054539
v -0.192317 -0.049895 -0.054679
v -0.192581 -0.051424 -0.056916
v -0.232681 -0.044714 -0.056776
v -0.232319 -0.042647 -0.051873
v -0.192218 -0.049357 -0.052012
v -0.234510 -0.054570 -0.108273
v -0.194411 -0.061281 -0.108413
v -0.194590 -0.062380 -0.106981
v -0.234689 -0.055670 -0.106841
v -0.194649 -0.062772 -0.105211
v -0.234749 -0.056061 -0.105071
v -0.191826 -0.058873 -0.107001
v -0.192119 -0.060618 -0.106990
v -0.191939 -0.059519 -0.108422
v -0.191647 -0.057774 -0.108433
v -0.191886 -0.059265 -0.105231
v -0.192178 -0.061009 -0.105220
v -0.236273 -0.052100 -0.108267
v -0.236452 -0.053199 -0.106835
v -0.236160 -0.051454 -0.106847
v -0.235981 -0.050355 -0.108279
v -0.236219 -0.051846 -0.105076
v -0.236511 -0.053591 -0.105065
v -0.193589 -0.056403 -0.106995
v -0.193410 -0.055303 -0.108427
v -0.233510 -0.048593 -0.108287
v -0.233689 -0.049692 -0.106855
v -0.193648 -0.056794 -0.105225
v -0.233749 -0.050083 -0.105085
v -0.192768 -0.051359 -0.113677
v -0.232869 -0.044649 -0.113537
v -0.232928 -0.045040 -0.111768
v -0.192828 -0.051751 -0.111908
v -0.233107 -0.046140 -0.110335
v -0.193007 -0.052850 -0.110476
v -0.235398 -0.046802 -0.111758
v -0.235339 -0.046411 -0.113529
v -0.235631 -0.048156 -0.113517
v -0.235690 -0.048547 -0.111747
v -0.235869 -0.049647 -0.110315
v -0.235577 -0.047902 -0.110327
v -0.191357 -0.055966 -0.111902
v -0.191298 -0.055575 -0.113673
v -0.191006 -0.053830 -0.113683
v -0.191065 -0.054221 -0.111914
v -0.191536 -0.057066 -0.110470
v -0.191244 -0.055321 -0.110482
v -0.193828 -0.057729 -0.111894
v -0.233928 -0.051018 -0.111754
v -0.233869 -0.050627 -0.113524
v -0.193769 -0.057337 -0.113664
v -0.234107 -0.052118 -0.110321
v -0.194007 -0.058828 -0.110461
v -0.236093 -0.047121 -0.295555
v -0.236341 -0.048648 -0.293361
v -0.236046 -0.046881 -0.293617
v -0.235767 -0.045168 -0.295669
v -0.236012 -0.046583 -0.298205
v -0.235672 -0.044552 -0.298264
v -0.236813 -0.051528 -0.290417
v -0.237060 -0.053053 -0.288232
v -0.236756 -0.051229 -0.288198
v -0.236475 -0.049514 -0.290260
v -0.237141 -0.053591 -0.285586
v -0.236850 -0.051846 -0.285598
v -0.194231 -0.056302 -0.295684
v -0.194479 -0.057828 -0.293443
v -0.234578 -0.051118 -0.293303
v -0.234331 -0.049591 -0.295544
v -0.234250 -0.049054 -0.298212
v -0.194150 -0.055764 -0.298352
v -0.235298 -0.055524 -0.288260
v -0.195198 -0.062234 -0.288400
v -0.195279 -0.062772 -0.285733
v -0.235378 -0.056061 -0.285593
v -0.194951 -0.060708 -0.290642
v -0.235051 -0.053997 -0.290502
v -0.191760 -0.054540 -0.295710
v -0.191434 -0.052587 -0.295824
v -0.191713 -0.054300 -0.293771
v -0.192008 -0.056067 -0.293515
v -0.191679 -0.054002 -0.298361
v -0.191339 -0.051971 -0.298419
v -0.192479 -0.058947 -0.290572
v -0.192142 -0.056933 -0.290415
v -0.192422 -0.058648 -0.288353
v -0.192727 -0.060472 -0.288387
v -0.192516 -0.059265 -0.285753
v -0.192808 -0.061009 -0.285742
v -0.193196 -0.050117 -0.295835
v -0.233296 -0.043406 -0.295695
v -0.233576 -0.045119 -0.293689
v -0.193476 -0.051830 -0.293829
v -0.233202 -0.042789 -0.298273
v -0.193101 -0.049500 -0.298413
v -0.234284 -0.049467 -0.288185
v -0.234378 -0.050083 -0.285606
v -0.194279 -0.056794 -0.285746
v -0.194185 -0.056177 -0.288325
v -0.193904 -0.054464 -0.290331
v -0.234005 -0.047754 -0.290190
v -0.234649 -0.052579 -0.243508
v -0.194549 -0.059289 -0.243648
v -0.194302 -0.057850 -0.241792
v -0.234402 -0.051140 -0.241652
v -0.234308 -0.050627 -0.239347
v -0.194208 -0.057337 -0.239487
v -0.191787 -0.055782 -0.243669
v -0.191539 -0.054343 -0.241811
v -0.191831 -0.056088 -0.241800
v -0.192078 -0.057527 -0.243657
v -0.191737 -0.055575 -0.239495
v -0.191445 -0.053830 -0.239507
v -0.236120 -0.048363 -0.243515
v -0.236411 -0.050108 -0.243502
v -0.236164 -0.048669 -0.241645
v -0.235872 -0.046924 -0.241657
v -0.235779 -0.046411 -0.239352
v -0.236071 -0.048156 -0.239341
v -0.233402 -0.045162 -0.241665
v -0.193301 -0.051872 -0.241805
v -0.193549 -0.053311 -0.243663
v -0.233649 -0.046601 -0.243523
v -0.233307 -0.044649 -0.239361
v -0.193208 -0.051359 -0.239501
v -0.195151 -0.062772 -0.249075
v -0.195057 -0.062259 -0.246770
v -0.235157 -0.055548 -0.246630
v -0.235251 -0.056061 -0.248934
v -0.234910 -0.054110 -0.244772
v -0.194809 -0.060820 -0.244912
v -0.192586 -0.060497 -0.246779
v -0.192680 -0.061009 -0.249084
v -0.192388 -0.059265 -0.249095
v -0.192294 -0.058752 -0.246791
v -0.192047 -0.057313 -0.244933
v -0.192339 -0.059058 -0.244921
v -0.236721 -0.051846 -0.248940
v -0.237014 -0.053591 -0.248928
v -0.236919 -0.053078 -0.246624
v -0.236627 -0.051333 -0.246635
v -0.236672 -0.051639 -0.244766
v -0.236380 -0.049894 -0.244778
v -0.194056 -0.056281 -0.246784
v -0.194151 -0.056794 -0.249089
v -0.234250 -0.050083 -0.248949
v -0.234157 -0.049571 -0.246644
v -0.233910 -0.048132 -0.244786
v -0.193809 -0.054842 -0.244926
v -0.234355 -0.049054 -0.334800
v -0.194256 -0.055764 -0.334940
v -0.236118 -0.046583 -0.334794
v -0.235778 -0.044552 -0.334852
v -0.233307 -0.042789 -0.334862
v -0.193207 -0.049500 -0.335001
v -0.191785 -0.054002 -0.334949
v -0.191445 -0.051971 -0.335008
v -0.193087 -0.055335 -0.014414
v -0.233187 -0.048625 -0.014275
v -0.190617 -0.053573 -0.014423
v -0.190324 -0.051828 -0.014434
v -0.192087 -0.049357 -0.014428
v -0.232187 -0.042647 -0.014289
v -0.234950 -0.046154 -0.014269
v -0.234658 -0.044409 -0.014280
v -0.234009 -0.046937 -0.336947
v -0.233669 -0.044906 -0.337007
v -0.193569 -0.051616 -0.337147
v -0.193908 -0.053647 -0.337087
v -0.232826 -0.046508 -0.012130
v -0.192725 -0.053219 -0.012270
v -0.192434 -0.051474 -0.012282
v -0.232534 -0.044763 -0.012142
v -0.190939 -0.051724 -0.012916
v -0.191231 -0.053469 -0.012904
v -0.232286 -0.043267 -0.012771
v -0.232534 -0.044763 -0.012142
v -0.192185 -0.049977 -0.012911
v -0.234033 -0.044513 -0.012765
v -0.234324 -0.046258 -0.012753
v -0.233078 -0.048005 -0.012758
v -0.192979 -0.054715 -0.012898
v -0.194157 -0.055144 -0.336458
v -0.234257 -0.048434 -0.336318
v -0.235163 -0.044655 -0.336373
v -0.235503 -0.046687 -0.336314
v -0.233416 -0.043409 -0.336379
v -0.193316 -0.050120 -0.336519
v -0.233669 -0.044906 -0.337007
v -0.192070 -0.051867 -0.336523
v -0.192410 -0.053898 -0.336464
v -0.235979 -0.050453 -0.285601
v -0.235851 -0.050453 -0.248943
v -0.236850 -0.051846 -0.285598
v -0.236721 -0.051846 -0.248940
v -0.192758 -0.057664 -0.249094
v -0.192886 -0.057664 -0.285751
v -0.236771 -0.055191 -0.285587
v -0.236644 -0.055191 -0.248930
v -0.193550 -0.062402 -0.249080
v -0.193678 -0.062402 -0.285738
v -0.235500 -0.051247 -0.110317
v -0.235903 -0.053700 -0.108268
v -0.192406 -0.058459 -0.110467
v -0.192810 -0.060911 -0.108419
v -0.192017 -0.056174 -0.108432
v -0.191614 -0.053721 -0.110480
v -0.235577 -0.047902 -0.110327
v -0.235981 -0.050355 -0.108279
v -0.235111 -0.048962 -0.108282
v -0.234708 -0.046509 -0.110330
v -0.234712 -0.047754 -0.051854
v -0.234580 -0.047754 -0.014270
v -0.233788 -0.043016 -0.014283
v -0.233919 -0.043016 -0.051868
v -0.234789 -0.044409 -0.051864
v -0.234658 -0.044409 -0.014280
v -0.190694 -0.050228 -0.014433
v -0.190825 -0.050228 -0.052017
v -0.191486 -0.054966 -0.014420
v -0.191618 -0.054966 -0.052005
v -0.235349 -0.050453 -0.105080
v -0.235208 -0.050453 -0.064874
v -0.236219 -0.051846 -0.105076
v -0.236079 -0.051846 -0.064872
v -0.192255 -0.057664 -0.105229
v -0.192115 -0.057664 -0.065025
v -0.235074 -0.049821 -0.056757
v -0.235638 -0.053124 -0.059958
v -0.192545 -0.060335 -0.060109
v -0.191981 -0.057033 -0.056908
v -0.236142 -0.055191 -0.105067
v -0.236002 -0.055191 -0.064861
v -0.191752 -0.055597 -0.060122
v -0.191188 -0.052295 -0.056921
v -0.192908 -0.062402 -0.065012
v -0.193049 -0.062402 -0.105217
v -0.234846 -0.048386 -0.059972
v -0.235716 -0.049779 -0.059968
v -0.235152 -0.046476 -0.056768
v -0.234282 -0.045083 -0.056770
v -0.192550 -0.055395 -0.298357
v -0.192655 -0.055395 -0.334946
v -0.191815 -0.050370 -0.335006
v -0.191709 -0.050370 -0.298418
v -0.234802 -0.043159 -0.298267
v -0.234908 -0.043159 -0.334856
v -0.235778 -0.044552 -0.334852
v -0.235672 -0.044552 -0.298264
v -0.235748 -0.048183 -0.334795
v -0.235643 -0.048183 -0.298207
v -0.193209 -0.060451 -0.244918
v -0.192949 -0.058919 -0.243654
v -0.236042 -0.051708 -0.243503
v -0.236303 -0.053239 -0.244767
v -0.192416 -0.055712 -0.244931
v -0.192156 -0.054181 -0.243668
v -0.236120 -0.048363 -0.243515
v -0.235249 -0.046970 -0.243518
v -0.235510 -0.048501 -0.244781
v -0.236380 -0.049894 -0.244778
v -0.234908 -0.045018 -0.239355
v -0.234469 -0.045018 -0.113533
v -0.235779 -0.046411 -0.239352
v -0.235339 -0.046411 -0.113529
v -0.191375 -0.052230 -0.113682
v -0.191815 -0.052230 -0.239506
v -0.235605 -0.048123 -0.290208
v -0.235176 -0.045488 -0.293664
v -0.236046 -0.046881 -0.293617
v -0.236475 -0.049514 -0.290260
v -0.235971 -0.050248 -0.293317
v -0.236443 -0.053127 -0.290474
v -0.235700 -0.049756 -0.239342
v -0.235262 -0.049756 -0.113519
v -0.193350 -0.060339 -0.290625
v -0.192878 -0.057459 -0.293468
v -0.192169 -0.056968 -0.113670
v -0.192607 -0.056968 -0.239492
v -0.192512 -0.055334 -0.290358
v -0.192083 -0.052700 -0.293815
v -0.192664 -0.057152 -0.246789
v -0.235757 -0.049940 -0.246639
v -0.236627 -0.051333 -0.246635
v -0.236550 -0.054678 -0.246625
v -0.193457 -0.061890 -0.246776
v -0.191909 -0.052742 -0.241811
v -0.235002 -0.045531 -0.241660
v -0.235872 -0.046924 -0.241657
v -0.235795 -0.050269 -0.241647
v -0.192702 -0.057481 -0.241798
v -0.235885 -0.049836 -0.288186
v -0.236756 -0.051229 -0.288198
v -0.192792 -0.057047 -0.288336
v -0.234897 -0.043776 -0.295684
v -0.235767 -0.045168 -0.295669
v -0.191803 -0.050987 -0.295835
v -0.193598 -0.061865 -0.288399
v -0.192630 -0.055932 -0.295695
v -0.236691 -0.054653 -0.288249
v -0.235724 -0.048721 -0.295544
v -0.235321 -0.050148 -0.111749
v -0.192228 -0.057359 -0.111899
v -0.191434 -0.052621 -0.111913
v -0.234528 -0.045410 -0.111762
v -0.235398 -0.046802 -0.111758
v -0.192197 -0.057273 -0.107000
v -0.235290 -0.050062 -0.106849
v -0.236160 -0.051454 -0.106847
v -0.236082 -0.054799 -0.106836
v -0.192989 -0.062011 -0.106987
v -0.190924 -0.050766 -0.054684
v -0.234018 -0.043555 -0.054533
v -0.234888 -0.044947 -0.054530
v -0.192015 -0.057126 -0.062358
v -0.235110 -0.049914 -0.062209
v -0.235979 -0.051307 -0.062205
v -0.235902 -0.054653 -0.062196
v -0.192808 -0.061864 -0.062345
v -0.234811 -0.048293 -0.054520
v -0.191717 -0.055504 -0.054670
v -0.233611 -0.043258 -0.012976
v -0.234033 -0.044513 -0.012765
v -0.190931 -0.050400 -0.013126
v -0.234335 -0.047582 -0.012963
v -0.191654 -0.054724 -0.013112
v -0.234741 -0.043400 -0.336165
v -0.235163 -0.044655 -0.336373
v -0.192060 -0.050542 -0.336314
v -0.235512 -0.048011 -0.336104
v -0.192832 -0.055154 -0.336253
v 0.148109 0.057507 0.385963
v 0.146712 0.052667 0.395833
v 0.146549 0.037237 0.401579
v 0.146154 0.046115 0.401822
v -0.186572 0.042222 0.382470
v -0.162175 0.044882 0.396529
v -0.162498 0.051777 0.390122
v -0.184295 0.050006 0.376442
v -0.186963 0.032188 0.383616
v -0.162774 0.035652 0.396530
v -0.114371 0.046424 0.395927
v -0.129303 0.046496 0.400362
v -0.129531 0.037564 0.400344
v -0.114869 0.037271 0.396461
v -0.129955 0.052923 0.394515
v -0.113117 0.052831 0.389470
v -0.131201 0.058220 0.384867
v -0.110832 0.058775 0.379347
v -0.110358 0.060062 0.375304
v -0.181790 0.054761 0.369857
v -0.164084 0.056354 0.380387
v -0.180846 0.056566 0.366234
v -0.185417 0.008118 0.379898
v -0.246360 0.027363 -0.356862
v -0.246313 0.014704 -0.356863
v -0.110455 -0.027484 0.363411
v -0.106309 -0.026858 0.362775
v -0.109542 -0.020285 0.369433
v -0.103402 -0.026505 0.359708
v -0.106102 -0.020243 0.365662
v -0.238614 0.005115 0.158003
v -0.245557 0.002516 0.157285
v -0.243415 -0.004410 0.331266
v -0.238246 -0.002169 0.332377
v -0.185229 0.042125 -0.381604
v -0.217009 0.039460 -0.382030
v -0.211954 0.046967 -0.375683
v -0.185601 0.049711 -0.374464
v -0.156376 -0.000015 0.033315
v -0.264727 0.016426 0.052127
v -0.244481 0.008295 0.118712
v -0.133840 -0.000015 0.129241
v -0.240772 0.044876 0.353123
v -0.245883 0.037624 0.355970
v -0.185094 0.032030 -0.384199
v -0.218888 0.029431 -0.384316
v -0.185975 0.054248 -0.367285
v -0.202062 0.053214 -0.367022
v -0.198828 0.055040 -0.363359
v -0.186108 0.055978 -0.363440
v -0.278371 0.020288 -0.387965
v -0.308999 0.030695 -0.375556
v -0.326460 0.035911 -0.016692
v -0.300343 0.027995 0.008724
v -0.115347 -0.044138 0.339587
v -0.107643 -0.032596 0.355688
v -0.111760 -0.033250 0.356272
v -0.119459 -0.044701 0.340208
v -0.251595 0.009793 -0.399542
v -0.251163 0.012810 -0.391499
v -0.223063 0.008550 -0.393298
v -0.223375 0.005515 -0.400506
v -0.011168 -0.018738 0.037272
v -0.016703 -0.026547 0.037253
v -0.013886 -0.025449 -0.372581
v -0.009385 -0.018433 -0.376837
v -0.273022 0.015473 0.054776
v -0.252066 0.006114 0.118195
v -0.104758 -0.032258 0.352641
v -0.112490 -0.043888 0.336508
v -0.133926 -0.000015 0.168462
v -0.177340 -0.000015 0.349656
v -0.027752 0.010528 0.178352
v -0.110926 0.002823 0.370872
v -0.011477 -0.018753 0.140315
v -0.016871 -0.026602 0.139151
v -0.067331 0.055839 0.370623
v -0.069500 0.060411 0.363653
v -0.009575 -0.009367 0.140724
v -0.009214 -0.009367 0.037278
v -0.255795 -0.012155 0.118179
v -0.255296 -0.000752 0.117991
v -0.276518 0.008937 0.056270
v -0.279059 -0.002121 0.055991
v -0.237707 -0.037731 0.311397
v -0.222972 -0.048133 0.302493
v -0.221669 -0.048273 0.306744
v -0.236374 -0.037980 0.315638
v -0.007764 -0.009367 -0.378373
v -0.252066 0.006114 0.118195
v -0.273022 0.015473 0.054776
v -0.012251 0.009008 0.037196
v -0.019397 0.011457 0.037003
v -0.019704 0.011299 0.139708
v -0.012606 0.008949 0.140420
v -0.332973 0.027169 0.001411
v -0.309678 0.020255 0.015225
v -0.305717 0.026562 0.013339
v -0.328007 0.033225 -0.000200
v -0.237146 -0.020717 0.337809
v -0.179793 -0.009298 0.372411
v -0.218280 -0.048564 0.309598
v -0.232970 -0.038375 0.318479
v -0.009214 0.002088 0.037278
v -0.012251 0.009008 0.037196
v -0.012606 0.008949 0.140420
v -0.009575 0.002088 0.140724
v -0.019972 -0.019467 0.178761
v -0.025240 -0.027149 0.177648
v -0.232340 0.051161 0.347316
v -0.237917 -0.032613 0.323701
v -0.239433 -0.024754 0.330954
v -0.242109 -0.025292 0.327273
v -0.241305 -0.032234 0.320804
v -0.129878 -0.030881 -0.404374
v -0.020920 -0.019622 -0.390099
v -0.025395 -0.026693 -0.385733
v -0.130019 -0.038212 -0.398443
v -0.123831 0.024273 -0.383986
v -0.123831 0.036743 -0.383986
v -0.061845 0.038193 -0.383768
v -0.061845 0.025723 -0.383768
v -0.129829 -0.021692 -0.406493
v -0.019305 -0.010536 -0.391671
v -0.246375 -0.025297 0.156486
v -0.240887 -0.032707 0.155110
v -0.242638 -0.031962 0.316541
v -0.226908 -0.045848 0.131300
v -0.225077 -0.046422 0.151150
v -0.243154 -0.031526 0.135410
v -0.243158 -0.025290 0.322732
v -0.238482 -0.001110 0.336680
v -0.243140 -0.004143 0.335965
v -0.242367 -0.003000 0.340244
v -0.239131 0.002079 0.339698
v -0.279640 -0.011314 0.054298
v -0.254243 -0.021493 0.117842
v -0.243140 -0.004143 0.335965
v -0.018224 -0.010335 0.179092
v -0.129829 -0.010237 -0.406493
v -0.019305 0.000919 -0.391671
v -0.248201 -0.016262 0.156961
v -0.231894 -0.044492 0.112074
v -0.249063 -0.029298 0.116577
v -0.228829 0.052923 0.344941
v -0.224939 0.053770 0.342366
v -0.222674 0.053770 -0.331839
v -0.226404 0.053011 -0.335638
v -0.229663 0.051436 -0.339021
v -0.124427 0.058970 -0.367062
v -0.124175 0.054428 -0.374246
v -0.185094 0.019560 -0.384199
v -0.185105 0.012332 -0.381204
v -0.215887 0.009977 -0.381310
v -0.218888 0.016961 -0.384316
v -0.185105 0.012332 -0.381204
v -0.185130 0.009338 -0.373975
v -0.208731 0.007522 -0.374058
v -0.215887 0.009977 -0.381310
v -0.114977 0.014050 0.382437
v -0.064393 0.015500 0.369730
v -0.064418 0.018495 0.376958
v -0.114893 0.016751 0.390676
v -0.064418 0.018495 0.376958
v -0.064429 0.025723 0.379953
v -0.114893 0.016751 0.390676
v -0.061855 0.018495 -0.380774
v -0.061880 0.015500 -0.373546
v -0.123710 0.014050 -0.373763
v -0.123796 0.017044 -0.380991
v -0.061855 0.018495 -0.380774
v -0.123796 0.017044 -0.380991
v -0.034335 -0.041518 0.155538
v -0.019004 -0.026746 0.158848
v -0.040402 -0.041674 0.174403
v -0.243140 -0.004143 0.335965
v -0.243211 -0.009324 0.336093
v -0.233108 -0.028434 -0.395386
v -0.231064 -0.021374 -0.401332
v -0.022326 0.007816 -0.389051
v -0.130009 -0.003009 -0.403505
v -0.130444 -0.000015 -0.396289
v -0.029508 0.010121 -0.382728
v -0.130009 -0.003009 -0.403505
v -0.022326 0.007816 -0.389051
v -0.277175 -0.019303 0.050011
v -0.243140 -0.004143 0.335965
v -0.243415 -0.004410 0.331266
v -0.243941 -0.009562 0.331243
v -0.228466 -0.012531 -0.403465
v -0.225209 -0.001509 -0.403479
v -0.223375 0.005515 -0.400506
v -0.007764 0.002088 -0.378373
v -0.010784 0.008981 -0.375752
v -0.279105 0.017384 -0.398491
v -0.280935 0.010380 -0.401489
v -0.284188 -0.000603 -0.401500
v -0.309942 0.008193 -0.400470
v -0.306689 0.019177 -0.400458
v -0.243399 0.007724 -0.353855
v -0.244438 0.004017 0.342146
v -0.122467 0.006200 0.385049
v -0.032278 -0.041408 0.135819
v -0.130966 -0.055184 0.148870
v -0.133115 -0.055188 0.168518
v -0.214359 -0.050768 0.151283
v -0.216215 -0.050252 0.131387
v -0.061968 0.060443 -0.366853
v -0.061915 0.055892 -0.374033
v -0.070301 0.062128 0.359921
v -0.070542 0.062720 0.355783
v -0.062002 0.062178 -0.363006
v -0.124501 0.060699 -0.363215
v -0.124468 0.061288 -0.359038
v -0.062048 0.062772 -0.358829
v -0.186132 0.056573 -0.359261
v -0.020804 0.008228 0.179004
v -0.106338 0.000763 0.372906
v -0.243399 0.007724 -0.353855
v -0.236330 0.005344 -0.346605
v -0.239470 0.003762 0.340548
v -0.244438 0.004017 0.342146
v -0.061864 0.048293 -0.381173
v -0.123923 0.046839 -0.381389
v -0.239383 0.044146 -0.349400
v -0.244515 0.037176 -0.354849
v -0.064429 0.038193 0.379953
v -0.065203 0.048278 0.377464
v -0.238306 0.027950 -0.376309
v -0.236417 0.037839 -0.374202
v -0.231252 0.044968 -0.368431
v -0.221567 0.051959 -0.358666
v -0.228195 0.006009 -0.366060
v -0.235321 0.008447 -0.373306
v -0.238290 0.015425 -0.376308
v -0.243399 0.007724 -0.353855
v -0.235321 0.008447 -0.373306
v -0.218301 0.053606 -0.355184
v -0.214560 0.054389 -0.351292
v -0.195109 0.055883 -0.359293
v -0.243399 0.007724 -0.353855
v -0.301930 0.025167 -0.397567
v -0.294579 0.025814 -0.390603
v -0.342710 0.018119 -0.010939
v -0.339457 0.029103 -0.010928
v -0.321110 0.024055 -0.385427
v -0.324364 0.013072 -0.385438
v -0.133294 -0.055180 0.129243
v -0.221208 -0.048977 0.112065
v -0.301930 0.025167 -0.397567
v -0.279105 0.017384 -0.398491
v -0.248309 -0.004318 0.156984
v -0.245557 0.002516 0.157285
v -0.336226 0.016186 0.001400
v -0.312931 0.009272 0.015214
v -0.286746 -0.009289 -0.399547
v -0.310964 -0.000891 -0.398719
v -0.044963 -0.046423 0.154196
v -0.051044 -0.046585 0.173105
v -0.177610 -0.038375 0.351113
v -0.175369 -0.044365 0.343470
v -0.042915 -0.046286 0.134498
v -0.323016 -0.003623 -0.379166
v -0.310667 -0.023654 -0.360819
v -0.326388 -0.017972 -0.025184
v -0.340094 0.000773 -0.015043
v -0.265995 -0.040299 -0.365574
v -0.278715 -0.035935 0.002465
v -0.324827 -0.018457 -0.018036
v -0.338515 0.000267 -0.007930
v -0.319953 -0.019992 -0.012786
v -0.333593 -0.001268 -0.002754
v -0.017970 0.001578 0.179228
v -0.020804 0.008228 0.179004
v -0.106338 0.000763 0.372906
v -0.106107 -0.003827 0.373502
v -0.011041 -0.009701 -0.387207
v -0.011041 0.001754 -0.387207
v -0.014062 0.008648 -0.384588
v -0.014062 0.008648 -0.384588
v -0.021243 0.010953 -0.378263
v -0.017966 0.011289 -0.369428
v -0.010784 0.008981 -0.375752
v -0.012659 -0.018769 -0.385659
v -0.017147 -0.025792 -0.381366
v -0.306250 -0.025148 -0.371267
v -0.316659 0.022569 -0.395900
v -0.319913 0.011586 -0.395911
v -0.316352 0.030044 -0.382532
v -0.311902 0.028556 -0.393006
v -0.304552 0.029202 -0.386034
v -0.311902 0.028556 -0.393006
v -0.316352 0.030044 -0.382532
v -0.320914 0.002544 -0.394215
v -0.325358 0.004047 -0.383770
v -0.318589 -0.005173 -0.389518
v -0.334447 0.035156 -0.012612
v -0.336889 0.006955 0.000294
v -0.314101 0.000103 0.013776
v -0.155919 -0.055159 0.033275
v -0.130918 -0.055137 -0.370583
v -0.042965 -0.045697 0.036978
v -0.032187 -0.040933 0.037198
v -0.031259 -0.042078 -0.356017
v -0.260474 -0.037091 0.028772
v -0.291538 -0.014470 0.026937
v -0.281481 -0.031532 0.012386
v -0.279018 0.021632 0.027563
v -0.285772 0.020262 0.031017
v -0.312166 -0.007931 0.009798
v -0.343375 0.008918 -0.012035
v -0.289539 0.013897 0.032679
v -0.285772 0.020262 0.031017
v -0.305717 0.026562 0.013339
v -0.303959 -0.024699 -0.002687
v -0.261283 -0.023955 -0.394652
v -0.259268 -0.017004 -0.400456
v -0.256682 -0.008216 -0.402535
v -0.292601 0.002892 0.032593
v -0.253428 0.002777 -0.402530
v -0.251595 0.009793 -0.399542
v -0.293616 -0.006327 0.031065
v -0.034527 -0.042415 -0.364837
v -0.042779 -0.043246 -0.369276
v -0.108846 -0.003663 0.377321
v -0.341807 0.008437 -0.004909
v -0.341145 0.017648 -0.003811
v -0.332896 0.034688 -0.005462
v -0.337892 0.028632 -0.003800
v -0.334447 0.035156 -0.012612
v -0.332896 0.034688 -0.005462
v -0.324946 0.035451 -0.009486
v -0.328007 0.033225 -0.000200
v -0.320136 0.033993 -0.004085
v -0.170729 -0.052041 0.331334
v -0.181194 0.002730 0.357922
v -0.239470 0.003762 0.340548
v -0.187625 0.009338 0.365942
v -0.124608 0.007248 0.382146
v -0.117112 0.004287 0.377896
v -0.112610 0.002269 0.379797
v -0.122467 0.006200 0.385049
v -0.240110 0.006333 0.138112
v -0.247318 0.003820 0.137445
v -0.131588 -0.000015 0.148857
v -0.021766 0.011088 0.159442
v -0.013655 -0.018935 0.159999
v -0.248592 -0.023923 0.136762
v -0.130416 -0.051296 -0.381717
v -0.236702 -0.040999 -0.378681
v -0.011799 -0.009612 0.160388
v -0.250417 -0.014685 0.137209
v -0.045300 -0.045008 0.173607
v -0.014712 0.008761 0.160140
v -0.247318 0.003820 0.137445
v -0.250318 -0.003120 0.137168
v -0.168949 -0.054404 0.326048
v -0.167435 -0.055212 0.320239
v -0.264796 -0.036780 -0.376804
v -0.265583 -0.039432 -0.371488
v -0.011732 0.001959 0.160423
v -0.014712 0.008761 0.160140
v -0.113497 0.003112 0.374937
v -0.108949 0.001067 0.376928
v -0.178907 0.000693 0.354177
v -0.108949 0.001067 0.376928
v -0.108949 0.001067 0.376928
v -0.112610 0.002269 0.379797
v -0.244438 0.004017 0.342146
v -0.220070 -0.049481 0.150627
v -0.257208 -0.039747 0.024989
v -0.279545 -0.034741 0.008027
v -0.237565 -0.043727 -0.373433
v -0.238063 -0.044628 -0.367543
v -0.037171 -0.044735 0.135013
v -0.037177 -0.044220 0.037134
v -0.302245 -0.028136 -0.006885
v -0.253556 -0.041066 0.021407
v -0.226918 -0.047607 0.111493
v -0.130602 -0.054149 -0.376469
v -0.039223 -0.044856 0.154726
v -0.221924 -0.048940 0.130763
v -0.122467 0.006200 0.385049
v -0.124608 0.007248 0.382146
v -0.187625 0.009338 0.365942
v -0.148109 0.057507 0.385963
v -0.146712 0.052667 0.395833
v -0.146549 0.037237 0.401579
v -0.146154 0.046115 0.401822
v 0.000000 0.059747 0.352450
v 0.000000 0.055090 0.359926
v 0.033665 0.055464 0.364025
v 0.034750 0.060079 0.356802
v 0.032214 0.037831 0.373582
v 0.000000 0.037468 0.369711
v 0.000000 0.024998 0.369711
v 0.032214 0.025361 0.373582
v 0.032196 0.015138 0.363359
v 0.000000 0.014775 0.359489
v 0.000000 0.014775 -0.373324
v 0.030940 0.015138 -0.373435
v 0.030923 0.025361 -0.383658
v 0.000000 0.024998 -0.383548
v 0.000000 0.037468 -0.383548
v 0.030923 0.037831 -0.383658
v 0.035271 0.062383 0.348846
v 0.031024 0.062409 -0.358718
v 0.000000 0.062046 -0.358607
v 0.000000 0.062046 0.344409
v 0.000000 0.017770 0.366718
v 0.032209 0.018132 0.370588
v 0.000000 0.017770 0.366718
v 0.032209 0.018132 0.370588
v 0.030927 0.018132 -0.380663
v 0.000000 0.017770 -0.380553
v 0.000000 0.017770 -0.380553
v 0.030927 0.018132 -0.380663
v 0.030984 0.060080 -0.366742
v 0.030958 0.055529 -0.373921
v 0.000000 0.055167 -0.373810
v 0.000000 0.059717 -0.366631
v 0.000000 0.061460 0.348591
v 0.035150 0.061794 0.353006
v 0.031001 0.061815 -0.362895
v 0.000000 0.061452 -0.362784
v 0.030932 0.047931 -0.381063
v 0.000000 0.047568 -0.380952
v 0.000000 0.047546 0.367101
v 0.032601 0.047912 0.371033
v -0.034750 0.060079 0.356802
v -0.033665 0.055464 0.364025
v -0.032214 0.037831 0.373582
v -0.032214 0.025361 0.373582
v -0.030940 0.015138 -0.373435
v -0.032196 0.015138 0.363359
v -0.030923 0.025361 -0.383658
v -0.030923 0.037831 -0.383658
v -0.035271 0.062383 0.348846
v -0.031024 0.062409 -0.358718
v -0.032209 0.018132 0.370588
v -0.032209 0.018132 0.370588
v -0.030927 0.018132 -0.380663
v -0.030927 0.018132 -0.380663
v -0.030984 0.060080 -0.366742
v -0.030958 0.055529 -0.373921
v -0.035150 0.061794 0.353006
v -0.031001 0.061815 -0.362895
v -0.030932 0.047931 -0.381063
v -0.032601 0.047912 0.371033
v -0.222351 0.066272 -0.070845
v -0.222349 0.065163 -0.070400
v -0.222357 0.066732 -0.071851
v -0.222538 0.065997 -0.112429
v -0.222532 0.066457 -0.111447
v -0.222540 0.064887 -0.112809
v -0.222350 0.057704 -0.070186
v -0.222353 0.056595 -0.070565
v -0.222360 0.056135 -0.071546
v -0.222542 0.057427 -0.112594
v -0.222540 0.056318 -0.112149
v -0.222534 0.055859 -0.111143
v -0.222532 0.066457 -0.111447
v 0.221107 0.066274 -0.072498
v 0.221107 0.065165 -0.072053
v 0.221107 0.066734 -0.073504
v 0.221027 0.066459 -0.113102
v 0.221026 0.065998 -0.114083
v 0.221026 0.064888 -0.114463
v 0.221111 0.056597 -0.072218
v 0.221111 0.057707 -0.071839
v 0.221111 0.056138 -0.073199
v 0.221030 0.057428 -0.114248
v 0.221030 0.056319 -0.113803
v 0.221031 0.055860 -0.112797
v 0.221027 0.066459 -0.113102
v -0.222938 0.066274 -0.253543
v -0.222936 0.065165 -0.253099
v -0.222945 0.066734 -0.254550
v -0.223125 0.065999 -0.295127
v -0.223119 0.066459 -0.294146
v -0.223128 0.064888 -0.295507
v -0.222938 0.057707 -0.252884
v -0.222941 0.056596 -0.253264
v -0.222947 0.056137 -0.254245
v -0.223129 0.057429 -0.295292
v -0.223127 0.056320 -0.294849
v -0.223122 0.055861 -0.293841
v -0.223119 0.066459 -0.294146
v 0.220520 0.066272 -0.255196
v 0.220520 0.065163 -0.254752
v 0.220519 0.066732 -0.256203
v 0.220440 0.066457 -0.295800
v 0.220439 0.065996 -0.296781
v 0.220439 0.064886 -0.297161
v 0.220524 0.056595 -0.254917
v 0.220524 0.057705 -0.254538
v 0.220525 0.056136 -0.255898
v 0.220442 0.057426 -0.296948
v 0.220443 0.056318 -0.296503
v 0.220443 0.055858 -0.295495
v 0.220440 0.066457 -0.295800
v -0.117231 0.067356 -0.061924
v -0.117224 0.068908 -0.064162
v -0.157881 0.068908 -0.064302
v -0.157889 0.067357 -0.062065
v -0.157899 0.066809 -0.059398
v -0.117240 0.066809 -0.059259
v -0.160027 0.064993 -0.064322
v -0.160035 0.063442 -0.062085
v -0.160035 0.065211 -0.062074
v -0.160028 0.066762 -0.064310
v -0.160044 0.064663 -0.059408
v -0.160044 0.062894 -0.059418
v -0.159999 0.072142 -0.072426
v -0.160008 0.071594 -0.069760
v -0.160008 0.073363 -0.069749
v -0.159999 0.073911 -0.072415
v -0.160016 0.071812 -0.067512
v -0.160016 0.070043 -0.067523
v -0.115049 0.072142 -0.072272
v -0.115049 0.073911 -0.072260
v -0.115059 0.073363 -0.069594
v -0.115059 0.071594 -0.069605
v -0.115067 0.071812 -0.067356
v -0.115066 0.070043 -0.067368
v -0.115085 0.063442 -0.061930
v -0.115085 0.065211 -0.061918
v -0.115094 0.064663 -0.059253
v -0.115094 0.062894 -0.059264
v -0.115077 0.064993 -0.064168
v -0.115078 0.066762 -0.064156
v -0.117195 0.076057 -0.072267
v -0.157854 0.076057 -0.072406
v -0.157863 0.075509 -0.069740
v -0.117205 0.075509 -0.069600
v -0.157870 0.073959 -0.067503
v -0.117213 0.073958 -0.067363
v -0.157862 0.069449 -0.069754
v -0.157853 0.069996 -0.072420
v -0.117195 0.069996 -0.072280
v -0.117204 0.069448 -0.069615
v -0.117212 0.067897 -0.067376
v -0.157870 0.067897 -0.067517
v -0.117231 0.061296 -0.061939
v -0.157889 0.061296 -0.062079
v -0.157881 0.062847 -0.064316
v -0.117224 0.062846 -0.064176
v -0.157898 0.060748 -0.059412
v -0.117240 0.060748 -0.059273
v -0.117046 0.074570 -0.115673
v -0.157704 0.074570 -0.115813
v -0.157708 0.075684 -0.114381
v -0.117051 0.075684 -0.114241
v -0.157715 0.076080 -0.112611
v -0.117057 0.076080 -0.112471
v -0.159855 0.071769 -0.114401
v -0.159855 0.073538 -0.114390
v -0.159850 0.072425 -0.115822
v -0.159850 0.070655 -0.115833
v -0.159861 0.072165 -0.112631
v -0.159861 0.073934 -0.112620
v -0.114905 0.073538 -0.114235
v -0.114905 0.071769 -0.114247
v -0.114900 0.070655 -0.115679
v -0.114900 0.072424 -0.115667
v -0.114911 0.072165 -0.112476
v -0.114911 0.073934 -0.112465
v -0.157709 0.069623 -0.114395
v -0.157704 0.068509 -0.115827
v -0.117046 0.068509 -0.115687
v -0.117051 0.069623 -0.114255
v -0.157715 0.070019 -0.112625
v -0.117057 0.070019 -0.112485
v -0.157686 0.062814 -0.121077
v -0.117028 0.062814 -0.120937
v -0.117034 0.063210 -0.119168
v -0.157692 0.063210 -0.119308
v -0.117039 0.064323 -0.117735
v -0.157697 0.064323 -0.117876
v -0.114888 0.065355 -0.119158
v -0.114882 0.064960 -0.120929
v -0.114882 0.066729 -0.120917
v -0.114888 0.067125 -0.119147
v -0.114893 0.068238 -0.117715
v -0.114893 0.066469 -0.117727
v -0.159838 0.067125 -0.119302
v -0.159832 0.066729 -0.121073
v -0.159832 0.064960 -0.121083
v -0.159838 0.065355 -0.119314
v -0.159843 0.066469 -0.117882
v -0.159843 0.068238 -0.117870
v -0.157692 0.069271 -0.119294
v -0.117034 0.069271 -0.119154
v -0.117028 0.068875 -0.120924
v -0.157685 0.068875 -0.121064
v -0.117039 0.070385 -0.117721
v -0.157697 0.070384 -0.117861
v -0.114256 0.065784 -0.302955
v -0.114263 0.067331 -0.300761
v -0.114262 0.065539 -0.301017
v -0.114255 0.063805 -0.303069
v -0.114247 0.065240 -0.305605
v -0.114247 0.063181 -0.305664
v -0.114273 0.071949 -0.297817
v -0.114281 0.073494 -0.295632
v -0.114280 0.071645 -0.295598
v -0.114274 0.069908 -0.297660
v -0.114290 0.074038 -0.292986
v -0.114289 0.072269 -0.292998
v -0.157059 0.067930 -0.303084
v -0.157067 0.069476 -0.300843
v -0.116409 0.069476 -0.300703
v -0.116401 0.067930 -0.302944
v -0.116393 0.067386 -0.305612
v -0.157050 0.067386 -0.305752
v -0.116427 0.075640 -0.295660
v -0.157084 0.075640 -0.295800
v -0.157093 0.076184 -0.293133
v -0.116436 0.076184 -0.292993
v -0.157076 0.074094 -0.298042
v -0.116418 0.074094 -0.297902
v -0.159205 0.065784 -0.303110
v -0.159205 0.063805 -0.303224
v -0.159212 0.065540 -0.301171
v -0.159213 0.067331 -0.300915
v -0.159196 0.065240 -0.305761
v -0.159196 0.063181 -0.305819
v -0.159223 0.071949 -0.297972
v -0.159224 0.069908 -0.297815
v -0.159230 0.071645 -0.295753
v -0.159231 0.073494 -0.295787
v -0.159239 0.072269 -0.293153
v -0.159240 0.074038 -0.293142
v -0.157059 0.061659 -0.303235
v -0.116401 0.061659 -0.303095
v -0.116408 0.063394 -0.301089
v -0.157065 0.063394 -0.301229
v -0.116392 0.061035 -0.305673
v -0.157050 0.061035 -0.305813
v -0.157093 0.070123 -0.293146
v -0.157084 0.069499 -0.295725
v -0.116427 0.069499 -0.295585
v -0.116436 0.070123 -0.293006
v -0.157078 0.067763 -0.297731
v -0.116420 0.067763 -0.297590
v -0.116581 0.070928 -0.250908
v -0.157238 0.070929 -0.251048
v -0.157244 0.069469 -0.249192
v -0.116587 0.069468 -0.249052
v -0.116595 0.068947 -0.246747
v -0.157253 0.068947 -0.246887
v -0.159384 0.067014 -0.251069
v -0.159391 0.065554 -0.249211
v -0.159391 0.067323 -0.249200
v -0.159384 0.068783 -0.251057
v -0.159398 0.066801 -0.246895
v -0.159398 0.065032 -0.246907
v -0.114434 0.067014 -0.250915
v -0.114435 0.068782 -0.250902
v -0.114441 0.067323 -0.249045
v -0.114441 0.065554 -0.249057
v -0.114449 0.065032 -0.246752
v -0.114449 0.066801 -0.246741
v -0.116587 0.063408 -0.249065
v -0.157245 0.063407 -0.249205
v -0.157238 0.064868 -0.251063
v -0.116581 0.064867 -0.250923
v -0.116595 0.062886 -0.246761
v -0.157252 0.062886 -0.246901
v -0.157220 0.076163 -0.256475
v -0.157227 0.075642 -0.254170
v -0.116570 0.075641 -0.254030
v -0.116562 0.076163 -0.256334
v -0.116576 0.074182 -0.252172
v -0.157234 0.074182 -0.252312
v -0.159374 0.073496 -0.254179
v -0.159365 0.074017 -0.256484
v -0.159365 0.072248 -0.256495
v -0.159374 0.071727 -0.254191
v -0.159380 0.070267 -0.252333
v -0.159380 0.072036 -0.252321
v -0.114416 0.072248 -0.256340
v -0.114416 0.074017 -0.256328
v -0.114424 0.073495 -0.254024
v -0.114424 0.071727 -0.254035
v -0.114430 0.072036 -0.252166
v -0.114430 0.070267 -0.252178
v -0.157228 0.069581 -0.254184
v -0.157219 0.070102 -0.256489
v -0.116562 0.070102 -0.256349
v -0.116570 0.069581 -0.254044
v -0.116576 0.068121 -0.252186
v -0.157234 0.068121 -0.252326
v -0.116289 0.067404 -0.343200
v -0.156946 0.067404 -0.343340
v -0.114143 0.065257 -0.343194
v -0.114143 0.063198 -0.343252
v -0.116288 0.061052 -0.343262
v -0.156946 0.061052 -0.343401
v -0.159092 0.065258 -0.343349
v -0.159092 0.063198 -0.343408
v -0.158028 0.066788 -0.021814
v -0.117370 0.066788 -0.021675
v -0.160173 0.064642 -0.021823
v -0.160174 0.062872 -0.021834
v -0.158028 0.060727 -0.021828
v -0.117369 0.060727 -0.021689
v -0.115224 0.062872 -0.021680
v -0.115224 0.064641 -0.021669
v -0.116281 0.065259 -0.345347
v -0.116281 0.063199 -0.345407
v -0.156938 0.063199 -0.345547
v -0.156939 0.065259 -0.345487
v -0.117377 0.064640 -0.019530
v -0.158035 0.064640 -0.019670
v -0.158034 0.062872 -0.019682
v -0.117377 0.062871 -0.019542
v -0.159550 0.062872 -0.020316
v -0.159550 0.064641 -0.020304
v -0.117375 0.061354 -0.020171
v -0.117377 0.062871 -0.019542
v -0.158033 0.061354 -0.020311
v -0.115857 0.062872 -0.020165
v -0.115858 0.064641 -0.020153
v -0.117375 0.066158 -0.020158
v -0.158032 0.066158 -0.020298
v -0.156941 0.066776 -0.344858
v -0.116283 0.066776 -0.344718
v -0.114766 0.063199 -0.344773
v -0.114766 0.065258 -0.344714
v -0.116283 0.061681 -0.344779
v -0.156941 0.061682 -0.344919
v -0.116281 0.063199 -0.345407
v -0.158458 0.063199 -0.344923
v -0.158458 0.065259 -0.344864
v -0.114918 0.070751 -0.293001
v -0.115045 0.070730 -0.256343
v -0.114416 0.072248 -0.256340
v -0.114289 0.072269 -0.292998
v -0.158737 0.070730 -0.256494
v -0.158611 0.070752 -0.293151
v -0.115044 0.075534 -0.256330
v -0.114919 0.075555 -0.292987
v -0.158737 0.075534 -0.256480
v -0.158611 0.075555 -0.293138
v -0.115521 0.069756 -0.117717
v -0.115529 0.073942 -0.115668
v -0.159215 0.069756 -0.117867
v -0.159221 0.073942 -0.115819
v -0.159214 0.064952 -0.117880
v -0.159221 0.069138 -0.115832
v -0.114900 0.070655 -0.115679
v -0.115529 0.069138 -0.115682
v -0.115521 0.064952 -0.117730
v -0.114893 0.066469 -0.117727
v -0.115723 0.066181 -0.059254
v -0.115852 0.066159 -0.021670
v -0.115722 0.061377 -0.059268
v -0.115094 0.062894 -0.059264
v -0.115224 0.062872 -0.021680
v -0.115852 0.061355 -0.021683
v -0.159416 0.061377 -0.059417
v -0.159545 0.061355 -0.021833
v -0.159415 0.066181 -0.059405
v -0.159545 0.066159 -0.021820
v -0.115539 0.070647 -0.112480
v -0.115678 0.070624 -0.072274
v -0.114911 0.072165 -0.112476
v -0.115049 0.072142 -0.072272
v -0.159371 0.070624 -0.072425
v -0.159233 0.070647 -0.112629
v -0.115706 0.068279 -0.064157
v -0.115695 0.073330 -0.067358
v -0.159388 0.073330 -0.067509
v -0.159399 0.068279 -0.064308
v -0.115540 0.075451 -0.112467
v -0.115678 0.075428 -0.072261
v -0.159387 0.068526 -0.067522
v -0.159398 0.063475 -0.064321
v -0.159232 0.075452 -0.112617
v -0.159371 0.075428 -0.072412
v -0.115695 0.068526 -0.067372
v -0.115066 0.070043 -0.067368
v -0.115077 0.064993 -0.064168
v -0.115706 0.063475 -0.064170
v -0.158567 0.066758 -0.305757
v -0.158463 0.066775 -0.343346
v -0.158567 0.061663 -0.305818
v -0.158463 0.061681 -0.343406
v -0.114875 0.061663 -0.305667
v -0.114771 0.061681 -0.343256
v -0.114143 0.063198 -0.343252
v -0.114247 0.063181 -0.305664
v -0.114875 0.066758 -0.305607
v -0.114771 0.066775 -0.343195
v -0.158752 0.073553 -0.252318
v -0.158756 0.070300 -0.251054
v -0.115063 0.070300 -0.250903
v -0.115059 0.073553 -0.252167
v -0.158752 0.068749 -0.252331
v -0.158756 0.065496 -0.251068
v -0.114434 0.067014 -0.250915
v -0.115063 0.065496 -0.250918
v -0.115058 0.068749 -0.252181
v -0.114430 0.070267 -0.252178
v -0.115078 0.063515 -0.246755
v -0.115510 0.063442 -0.120933
v -0.114449 0.065032 -0.246752
v -0.114882 0.064960 -0.120929
v -0.159204 0.063442 -0.121082
v -0.158770 0.063515 -0.246906
v -0.114902 0.068392 -0.297608
v -0.114891 0.064023 -0.301064
v -0.114262 0.065539 -0.301017
v -0.114274 0.069908 -0.297660
v -0.114892 0.068848 -0.300717
v -0.114902 0.073466 -0.297874
v -0.115078 0.068319 -0.246742
v -0.115511 0.068246 -0.120919
v -0.158584 0.068848 -0.300868
v -0.158594 0.073466 -0.298025
v -0.159203 0.068246 -0.121070
v -0.158770 0.068319 -0.246892
v -0.158595 0.068392 -0.297758
v -0.158583 0.064023 -0.301215
v -0.158745 0.070209 -0.254189
v -0.115052 0.070209 -0.254039
v -0.114424 0.071727 -0.254035
v -0.115052 0.075013 -0.254025
v -0.158745 0.075013 -0.254176
v -0.158762 0.064036 -0.249211
v -0.115069 0.064036 -0.249060
v -0.114441 0.065554 -0.249057
v -0.115069 0.068840 -0.249047
v -0.158762 0.068840 -0.249198
v -0.114909 0.070128 -0.295586
v -0.114280 0.071645 -0.295598
v -0.158602 0.070128 -0.295736
v -0.114883 0.062287 -0.303084
v -0.114255 0.063805 -0.303069
v -0.158577 0.062287 -0.303235
v -0.158602 0.075012 -0.295799
v -0.158577 0.067301 -0.303095
v -0.114909 0.075012 -0.295649
v -0.114884 0.067301 -0.302944
v -0.115517 0.068642 -0.119149
v -0.159209 0.068642 -0.119299
v -0.159210 0.063838 -0.119313
v -0.115516 0.063838 -0.119162
v -0.114888 0.065355 -0.119158
v -0.159226 0.070252 -0.114400
v -0.115533 0.070252 -0.114249
v -0.114905 0.071769 -0.114247
v -0.115534 0.075055 -0.114236
v -0.159226 0.075056 -0.114387
v -0.159407 0.061924 -0.062084
v -0.115713 0.061924 -0.061933
v -0.115085 0.063442 -0.061930
v -0.159380 0.070077 -0.069758
v -0.115687 0.070077 -0.069609
v -0.115059 0.071594 -0.069605
v -0.115687 0.074881 -0.069596
v -0.159380 0.074881 -0.069745
v -0.115714 0.066728 -0.061920
v -0.159407 0.066728 -0.062070
v -0.116066 0.061564 -0.020376
v -0.115857 0.062872 -0.020165
v -0.159340 0.061564 -0.020526
v -0.116066 0.065949 -0.020363
v -0.159340 0.065949 -0.020512
v -0.114976 0.061891 -0.344565
v -0.114766 0.063199 -0.344773
v -0.158249 0.061891 -0.344714
v -0.114976 0.066566 -0.344504
v -0.158250 0.066566 -0.344653
v -0.193111 -0.055694 -0.051999
v -0.192979 -0.055694 -0.014415
v -0.233080 -0.048984 -0.014275
v -0.233211 -0.048984 -0.051860
v -0.194268 -0.056039 -0.334598
v -0.194137 -0.056039 -0.297014
v -0.234238 -0.049329 -0.296875
v -0.234369 -0.049329 -0.334459
v -0.193915 -0.057620 -0.195497
v -0.193784 -0.057620 -0.157913
v -0.233885 -0.050910 -0.157773
v -0.234016 -0.050910 -0.195358
v -0.158132 0.067260 -0.059260
v -0.158011 0.067261 -0.021676
v -0.117353 0.067165 -0.021809
v -0.117474 0.067164 -0.059393
v -0.157088 0.067654 -0.343159
v -0.156966 0.067655 -0.305575
v -0.116308 0.067559 -0.305707
v -0.116430 0.067558 -0.343291
v -0.157588 0.069154 -0.204159
v -0.157466 0.069155 -0.166575
v -0.116808 0.069059 -0.166707
v -0.116930 0.069059 -0.204291
v 0.117231 0.067356 -0.061924
v 0.157889 0.067357 -0.062065
v 0.157881 0.068908 -0.064302
v 0.117224 0.068908 -0.064162
v 0.157899 0.066809 -0.059398
v 0.117240 0.066809 -0.059259
v 0.160027 0.064993 -0.064322
v 0.160028 0.066762 -0.064310
v 0.160035 0.065211 -0.062074
v 0.160035 0.063442 -0.062085
v 0.160044 0.064663 -0.059408
v 0.160044 0.062894 -0.059418
v 0.159999 0.072142 -0.072426
v 0.159999 0.073911 -0.072415
v 0.160008 0.073363 -0.069749
v 0.160008 0.071594 -0.069760
v 0.160016 0.071812 -0.067512
v 0.160016 0.070043 -0.067523
v 0.115049 0.072142 -0.072272
v 0.115059 0.071594 -0.069605
v 0.115059 0.073363 -0.069594
v 0.115049 0.073911 -0.072260
v 0.115067 0.071812 -0.067356
v 0.115066 0.070043 -0.067368
v 0.115085 0.063442 -0.061930
v 0.115094 0.062894 -0.059264
v 0.115094 0.064663 -0.059253
v 0.115085 0.065211 -0.061918
v 0.115078 0.066762 -0.064156
v 0.115077 0.064993 -0.064168
v 0.117195 0.076057 -0.072267
v 0.117205 0.075509 -0.069600
v 0.157863 0.075509 -0.069740
v 0.157854 0.076057 -0.072406
v 0.117213 0.073958 -0.067363
v 0.157870 0.073959 -0.067503
v 0.157862 0.069449 -0.069754
v 0.117204 0.069448 -0.069615
v 0.117195 0.069996 -0.072280
v 0.157853 0.069996 -0.072420
v 0.157870 0.067897 -0.067517
v 0.117212 0.067897 -0.067376
v 0.117231 0.061296 -0.061939
v 0.117224 0.062846 -0.064176
v 0.157881 0.062847 -0.064316
v 0.157889 0.061296 -0.062079
v 0.157898 0.060748 -0.059412
v 0.117240 0.060748 -0.059273
v 0.117046 0.074570 -0.115673
v 0.117051 0.075684 -0.114241
v 0.157708 0.075684 -0.114381
v 0.157704 0.074570 -0.115813
v 0.157715 0.076080 -0.112611
v 0.117057 0.076080 -0.112471
v 0.159855 0.071769 -0.114401
v 0.159850 0.070655 -0.115833
v 0.159850 0.072425 -0.115822
v 0.159855 0.073538 -0.114390
v 0.159861 0.073934 -0.112620
v 0.159861 0.072165 -0.112631
v 0.114905 0.073538 -0.114235
v 0.114900 0.072424 -0.115667
v 0.114900 0.070655 -0.115679
v 0.114905 0.071769 -0.114247
v 0.114911 0.072165 -0.112476
v 0.114911 0.073934 -0.112465
v 0.157709 0.069623 -0.114395
v 0.117051 0.069623 -0.114255
v 0.117046 0.068509 -0.115687
v 0.157704 0.068509 -0.115827
v 0.157715 0.070019 -0.112625
v 0.117057 0.070019 -0.112485
v 0.157686 0.062814 -0.121077
v 0.157692 0.063210 -0.119308
v 0.117034 0.063210 -0.119168
v 0.117028 0.062814 -0.120937
v 0.117039 0.064323 -0.117735
v 0.157697 0.064323 -0.117876
v 0.114888 0.065355 -0.119158
v 0.114888 0.067125 -0.119147
v 0.114882 0.066729 -0.120917
v 0.114882 0.064960 -0.120929
v 0.114893 0.066469 -0.117727
v 0.114893 0.068238 -0.117715
v 0.159838 0.067125 -0.119302
v 0.159838 0.065355 -0.119314
v 0.159832 0.064960 -0.121083
v 0.159832 0.066729 -0.121073
v 0.159843 0.066469 -0.117882
v 0.159843 0.068238 -0.117870
v 0.157692 0.069271 -0.119294
v 0.157685 0.068875 -0.121064
v 0.117028 0.068875 -0.120924
v 0.117034 0.069271 -0.119154
v 0.117039 0.070385 -0.117721
v 0.157697 0.070384 -0.117861
v 0.114256 0.065784 -0.302955
v 0.114255 0.063805 -0.303069
v 0.114262 0.065539 -0.301017
v 0.114263 0.067331 -0.300761
v 0.114247 0.065240 -0.305605
v 0.114247 0.063181 -0.305664
v 0.114273 0.071949 -0.297817
v 0.114274 0.069908 -0.297660
v 0.114280 0.071645 -0.295598
v 0.114281 0.073494 -0.295632
v 0.114289 0.072269 -0.292998
v 0.114290 0.074038 -0.292986
v 0.157059 0.067930 -0.303084
v 0.116401 0.067930 -0.302944
v 0.116409 0.069476 -0.300703
v 0.157067 0.069476 -0.300843
v 0.157050 0.067386 -0.305752
v 0.116393 0.067386 -0.305612
v 0.116427 0.075640 -0.295660
v 0.116436 0.076184 -0.292993
v 0.157093 0.076184 -0.293133
v 0.157084 0.075640 -0.295800
v 0.157076 0.074094 -0.298042
v 0.116418 0.074094 -0.297902
v 0.159205 0.065784 -0.303110
v 0.159213 0.067331 -0.300915
v 0.159212 0.065540 -0.301171
v 0.159205 0.063805 -0.303224
v 0.159196 0.065240 -0.305761
v 0.159196 0.063181 -0.305819
v 0.159223 0.071949 -0.297972
v 0.159231 0.073494 -0.295787
v 0.159230 0.071645 -0.295753
v 0.159224 0.069908 -0.297815
v 0.159240 0.074038 -0.293142
v 0.159239 0.072269 -0.293153
v 0.157059 0.061659 -0.303235
v 0.157065 0.063394 -0.301229
v 0.116408 0.063394 -0.301089
v 0.116401 0.061659 -0.303095
v 0.116392 0.061035 -0.305673
v 0.157050 0.061035 -0.305813
v 0.157093 0.070123 -0.293146
v 0.116436 0.070123 -0.293006
v 0.116427 0.069499 -0.295585
v 0.157084 0.069499 -0.295725
v 0.157078 0.067763 -0.297731
v 0.116420 0.067763 -0.297590
v 0.116581 0.070928 -0.250908
v 0.116587 0.069468 -0.249052
v 0.157244 0.069469 -0.249192
v 0.157238 0.070929 -0.251048
v 0.116595 0.068947 -0.246747
v 0.157253 0.068947 -0.246887
v 0.159384 0.067014 -0.251069
v 0.159384 0.068783 -0.251057
v 0.159391 0.067323 -0.249200
v 0.159391 0.065554 -0.249211
v 0.159398 0.066801 -0.246895
v 0.159398 0.065032 -0.246907
v 0.114434 0.067014 -0.250915
v 0.114441 0.065554 -0.249057
v 0.114441 0.067323 -0.249045
v 0.114435 0.068782 -0.250902
v 0.114449 0.065032 -0.246752
v 0.114449 0.066801 -0.246741
v 0.116587 0.063408 -0.249065
v 0.116581 0.064867 -0.250923
v 0.157238 0.064868 -0.251063
v 0.157245 0.063407 -0.249205
v 0.157252 0.062886 -0.246901
v 0.116595 0.062886 -0.246761
v 0.157220 0.076163 -0.256475
v 0.116562 0.076163 -0.256334
v 0.116570 0.075641 -0.254030
v 0.157227 0.075642 -0.254170
v 0.116576 0.074182 -0.252172
v 0.157234 0.074182 -0.252312
v 0.159374 0.073496 -0.254179
v 0.159374 0.071727 -0.254191
v 0.159365 0.072248 -0.256495
v 0.159365 0.074017 -0.256484
v 0.159380 0.072036 -0.252321
v 0.159380 0.070267 -0.252333
v 0.114416 0.072248 -0.256340
v 0.114424 0.071727 -0.254035
v 0.114424 0.073495 -0.254024
v 0.114416 0.074017 -0.256328
v 0.114430 0.072036 -0.252166
v 0.114430 0.070267 -0.252178
v 0.157228 0.069581 -0.254184
v 0.116570 0.069581 -0.254044
v 0.116562 0.070102 -0.256349
v 0.157219 0.070102 -0.256489
v 0.157234 0.068121 -0.252326
v 0.116576 0.068121 -0.252186
v 0.156946 0.067404 -0.343340
v 0.116289 0.067404 -0.343200
v 0.114143 0.065257 -0.343194
v 0.114143 0.063198 -0.343252
v 0.116288 0.061052 -0.343262
v 0.156946 0.061052 -0.343401
v 0.159092 0.065258 -0.343349
v 0.159092 0.063198 -0.343408
v 0.117370 0.066788 -0.021675
v 0.158028 0.066788 -0.021814
v 0.160173 0.064642 -0.021823
v 0.160174 0.062872 -0.021834
v 0.158028 0.060727 -0.021828
v 0.117369 0.060727 -0.021689
v 0.115224 0.062872 -0.021680
v 0.115224 0.064641 -0.021669
v 0.116281 0.065259 -0.345347
v 0.156939 0.065259 -0.345487
v 0.156938 0.063199 -0.345547
v 0.116281 0.063199 -0.345407
v 0.117377 0.064640 -0.019530
v 0.117377 0.062871 -0.019542
v 0.158034 0.062872 -0.019682
v 0.158035 0.064640 -0.019670
v 0.159550 0.062872 -0.020316
v 0.159550 0.064641 -0.020304
v 0.117375 0.061354 -0.020171
v 0.158033 0.061354 -0.020311
v 0.117377 0.062871 -0.019542
v 0.115857 0.062872 -0.020165
v 0.115858 0.064641 -0.020153
v 0.158032 0.066158 -0.020298
v 0.117375 0.066158 -0.020158
v 0.116283 0.066776 -0.344718
v 0.156941 0.066776 -0.344858
v 0.114766 0.063199 -0.344773
v 0.114766 0.065258 -0.344714
v 0.116283 0.061681 -0.344779
v 0.116281 0.063199 -0.345407
v 0.156941 0.061682 -0.344919
v 0.158458 0.063199 -0.344923
v 0.158458 0.065259 -0.344864
v 0.115045 0.070730 -0.256343
v 0.114918 0.070751 -0.293001
v 0.114416 0.072248 -0.256340
v 0.114289 0.072269 -0.292998
v 0.158611 0.070752 -0.293151
v 0.158737 0.070730 -0.256494
v 0.115044 0.075534 -0.256330
v 0.114919 0.075555 -0.292987
v 0.158611 0.075555 -0.293138
v 0.158737 0.075534 -0.256480
v 0.115521 0.069756 -0.117717
v 0.115529 0.073942 -0.115668
v 0.159221 0.073942 -0.115819
v 0.159215 0.069756 -0.117867
v 0.159214 0.064952 -0.117880
v 0.159221 0.069138 -0.115832
v 0.114900 0.070655 -0.115679
v 0.114893 0.066469 -0.117727
v 0.115521 0.064952 -0.117730
v 0.115529 0.069138 -0.115682
v 0.115852 0.066159 -0.021670
v 0.115723 0.066181 -0.059254
v 0.115722 0.061377 -0.059268
v 0.115852 0.061355 -0.021683
v 0.115224 0.062872 -0.021680
v 0.115094 0.062894 -0.059264
v 0.159416 0.061377 -0.059417
v 0.159545 0.061355 -0.021833
v 0.159415 0.066181 -0.059405
v 0.159545 0.066159 -0.021820
v 0.115678 0.070624 -0.072274
v 0.115539 0.070647 -0.112480
v 0.115049 0.072142 -0.072272
v 0.114911 0.072165 -0.112476
v 0.159371 0.070624 -0.072425
v 0.159233 0.070647 -0.112629
v 0.115695 0.073330 -0.067358
v 0.115706 0.068279 -0.064157
v 0.159388 0.073330 -0.067509
v 0.159399 0.068279 -0.064308
v 0.115540 0.075451 -0.112467
v 0.115678 0.075428 -0.072261
v 0.159398 0.063475 -0.064321
v 0.159387 0.068526 -0.067522
v 0.159232 0.075452 -0.112617
v 0.159371 0.075428 -0.072412
v 0.115695 0.068526 -0.067372
v 0.115706 0.063475 -0.064170
v 0.115077 0.064993 -0.064168
v 0.115066 0.070043 -0.067368
v 0.158463 0.066775 -0.343346
v 0.158567 0.066758 -0.305757
v 0.158567 0.061663 -0.305818
v 0.158463 0.061681 -0.343406
v 0.114875 0.061663 -0.305667
v 0.114771 0.061681 -0.343256
v 0.114247 0.063181 -0.305664
v 0.114143 0.063198 -0.343252
v 0.114875 0.066758 -0.305607
v 0.114771 0.066775 -0.343195
v 0.158756 0.070300 -0.251054
v 0.158752 0.073553 -0.252318
v 0.115059 0.073553 -0.252167
v 0.115063 0.070300 -0.250903
v 0.158752 0.068749 -0.252331
v 0.158756 0.065496 -0.251068
v 0.114434 0.067014 -0.250915
v 0.114430 0.070267 -0.252178
v 0.115058 0.068749 -0.252181
v 0.115063 0.065496 -0.250918
v 0.115510 0.063442 -0.120933
v 0.115078 0.063515 -0.246755
v 0.114449 0.065032 -0.246752
v 0.114882 0.064960 -0.120929
v 0.159204 0.063442 -0.121082
v 0.158770 0.063515 -0.246906
v 0.114902 0.068392 -0.297608
v 0.114274 0.069908 -0.297660
v 0.114262 0.065539 -0.301017
v 0.114891 0.064023 -0.301064
v 0.114902 0.073466 -0.297874
v 0.114892 0.068848 -0.300717
v 0.115511 0.068246 -0.120919
v 0.115078 0.068319 -0.246742
v 0.158584 0.068848 -0.300868
v 0.158594 0.073466 -0.298025
v 0.159203 0.068246 -0.121070
v 0.158770 0.068319 -0.246892
v 0.158595 0.068392 -0.297758
v 0.158583 0.064023 -0.301215
v 0.158745 0.070209 -0.254189
v 0.115052 0.070209 -0.254039
v 0.114424 0.071727 -0.254035
v 0.115052 0.075013 -0.254025
v 0.158745 0.075013 -0.254176
v 0.158762 0.064036 -0.249211
v 0.115069 0.064036 -0.249060
v 0.114441 0.065554 -0.249057
v 0.115069 0.068840 -0.249047
v 0.158762 0.068840 -0.249198
v 0.114909 0.070128 -0.295586
v 0.114280 0.071645 -0.295598
v 0.158602 0.070128 -0.295736
v 0.114883 0.062287 -0.303084
v 0.114255 0.063805 -0.303069
v 0.158577 0.062287 -0.303235
v 0.158602 0.075012 -0.295799
v 0.158577 0.067301 -0.303095
v 0.114909 0.075012 -0.295649
v 0.114884 0.067301 -0.302944
v 0.115517 0.068642 -0.119149
v 0.159209 0.068642 -0.119299
v 0.159210 0.063838 -0.119313
v 0.114888 0.065355 -0.119158
v 0.115516 0.063838 -0.119162
v 0.159226 0.070252 -0.114400
v 0.115533 0.070252 -0.114249
v 0.114905 0.071769 -0.114247
v 0.115534 0.075055 -0.114236
v 0.159226 0.075056 -0.114387
v 0.159407 0.061924 -0.062084
v 0.115713 0.061924 -0.061933
v 0.115085 0.063442 -0.061930
v 0.159380 0.070077 -0.069758
v 0.115687 0.070077 -0.069609
v 0.115059 0.071594 -0.069605
v 0.115687 0.074881 -0.069596
v 0.159380 0.074881 -0.069745
v 0.115714 0.066728 -0.061920
v 0.159407 0.066728 -0.062070
v 0.116066 0.061564 -0.020376
v 0.115857 0.062872 -0.020165
v 0.159340 0.061564 -0.020526
v 0.116066 0.065949 -0.020363
v 0.159340 0.065949 -0.020512
v 0.114766 0.063199 -0.344773
v 0.114976 0.061891 -0.344565
v 0.158249 0.061891 -0.344714
v 0.114976 0.066566 -0.344504
v 0.158250 0.066566 -0.344653
v 0.158132 0.067260 -0.059260
v 0.117474 0.067164 -0.059393
v 0.117353 0.067165 -0.021809
v 0.158011 0.067261 -0.021676
v 0.157088 0.067654 -0.343159
v 0.116430 0.067558 -0.343291
v 0.116308 0.067559 -0.305707
v 0.156966 0.067655 -0.305575
v 0.157588 0.069154 -0.204159
v 0.116930 0.069059 -0.204291
v 0.116808 0.069059 -0.166707
v 0.157466 0.069155 -0.166575
v 0.150500 -0.056200 0.220750
v 0.203750 -0.052400 0.220750
v 0.203750 -0.052400 0.260250
v 0.150500 -0.056200 0.260250
v 0.097250 -0.050200 0.260250
v 0.097250 -0.050200 0.220750
vt 0.764515 0.589408
vt 0.758824 0.591222
vt 0.796364 0.598109
vt 0.635568 0.588657
vt 0.603674 0.597182
vt 0.641252 0.590549
vt 0.726589 0.230598
vt 0.724962 0.178927
vt 0.706302 0.182267
vt 0.708842 0.228433
vt 0.742937 0.167871
vt 0.744771 0.242677
vt 0.727275 0.273148
vt 0.709387 0.275028
vt 0.706205 0.321071
vt 0.724775 0.324733
vt 0.742550 0.336090
vt 0.745685 0.261512
vt 0.678934 0.245250
vt 0.693467 0.231753
vt 0.689419 0.180864
vt 0.672330 0.172062
vt 0.679413 0.257689
vt 0.672319 0.331923
vt 0.689340 0.322283
vt 0.693951 0.271488
vt 0.649839 0.174334
vt 0.656780 0.247570
vt 0.656801 0.255474
vt 0.649537 0.328319
vt 0.691696 0.276010
vt 0.690517 0.327808
vt 0.706765 0.325603
vt 0.707900 0.279389
vt 0.674087 0.337355
vt 0.675556 0.265097
vt 0.691264 0.222694
vt 0.707189 0.218595
vt 0.704184 0.172498
vt 0.687828 0.170973
vt 0.670904 0.162286
vt 0.675784 0.234372
vt 0.724975 0.328814
vt 0.726345 0.277347
vt 0.722342 0.168603
vt 0.725528 0.219998
vt 0.672319 0.331923
vt 0.649537 0.328319
vt 0.647877 0.335660
vt 0.668265 0.338997
vt 0.656801 0.255474
vt 0.679413 0.257689
vt 0.678934 0.245250
vt 0.656780 0.247570
vt 0.726589 0.230598
vt 0.724962 0.178927
vt 0.706302 0.182267
vt 0.708842 0.228433
vt 0.744771 0.242677
vt 0.742937 0.167871
vt 0.727275 0.273148
vt 0.709387 0.275028
vt 0.706205 0.321071
vt 0.724775 0.324733
vt 0.745685 0.261512
vt 0.742550 0.336090
vt 0.672330 0.172062
vt 0.678934 0.245250
vt 0.693467 0.231753
vt 0.689419 0.180864
vt 0.672319 0.331923
vt 0.689340 0.322283
vt 0.693951 0.271488
vt 0.679413 0.257689
vt 0.649839 0.174334
vt 0.656780 0.247570
vt 0.656801 0.255474
vt 0.649537 0.328319
vt 0.691696 0.276010
vt 0.690517 0.327808
vt 0.706765 0.325603
vt 0.707900 0.279389
vt 0.675556 0.265097
vt 0.674087 0.337355
vt 0.691264 0.222694
vt 0.707189 0.218595
vt 0.704184 0.172498
vt 0.687828 0.170973
vt 0.675784 0.234372
vt 0.670904 0.162286
vt 0.724975 0.328814
vt 0.726345 0.277347
vt 0.722342 0.168603
vt 0.725528 0.219998
vt 0.672319 0.331923
vt 0.649537 0.328319
vt 0.647877 0.335660
vt 0.668265 0.338997
vt 0.656801 0.255474
vt 0.679413 0.257689
vt 0.678934 0.245250
vt 0.656780 0.247570
vt 0.726589 0.230598
vt 0.724962 0.178927
vt 0.706302 0.182267
vt 0.708842 0.228433
vt 0.742937 0.167871
vt 0.744771 0.242677
vt 0.727275 0.273148
vt 0.709387 0.275028
vt 0.706205 0.321071
vt 0.724775 0.324733
vt 0.742550 0.336090
vt 0.745685 0.261512
vt 0.678934 0.245250
vt 0.693467 0.231753
vt 0.689419 0.180864
vt 0.672330 0.172062
vt 0.679413 0.257689
vt 0.672319 0.331923
vt 0.689340 0.322283
vt 0.693951 0.271488
vt 0.649839 0.174334
vt 0.656780 0.247570
vt 0.649537 0.328319
vt 0.656801 0.255474
vt 0.691696 0.276010
vt 0.690517 0.327808
vt 0.706765 0.325603
vt 0.707900 0.279389
vt 0.674087 0.337355
vt 0.675556 0.265097
vt 0.691264 0.222694
vt 0.707189 0.218595
vt 0.704184 0.172498
vt 0.687828 0.170973
vt 0.670904 0.162286
vt 0.675784 0.234372
vt 0.724975 0.328814
vt 0.726345 0.277347
vt 0.722342 0.168603
vt 0.725528 0.219998
vt 0.672319 0.331923
vt 0.649537 0.328319
vt 0.647877 0.335660
vt 0.668265 0.338997
vt 0.656801 0.255474
vt 0.679413 0.257689
vt 0.678934 0.245250
vt 0.656780 0.247570
vt 0.125859 0.240608
vt 0.125860 0.126692
vt 0.002626 0.126693
vt 0.002625 0.240609
vt 0.125859 0.240608
vt 0.125860 0.126692
vt 0.002626 0.126693
vt 0.002625 0.240609
vt 0.125859 0.240608
vt 0.125860 0.126692
vt 0.002626 0.126693
vt 0.002625 0.240609
vt 0.125859 0.240608
vt 0.125860 0.126692
vt 0.002626 0.126693
vt 0.002625 0.240609
vt 0.125859 0.240608
vt 0.125860 0.126692
vt 0.002626 0.126693
vt 0.002625 0.240609
vt 0.125859 0.240608
vt 0.125860 0.126692
vt 0.002626 0.126693
vt 0.002625 0.240609
vt 0.125859 0.240608
vt 0.002625 0.240609
vt 0.002626 0.126693
vt 0.125860 0.126692
vt 0.125859 0.240608
vt 0.002625 0.240609
vt 0.002626 0.126693
vt 0.125860 0.126692
vt 0.125859 0.240608
vt 0.002625 0.240609
vt 0.002626 0.126693
vt 0.125860 0.126692
vt 0.363323 0.568625
vt 0.365883 0.563066
vt 0.355625 0.566079
vt 0.336996 0.532465
vt 0.356773 0.534043
vt 0.373088 0.528343
vt 0.375591 0.559356
vt 0.423648 0.523432
vt 0.419082 0.540152
vt 0.427378 0.524010
vt 0.414643 0.529049
vt 0.367766 0.600998
vt 0.365532 0.598814
vt 0.364866 0.600038
vt 0.502395 0.762402
vt 0.494457 0.757032
vt 0.511970 0.937194
vt 0.515134 0.940125
vt 0.510098 0.941691
vt 0.366828 0.598216
vt 0.424504 0.551424
vt 0.428379 0.554886
vt 0.428208 0.545648
vt 0.353097 0.581152
vt 0.389617 0.575114
vt 0.387677 0.570900
vt 0.414993 0.597454
vt 0.417910 0.595825
vt 0.416987 0.594391
vt 0.415512 0.593870
vt 0.382453 0.949944
vt 0.379708 0.952687
vt 0.383377 0.954136
vt 0.377968 0.949276
vt 0.516552 0.935653
vt 0.513779 0.956833
vt 0.524754 0.953672
vt 0.511306 0.944403
vt 0.505331 0.760559
vt 0.502926 0.758394
vt 0.506370 0.763558
vt 0.677027 0.287601
vt 0.678503 0.286265
vt 0.678216 0.285604
vt 0.679091 0.286694
vt 0.730723 0.293123
vt 0.729612 0.291181
vt 0.729211 0.291488
vt 0.729844 0.290645
vt 0.659646 0.285956
vt 0.658836 0.283346
vt 0.658016 0.284450
vt 0.657074 0.285475
vt 0.748156 0.293909
vt 0.749808 0.292305
vt 0.749334 0.291326
vt 0.750549 0.293065
vt 0.687855 0.216752
vt 0.689229 0.218400
vt 0.690051 0.217699
vt 0.688525 0.219234
vt 0.731985 0.208318
vt 0.730868 0.209994
vt 0.731034 0.210796
vt 0.730393 0.209646
vt 0.670716 0.212265
vt 0.668617 0.212563
vt 0.668976 0.213999
vt 0.668154 0.211245
vt 0.748611 0.209379
vt 0.750012 0.211570
vt 0.750448 0.210582
vt 0.751134 0.209844
vt 0.677027 0.287601
vt 0.678503 0.286265
vt 0.678216 0.285604
vt 0.679091 0.286694
vt 0.730723 0.293123
vt 0.729612 0.291181
vt 0.729211 0.291488
vt 0.729844 0.290645
vt 0.659646 0.285956
vt 0.658836 0.283346
vt 0.658016 0.284450
vt 0.657074 0.285475
vt 0.748156 0.293909
vt 0.749808 0.292305
vt 0.749334 0.291326
vt 0.750549 0.293065
vt 0.687855 0.216752
vt 0.689229 0.218400
vt 0.690051 0.217699
vt 0.688525 0.219234
vt 0.731985 0.208318
vt 0.730868 0.209994
vt 0.731034 0.210796
vt 0.730393 0.209646
vt 0.670716 0.212265
vt 0.668617 0.212563
vt 0.668976 0.213999
vt 0.668154 0.211245
vt 0.748611 0.209379
vt 0.750012 0.211570
vt 0.750448 0.210582
vt 0.751134 0.209844
vt 0.677027 0.287601
vt 0.678503 0.286265
vt 0.678216 0.285604
vt 0.679091 0.286694
vt 0.730723 0.293123
vt 0.729612 0.291181
vt 0.729211 0.291488
vt 0.729844 0.290645
vt 0.659646 0.285956
vt 0.658836 0.283346
vt 0.658016 0.284450
vt 0.657074 0.285475
vt 0.748156 0.293909
vt 0.749808 0.292305
vt 0.749334 0.291326
vt 0.750549 0.293065
vt 0.687855 0.216752
vt 0.689229 0.218400
vt 0.690051 0.217699
vt 0.688525 0.219234
vt 0.731985 0.208318
vt 0.730868 0.209994
vt 0.731034 0.210796
vt 0.730393 0.209646
vt 0.670716 0.212265
vt 0.668617 0.212563
vt 0.668976 0.213999
vt 0.668154 0.211245
vt 0.748611 0.209379
vt 0.750012 0.211570
vt 0.750448 0.210582
vt 0.751134 0.209844
vt 0.346893 0.574043
vt 0.356718 0.536624
vt 0.364911 0.534272
vt 0.348122 0.536572
vt 0.350898 0.567250
vt 0.341720 0.558619
vt 0.196975 0.570005
vt 0.204718 0.567403
vt 0.194414 0.564409
vt 0.223137 0.533261
vt 0.187012 0.529502
vt 0.203374 0.535071
vt 0.184672 0.560704
vt 0.136395 0.524884
vt 0.132667 0.525482
vt 0.141030 0.541604
vt 0.145432 0.530466
vt 0.192361 0.602599
vt 0.195265 0.601639
vt 0.194604 0.600407
vt 0.056975 0.764373
vt 0.046601 0.939309
vt 0.064944 0.759012
vt 0.043423 0.942228
vt 0.048456 0.943811
vt 0.193310 0.599803
vt 0.135626 0.552920
vt 0.131900 0.547148
vt 0.131753 0.556398
vt 0.207140 0.582640
vt 0.172539 0.572329
vt 0.170583 0.576568
vt 0.145102 0.599056
vt 0.143112 0.595987
vt 0.142185 0.597427
vt 0.144591 0.595462
vt 0.176146 0.952632
vt 0.175197 0.956822
vt 0.178876 0.955394
vt 0.180636 0.951990
vt 0.042021 0.937750
vt 0.044715 0.958939
vt 0.047237 0.946519
vt 0.033746 0.955741
vt 0.056463 0.760357
vt 0.054046 0.762519
vt 0.052991 0.765520
vt 0.213404 0.575481
vt 0.195237 0.535387
vt 0.203448 0.537672
vt 0.212044 0.537525
vt 0.209457 0.568567
vt 0.218659 0.559647
vt 0.377806 0.540829
vt 0.375712 0.536231
vt 0.363991 0.540733
vt 0.364181 0.544678
vt 0.365997 0.548193
vt 0.380061 0.545251
vt 0.340932 0.546995
vt 0.341256 0.551672
vt 0.348719 0.551322
vt 0.348284 0.547294
vt 0.348064 0.543407
vt 0.339650 0.542435
vt 0.337281 0.534569
vt 0.337768 0.536655
vt 0.348051 0.538467
vt 0.373975 0.532323
vt 0.373321 0.530359
vt 0.364736 0.536215
vt 0.384750 0.554873
vt 0.421303 0.158868
vt 0.414779 0.159076
vt 0.354655 0.585526
vt 0.351409 0.582130
vt 0.352864 0.586291
vt 0.349738 0.583932
vt 0.352031 0.587819
vt 0.861093 0.503720
vt 0.827728 0.597814
vt 0.830679 0.598262
vt 0.864851 0.504640
vt 0.378122 0.143762
vt 0.377270 0.149156
vt 0.391263 0.150215
vt 0.395296 0.146224
vt 0.836006 0.427044
vt 0.813386 0.472554
vt 0.870122 0.483094
vt 0.889010 0.449678
vt 0.409799 0.528086
vt 0.405274 0.526009
vt 0.379265 0.138405
vt 0.398509 0.141941
vt 0.376730 0.153580
vt 0.376467 0.155779
vt 0.383121 0.156313
vt 0.385097 0.154515
vt 0.944888 0.226897
vt 0.912763 0.431566
vt 0.929393 0.421582
vt 0.959882 0.236786
vt 0.363362 0.596740
vt 0.365176 0.595884
vt 0.357542 0.588982
vt 0.355765 0.589763
vt 0.931889 0.217599
vt 0.917710 0.213955
vt 0.916837 0.217920
vt 0.931010 0.221976
vt 0.334921 0.752501
vt 0.360672 0.964648
vt 0.364543 0.961658
vt 0.339871 0.751855
vt 0.874167 0.483878
vt 0.892867 0.452078
vt 0.354837 0.591366
vt 0.362419 0.598432
vt 0.808229 0.492134
vt 0.795932 0.587490
vt 0.753174 0.480510
vt 0.760846 0.581784
vt 0.327891 0.701519
vt 0.332875 0.701603
vt 0.316191 0.529771
vt 0.315291 0.534339
vt 0.322920 0.701735
vt 0.329978 0.753142
vt 0.471069 0.686143
vt 0.489793 0.716655
vt 0.494699 0.713287
vt 0.476572 0.683956
vt 0.426490 0.583830
vt 0.425303 0.581705
vt 0.418903 0.591427
vt 0.420127 0.593327
vt 0.356177 0.966374
vt 0.479915 0.681915
vt 0.498140 0.711420
vt 0.762392 0.411307
vt 0.750371 0.460711
vt 0.754223 0.461307
vt 0.766244 0.412065
vt 0.529853 0.742842
vt 0.532131 0.739556
vt 0.518987 0.728639
vt 0.516662 0.731824
vt 0.424447 0.563389
vt 0.385543 0.563974
vt 0.423478 0.580694
vt 0.417005 0.590738
vt 0.324074 0.753896
vt 0.317015 0.702238
vt 0.313170 0.702777
vt 0.320188 0.754426
vt 0.328683 0.682328
vt 0.333587 0.682597
vt 0.399922 0.522536
vt 0.425852 0.575235
vt 0.427743 0.576750
vt 0.428945 0.570987
vt 0.426642 0.568199
vt 0.428557 0.974636
vt 0.428359 0.969791
vt 0.370922 0.967320
vt 0.367576 0.971024
vt 0.345710 0.131431
vt 0.312007 0.131413
vt 0.311873 0.137899
vt 0.345195 0.137909
vt 0.428642 0.979479
vt 0.365152 0.975179
vt 0.458413 0.666926
vt 0.428890 0.579022
vt 0.453931 0.668935
vt 0.446433 0.684368
vt 0.457191 0.679650
vt 0.443668 0.673754
vt 0.430674 0.573796
vt 0.826044 0.601870
vt 0.824570 0.606527
vt 0.827659 0.603788
vt 0.829161 0.601276
vt 0.485898 0.719787
vt 0.466486 0.687939
vt 0.829161 0.601276
vt 0.323855 0.681732
vt 0.363004 0.980588
vt 0.428700 0.985413
vt 0.462989 0.665354
vt 0.450612 0.694416
vt 0.461889 0.689701
vt 0.397920 0.521157
vt 0.397076 0.170315
vt 0.395111 0.172268
vt 0.395889 0.519688
vt 0.398942 0.168570
vt 0.344286 0.153243
vt 0.344474 0.148785
vt 0.380734 0.132027
vt 0.401829 0.136502
vt 0.402197 0.132299
vt 0.381464 0.128051
vt 0.795049 0.985202
vt 0.811172 0.985147
vt 0.807487 0.981128
vt 0.795165 0.981141
vt 0.758824 0.591222
vt 0.758076 0.586749
vt 0.732841 0.593695
vt 0.732929 0.597727
vt 0.311507 0.555854
vt 0.341443 0.562889
vt 0.312609 0.551967
vt 0.730738 0.985125
vt 0.763043 0.985223
vt 0.763069 0.981162
vt 0.730773 0.981063
vt 0.345945 0.127373
vt 0.312066 0.127348
vt 0.343530 0.692375
vt 0.344722 0.682938
vt 0.332403 0.692037
vt 0.432022 0.559729
vt 0.433274 0.556371
vt 0.483347 0.967493
vt 0.483141 0.962514
vt 0.814460 0.197460
vt 0.817266 0.201735
vt 0.870108 0.206080
vt 0.870752 0.202073
vt 0.363402 0.984646
vt 0.428733 0.989433
vt 0.482374 0.723425
vt 0.436129 0.565160
vt 0.438629 0.564223
vt 0.433274 0.556371
vt 0.483336 0.972460
vt 0.483139 0.978415
vt 0.483160 0.982507
vt 0.346379 0.966675
vt 0.350413 0.967443
vt 0.946069 0.221333
vt 0.518933 0.971327
vt 0.536197 0.963612
vt 0.532250 0.959488
vt 0.516769 0.965733
vt 0.427378 0.524010
vt 0.425261 0.160345
vt 0.348743 0.567697
vt 0.344098 0.701928
vt 0.394816 0.686219
vt 0.440375 0.685594
vt 0.437602 0.675176
vt 0.394067 0.676203
vt 0.311628 0.148754
vt 0.311542 0.153174
vt 0.316487 0.527520
vt 0.316481 0.525236
vt 0.311504 0.155373
vt 0.311480 0.157571
vt 0.344044 0.157666
vt 0.344178 0.155453
vt 0.376193 0.157981
vt 0.749444 0.479813
vt 0.758040 0.582045
vt 0.825691 0.970644
vt 0.826496 0.607963
vt 0.823894 0.608752
vt 0.821831 0.966855
vt 0.311746 0.143325
vt 0.344774 0.143339
vt 0.405196 0.163177
vt 0.409644 0.160290
vt 0.313546 0.545390
vt 0.314354 0.539864
vt 0.404779 0.151253
vt 0.408731 0.148424
vt 0.400849 0.154480
vt 0.394919 0.159231
vt 0.821371 0.980857
vt 0.817620 0.976946
vt 0.413964 0.145064
vt 0.425261 0.160345
vt 0.417399 0.142448
vt 0.393039 0.160861
vt 0.380964 0.158202
vt 0.391022 0.162631
vt 0.825691 0.970644
vt 0.953883 0.227516
vt 0.958214 0.224495
vt 0.529307 0.752690
vt 0.540789 0.948685
vt 0.546649 0.948677
vt 0.535154 0.752070
vt 0.397690 0.695824
vt 0.444580 0.695439
vt 0.520505 0.975016
vt 0.537192 0.967659
vt 0.468969 0.663587
vt 0.472566 0.662283
vt 0.524995 0.745855
vt 0.512433 0.736182
vt 0.528772 0.956372
vt 0.515133 0.961199
vt 0.350966 0.682515
vt 0.349661 0.692099
vt 0.390915 0.579538
vt 0.391278 0.584255
vt 0.350298 0.701719
vt 0.531906 0.945581
vt 0.520368 0.755887
vt 0.509158 0.762356
vt 0.519276 0.936929
vt 0.495568 0.942187
vt 0.481615 0.750439
vt 0.519094 0.752720
vt 0.507957 0.758981
vt 0.516466 0.750234
vt 0.505248 0.756431
vt 0.317731 0.680650
vt 0.342424 0.578232
vt 0.340060 0.577859
vt 0.314181 0.679463
vt 0.355897 0.974789
vt 0.360088 0.971512
vt 0.352799 0.977406
vt 0.809626 0.198938
vt 0.806840 0.203157
vt 0.809971 0.207178
vt 0.812580 0.203073
vt 0.363337 0.968723
vt 0.366706 0.965516
vt 0.517592 0.942100
vt 0.542343 0.957136
vt 0.537378 0.954798
vt 0.550575 0.947135
vt 0.545969 0.959311
vt 0.964388 0.234027
vt 0.963080 0.228099
vt 0.958697 0.230985
vt 0.533573 0.952860
vt 0.536131 0.947813
vt 0.529725 0.950538
vt 0.539248 0.752707
vt 0.508794 0.739658
vt 0.520827 0.748170
vt 0.416027 0.742715
vt 0.357064 0.749689
vt 0.427269 0.952589
vt 0.375461 0.951048
vt 0.350844 0.750427
vt 0.471306 0.737263
vt 0.483678 0.744692
vt 0.492627 0.734434
vt 0.902339 0.441498
vt 0.899411 0.438768
vt 0.505069 0.742955
vt 0.524663 0.753808
vt 0.507293 0.720257
vt 0.504503 0.723150
vt 0.914811 0.434717
vt 0.496556 0.751507
vt 0.499209 0.964522
vt 0.498446 0.959752
vt 0.499936 0.969345
vt 0.500042 0.727336
vt 0.500758 0.975220
vt 0.501456 0.979260
vt 0.496304 0.730809
vt 0.377463 0.954945
vt 0.381713 0.956633
vt 0.344683 0.575949
vt 0.523270 0.750740
vt 0.527398 0.749171
vt 0.536434 0.745312
vt 0.532734 0.747090
vt 0.927814 0.425061
vt 0.931337 0.428050
vt 0.933018 0.424535
vt 0.924681 0.427259
vt 0.928141 0.430267
vt 0.391119 0.591501
vt 0.795810 0.592159
vt 0.796364 0.598109
vt 0.823894 0.608752
vt 0.762238 0.585796
vt 0.764515 0.589408
vt 0.759656 0.585907
vt 0.762710 0.588804
vt 0.865026 0.493066
vt 0.868942 0.493870
vt 0.752690 0.470843
vt 0.809735 0.482021
vt 0.327488 0.691859
vt 0.461821 0.677755
vt 0.427634 0.958790
vt 0.482205 0.951290
vt 0.322620 0.691683
vt 0.466478 0.676075
vt 0.347856 0.682871
vt 0.748861 0.470280
vt 0.475840 0.672640
vt 0.472206 0.674202
vt 0.391115 0.594396
vt 0.391281 0.597274
vt 0.496451 0.948359
vt 0.495983 0.945274
vt 0.316658 0.691490
vt 0.312755 0.691204
vt 0.761205 0.583864
vt 0.758452 0.584137
vt 0.795658 0.589794
vt 0.342866 0.574469
vt 0.345173 0.572179
vt 0.342866 0.574469
vt 0.826496 0.607963
vt 0.440707 0.674778
vt 0.469330 0.739698
vt 0.482122 0.747408
vt 0.481577 0.944939
vt 0.481927 0.948116
vt 0.353952 0.750039
vt 0.347199 0.701907
vt 0.494980 0.754110
vt 0.467454 0.741942
vt 0.447643 0.695266
vt 0.427424 0.955689
vt 0.346604 0.692348
vt 0.443458 0.685298
vt 0.764515 0.589408
vt 0.762710 0.588804
vt 0.796364 0.598109
vt 0.630186 0.087900
vt 0.598474 0.086706
vt 0.594970 0.114597
vt 0.627362 0.116234
vt 0.659649 0.117177
vt 0.661661 0.088838
vt 0.630450 0.081504
vt 0.599294 0.080778
vt 0.598703 0.085271
vt 0.630297 0.086429
vt 0.661314 0.081459
vt 0.661653 0.087371
vt 0.629589 0.050168
vt 0.629605 0.045276
vt 0.599236 0.044967
vt 0.599376 0.049533
vt 0.660372 0.049993
vt 0.660695 0.044084
vt 0.599393 0.079322
vt 0.630436 0.080031
vt 0.629631 0.051635
vt 0.599443 0.051004
vt 0.660364 0.051476
vt 0.661204 0.079976
vt 0.689118 0.089052
vt 0.687776 0.117249
vt 0.700651 0.117072
vt 0.701970 0.089391
vt 0.698530 0.082181
vt 0.687068 0.081100
vt 0.688882 0.087632
vt 0.701511 0.088117
vt 0.686795 0.079736
vt 0.698217 0.080743
vt 0.699447 0.051935
vt 0.686797 0.052148
vt 0.699865 0.050416
vt 0.703730 0.044384
vt 0.689099 0.044180
vt 0.687063 0.050764
vt 0.715944 0.053612
vt 0.713280 0.080981
vt 0.721877 0.082129
vt 0.725286 0.054518
vt 0.704656 0.080529
vt 0.706487 0.052598
vt 0.716252 0.052247
vt 0.725595 0.053039
vt 0.727046 0.048209
vt 0.718137 0.046924
vt 0.708315 0.045766
vt 0.706799 0.051208
vt 0.711974 0.117412
vt 0.718795 0.117840
vt 0.721474 0.090174
vt 0.714040 0.089620
vt 0.705947 0.089241
vt 0.704414 0.117116
vt 0.713296 0.082402
vt 0.713922 0.088110
vt 0.721537 0.088727
vt 0.721718 0.083665
vt 0.704773 0.081983
vt 0.705696 0.087645
vt 0.580423 0.079788
vt 0.570595 0.079600
vt 0.569076 0.082988
vt 0.579092 0.083987
vt 0.581499 0.050565
vt 0.572087 0.050555
vt 0.570920 0.078256
vt 0.580689 0.078408
vt 0.580762 0.044568
vt 0.570116 0.045164
vt 0.571757 0.049168
vt 0.581343 0.049108
vt 0.575289 0.112821
vt 0.578655 0.085329
vt 0.568492 0.084370
vt 0.564891 0.111845
vt 0.560681 0.084045
vt 0.544881 0.084522
vt 0.540798 0.112508
vt 0.552949 0.111441
vt 0.529269 0.083909
vt 0.530833 0.113107
vt 0.543649 0.047812
vt 0.555819 0.048800
vt 0.557628 0.045527
vt 0.544810 0.043539
vt 0.532801 0.043036
vt 0.534315 0.046711
vt 0.559030 0.078304
vt 0.555594 0.050234
vt 0.543509 0.049177
vt 0.544630 0.077533
vt 0.532312 0.077428
vt 0.534595 0.048081
vt 0.544839 0.079022
vt 0.545102 0.083081
vt 0.560722 0.082647
vt 0.559603 0.079786
vt 0.531740 0.078934
vt 0.529818 0.082339
vt 0.732904 0.089398
vt 0.733108 0.085066
vt 0.732626 0.090917
vt 0.728624 0.118907
vt 0.737575 0.055513
vt 0.739118 0.051582
vt 0.733261 0.083692
vt 0.737228 0.056802
vt 0.745694 0.087795
vt 0.741373 0.091782
vt 0.746759 0.086341
vt 0.750741 0.057666
vt 0.750302 0.056098
vt 0.747937 0.051302
vt 0.740276 0.092928
vt 0.735749 0.120366
vt 0.510606 0.077629
vt 0.363990 0.078946
vt 0.366203 0.083110
vt 0.511584 0.082182
vt 0.365183 0.050123
vt 0.363603 0.077542
vt 0.510664 0.076188
vt 0.516770 0.048880
vt 0.517173 0.047485
vt 0.517659 0.042976
vt 0.367745 0.044530
vt 0.365660 0.048756
vt 0.368943 0.111821
vt 0.520330 0.110888
vt 0.512145 0.083592
vt 0.366731 0.084454
vt 0.520043 0.076960
vt 0.524258 0.048177
vt 0.519947 0.078493
vt 0.520985 0.082251
vt 0.521385 0.083658
vt 0.525614 0.111939
vt 0.524481 0.046669
vt 0.525672 0.042950
vt 0.687909 0.253546
vt 0.685575 0.249543
vt 0.678934 0.245250
vt 0.679413 0.257689
vt 0.676491 0.245301
vt 0.675807 0.254311
vt 0.676500 0.254225
vt 0.677178 0.245378
vt 0.737465 0.249436
vt 0.739738 0.254781
vt 0.745685 0.261512
vt 0.744771 0.242677
vt 0.672198 0.345122
vt 0.676585 0.339959
vt 0.676326 0.339223
vt 0.671687 0.344435
vt 0.742347 0.343709
vt 0.749996 0.343686
vt 0.750108 0.336124
vt 0.742550 0.336090
vt 0.742432 0.344553
vt 0.750195 0.344507
vt 0.749996 0.343686
vt 0.742347 0.343709
vt 0.672319 0.331923
vt 0.668265 0.338997
vt 0.671687 0.344435
vt 0.676326 0.339223
vt 0.742434 0.255585
vt 0.741533 0.242298
vt 0.740870 0.242414
vt 0.741756 0.255465
vt 0.690824 0.336345
vt 0.691061 0.336857
vt 0.706565 0.333754
vt 0.706576 0.333199
vt 0.736949 0.250024
vt 0.738990 0.254451
vt 0.739738 0.254781
vt 0.737465 0.249436
vt 0.703696 0.164909
vt 0.703659 0.164354
vt 0.687929 0.161841
vt 0.687718 0.162367
vt 0.735683 0.143894
vt 0.732816 0.135245
vt 0.732419 0.135891
vt 0.734996 0.143897
vt 0.688449 0.253020
vt 0.686351 0.249713
vt 0.685575 0.249543
vt 0.687909 0.253546
vt 0.723826 0.337564
vt 0.724102 0.337069
vt 0.667790 0.140413
vt 0.669637 0.149494
vt 0.670304 0.149322
vt 0.668468 0.140787
vt 0.721148 0.160358
vt 0.720849 0.159877
vt 0.631135 0.288760
vt 0.638842 0.293146
vt 0.655064 0.284795
vt 0.647142 0.279051
vt 0.667362 0.215189
vt 0.658235 0.215505
vt 0.648910 0.278079
vt 0.657652 0.281608
vt 0.653423 0.196553
vt 0.645434 0.199049
vt 0.657327 0.213673
vt 0.666099 0.211192
vt 0.715090 0.217100
vt 0.708130 0.214067
vt 0.691862 0.218961
vt 0.699945 0.226480
vt 0.679718 0.284419
vt 0.686947 0.278730
vt 0.697941 0.226660
vt 0.689641 0.221229
vt 0.700506 0.288016
vt 0.705906 0.281066
vt 0.689577 0.279809
vt 0.680585 0.285501
vt 0.769171 0.203800
vt 0.768235 0.199853
vt 0.749922 0.204393
vt 0.730286 0.203660
vt 0.671527 0.205995
vt 0.657479 0.193279
vt 0.655343 0.195552
vt 0.689761 0.210564
vt 0.715651 0.204518
vt 0.716182 0.211771
vt 0.705845 0.212592
vt 0.703445 0.209563
vt 0.656213 0.191540
vt 0.652301 0.185014
vt 0.646457 0.192279
vt 0.653512 0.193991
vt 0.713376 0.204736
vt 0.706935 0.208310
vt 0.708383 0.213255
vt 0.714535 0.213994
vt 0.748520 0.303320
vt 0.767970 0.307757
vt 0.769730 0.299240
vt 0.726861 0.302336
vt 0.640267 0.294861
vt 0.641743 0.301679
vt 0.660166 0.296889
vt 0.680239 0.297653
vt 0.708706 0.285816
vt 0.710736 0.298812
vt 0.695548 0.296977
vt 0.698612 0.289895
vt 0.634595 0.309175
vt 0.639575 0.302734
vt 0.637845 0.295210
vt 0.629059 0.295165
vt 0.698352 0.297277
vt 0.708322 0.298757
vt 0.706543 0.284710
vt 0.701105 0.289304
vt 0.659203 0.182812
vt 0.658517 0.191353
vt 0.672735 0.202892
vt 0.676801 0.193213
vt 0.690400 0.206855
vt 0.693880 0.197810
vt 0.641697 0.303997
vt 0.640413 0.312751
vt 0.660971 0.309863
vt 0.660529 0.300042
vt 0.683461 0.311121
vt 0.681062 0.300752
vt 0.704309 0.207277
vt 0.712125 0.199634
vt 0.707815 0.303126
vt 0.696085 0.299243
vt 0.673870 0.349850
vt 0.674609 0.349886
vt 0.691538 0.337606
vt 0.645499 0.163646
vt 0.647439 0.154132
vt 0.643001 0.148641
vt 0.637590 0.158586
vt 0.694959 0.265157
vt 0.687909 0.253546
vt 0.694598 0.265914
vt 0.766265 0.141917
vt 0.756393 0.129800
vt 0.753053 0.136315
vt 0.759837 0.142234
vt 0.748122 0.163403
vt 0.765760 0.148385
vt 0.759763 0.144690
vt 0.742924 0.157770
vt 0.688372 0.161072
vt 0.763803 0.242916
vt 0.757814 0.245907
vt 0.760647 0.250831
vt 0.768662 0.247564
vt 0.747122 0.228528
vt 0.764207 0.240276
vt 0.770352 0.238168
vt 0.752469 0.221677
vt 0.653949 0.244285
vt 0.650477 0.236637
vt 0.644965 0.243858
vt 0.649869 0.250577
vt 0.694260 0.238166
vt 0.693981 0.237386
vt 0.685575 0.249543
vt 0.707461 0.222489
vt 0.725799 0.224525
vt 0.708120 0.272949
vt 0.708141 0.272394
vt 0.692599 0.268291
vt 0.692338 0.268794
vt 0.739046 0.156519
vt 0.743362 0.230200
vt 0.744199 0.229752
vt 0.739924 0.156859
vt 0.723304 0.338291
vt 0.738436 0.352229
vt 0.739136 0.352245
vt 0.739924 0.156859
vt 0.744199 0.229752
vt 0.745409 0.229212
vt 0.741171 0.157259
vt 0.747122 0.228528
vt 0.742924 0.157770
vt 0.726481 0.272800
vt 0.708026 0.275476
vt 0.692287 0.229876
vt 0.692575 0.230363
vt 0.707699 0.225557
vt 0.707653 0.225004
vt 0.742020 0.340400
vt 0.742882 0.340069
vt 0.744793 0.267037
vt 0.743942 0.266657
vt 0.727219 0.266393
vt 0.727383 0.267226
vt 0.739738 0.254781
vt 0.744793 0.267037
vt 0.742882 0.340069
vt 0.744100 0.339659
vt 0.745999 0.267529
vt 0.745825 0.339112
vt 0.747683 0.268229
vt 0.676139 0.241409
vt 0.691647 0.227367
vt 0.720294 0.159173
vt 0.725984 0.270279
vt 0.725743 0.269767
vt 0.691832 0.271328
vt 0.675505 0.258058
vt 0.726304 0.237320
vt 0.737465 0.249436
vt 0.726532 0.236496
vt 0.725059 0.227578
vt 0.725298 0.227059
vt 0.744793 0.267037
vt 0.767054 0.255705
vt 0.765547 0.255372
vt 0.768243 0.256316
vt 0.745999 0.267529
vt 0.747683 0.268229
vt 0.769255 0.257544
vt 0.693119 0.267571
vt 0.760622 0.252232
vt 0.767922 0.251704
vt 0.744793 0.267037
vt 0.745409 0.229212
vt 0.763001 0.240907
vt 0.762689 0.242195
vt 0.757195 0.244834
vt 0.688965 0.327974
vt 0.688862 0.327120
vt 0.676326 0.339223
vt 0.656589 0.242292
vt 0.654835 0.235909
vt 0.693128 0.231055
vt 0.654891 0.243183
vt 0.652219 0.236343
vt 0.649873 0.163715
vt 0.647253 0.163683
vt 0.654725 0.257387
vt 0.654505 0.264493
vt 0.651952 0.264422
vt 0.652406 0.256860
vt 0.650831 0.256438
vt 0.650244 0.264376
vt 0.688920 0.174929
vt 0.671256 0.163689
vt 0.671515 0.164506
vt 0.688971 0.175810
vt 0.653146 0.337081
vt 0.650600 0.337064
vt 0.648895 0.337047
vt 0.721942 0.162799
vt 0.703849 0.167429
vt 0.709706 0.269520
vt 0.760455 0.241356
vt 0.761773 0.241168
vt 0.744199 0.229752
vt 0.687909 0.253546
vt 0.706630 0.330676
vt 0.724779 0.334613
vt 0.709071 0.233949
vt 0.744199 0.229752
vt 0.685575 0.249543
vt 0.687461 0.164946
vt 0.669886 0.153345
vt 0.739738 0.254781
vt 0.673718 0.346113
vt 0.690434 0.333802
vt 0.737465 0.249436
vt 0.761148 0.353360
vt 0.762429 0.352842
vt 0.742882 0.340069
vt 0.744100 0.339659
vt 0.763531 0.352146
vt 0.764534 0.350822
vt 0.745825 0.339112
vt 0.763544 0.354473
vt 0.756143 0.359564
vt 0.756895 0.361038
vt 0.764776 0.355603
vt 0.705885 0.325492
vt 0.676326 0.339223
vt 0.742882 0.340069
vt 0.758483 0.144013
vt 0.741171 0.157259
vt 0.706046 0.177832
vt 0.752419 0.137712
vt 0.758496 0.142625
vt 0.650595 0.155718
vt 0.671515 0.164506
vt 0.648623 0.155005
vt 0.724538 0.329816
vt 0.742347 0.343709
vt 0.653237 0.346054
vt 0.742788 0.160280
vt 0.724807 0.173839
vt 0.650887 0.346426
vt 0.649233 0.346789
vt 0.205980 0.048998
vt 0.203045 0.076007
vt 0.208808 0.075944
vt 0.211350 0.049437
vt 0.200061 0.075669
vt 0.203045 0.076007
vt 0.205980 0.048998
vt 0.203243 0.048685
vt 0.208170 0.077167
vt 0.202405 0.077742
vt 0.200902 0.083027
vt 0.203442 0.083312
vt 0.197994 0.077919
vt 0.198126 0.082470
vt 0.200771 0.084278
vt 0.199949 0.109715
vt 0.202408 0.109750
vt 0.203098 0.084487
vt 0.198153 0.083799
vt 0.197141 0.109938
vt 0.207269 0.117328
vt 0.202646 0.110934
vt 0.199925 0.110911
vt 0.200267 0.115876
vt 0.196897 0.111150
vt 0.194494 0.114542
vt 0.122908 0.047479
vt 0.091050 0.048840
vt 0.093511 0.075222
vt 0.125186 0.074157
vt 0.156723 0.073333
vt 0.155290 0.046117
vt 0.125307 0.080619
vt 0.125271 0.075645
vt 0.093683 0.076672
vt 0.094091 0.081210
vt 0.156324 0.080692
vt 0.156712 0.074807
vt 0.123516 0.110396
vt 0.092813 0.110910
vt 0.092599 0.115493
vt 0.123469 0.115305
vt 0.154126 0.110956
vt 0.154238 0.116848
vt 0.123583 0.108925
vt 0.125248 0.082106
vt 0.094128 0.082680
vt 0.092912 0.109435
vt 0.154171 0.109481
vt 0.156187 0.082163
vt 0.183505 0.073611
vt 0.193993 0.073510
vt 0.196458 0.047766
vt 0.184280 0.046315
vt 0.182326 0.081561
vt 0.193714 0.080818
vt 0.194106 0.074732
vt 0.183380 0.075017
vt 0.182135 0.082940
vt 0.180364 0.109959
vt 0.191553 0.110630
vt 0.192971 0.082641
vt 0.180428 0.111401
vt 0.181185 0.118296
vt 0.192092 0.119720
vt 0.191832 0.112472
vt 0.216004 0.111277
vt 0.225181 0.111332
vt 0.224913 0.084375
vt 0.216351 0.083984
vt 0.216271 0.112800
vt 0.218929 0.118239
vt 0.226740 0.117930
vt 0.225452 0.112845
vt 0.222834 0.050201
vt 0.220091 0.075922
vt 0.227432 0.076340
vt 0.230321 0.050785
vt 0.216634 0.082442
vt 0.225234 0.082818
vt 0.226906 0.077728
vt 0.219497 0.077242
vt 0.193993 0.073510
vt 0.200061 0.075669
vt 0.203243 0.048685
vt 0.196458 0.047766
vt 0.075270 0.081776
vt 0.074213 0.077465
vt 0.064340 0.077992
vt 0.065562 0.081534
vt 0.074271 0.109542
vt 0.075449 0.083186
vt 0.065780 0.082921
vt 0.064382 0.109206
vt 0.073315 0.115546
vt 0.074057 0.111003
vt 0.063946 0.110584
vt 0.061969 0.114519
vt 0.071915 0.049900
vt 0.061831 0.050217
vt 0.063878 0.076546
vt 0.073863 0.076085
vt 0.056314 0.076374
vt 0.050214 0.049505
vt 0.038234 0.047102
vt 0.041509 0.074564
vt 0.027824 0.073562
vt 0.028061 0.045966
vt 0.033397 0.109443
vt 0.033931 0.113856
vt 0.048486 0.113404
vt 0.046835 0.109981
vt 0.022923 0.108529
vt 0.020557 0.111813
vt 0.054145 0.082202
vt 0.040301 0.081799
vt 0.033485 0.108073
vt 0.046747 0.108528
vt 0.028783 0.080622
vt 0.023495 0.107254
vt 0.040718 0.080284
vt 0.054849 0.080713
vt 0.056216 0.077831
vt 0.041525 0.076098
vt 0.027917 0.075296
vt 0.028664 0.079048
vt 0.236038 0.083121
vt 0.238527 0.079048
vt 0.239188 0.077575
vt 0.241319 0.051589
vt 0.239463 0.115884
vt 0.237141 0.112030
vt 0.235664 0.084571
vt 0.236735 0.110646
vt 0.247312 0.083018
vt 0.248536 0.078678
vt 0.247168 0.084432
vt 0.249298 0.109832
vt 0.249696 0.111186
vt 0.251435 0.115481
vt 0.248843 0.077308
vt 0.249490 0.051413
vt 0.391279 0.081997
vt 0.391594 0.077430
vt 0.400636 0.108761
vt 0.391547 0.083439
vt 0.401030 0.110179
vt 0.401402 0.114738
vt 0.391987 0.076010
vt 0.401003 0.050717
vt 0.017230 0.078890
vt 0.008510 0.075653
vt 0.003256 0.101784
vt 0.011973 0.104732
vt 0.017967 0.077671
vt 0.020719 0.074520
vt 0.014046 0.073102
vt 0.009529 0.074645
vt 0.021665 0.073142
vt 0.022666 0.046907
vt 0.017206 0.048268
vt 0.015402 0.072556
vt 0.012081 0.106192
vt 0.003628 0.103373
vt 0.005560 0.108200
vt 0.012844 0.110101
vt 0.737612 0.333706
vt 0.737679 0.316581
vt 0.667160 0.317127
vt 0.667480 0.334211
vt 0.739533 0.316664
vt 0.739341 0.332592
vt 0.743622 0.332762
vt 0.743924 0.317244
vt 0.736360 0.177738
vt 0.666132 0.178361
vt 0.666279 0.195426
vt 0.736516 0.194803
vt 0.660903 0.317902
vt 0.661504 0.333351
vt 0.665732 0.333131
vt 0.665308 0.317243
vt 0.742743 0.274749
vt 0.744014 0.301688
vt 0.748267 0.302015
vt 0.747040 0.274276
vt 0.743437 0.258503
vt 0.739145 0.259430
vt 0.737098 0.257841
vt 0.737056 0.253524
vt 0.666776 0.254136
vt 0.666806 0.258451
vt 0.656346 0.302791
vt 0.660594 0.302398
vt 0.661435 0.275421
vt 0.657132 0.275019
vt 0.664788 0.260068
vt 0.660480 0.259207
vt 0.741742 0.209519
vt 0.661317 0.210229
vt 0.742294 0.301686
vt 0.662315 0.302371
vt 0.740783 0.236473
vt 0.662751 0.237161
vt 0.666523 0.252380
vt 0.737280 0.251763
vt 0.740988 0.274820
vt 0.737350 0.259596
vt 0.666583 0.260210
vt 0.663192 0.275461
vt 0.650658 0.348959
vt 0.651636 0.347764
vt 0.652874 0.350214
vt 0.653036 0.348547
vt 0.652060 0.346169
vt 0.651872 0.337072
vt 0.673704 0.347365
vt 0.653170 0.347305
vt 0.673946 0.348619
vt 0.650127 0.153533
vt 0.649509 0.152130
vt 0.648378 0.153013
vt 0.649233 0.154065
vt 0.650450 0.154612
vt 0.669739 0.152060
vt 0.669837 0.150755
vt 0.648563 0.163705
vt 0.649572 0.155497
vt 0.751512 0.135896
vt 0.751227 0.137365
vt 0.749905 0.135914
vt 0.749926 0.137509
vt 0.751794 0.138682
vt 0.757336 0.142904
vt 0.750893 0.139418
vt 0.756198 0.143297
vt 0.758701 0.143371
vt 0.759972 0.143482
vt 0.758701 0.143371
vt 0.736563 0.146373
vt 0.750234 0.138592
vt 0.735944 0.145181
vt 0.736951 0.147662
vt 0.739924 0.156859
vt 0.757374 0.143629
vt 0.739924 0.156859
vt 0.752864 0.359483
vt 0.752118 0.361010
vt 0.754529 0.361488
vt 0.754482 0.359871
vt 0.753558 0.358425
vt 0.740008 0.349960
vt 0.739384 0.351051
vt 0.740394 0.348774
vt 0.754517 0.357606
vt 0.765332 0.353146
vt 0.763903 0.353334
vt 0.763903 0.353334
vt 0.762398 0.353876
vt 0.755473 0.358471
vt 0.706603 0.331934
vt 0.690460 0.335091
vt 0.687420 0.163646
vt 0.703772 0.166171
vt 0.724584 0.335865
vt 0.721686 0.161546
vt 0.653228 0.264458
vt 0.654586 0.254854
vt 0.654396 0.253142
vt 0.652145 0.254439
vt 0.653225 0.255548
vt 0.675834 0.255554
vt 0.654696 0.256123
vt 0.675537 0.256797
vt 0.653554 0.257210
vt 0.653524 0.236122
vt 0.654905 0.245305
vt 0.655505 0.244063
vt 0.656068 0.246003
vt 0.656457 0.244520
vt 0.655684 0.242586
vt 0.676495 0.244011
vt 0.676195 0.242714
vt 0.656624 0.243409
vt 0.754635 0.244854
vt 0.754569 0.246167
vt 0.756229 0.246116
vt 0.755910 0.244980
vt 0.754981 0.243931
vt 0.742115 0.239398
vt 0.741643 0.240838
vt 0.742382 0.237931
vt 0.755689 0.243212
vt 0.764244 0.241671
vt 0.763051 0.241616
vt 0.763051 0.241616
vt 0.761590 0.241797
vt 0.756618 0.243941
vt 0.758827 0.251127
vt 0.759103 0.252280
vt 0.757129 0.251407
vt 0.757574 0.252585
vt 0.760199 0.253250
vt 0.766847 0.253818
vt 0.759172 0.254020
vt 0.768452 0.253895
vt 0.769764 0.252834
vt 0.768452 0.253895
vt 0.743131 0.258219
vt 0.758182 0.253403
vt 0.742593 0.256918
vt 0.743416 0.259552
vt 0.691914 0.270034
vt 0.708072 0.274215
vt 0.707556 0.223743
vt 0.691800 0.228656
vt 0.726380 0.271524
vt 0.725693 0.225806
vt 0.652048 0.251932
vt 0.769783 0.242878
vt 0.766196 0.145110
vt 0.752725 0.129058
vt 0.749105 0.128727
vt 0.644565 0.147134
vt 0.646359 0.145726
vt 0.653828 0.256293
vt 0.652291 0.347079
vt 0.655945 0.243351
vt 0.649758 0.154727
vt 0.754506 0.358847
vt 0.759162 0.253055
vt 0.751075 0.138291
vt 0.755829 0.244197
vt 0.757890 0.143285
vt 0.758701 0.143371
vt 0.763006 0.353348
vt 0.763903 0.353334
vt 0.762234 0.241526
vt 0.763051 0.241616
vt 0.762234 0.241526
vt 0.762234 0.241526
vt 0.767536 0.254462
vt 0.768452 0.253895
vt 0.705995 0.176953
vt 0.724754 0.172958
vt 0.707774 0.226453
vt 0.724592 0.228348
vt 0.725269 0.269006
vt 0.724472 0.330697
vt 0.742347 0.343709
vt 0.705817 0.326367
vt 0.708179 0.271498
vt 0.742788 0.160280
vt 0.742946 0.159436
vt 0.709097 0.234821
vt 0.703608 0.163459
vt 0.709745 0.268648
vt 0.706548 0.334652
vt 0.726676 0.303742
vt 0.709765 0.300950
vt 0.726560 0.305134
vt 0.708018 0.300850
vt 0.697445 0.298360
vt 0.680655 0.299211
vt 0.695517 0.298096
vt 0.690068 0.208663
vt 0.703476 0.208498
vt 0.705781 0.207639
vt 0.712724 0.202221
vt 0.730230 0.202245
vt 0.730250 0.200862
vt 0.714490 0.202248
vt 0.748178 0.306115
vt 0.748362 0.304726
vt 0.660357 0.298483
vt 0.641796 0.302810
vt 0.640505 0.303584
vt 0.637396 0.311155
vt 0.767707 0.309125
vt 0.767459 0.310492
vt 0.672135 0.204435
vt 0.749678 0.201600
vt 0.749809 0.202990
vt 0.767922 0.198499
vt 0.767637 0.197135
vt 0.655636 0.183617
vt 0.657355 0.191145
vt 0.658075 0.192380
vt 0.699897 0.289610
vt 0.696983 0.296960
vt 0.709513 0.298508
vt 0.707588 0.285060
vt 0.706122 0.283082
vt 0.700896 0.288580
vt 0.700896 0.288580
vt 0.706122 0.283082
vt 0.769312 0.308107
vt 0.770627 0.308509
vt 0.772464 0.299699
vt 0.771090 0.299517
vt 0.640612 0.302087
vt 0.639073 0.295158
vt 0.638085 0.294050
vt 0.629906 0.291904
vt 0.699613 0.288962
vt 0.707473 0.283541
vt 0.728544 0.289719
vt 0.639652 0.293939
vt 0.770060 0.297902
vt 0.770429 0.296567
vt 0.752138 0.292015
vt 0.715380 0.213142
vt 0.714581 0.204947
vt 0.705187 0.209128
vt 0.707232 0.212673
vt 0.708354 0.213698
vt 0.714649 0.215476
vt 0.714649 0.215476
vt 0.708354 0.213698
vt 0.656710 0.192484
vt 0.654527 0.194682
vt 0.769525 0.199470
vt 0.770483 0.203494
vt 0.771848 0.203328
vt 0.770769 0.198962
vt 0.645627 0.195659
vt 0.653211 0.195258
vt 0.706978 0.213366
vt 0.715792 0.214282
vt 0.729653 0.211160
vt 0.654452 0.196137
vt 0.729644 0.212310
vt 0.728475 0.289132
vt 0.750746 0.289853
vt 0.751394 0.213071
vt 0.769501 0.205139
vt 0.752642 0.210909
vt 0.769877 0.206468
vt 0.687394 0.280103
vt 0.679565 0.285417
vt 0.698786 0.226436
vt 0.690693 0.219893
vt 0.657935 0.214574
vt 0.666889 0.213070
vt 0.648175 0.278658
vt 0.656463 0.283365
vt 0.714083 0.203232
vt 0.709231 0.300031
vt 0.704684 0.208537
vt 0.696568 0.297739
vt 0.768988 0.198481
vt 0.769542 0.197470
vt 0.768815 0.309108
vt 0.769425 0.310090
vt 0.640973 0.302817
vt 0.657385 0.192006
vt 0.700224 0.289024
vt 0.700896 0.288580
vt 0.700224 0.289024
vt 0.700224 0.289024
vt 0.707020 0.283872
vt 0.707020 0.283872
vt 0.706122 0.283082
vt 0.707020 0.283872
vt 0.771059 0.298407
vt 0.772027 0.297783
vt 0.638947 0.294382
vt 0.728313 0.290381
vt 0.750995 0.291328
vt 0.707502 0.213238
vt 0.708354 0.213698
vt 0.707502 0.213238
vt 0.708354 0.213698
vt 0.715263 0.214319
vt 0.714649 0.215476
vt 0.715263 0.214319
vt 0.714649 0.215476
vt 0.770461 0.204618
vt 0.771427 0.205232
vt 0.654068 0.195353
vt 0.730265 0.210893
vt 0.751600 0.211590
vt 0.743152 0.301663
vt 0.741865 0.274812
vt 0.661457 0.302360
vt 0.662313 0.275468
vt 0.738252 0.259557
vt 0.737172 0.258724
vt 0.666748 0.259334
vt 0.665682 0.260183
vt 0.661869 0.237176
vt 0.660434 0.210230
vt 0.656258 0.274895
vt 0.655468 0.302902
vt 0.749147 0.302112
vt 0.747912 0.274140
vt 0.742626 0.209504
vt 0.741666 0.236472
vt 0.665396 0.195422
vt 0.660035 0.318091
vt 0.666234 0.317146
vt 0.665632 0.252432
vt 0.659631 0.258954
vt 0.666704 0.253253
vt 0.737113 0.252640
vt 0.744282 0.258237
vt 0.738170 0.251799
vt 0.738606 0.316583
vt 0.744794 0.317420
vt 0.737399 0.194783
vt 0.665039 0.259135
vt 0.660655 0.258264
vt 0.665820 0.254088
vt 0.665833 0.258515
vt 0.743251 0.257569
vt 0.738877 0.258494
vt 0.738065 0.257890
vt 0.738020 0.253464
vt 0.660651 0.334173
vt 0.665253 0.178706
vt 0.666611 0.333908
vt 0.737246 0.178068
vt 0.744489 0.333569
vt 0.738475 0.333386
vt 0.659906 0.258219
vt 0.665941 0.253265
vt 0.665893 0.259369
vt 0.737878 0.252638
vt 0.743996 0.257510
vt 0.738026 0.258744
vt 0.011991 0.105467
vt 0.023277 0.107927
vt 0.012832 0.110835
vt 0.020169 0.112434
vt 0.022593 0.046174
vt 0.028161 0.045239
vt 0.027810 0.074446
vt 0.021225 0.073871
vt 0.017508 0.078240
vt 0.028795 0.079823
vt 0.184220 0.045580
vt 0.155212 0.045385
vt 0.154265 0.117584
vt 0.181257 0.119028
vt 0.156745 0.074070
vt 0.183478 0.074319
vt 0.156262 0.081428
vt 0.182212 0.082247
vt 0.180361 0.110682
vt 0.154130 0.110218
vt 0.003347 0.102606
vt 0.005816 0.108945
vt 0.017043 0.047555
vt 0.014792 0.072883
vt 0.008892 0.075052
vt 0.249413 0.050675
vt 0.401208 0.050011
vt 0.251704 0.116164
vt 0.401365 0.115472
vt 0.248759 0.078018
vt 0.391737 0.076706
vt 0.400883 0.109455
vt 0.249432 0.110533
vt 0.391330 0.082734
vt 0.247153 0.083703
vt 0.241314 0.050854
vt 0.239726 0.116573
vt 0.238889 0.078332
vt 0.236900 0.111359
vt 0.235808 0.083830
vt 0.093600 0.075946
vt 0.074029 0.076776
vt 0.090987 0.048107
vt 0.071873 0.049164
vt 0.073225 0.116277
vt 0.092586 0.116229
vt 0.075402 0.082477
vt 0.094132 0.081945
vt 0.092861 0.110173
vt 0.074178 0.110274
vt 0.225045 0.083591
vt 0.225293 0.112093
vt 0.226895 0.118654
vt 0.230356 0.050043
vt 0.227187 0.077037
vt 0.202384 0.110400
vt 0.216042 0.112071
vt 0.216397 0.083175
vt 0.203136 0.083833
vt 0.061859 0.049497
vt 0.049991 0.048813
vt 0.048888 0.114033
vt 0.061692 0.115183
vt 0.064092 0.077277
vt 0.056409 0.077112
vt 0.207836 0.117913
vt 0.219255 0.118920
vt 0.222746 0.049465
vt 0.211166 0.048718
vt 0.064238 0.109923
vt 0.046659 0.109270
vt 0.208665 0.076651
vt 0.219882 0.076610
vt 0.065750 0.082215
vt 0.054485 0.081452
vt 0.040517 0.081045
vt 0.041604 0.075334
vt 0.033363 0.108758
vt 0.034117 0.114569
vt 0.038142 0.046373
vt 0.194004 0.074132
vt 0.198782 0.076902
vt 0.200061 0.075669
vt 0.198782 0.076902
vt 0.194004 0.074132
vt 0.203243 0.048685
vt 0.203475 0.047994
vt 0.196589 0.047053
vt 0.194700 0.115269
vt 0.192168 0.120436
vt 0.193360 0.081697
vt 0.198285 0.083074
vt 0.191710 0.111578
vt 0.197174 0.110607
vt 0.192168 0.120436
vt 0.196589 0.047053
vt 0.194004 0.074132
vt 0.125293 0.081363
vt 0.123539 0.109660
vt 0.123478 0.116041
vt 0.122831 0.046747
vt 0.125246 0.074900
vt 0.194700 0.115269
vt 0.200431 0.116561
vt 0.205979 0.048250
vt 0.203475 0.047994
vt 0.203243 0.048685
vt 0.205980 0.048998
vt 0.199965 0.110312
vt 0.205980 0.048998
vt 0.200846 0.083655
vt 0.202769 0.076952
vt 0.198782 0.076902
vt 0.203045 0.076007
vt 0.200061 0.075669
vt 0.532575 0.042352
vt 0.525821 0.042238
vt 0.525538 0.112669
vt 0.530895 0.113835
vt 0.524340 0.047406
vt 0.534520 0.047375
vt 0.529469 0.083107
vt 0.521211 0.082943
vt 0.519898 0.077742
vt 0.532097 0.078205
vt 0.689058 0.088332
vt 0.661683 0.088105
vt 0.659574 0.117906
vt 0.687670 0.117975
vt 0.660748 0.043352
vt 0.689305 0.043477
vt 0.686897 0.080425
vt 0.661263 0.080718
vt 0.660349 0.050735
vt 0.686877 0.051448
vt 0.517628 0.042246
vt 0.520526 0.111594
vt 0.517015 0.048195
vt 0.511822 0.082901
vt 0.510545 0.076897
vt 0.366543 0.083753
vt 0.368864 0.112556
vt 0.368027 0.043847
vt 0.365345 0.049411
vt 0.363691 0.078272
vt 0.740746 0.092327
vt 0.732813 0.090135
vt 0.728490 0.119629
vt 0.735723 0.121104
vt 0.747645 0.050608
vt 0.739343 0.050903
vt 0.750607 0.056858
vt 0.737358 0.056135
vt 0.733137 0.084387
vt 0.746299 0.087116
vt 0.575214 0.113551
vt 0.594893 0.115326
vt 0.599231 0.044233
vt 0.580693 0.043838
vt 0.598592 0.085989
vt 0.578864 0.084656
vt 0.599366 0.080051
vt 0.580598 0.079103
vt 0.581435 0.049835
vt 0.599409 0.050269
vt 0.725419 0.053772
vt 0.721773 0.082896
vt 0.727274 0.047509
vt 0.718708 0.118572
vt 0.721521 0.089449
vt 0.706616 0.051896
vt 0.699565 0.051144
vt 0.708549 0.045071
vt 0.704129 0.043736
vt 0.704361 0.117855
vt 0.700518 0.117791
vt 0.568768 0.083671
vt 0.560852 0.083348
vt 0.564863 0.112563
vt 0.552652 0.112104
vt 0.569885 0.044490
vt 0.558044 0.044935
vt 0.698294 0.081485
vt 0.704682 0.081258
vt 0.571993 0.049838
vt 0.555587 0.049491
vt 0.701824 0.088735
vt 0.705836 0.088431
vt 0.559303 0.079049
vt 0.570836 0.078944
vt 0.545084 0.083808
vt 0.544741 0.078277
vt 0.543509 0.048483
vt 0.545087 0.042867
vt 0.540652 0.113225
vt 0.713251 0.081694
vt 0.714011 0.088859
vt 0.711891 0.118143
vt 0.718389 0.046232
vt 0.716065 0.052919
vt 0.629600 0.050902
vt 0.630457 0.080767
vt 0.629620 0.044543
vt 0.627287 0.116963
vt 0.630256 0.087165
vt 0.112834 0.050301
vt 0.080905 0.047710
vt 0.076881 0.075982
vt 0.109040 0.078501
vt 0.049115 0.044971
vt 0.044966 0.073146
vt 0.076364 0.082347
vt 0.108196 0.084469
vt 0.108806 0.079950
vt 0.076709 0.077446
vt 0.044747 0.080485
vt 0.044850 0.074610
vt 0.081548 0.041360
vt 0.081091 0.046250
vt 0.112943 0.048838
vt 0.113034 0.044276
vt 0.050280 0.037728
vt 0.049365 0.043524
vt 0.107681 0.114464
vt 0.108090 0.085935
vt 0.076324 0.083818
vt 0.076237 0.112315
vt 0.044759 0.081958
vt 0.044709 0.110443
vt 0.010251 0.070908
vt 0.017473 0.072161
vt 0.017460 0.071431
vt 0.010278 0.070306
vt 0.017538 0.070701
vt 0.010392 0.069707
vt 0.018057 0.080411
vt 0.018026 0.079703
vt 0.010575 0.078710
vt 0.010548 0.079464
vt 0.127382 0.087391
vt 0.126675 0.116018
vt 0.132030 0.045547
vt 0.132329 0.050098
vt 0.128621 0.081451
vt 0.127589 0.085928
vt 0.128920 0.080001
vt 0.132323 0.051565
vt 0.017694 0.108786
vt 0.022035 0.041021
vt 0.023646 0.034160
vt 0.017964 0.078996
vt 0.021719 0.042483
vt 0.687909 0.253546
vt 0.685575 0.249543
vt 0.678934 0.245250
vt 0.679413 0.257689
vt 0.676491 0.245301
vt 0.675807 0.254311
vt 0.676500 0.254225
vt 0.677178 0.245378
vt 0.737465 0.249436
vt 0.739738 0.254781
vt 0.745685 0.261512
vt 0.744771 0.242677
vt 0.672198 0.345122
vt 0.676585 0.339959
vt 0.676326 0.339223
vt 0.671687 0.344435
vt 0.742347 0.343709
vt 0.749996 0.343686
vt 0.750108 0.336124
vt 0.742550 0.336090
vt 0.742432 0.344553
vt 0.750195 0.344507
vt 0.749996 0.343686
vt 0.742347 0.343709
vt 0.672319 0.331923
vt 0.668265 0.338997
vt 0.671687 0.344435
vt 0.676326 0.339223
vt 0.742434 0.255585
vt 0.741533 0.242298
vt 0.740870 0.242414
vt 0.741756 0.255465
vt 0.690824 0.336345
vt 0.691061 0.336857
vt 0.706565 0.333754
vt 0.706576 0.333199
vt 0.736949 0.250024
vt 0.738990 0.254451
vt 0.739738 0.254781
vt 0.737465 0.249436
vt 0.703696 0.164909
vt 0.703659 0.164354
vt 0.687929 0.161841
vt 0.687718 0.162367
vt 0.735683 0.143894
vt 0.732816 0.135245
vt 0.732419 0.135891
vt 0.734996 0.143897
vt 0.688449 0.253020
vt 0.686351 0.249713
vt 0.685575 0.249543
vt 0.687909 0.253546
vt 0.723826 0.337564
vt 0.724102 0.337069
vt 0.667790 0.140413
vt 0.669637 0.149494
vt 0.670304 0.149322
vt 0.668468 0.140787
vt 0.721148 0.160358
vt 0.720849 0.159877
vt 0.631135 0.288760
vt 0.638842 0.293146
vt 0.655064 0.284795
vt 0.647142 0.279051
vt 0.667362 0.215189
vt 0.658235 0.215505
vt 0.648910 0.278079
vt 0.657652 0.281608
vt 0.653423 0.196553
vt 0.645434 0.199049
vt 0.657327 0.213673
vt 0.666099 0.211192
vt 0.715090 0.217100
vt 0.708130 0.214067
vt 0.691862 0.218961
vt 0.699945 0.226480
vt 0.679718 0.284419
vt 0.686947 0.278730
vt 0.697941 0.226660
vt 0.689641 0.221229
vt 0.700506 0.288016
vt 0.705906 0.281066
vt 0.689577 0.279809
vt 0.680585 0.285501
vt 0.769171 0.203800
vt 0.768235 0.199853
vt 0.749922 0.204393
vt 0.730286 0.203660
vt 0.671527 0.205995
vt 0.657479 0.193279
vt 0.655343 0.195552
vt 0.689761 0.210564
vt 0.715651 0.204518
vt 0.716182 0.211771
vt 0.705845 0.212592
vt 0.703445 0.209563
vt 0.656213 0.191540
vt 0.652301 0.185014
vt 0.646457 0.192279
vt 0.653512 0.193991
vt 0.713376 0.204736
vt 0.706935 0.208310
vt 0.708383 0.213255
vt 0.714535 0.213994
vt 0.748520 0.303320
vt 0.767970 0.307757
vt 0.769730 0.299240
vt 0.726861 0.302336
vt 0.640267 0.294861
vt 0.641743 0.301679
vt 0.660166 0.296889
vt 0.680239 0.297653
vt 0.708706 0.285816
vt 0.710736 0.298812
vt 0.695548 0.296977
vt 0.698612 0.289895
vt 0.634595 0.309175
vt 0.639575 0.302734
vt 0.637845 0.295210
vt 0.629059 0.295165
vt 0.698352 0.297277
vt 0.708322 0.298757
vt 0.706543 0.284710
vt 0.701105 0.289304
vt 0.659203 0.182812
vt 0.658517 0.191353
vt 0.672735 0.202892
vt 0.676801 0.193213
vt 0.690400 0.206855
vt 0.693880 0.197810
vt 0.641697 0.303997
vt 0.640413 0.312751
vt 0.660971 0.309863
vt 0.660529 0.300042
vt 0.683461 0.311121
vt 0.681062 0.300752
vt 0.704309 0.207277
vt 0.712125 0.199634
vt 0.707815 0.303126
vt 0.696085 0.299243
vt 0.673870 0.349850
vt 0.674609 0.349886
vt 0.691538 0.337606
vt 0.645499 0.163646
vt 0.647439 0.154132
vt 0.643001 0.148641
vt 0.637590 0.158586
vt 0.694959 0.265157
vt 0.687909 0.253546
vt 0.694598 0.265914
vt 0.766265 0.141917
vt 0.756393 0.129800
vt 0.753053 0.136315
vt 0.759837 0.142234
vt 0.748122 0.163403
vt 0.765760 0.148385
vt 0.759763 0.144690
vt 0.742924 0.157770
vt 0.688372 0.161072
vt 0.763803 0.242916
vt 0.757814 0.245907
vt 0.760647 0.250831
vt 0.768662 0.247564
vt 0.747122 0.228528
vt 0.764207 0.240276
vt 0.770352 0.238168
vt 0.752469 0.221677
vt 0.653949 0.244285
vt 0.650477 0.236637
vt 0.644965 0.243858
vt 0.649869 0.250577
vt 0.694260 0.238166
vt 0.693981 0.237386
vt 0.685575 0.249543
vt 0.707461 0.222489
vt 0.725799 0.224525
vt 0.708120 0.272949
vt 0.708141 0.272394
vt 0.692599 0.268291
vt 0.692338 0.268794
vt 0.739046 0.156519
vt 0.743362 0.230200
vt 0.744199 0.229752
vt 0.739924 0.156859
vt 0.723304 0.338291
vt 0.738436 0.352229
vt 0.739136 0.352245
vt 0.739924 0.156859
vt 0.744199 0.229752
vt 0.745409 0.229212
vt 0.741171 0.157259
vt 0.747122 0.228528
vt 0.742924 0.157770
vt 0.726481 0.272800
vt 0.708026 0.275476
vt 0.692287 0.229876
vt 0.692575 0.230363
vt 0.707699 0.225557
vt 0.707653 0.225004
vt 0.742020 0.340400
vt 0.742882 0.340069
vt 0.744793 0.267037
vt 0.743942 0.266657
vt 0.727219 0.266393
vt 0.727383 0.267226
vt 0.739738 0.254781
vt 0.744793 0.267037
vt 0.742882 0.340069
vt 0.744100 0.339659
vt 0.745999 0.267529
vt 0.745825 0.339112
vt 0.747683 0.268229
vt 0.676139 0.241409
vt 0.691647 0.227367
vt 0.720294 0.159173
vt 0.725984 0.270279
vt 0.725743 0.269767
vt 0.675505 0.258058
vt 0.691832 0.271328
vt 0.726304 0.237320
vt 0.737465 0.249436
vt 0.726532 0.236496
vt 0.725059 0.227578
vt 0.725298 0.227059
vt 0.744793 0.267037
vt 0.767054 0.255705
vt 0.765547 0.255372
vt 0.768243 0.256316
vt 0.745999 0.267529
vt 0.747683 0.268229
vt 0.769255 0.257544
vt 0.693119 0.267571
vt 0.760622 0.252232
vt 0.767922 0.251704
vt 0.744793 0.267037
vt 0.745409 0.229212
vt 0.763001 0.240907
vt 0.762689 0.242195
vt 0.757195 0.244834
vt 0.688965 0.327974
vt 0.688862 0.327120
vt 0.676326 0.339223
vt 0.656589 0.242292
vt 0.654835 0.235909
vt 0.693128 0.231055
vt 0.654891 0.243183
vt 0.652219 0.236343
vt 0.649873 0.163715
vt 0.647253 0.163683
vt 0.654725 0.257387
vt 0.654505 0.264493
vt 0.651952 0.264422
vt 0.652406 0.256860
vt 0.650831 0.256438
vt 0.650244 0.264376
vt 0.688920 0.174929
vt 0.671256 0.163689
vt 0.671515 0.164506
vt 0.688971 0.175810
vt 0.653146 0.337081
vt 0.650600 0.337064
vt 0.648895 0.337047
vt 0.721942 0.162799
vt 0.703849 0.167429
vt 0.709706 0.269520
vt 0.760455 0.241356
vt 0.761773 0.241168
vt 0.744199 0.229752
vt 0.687909 0.253546
vt 0.706630 0.330676
vt 0.724779 0.334613
vt 0.709071 0.233949
vt 0.744199 0.229752
vt 0.685575 0.249543
vt 0.669886 0.153345
vt 0.687461 0.164946
vt 0.739738 0.254781
vt 0.673718 0.346113
vt 0.690434 0.333802
vt 0.737465 0.249436
vt 0.761148 0.353360
vt 0.762429 0.352842
vt 0.742882 0.340069
vt 0.744100 0.339659
vt 0.763531 0.352146
vt 0.764534 0.350822
vt 0.745825 0.339112
vt 0.763544 0.354473
vt 0.756143 0.359564
vt 0.756895 0.361038
vt 0.764776 0.355603
vt 0.705885 0.325492
vt 0.676326 0.339223
vt 0.742882 0.340069
vt 0.758483 0.144013
vt 0.741171 0.157259
vt 0.706046 0.177832
vt 0.752419 0.137712
vt 0.758496 0.142625
vt 0.650595 0.155718
vt 0.671515 0.164506
vt 0.648623 0.155005
vt 0.742347 0.343709
vt 0.724538 0.329816
vt 0.653237 0.346054
vt 0.742788 0.160280
vt 0.724807 0.173839
vt 0.650887 0.346426
vt 0.649233 0.346789
vt 0.958122 0.037845
vt 0.960692 0.037301
vt 0.954581 0.010233
vt 0.952123 0.010733
vt 0.961443 0.037775
vt 0.961108 0.037163
vt 0.960759 0.038205
vt 0.961028 0.038943
vt 0.957354 0.040541
vt 0.960224 0.044297
vt 0.963357 0.043724
vt 0.962202 0.037926
vt 0.960865 0.045424
vt 0.966313 0.071366
vt 0.969490 0.070623
vt 0.963829 0.044938
vt 0.963588 0.044327
vt 0.970094 0.042055
vt 0.969405 0.041545
vt 0.954426 0.008479
vt 0.955832 0.003047
vt 0.952688 0.003520
vt 0.950790 0.008492
vt 0.847125 0.032799
vt 0.852887 0.059045
vt 0.884921 0.052749
vt 0.878168 0.026893
vt 0.909091 0.019725
vt 0.916096 0.046064
vt 0.886231 0.059041
vt 0.885278 0.054189
vt 0.853299 0.060471
vt 0.854661 0.064867
vt 0.917347 0.053269
vt 0.916414 0.047498
vt 0.876775 0.020657
vt 0.846676 0.026793
vt 0.846945 0.031342
vt 0.877812 0.025464
vt 0.907073 0.012681
vt 0.908672 0.018314
vt 0.858799 0.092901
vt 0.889771 0.087008
vt 0.886446 0.060507
vt 0.855005 0.066308
vt 0.917535 0.054720
vt 0.921292 0.081650
vt 0.942183 0.040336
vt 0.951966 0.037601
vt 0.946824 0.013230
vt 0.936003 0.014066
vt 0.943475 0.048132
vt 0.954723 0.044318
vt 0.952519 0.038686
vt 0.942490 0.041708
vt 0.943691 0.049476
vt 0.948574 0.075937
vt 0.960237 0.072741
vt 0.954880 0.046008
vt 0.933916 0.005892
vt 0.935669 0.012607
vt 0.946929 0.012069
vt 0.947455 0.006236
vt 0.951966 0.037601
vt 0.958122 0.037845
vt 0.952123 0.010733
vt 0.946824 0.013230
vt 0.778729 0.078418
vt 0.776844 0.073914
vt 0.767174 0.075785
vt 0.769107 0.079443
vt 0.782470 0.106071
vt 0.779185 0.079848
vt 0.769567 0.080858
vt 0.771581 0.107143
vt 0.770711 0.045295
vt 0.770793 0.040317
vt 0.761289 0.042205
vt 0.759763 0.046820
vt 0.770776 0.046816
vt 0.759633 0.048385
vt 0.766450 0.074323
vt 0.776315 0.072510
vt 0.758843 0.075233
vt 0.750174 0.049877
vt 0.737144 0.050974
vt 0.741423 0.076240
vt 0.726191 0.077722
vt 0.724453 0.051574
vt 0.736247 0.044993
vt 0.736805 0.049533
vt 0.749552 0.048584
vt 0.748403 0.045069
vt 0.725809 0.046095
vt 0.724627 0.050174
vt 0.757465 0.081330
vt 0.741258 0.083106
vt 0.741873 0.108374
vt 0.755616 0.107624
vt 0.728934 0.083844
vt 0.730067 0.109444
vt 0.741468 0.081653
vt 0.757976 0.079752
vt 0.758944 0.076677
vt 0.741694 0.077664
vt 0.726687 0.079191
vt 0.728398 0.082408
vt 0.705031 0.085633
vt 0.707688 0.111438
vt 0.717387 0.110766
vt 0.716781 0.085114
vt 0.705340 0.084130
vt 0.716948 0.083617
vt 0.718493 0.079658
vt 0.707949 0.079571
vt 0.719095 0.078143
vt 0.718657 0.051681
vt 0.711829 0.052340
vt 0.708859 0.078206
vt 0.716489 0.046798
vt 0.709151 0.046268
vt 0.711497 0.050843
vt 0.718431 0.050093
vt 0.737679 0.316581
vt 0.667160 0.317127
vt 0.667480 0.334211
vt 0.737612 0.333706
vt 0.739533 0.316664
vt 0.739341 0.332592
vt 0.743622 0.332762
vt 0.743924 0.317244
vt 0.736516 0.194803
vt 0.736360 0.177738
vt 0.666132 0.178361
vt 0.666279 0.195426
vt 0.660903 0.317902
vt 0.661504 0.333351
vt 0.665732 0.333131
vt 0.665308 0.317243
vt 0.742743 0.274749
vt 0.744014 0.301688
vt 0.748267 0.302015
vt 0.747040 0.274276
vt 0.743437 0.258503
vt 0.739145 0.259430
vt 0.737098 0.257841
vt 0.737056 0.253524
vt 0.666776 0.254136
vt 0.666806 0.258451
vt 0.656346 0.302791
vt 0.660594 0.302398
vt 0.661435 0.275421
vt 0.657132 0.275019
vt 0.664788 0.260068
vt 0.660480 0.259207
vt 0.661317 0.210229
vt 0.741742 0.209519
vt 0.662315 0.302371
vt 0.742294 0.301686
vt 0.662751 0.237161
vt 0.666523 0.252380
vt 0.737280 0.251763
vt 0.740783 0.236473
vt 0.663192 0.275461
vt 0.740988 0.274820
vt 0.737350 0.259596
vt 0.666583 0.260210
vt 0.650658 0.348959
vt 0.651636 0.347764
vt 0.652874 0.350214
vt 0.653036 0.348547
vt 0.652060 0.346169
vt 0.651872 0.337072
vt 0.673704 0.347365
vt 0.653170 0.347305
vt 0.673946 0.348619
vt 0.650127 0.153533
vt 0.649509 0.152130
vt 0.648378 0.153013
vt 0.649233 0.154065
vt 0.650450 0.154612
vt 0.669739 0.152060
vt 0.669837 0.150755
vt 0.648563 0.163705
vt 0.649572 0.155497
vt 0.751512 0.135896
vt 0.751227 0.137365
vt 0.749905 0.135914
vt 0.749926 0.137509
vt 0.751794 0.138682
vt 0.757336 0.142904
vt 0.750893 0.139418
vt 0.756198 0.143297
vt 0.758701 0.143371
vt 0.759972 0.143482
vt 0.758701 0.143371
vt 0.736563 0.146373
vt 0.750234 0.138592
vt 0.735944 0.145181
vt 0.736951 0.147662
vt 0.739924 0.156859
vt 0.757374 0.143629
vt 0.739924 0.156859
vt 0.752864 0.359483
vt 0.752118 0.361010
vt 0.754529 0.361488
vt 0.754482 0.359871
vt 0.753558 0.358425
vt 0.740008 0.349960
vt 0.739384 0.351051
vt 0.740394 0.348774
vt 0.754517 0.357606
vt 0.765332 0.353146
vt 0.763903 0.353334
vt 0.763903 0.353334
vt 0.762398 0.353876
vt 0.755473 0.358471
vt 0.706603 0.331934
vt 0.690460 0.335091
vt 0.687420 0.163646
vt 0.703772 0.166171
vt 0.724584 0.335865
vt 0.721686 0.161546
vt 0.653228 0.264458
vt 0.654586 0.254854
vt 0.654396 0.253142
vt 0.652145 0.254439
vt 0.653225 0.255548
vt 0.654696 0.256123
vt 0.675537 0.256797
vt 0.675834 0.255554
vt 0.653554 0.257210
vt 0.653524 0.236122
vt 0.654905 0.245305
vt 0.655505 0.244063
vt 0.656068 0.246003
vt 0.656457 0.244520
vt 0.655684 0.242586
vt 0.676195 0.242714
vt 0.656624 0.243409
vt 0.676495 0.244011
vt 0.754635 0.244854
vt 0.754569 0.246167
vt 0.756229 0.246116
vt 0.755910 0.244980
vt 0.754981 0.243931
vt 0.742115 0.239398
vt 0.741643 0.240838
vt 0.742382 0.237931
vt 0.755689 0.243212
vt 0.764244 0.241671
vt 0.763051 0.241616
vt 0.763051 0.241616
vt 0.761590 0.241797
vt 0.756618 0.243941
vt 0.758827 0.251127
vt 0.759103 0.252280
vt 0.757129 0.251407
vt 0.757574 0.252585
vt 0.760199 0.253250
vt 0.766847 0.253818
vt 0.759172 0.254020
vt 0.768452 0.253895
vt 0.769764 0.252834
vt 0.768452 0.253895
vt 0.743131 0.258219
vt 0.758182 0.253403
vt 0.742593 0.256918
vt 0.743416 0.259552
vt 0.691914 0.270034
vt 0.708072 0.274215
vt 0.707556 0.223743
vt 0.691800 0.228656
vt 0.726380 0.271524
vt 0.725693 0.225806
vt 0.652048 0.251932
vt 0.769783 0.242878
vt 0.766196 0.145110
vt 0.752725 0.129058
vt 0.749105 0.128727
vt 0.644565 0.147134
vt 0.646359 0.145726
vt 0.653828 0.256293
vt 0.652291 0.347079
vt 0.655945 0.243351
vt 0.649758 0.154727
vt 0.754506 0.358847
vt 0.759162 0.253055
vt 0.751075 0.138291
vt 0.755829 0.244197
vt 0.757890 0.143285
vt 0.758701 0.143371
vt 0.763006 0.353348
vt 0.763903 0.353334
vt 0.762234 0.241526
vt 0.763051 0.241616
vt 0.762234 0.241526
vt 0.762234 0.241526
vt 0.767536 0.254462
vt 0.768452 0.253895
vt 0.705995 0.176953
vt 0.724754 0.172958
vt 0.707774 0.226453
vt 0.724592 0.228348
vt 0.725269 0.269006
vt 0.724472 0.330697
vt 0.742347 0.343709
vt 0.705817 0.326367
vt 0.708179 0.271498
vt 0.742788 0.160280
vt 0.742946 0.159436
vt 0.709097 0.234821
vt 0.703608 0.163459
vt 0.709745 0.268648
vt 0.706548 0.334652
vt 0.726676 0.303742
vt 0.709765 0.300950
vt 0.726560 0.305134
vt 0.708018 0.300850
vt 0.697445 0.298360
vt 0.680655 0.299211
vt 0.695517 0.298096
vt 0.690068 0.208663
vt 0.703476 0.208498
vt 0.705781 0.207639
vt 0.712724 0.202221
vt 0.730230 0.202245
vt 0.730250 0.200862
vt 0.714490 0.202248
vt 0.748178 0.306115
vt 0.748362 0.304726
vt 0.660357 0.298483
vt 0.641796 0.302810
vt 0.640505 0.303584
vt 0.637396 0.311155
vt 0.767707 0.309125
vt 0.767459 0.310492
vt 0.672135 0.204435
vt 0.749678 0.201600
vt 0.749809 0.202990
vt 0.767922 0.198499
vt 0.767637 0.197135
vt 0.655636 0.183617
vt 0.657355 0.191145
vt 0.658075 0.192380
vt 0.699897 0.289610
vt 0.696983 0.296960
vt 0.709513 0.298508
vt 0.707588 0.285060
vt 0.706122 0.283082
vt 0.700896 0.288580
vt 0.700896 0.288580
vt 0.706122 0.283082
vt 0.769312 0.308107
vt 0.770627 0.308509
vt 0.772464 0.299699
vt 0.771090 0.299517
vt 0.640612 0.302087
vt 0.639073 0.295158
vt 0.638085 0.294050
vt 0.629906 0.291904
vt 0.699613 0.288962
vt 0.707473 0.283541
vt 0.728544 0.289719
vt 0.639652 0.293939
vt 0.770060 0.297902
vt 0.770429 0.296567
vt 0.752138 0.292015
vt 0.715380 0.213142
vt 0.714581 0.204947
vt 0.705187 0.209128
vt 0.707232 0.212673
vt 0.708354 0.213698
vt 0.714649 0.215476
vt 0.714649 0.215476
vt 0.708354 0.213698
vt 0.656710 0.192484
vt 0.654527 0.194682
vt 0.769525 0.199470
vt 0.770483 0.203494
vt 0.771848 0.203328
vt 0.770769 0.198962
vt 0.645627 0.195659
vt 0.653211 0.195258
vt 0.706978 0.213366
vt 0.715792 0.214282
vt 0.729653 0.211160
vt 0.654452 0.196137
vt 0.729644 0.212310
vt 0.728475 0.289132
vt 0.750746 0.289853
vt 0.751394 0.213071
vt 0.769501 0.205139
vt 0.752642 0.210909
vt 0.769877 0.206468
vt 0.687394 0.280103
vt 0.679565 0.285417
vt 0.698786 0.226436
vt 0.690693 0.219893
vt 0.657935 0.214574
vt 0.666889 0.213070
vt 0.648175 0.278658
vt 0.656463 0.283365
vt 0.714083 0.203232
vt 0.709231 0.300031
vt 0.704684 0.208537
vt 0.696568 0.297739
vt 0.768988 0.198481
vt 0.769542 0.197470
vt 0.768815 0.309108
vt 0.769425 0.310090
vt 0.640973 0.302817
vt 0.657385 0.192006
vt 0.700224 0.289024
vt 0.700896 0.288580
vt 0.700224 0.289024
vt 0.700224 0.289024
vt 0.707020 0.283872
vt 0.707020 0.283872
vt 0.706122 0.283082
vt 0.707020 0.283872
vt 0.771059 0.298407
vt 0.772027 0.297783
vt 0.638947 0.294382
vt 0.728313 0.290381
vt 0.750995 0.291328
vt 0.707502 0.213238
vt 0.708354 0.213698
vt 0.707502 0.213238
vt 0.708354 0.213698
vt 0.715263 0.214319
vt 0.714649 0.215476
vt 0.715263 0.214319
vt 0.714649 0.215476
vt 0.770461 0.204618
vt 0.771427 0.205232
vt 0.654068 0.195353
vt 0.730265 0.210893
vt 0.751600 0.211590
vt 0.743152 0.301663
vt 0.741865 0.274812
vt 0.661457 0.302360
vt 0.662313 0.275468
vt 0.738252 0.259557
vt 0.737172 0.258724
vt 0.666748 0.259334
vt 0.665682 0.260183
vt 0.660434 0.210230
vt 0.661869 0.237176
vt 0.656258 0.274895
vt 0.655468 0.302902
vt 0.749147 0.302112
vt 0.747912 0.274140
vt 0.741666 0.236472
vt 0.742626 0.209504
vt 0.665396 0.195422
vt 0.660035 0.318091
vt 0.666234 0.317146
vt 0.665632 0.252432
vt 0.659631 0.258954
vt 0.666704 0.253253
vt 0.737113 0.252640
vt 0.744282 0.258237
vt 0.738170 0.251799
vt 0.738606 0.316583
vt 0.744794 0.317420
vt 0.737399 0.194783
vt 0.665039 0.259135
vt 0.660655 0.258264
vt 0.665820 0.254088
vt 0.665833 0.258515
vt 0.743251 0.257569
vt 0.738877 0.258494
vt 0.738065 0.257890
vt 0.738020 0.253464
vt 0.660651 0.334173
vt 0.665253 0.178706
vt 0.666611 0.333908
vt 0.737246 0.178068
vt 0.744489 0.333569
vt 0.738475 0.333386
vt 0.659906 0.258219
vt 0.665941 0.253265
vt 0.665893 0.259369
vt 0.737878 0.252638
vt 0.743996 0.257510
vt 0.738026 0.258744
vt 0.725950 0.045401
vt 0.716228 0.046112
vt 0.725978 0.044678
vt 0.716070 0.045398
vt 0.718702 0.050844
vt 0.724488 0.050869
vt 0.726375 0.078477
vt 0.718809 0.078893
vt 0.716764 0.084373
vt 0.728729 0.083098
vt 0.935857 0.013328
vt 0.908884 0.019019
vt 0.916282 0.046775
vt 0.942373 0.041018
vt 0.917448 0.053994
vt 0.943564 0.048805
vt 0.933718 0.005185
vt 0.906885 0.011969
vt 0.933592 0.004459
vt 0.906733 0.011250
vt 0.708797 0.045563
vt 0.708531 0.044870
vt 0.711812 0.051599
vt 0.708436 0.078876
vt 0.705043 0.084890
vt 0.853076 0.059764
vt 0.776543 0.073198
vt 0.847005 0.032074
vt 0.770705 0.046083
vt 0.779004 0.079144
vt 0.854865 0.065580
vt 0.770788 0.039525
vt 0.846634 0.026059
vt 0.846555 0.025329
vt 0.770721 0.038784
vt 0.759566 0.047610
vt 0.749838 0.049244
vt 0.766781 0.075048
vt 0.759043 0.075939
vt 0.748244 0.044354
vt 0.761488 0.041459
vt 0.748244 0.043627
vt 0.761489 0.040715
vt 0.769432 0.080143
vt 0.757707 0.080540
vt 0.741366 0.082379
vt 0.741658 0.076941
vt 0.736197 0.044279
vt 0.736242 0.043564
vt 0.736950 0.050259
vt 0.952201 0.038166
vt 0.957564 0.039367
vt 0.958122 0.037845
vt 0.957564 0.039367
vt 0.952201 0.038166
vt 0.952123 0.010733
vt 0.951260 0.009519
vt 0.946818 0.012644
vt 0.951260 0.009519
vt 0.946818 0.012644
vt 0.954812 0.045135
vt 0.960684 0.044754
vt 0.947309 0.004779
vt 0.947397 0.005517
vt 0.953017 0.002857
vt 0.952968 0.002115
vt 0.946818 0.012644
vt 0.952201 0.038166
vt 0.886355 0.059772
vt 0.876509 0.019210
vt 0.876632 0.019936
vt 0.877981 0.026180
vt 0.885116 0.053465
vt 0.951260 0.009519
vt 0.954375 0.009317
vt 0.952123 0.010733
vt 0.956009 0.002343
vt 0.956211 0.001630
vt 0.970604 0.042756
vt 0.962448 0.005193
vt 0.961911 0.005686
vt 0.961248 0.005987
vt 0.954859 0.010181
vt 0.954942 0.009428
vt 0.955518 0.008943
vt 0.957564 0.039367
vt 0.958122 0.037845
vt 0.976460 0.068904
vt 0.044882 0.073876
vt 0.049238 0.044247
vt 0.021855 0.041746
vt 0.044748 0.081222
vt 0.050375 0.036999
vt 0.023790 0.033441
vt 0.050434 0.036266
vt 0.023854 0.032708
vt 0.112910 0.049571
vt 0.132363 0.050832
vt 0.108919 0.079225
vt 0.128795 0.080731
vt 0.127445 0.086653
vt 0.108119 0.085200
vt 0.131986 0.044813
vt 0.113037 0.043541
vt 0.131999 0.044079
vt 0.113041 0.042806
vt 0.010501 0.077970
vt 0.014700 0.040973
vt 0.014589 0.041540
vt 0.014534 0.042119
vt 0.016323 0.033164
vt 0.016354 0.033897
vt 0.016230 0.034601
vt 0.009948 0.108259
vt 0.081600 0.040627
vt 0.081632 0.039892
vt 0.076330 0.083082
vt 0.081008 0.046981
vt 0.076780 0.076712
vt 0.371140 0.088897
vt 0.593178 0.085841
vt 0.593178 0.085117
vt 0.371118 0.088174
vt 0.371660 0.114904
vt 0.593375 0.111841
vt 0.592878 0.044034
vt 0.370203 0.047113
vt 0.370212 0.047826
vt 0.592889 0.044748
vt 0.370218 0.048599
vt 0.592905 0.045521
vt 0.370252 0.053501
vt 0.593008 0.050421
vt 0.593025 0.051202
vt 0.370258 0.054282
vt 0.370269 0.055006
vt 0.593035 0.051925
vt 0.370870 0.081007
vt 0.593219 0.077948
vt 0.370891 0.081720
vt 0.593221 0.078662
vt 0.593216 0.079435
vt 0.370918 0.082493
vt 0.371092 0.087393
vt 0.593183 0.084336
vt 0.961828 0.036901
vt 0.955612 0.010103
vt 0.969994 0.041238
vt 0.962657 0.037529
vt 0.970325 0.040979
vt 0.962988 0.036966
vt 0.976894 0.068758
vt 0.971050 0.042678
vt 0.956077 0.009197
vt 0.961740 0.006341
vt 0.962114 0.006750
vt 0.956270 0.009542
vt 0.955678 0.009577
vt 0.962234 0.006003
vt 0.962754 0.005855
vt 0.962398 0.006569
vt 0.962669 0.006518
vt 0.962754 0.005855
vt 0.971050 0.042678
vt 0.971517 0.042678
vt 0.971093 0.041838
vt 0.970564 0.041995
vt 0.970564 0.041995
vt 0.970564 0.041995
vt 0.962108 0.037324
vt 0.962724 0.036863
vt 0.962536 0.036626
vt 0.956261 0.009855
vt 0.014068 0.042060
vt 0.009923 0.069663
vt 0.009679 0.070532
vt 0.009073 0.070123
vt 0.009402 0.077813
vt 0.009956 0.077899
vt 0.009949 0.079445
vt 0.009346 0.108178
vt 0.014057 0.041191
vt 0.015659 0.034610
vt 0.015082 0.034613
vt 0.013371 0.041429
vt 0.015764 0.034011
vt 0.015598 0.033455
vt 0.015044 0.033918
vt 0.015153 0.034223
vt 0.014125 0.041625
vt 0.009975 0.078668
vt 0.009427 0.078606
vt 0.009349 0.079497
vt 0.009854 0.070114
vt 0.009353 0.069971
vt 0.013595 0.041642
vt 0.009458 0.069573
vt 0.002133 0.068734
vt 0.002202 0.069018
vt 0.002454 0.069167
vt 0.006288 0.040862
vt 0.013593 0.042031
vt 0.008750 0.108055
vt 0.006442 0.040601
vt 0.006737 0.040526
vt 0.968980 0.035160
vt 0.968857 0.035528
vt 0.969012 0.034911
vt 0.956366 0.010073
vt 0.976894 0.068758
vt 0.977312 0.068541
vt 0.962929 0.008596
vt 0.962793 0.008394
vt 0.962588 0.008323
vt 0.185219 0.090297
vt 0.194994 0.090536
vt 0.196670 0.086756
vt 0.186850 0.085673
vt 0.184356 0.118198
vt 0.195011 0.118331
vt 0.194636 0.091975
vt 0.184876 0.091762
vt 0.190785 0.056709
vt 0.201957 0.057332
vt 0.200021 0.052842
vt 0.190202 0.051750
vt 0.190874 0.058229
vt 0.187301 0.084238
vt 0.197294 0.085247
vt 0.202217 0.058886
vt 0.204972 0.085574
vt 0.222472 0.085388
vt 0.225133 0.059911
vt 0.211883 0.059678
vt 0.237802 0.085947
vt 0.238007 0.059764
vt 0.225664 0.053889
vt 0.213332 0.054751
vt 0.212419 0.058344
vt 0.225387 0.058451
vt 0.237750 0.058373
vt 0.236319 0.054365
vt 0.206782 0.091534
vt 0.210638 0.117616
vt 0.224167 0.117467
vt 0.223093 0.092218
vt 0.235434 0.092209
vt 0.235843 0.117841
vt 0.222788 0.090783
vt 0.222297 0.086825
vt 0.204972 0.087016
vt 0.206159 0.090002
vt 0.235883 0.090746
vt 0.237395 0.087439
vt 0.259369 0.092750
vt 0.247625 0.092808
vt 0.248421 0.118487
vt 0.258035 0.118664
vt 0.258983 0.091264
vt 0.256142 0.086835
vt 0.245613 0.087457
vt 0.247377 0.091322
vt 0.244924 0.085978
vt 0.255164 0.085514
vt 0.250819 0.059847
vt 0.243874 0.059545
vt 0.245814 0.054547
vt 0.244023 0.057947
vt 0.251079 0.058336
vt 0.253218 0.053655
vt 0.236137 0.053679
vt 0.246046 0.053848
vt 0.236065 0.052959
vt 0.246168 0.053127
vt 0.237930 0.059061
vt 0.243787 0.058712
vt 0.237664 0.086709
vt 0.245254 0.086710
vt 0.247601 0.092067
vt 0.235594 0.091454
vt 0.253543 0.052933
vt 0.253782 0.052229
vt 0.250798 0.059106
vt 0.255619 0.086164
vt 0.259318 0.092010
vt 0.202221 0.058106
vt 0.212177 0.059023
vt 0.197013 0.085993
vt 0.204821 0.086290
vt 0.213442 0.054028
vt 0.199756 0.052114
vt 0.213390 0.053302
vt 0.199691 0.051372
vt 0.206483 0.090766
vt 0.194720 0.091256
vt 0.222937 0.091501
vt 0.222286 0.086102
vt 0.225579 0.052462
vt 0.225670 0.053173
vt 0.225284 0.059185
vt 0.187112 0.084941
vt 0.190874 0.057492
vt 0.190132 0.050959
vt 0.190146 0.050214
vt 0.184992 0.091043
vt 0.285019 0.085323
vt 0.256142 0.086835
vt 0.258983 0.091264
vt 0.286475 0.089990
vt 0.287985 0.117300
vt 0.286799 0.091480
vt 0.259369 0.092750
vt 0.258035 0.118664
vt 0.283359 0.056831
vt 0.284248 0.052027
vt 0.253218 0.053655
vt 0.251079 0.058336
vt 0.283189 0.058336
vt 0.250819 0.059847
vt 0.255164 0.085514
vt 0.284671 0.083914
vt 0.283224 0.057607
vt 0.250798 0.059106
vt 0.255619 0.086164
vt 0.284794 0.084600
vt 0.284375 0.051277
vt 0.253543 0.052933
vt 0.284410 0.050576
vt 0.253782 0.052229
vt 0.286688 0.090753
vt 0.259318 0.092010
vt 0.679055 0.079372
vt 0.677802 0.084093
vt 0.705340 0.084130
vt 0.707949 0.079571
vt 0.677448 0.111435
vt 0.707688 0.111438
vt 0.705031 0.085633
vt 0.677543 0.085594
vt 0.679478 0.050837
vt 0.711497 0.050843
vt 0.709151 0.046268
vt 0.678402 0.046073
vt 0.679709 0.052334
vt 0.679341 0.077950
vt 0.708859 0.078206
vt 0.711829 0.052340
vt 0.679644 0.051607
vt 0.711812 0.051599
vt 0.679249 0.078640
vt 0.708436 0.078876
vt 0.708797 0.045563
vt 0.678245 0.045329
vt 0.708531 0.044870
vt 0.678182 0.044629
vt 0.705043 0.084890
vt 0.677621 0.084864
vt 0.076881 0.075982
vt 0.109040 0.078501
vt 0.112834 0.050301
vt 0.080905 0.047710
vt 0.049115 0.044971
vt 0.044966 0.073146
vt 0.076364 0.082347
vt 0.108196 0.084469
vt 0.108806 0.079950
vt 0.076709 0.077446
vt 0.044747 0.080485
vt 0.044850 0.074610
vt 0.081548 0.041360
vt 0.081091 0.046250
vt 0.112943 0.048838
vt 0.113034 0.044276
vt 0.050280 0.037728
vt 0.049365 0.043524
vt 0.108090 0.085935
vt 0.076324 0.083818
vt 0.076237 0.112315
vt 0.107681 0.114464
vt 0.044759 0.081958
vt 0.044709 0.110443
vt 0.010251 0.070908
vt 0.017473 0.072161
vt 0.017460 0.071431
vt 0.010278 0.070306
vt 0.017538 0.070701
vt 0.010392 0.069707
vt 0.018057 0.080411
vt 0.018026 0.079703
vt 0.010575 0.078710
vt 0.010548 0.079464
vt 0.126675 0.116018
vt 0.127382 0.087391
vt 0.132030 0.045547
vt 0.132329 0.050098
vt 0.128621 0.081451
vt 0.127589 0.085928
vt 0.128920 0.080001
vt 0.132323 0.051565
vt 0.017694 0.108786
vt 0.022035 0.041021
vt 0.023646 0.034160
vt 0.017964 0.078996
vt 0.021719 0.042483
vt 0.687909 0.253546
vt 0.685575 0.249543
vt 0.678934 0.245250
vt 0.679413 0.257689
vt 0.676491 0.245301
vt 0.675807 0.254311
vt 0.676500 0.254225
vt 0.677178 0.245378
vt 0.737465 0.249436
vt 0.739738 0.254781
vt 0.745685 0.261512
vt 0.744771 0.242677
vt 0.672198 0.345122
vt 0.676585 0.339959
vt 0.676326 0.339223
vt 0.671687 0.344435
vt 0.742347 0.343709
vt 0.749996 0.343686
vt 0.750108 0.336124
vt 0.742550 0.336090
vt 0.742432 0.344553
vt 0.750195 0.344507
vt 0.749996 0.343686
vt 0.742347 0.343709
vt 0.672319 0.331923
vt 0.668265 0.338997
vt 0.671687 0.344435
vt 0.676326 0.339223
vt 0.742434 0.255585
vt 0.741533 0.242298
vt 0.740870 0.242414
vt 0.741756 0.255465
vt 0.690824 0.336345
vt 0.691061 0.336857
vt 0.706565 0.333754
vt 0.706576 0.333199
vt 0.736949 0.250024
vt 0.738990 0.254451
vt 0.739738 0.254781
vt 0.737465 0.249436
vt 0.703696 0.164909
vt 0.703659 0.164354
vt 0.687929 0.161841
vt 0.687718 0.162367
vt 0.735683 0.143894
vt 0.732816 0.135245
vt 0.732419 0.135891
vt 0.734996 0.143897
vt 0.688449 0.253020
vt 0.686351 0.249713
vt 0.685575 0.249543
vt 0.687909 0.253546
vt 0.723826 0.337564
vt 0.724102 0.337069
vt 0.667790 0.140413
vt 0.669637 0.149494
vt 0.670304 0.149322
vt 0.668468 0.140787
vt 0.721148 0.160358
vt 0.720849 0.159877
vt 0.631135 0.288760
vt 0.638842 0.293146
vt 0.655064 0.284795
vt 0.647142 0.279051
vt 0.667362 0.215189
vt 0.658235 0.215505
vt 0.648910 0.278079
vt 0.657652 0.281608
vt 0.653423 0.196553
vt 0.645434 0.199049
vt 0.657327 0.213673
vt 0.666099 0.211192
vt 0.715090 0.217100
vt 0.708130 0.214067
vt 0.691862 0.218961
vt 0.699945 0.226480
vt 0.679718 0.284419
vt 0.686947 0.278730
vt 0.697941 0.226660
vt 0.689641 0.221229
vt 0.700506 0.288016
vt 0.705906 0.281066
vt 0.689577 0.279809
vt 0.680585 0.285501
vt 0.769171 0.203800
vt 0.768235 0.199853
vt 0.749922 0.204393
vt 0.730286 0.203660
vt 0.671527 0.205995
vt 0.657479 0.193279
vt 0.655343 0.195552
vt 0.689761 0.210564
vt 0.715651 0.204518
vt 0.716182 0.211771
vt 0.705845 0.212592
vt 0.703445 0.209563
vt 0.656213 0.191540
vt 0.652301 0.185014
vt 0.646457 0.192279
vt 0.653512 0.193991
vt 0.713376 0.204736
vt 0.706935 0.208310
vt 0.708383 0.213255
vt 0.714535 0.213994
vt 0.748520 0.303320
vt 0.767970 0.307757
vt 0.769730 0.299240
vt 0.726861 0.302336
vt 0.640267 0.294861
vt 0.641743 0.301679
vt 0.660166 0.296889
vt 0.680239 0.297653
vt 0.708706 0.285816
vt 0.710736 0.298812
vt 0.695548 0.296977
vt 0.698612 0.289895
vt 0.634595 0.309175
vt 0.639575 0.302734
vt 0.637845 0.295210
vt 0.629059 0.295165
vt 0.698352 0.297277
vt 0.708322 0.298757
vt 0.706543 0.284710
vt 0.701105 0.289304
vt 0.659203 0.182812
vt 0.658517 0.191353
vt 0.672735 0.202892
vt 0.676801 0.193213
vt 0.690400 0.206855
vt 0.693880 0.197810
vt 0.641697 0.303997
vt 0.640413 0.312751
vt 0.660971 0.309863
vt 0.660529 0.300042
vt 0.683461 0.311121
vt 0.681062 0.300752
vt 0.704309 0.207277
vt 0.712125 0.199634
vt 0.707815 0.303126
vt 0.696085 0.299243
vt 0.673870 0.349850
vt 0.674609 0.349886
vt 0.691538 0.337606
vt 0.645499 0.163646
vt 0.647439 0.154132
vt 0.643001 0.148641
vt 0.637590 0.158586
vt 0.694959 0.265157
vt 0.687909 0.253546
vt 0.694598 0.265914
vt 0.766265 0.141917
vt 0.756393 0.129800
vt 0.753053 0.136315
vt 0.759837 0.142234
vt 0.748122 0.163403
vt 0.765760 0.148385
vt 0.759763 0.144690
vt 0.742924 0.157770
vt 0.688372 0.161072
vt 0.763803 0.242916
vt 0.757814 0.245907
vt 0.760647 0.250831
vt 0.768662 0.247564
vt 0.747122 0.228528
vt 0.764207 0.240276
vt 0.770352 0.238168
vt 0.752469 0.221677
vt 0.653949 0.244285
vt 0.650477 0.236637
vt 0.644965 0.243858
vt 0.649869 0.250577
vt 0.694260 0.238166
vt 0.693981 0.237386
vt 0.685575 0.249543
vt 0.707461 0.222489
vt 0.725799 0.224525
vt 0.708120 0.272949
vt 0.708141 0.272394
vt 0.692599 0.268291
vt 0.692338 0.268794
vt 0.739046 0.156519
vt 0.743362 0.230200
vt 0.744199 0.229752
vt 0.739924 0.156859
vt 0.723304 0.338291
vt 0.738436 0.352229
vt 0.739136 0.352245
vt 0.739924 0.156859
vt 0.744199 0.229752
vt 0.745409 0.229212
vt 0.741171 0.157259
vt 0.747122 0.228528
vt 0.742924 0.157770
vt 0.726481 0.272800
vt 0.708026 0.275476
vt 0.692287 0.229876
vt 0.692575 0.230363
vt 0.707699 0.225557
vt 0.707653 0.225004
vt 0.742020 0.340400
vt 0.742882 0.340069
vt 0.744793 0.267037
vt 0.743942 0.266657
vt 0.727219 0.266393
vt 0.727383 0.267226
vt 0.739738 0.254781
vt 0.744793 0.267037
vt 0.742882 0.340069
vt 0.744100 0.339659
vt 0.745999 0.267529
vt 0.745825 0.339112
vt 0.747683 0.268229
vt 0.676139 0.241409
vt 0.691647 0.227367
vt 0.720294 0.159173
vt 0.725984 0.270279
vt 0.725743 0.269767
vt 0.675505 0.258058
vt 0.691832 0.271328
vt 0.726304 0.237320
vt 0.737465 0.249436
vt 0.726532 0.236496
vt 0.725059 0.227578
vt 0.725298 0.227059
vt 0.744793 0.267037
vt 0.767054 0.255705
vt 0.765547 0.255372
vt 0.768243 0.256316
vt 0.745999 0.267529
vt 0.747683 0.268229
vt 0.769255 0.257544
vt 0.693119 0.267571
vt 0.760622 0.252232
vt 0.767922 0.251704
vt 0.744793 0.267037
vt 0.745409 0.229212
vt 0.763001 0.240907
vt 0.762689 0.242195
vt 0.757195 0.244834
vt 0.688965 0.327974
vt 0.688862 0.327120
vt 0.676326 0.339223
vt 0.654835 0.235909
vt 0.656589 0.242292
vt 0.693128 0.231055
vt 0.654891 0.243183
vt 0.652219 0.236343
vt 0.649873 0.163715
vt 0.647253 0.163683
vt 0.654725 0.257387
vt 0.654505 0.264493
vt 0.651952 0.264422
vt 0.652406 0.256860
vt 0.650831 0.256438
vt 0.650244 0.264376
vt 0.688920 0.174929
vt 0.671256 0.163689
vt 0.671515 0.164506
vt 0.688971 0.175810
vt 0.653146 0.337081
vt 0.650600 0.337064
vt 0.648895 0.337047
vt 0.721942 0.162799
vt 0.703849 0.167429
vt 0.709706 0.269520
vt 0.760455 0.241356
vt 0.761773 0.241168
vt 0.744199 0.229752
vt 0.687909 0.253546
vt 0.724779 0.334613
vt 0.706630 0.330676
vt 0.709071 0.233949
vt 0.744199 0.229752
vt 0.685575 0.249543
vt 0.687461 0.164946
vt 0.669886 0.153345
vt 0.739738 0.254781
vt 0.673718 0.346113
vt 0.690434 0.333802
vt 0.737465 0.249436
vt 0.761148 0.353360
vt 0.762429 0.352842
vt 0.742882 0.340069
vt 0.744100 0.339659
vt 0.763531 0.352146
vt 0.764534 0.350822
vt 0.745825 0.339112
vt 0.763544 0.354473
vt 0.756143 0.359564
vt 0.756895 0.361038
vt 0.764776 0.355603
vt 0.705885 0.325492
vt 0.676326 0.339223
vt 0.742882 0.340069
vt 0.758483 0.144013
vt 0.741171 0.157259
vt 0.706046 0.177832
vt 0.752419 0.137712
vt 0.758496 0.142625
vt 0.650595 0.155718
vt 0.671515 0.164506
vt 0.648623 0.155005
vt 0.724538 0.329816
vt 0.742347 0.343709
vt 0.653237 0.346054
vt 0.742788 0.160280
vt 0.724807 0.173839
vt 0.650887 0.346426
vt 0.649233 0.346789
vt 0.958122 0.037845
vt 0.960692 0.037301
vt 0.954581 0.010233
vt 0.952123 0.010733
vt 0.961443 0.037775
vt 0.961108 0.037163
vt 0.960759 0.038205
vt 0.961028 0.038943
vt 0.957354 0.040541
vt 0.960224 0.044297
vt 0.963357 0.043724
vt 0.962202 0.037926
vt 0.960865 0.045424
vt 0.966313 0.071366
vt 0.969490 0.070623
vt 0.963829 0.044938
vt 0.963588 0.044327
vt 0.970094 0.042055
vt 0.969405 0.041545
vt 0.954426 0.008479
vt 0.955832 0.003047
vt 0.952688 0.003520
vt 0.950790 0.008492
vt 0.884921 0.052749
vt 0.878168 0.026893
vt 0.847125 0.032799
vt 0.852887 0.059045
vt 0.909091 0.019725
vt 0.916096 0.046064
vt 0.886231 0.059041
vt 0.885278 0.054189
vt 0.853299 0.060471
vt 0.854661 0.064867
vt 0.917347 0.053269
vt 0.916414 0.047498
vt 0.876775 0.020657
vt 0.846676 0.026793
vt 0.846945 0.031342
vt 0.877812 0.025464
vt 0.907073 0.012681
vt 0.908672 0.018314
vt 0.886446 0.060507
vt 0.855005 0.066308
vt 0.858799 0.092901
vt 0.889771 0.087008
vt 0.917535 0.054720
vt 0.921292 0.081650
vt 0.942183 0.040336
vt 0.951966 0.037601
vt 0.946824 0.013230
vt 0.936003 0.014066
vt 0.943475 0.048132
vt 0.954723 0.044318
vt 0.952519 0.038686
vt 0.942490 0.041708
vt 0.943691 0.049476
vt 0.948574 0.075937
vt 0.960237 0.072741
vt 0.954880 0.046008
vt 0.933916 0.005892
vt 0.935669 0.012607
vt 0.946929 0.012069
vt 0.947455 0.006236
vt 0.951966 0.037601
vt 0.958122 0.037845
vt 0.952123 0.010733
vt 0.946824 0.013230
vt 0.778729 0.078418
vt 0.776844 0.073914
vt 0.767174 0.075785
vt 0.769107 0.079443
vt 0.782470 0.106071
vt 0.779185 0.079848
vt 0.769567 0.080858
vt 0.771581 0.107143
vt 0.770711 0.045295
vt 0.770793 0.040317
vt 0.761289 0.042205
vt 0.759763 0.046820
vt 0.770776 0.046816
vt 0.759633 0.048385
vt 0.766450 0.074323
vt 0.776315 0.072510
vt 0.758843 0.075233
vt 0.750174 0.049877
vt 0.737144 0.050974
vt 0.741423 0.076240
vt 0.726191 0.077722
vt 0.724453 0.051574
vt 0.736247 0.044993
vt 0.736805 0.049533
vt 0.749552 0.048584
vt 0.748403 0.045069
vt 0.725809 0.046095
vt 0.724627 0.050174
vt 0.757465 0.081330
vt 0.741258 0.083106
vt 0.741873 0.108374
vt 0.755616 0.107624
vt 0.728934 0.083844
vt 0.730067 0.109444
vt 0.741468 0.081653
vt 0.757976 0.079752
vt 0.758944 0.076677
vt 0.741694 0.077664
vt 0.726687 0.079191
vt 0.728398 0.082408
vt 0.717387 0.110766
vt 0.716781 0.085114
vt 0.716948 0.083617
vt 0.718493 0.079658
vt 0.719095 0.078143
vt 0.718657 0.051681
vt 0.716489 0.046798
vt 0.718431 0.050093
vt 0.667480 0.334211
vt 0.737612 0.333706
vt 0.737679 0.316581
vt 0.667160 0.317127
vt 0.739533 0.316664
vt 0.739341 0.332592
vt 0.743622 0.332762
vt 0.743924 0.317244
vt 0.666132 0.178361
vt 0.666279 0.195426
vt 0.736516 0.194803
vt 0.736360 0.177738
vt 0.660903 0.317902
vt 0.661504 0.333351
vt 0.665732 0.333131
vt 0.665308 0.317243
vt 0.742743 0.274749
vt 0.744014 0.301688
vt 0.748267 0.302015
vt 0.747040 0.274276
vt 0.743437 0.258503
vt 0.739145 0.259430
vt 0.737098 0.257841
vt 0.737056 0.253524
vt 0.666776 0.254136
vt 0.666806 0.258451
vt 0.656346 0.302791
vt 0.660594 0.302398
vt 0.661435 0.275421
vt 0.657132 0.275019
vt 0.664788 0.260068
vt 0.660480 0.259207
vt 0.661317 0.210229
vt 0.741742 0.209519
vt 0.662315 0.302371
vt 0.742294 0.301686
vt 0.662751 0.237161
vt 0.666523 0.252380
vt 0.737280 0.251763
vt 0.740783 0.236473
vt 0.663192 0.275461
vt 0.740988 0.274820
vt 0.737350 0.259596
vt 0.666583 0.260210
vt 0.650658 0.348959
vt 0.651636 0.347764
vt 0.652874 0.350214
vt 0.653036 0.348547
vt 0.652060 0.346169
vt 0.651872 0.337072
vt 0.673704 0.347365
vt 0.653170 0.347305
vt 0.673946 0.348619
vt 0.650127 0.153533
vt 0.649509 0.152130
vt 0.648378 0.153013
vt 0.649233 0.154065
vt 0.650450 0.154612
vt 0.669739 0.152060
vt 0.669837 0.150755
vt 0.648563 0.163705
vt 0.649572 0.155497
vt 0.751512 0.135896
vt 0.751227 0.137365
vt 0.749905 0.135914
vt 0.749926 0.137509
vt 0.751794 0.138682
vt 0.757336 0.142904
vt 0.750893 0.139418
vt 0.756198 0.143297
vt 0.758701 0.143371
vt 0.759972 0.143482
vt 0.758701 0.143371
vt 0.736563 0.146373
vt 0.750234 0.138592
vt 0.735944 0.145181
vt 0.736951 0.147662
vt 0.739924 0.156859
vt 0.757374 0.143629
vt 0.739924 0.156859
vt 0.752864 0.359483
vt 0.752118 0.361010
vt 0.754529 0.361488
vt 0.754482 0.359871
vt 0.753558 0.358425
vt 0.740008 0.349960
vt 0.739384 0.351051
vt 0.740394 0.348774
vt 0.754517 0.357606
vt 0.765332 0.353146
vt 0.763903 0.353334
vt 0.763903 0.353334
vt 0.762398 0.353876
vt 0.755473 0.358471
vt 0.706603 0.331934
vt 0.690460 0.335091
vt 0.687420 0.163646
vt 0.703772 0.166171
vt 0.724584 0.335865
vt 0.721686 0.161546
vt 0.653228 0.264458
vt 0.654586 0.254854
vt 0.654396 0.253142
vt 0.652145 0.254439
vt 0.653225 0.255548
vt 0.675834 0.255554
vt 0.654696 0.256123
vt 0.675537 0.256797
vt 0.653554 0.257210
vt 0.653524 0.236122
vt 0.654905 0.245305
vt 0.655505 0.244063
vt 0.656068 0.246003
vt 0.656457 0.244520
vt 0.655684 0.242586
vt 0.676495 0.244011
vt 0.676195 0.242714
vt 0.656624 0.243409
vt 0.754635 0.244854
vt 0.754569 0.246167
vt 0.756229 0.246116
vt 0.755910 0.244980
vt 0.754981 0.243931
vt 0.742115 0.239398
vt 0.741643 0.240838
vt 0.742382 0.237931
vt 0.755689 0.243212
vt 0.764244 0.241671
vt 0.763051 0.241616
vt 0.763051 0.241616
vt 0.761590 0.241797
vt 0.756618 0.243941
vt 0.758827 0.251127
vt 0.759103 0.252280
vt 0.757129 0.251407
vt 0.757574 0.252585
vt 0.760199 0.253250
vt 0.766847 0.253818
vt 0.759172 0.254020
vt 0.768452 0.253895
vt 0.769764 0.252834
vt 0.768452 0.253895
vt 0.743131 0.258219
vt 0.758182 0.253403
vt 0.742593 0.256918
vt 0.743416 0.259552
vt 0.691914 0.270034
vt 0.708072 0.274215
vt 0.707556 0.223743
vt 0.691800 0.228656
vt 0.726380 0.271524
vt 0.725693 0.225806
vt 0.652048 0.251932
vt 0.769783 0.242878
vt 0.766196 0.145110
vt 0.752725 0.129058
vt 0.749105 0.128727
vt 0.644565 0.147134
vt 0.646359 0.145726
vt 0.653828 0.256293
vt 0.652291 0.347079
vt 0.655945 0.243351
vt 0.649758 0.154727
vt 0.754506 0.358847
vt 0.759162 0.253055
vt 0.751075 0.138291
vt 0.755829 0.244197
vt 0.757890 0.143285
vt 0.758701 0.143371
vt 0.763006 0.353348
vt 0.763903 0.353334
vt 0.762234 0.241526
vt 0.763051 0.241616
vt 0.762234 0.241526
vt 0.762234 0.241526
vt 0.767536 0.254462
vt 0.768452 0.253895
vt 0.724754 0.172958
vt 0.705995 0.176953
vt 0.707774 0.226453
vt 0.724592 0.228348
vt 0.725269 0.269006
vt 0.724472 0.330697
vt 0.742347 0.343709
vt 0.705817 0.326367
vt 0.708179 0.271498
vt 0.742788 0.160280
vt 0.742946 0.159436
vt 0.709097 0.234821
vt 0.703608 0.163459
vt 0.709745 0.268648
vt 0.706548 0.334652
vt 0.726676 0.303742
vt 0.709765 0.300950
vt 0.726560 0.305134
vt 0.708018 0.300850
vt 0.697445 0.298360
vt 0.680655 0.299211
vt 0.695517 0.298096
vt 0.690068 0.208663
vt 0.703476 0.208498
vt 0.705781 0.207639
vt 0.712724 0.202221
vt 0.730230 0.202245
vt 0.730250 0.200862
vt 0.714490 0.202248
vt 0.748178 0.306115
vt 0.748362 0.304726
vt 0.660357 0.298483
vt 0.641796 0.302810
vt 0.640505 0.303584
vt 0.637396 0.311155
vt 0.767707 0.309125
vt 0.767459 0.310492
vt 0.672135 0.204435
vt 0.749678 0.201600
vt 0.749809 0.202990
vt 0.767922 0.198499
vt 0.767637 0.197135
vt 0.655636 0.183617
vt 0.657355 0.191145
vt 0.658075 0.192380
vt 0.699897 0.289610
vt 0.696983 0.296960
vt 0.709513 0.298508
vt 0.707588 0.285060
vt 0.706122 0.283082
vt 0.700896 0.288580
vt 0.700896 0.288580
vt 0.706122 0.283082
vt 0.769312 0.308107
vt 0.770627 0.308509
vt 0.772464 0.299699
vt 0.771090 0.299517
vt 0.640612 0.302087
vt 0.639073 0.295158
vt 0.638085 0.294050
vt 0.629906 0.291904
vt 0.699613 0.288962
vt 0.707473 0.283541
vt 0.728544 0.289719
vt 0.639652 0.293939
vt 0.770060 0.297902
vt 0.770429 0.296567
vt 0.752138 0.292015
vt 0.715380 0.213142
vt 0.714581 0.204947
vt 0.705187 0.209128
vt 0.707232 0.212673
vt 0.708354 0.213698
vt 0.714649 0.215476
vt 0.714649 0.215476
vt 0.708354 0.213698
vt 0.656710 0.192484
vt 0.654527 0.194682
vt 0.769525 0.199470
vt 0.770483 0.203494
vt 0.771848 0.203328
vt 0.770769 0.198962
vt 0.645627 0.195659
vt 0.653211 0.195258
vt 0.706978 0.213366
vt 0.715792 0.214282
vt 0.729653 0.211160
vt 0.654452 0.196137
vt 0.729644 0.212310
vt 0.728475 0.289132
vt 0.750746 0.289853
vt 0.751394 0.213071
vt 0.769501 0.205139
vt 0.752642 0.210909
vt 0.769877 0.206468
vt 0.687394 0.280103
vt 0.679565 0.285417
vt 0.698786 0.226436
vt 0.690693 0.219893
vt 0.657935 0.214574
vt 0.666889 0.213070
vt 0.648175 0.278658
vt 0.656463 0.283365
vt 0.714083 0.203232
vt 0.709231 0.300031
vt 0.704684 0.208537
vt 0.696568 0.297739
vt 0.768988 0.198481
vt 0.769542 0.197470
vt 0.768815 0.309108
vt 0.769425 0.310090
vt 0.640973 0.302817
vt 0.657385 0.192006
vt 0.700224 0.289024
vt 0.700896 0.288580
vt 0.700224 0.289024
vt 0.700224 0.289024
vt 0.707020 0.283872
vt 0.707020 0.283872
vt 0.706122 0.283082
vt 0.707020 0.283872
vt 0.771059 0.298407
vt 0.772027 0.297783
vt 0.638947 0.294382
vt 0.728313 0.290381
vt 0.750995 0.291328
vt 0.707502 0.213238
vt 0.708354 0.213698
vt 0.707502 0.213238
vt 0.708354 0.213698
vt 0.715263 0.214319
vt 0.714649 0.215476
vt 0.715263 0.214319
vt 0.714649 0.215476
vt 0.770461 0.204618
vt 0.771427 0.205232
vt 0.654068 0.195353
vt 0.730265 0.210893
vt 0.751600 0.211590
vt 0.743152 0.301663
vt 0.741865 0.274812
vt 0.661457 0.302360
vt 0.662313 0.275468
vt 0.738252 0.259557
vt 0.737172 0.258724
vt 0.666748 0.259334
vt 0.665682 0.260183
vt 0.660434 0.210230
vt 0.661869 0.237176
vt 0.656258 0.274895
vt 0.655468 0.302902
vt 0.749147 0.302112
vt 0.747912 0.274140
vt 0.741666 0.236472
vt 0.742626 0.209504
vt 0.665396 0.195422
vt 0.660035 0.318091
vt 0.666234 0.317146
vt 0.665632 0.252432
vt 0.659631 0.258954
vt 0.666704 0.253253
vt 0.737113 0.252640
vt 0.744282 0.258237
vt 0.738170 0.251799
vt 0.738606 0.316583
vt 0.744794 0.317420
vt 0.737399 0.194783
vt 0.665039 0.259135
vt 0.660655 0.258264
vt 0.665820 0.254088
vt 0.665833 0.258515
vt 0.743251 0.257569
vt 0.738877 0.258494
vt 0.738065 0.257890
vt 0.738020 0.253464
vt 0.660651 0.334173
vt 0.665253 0.178706
vt 0.666611 0.333908
vt 0.737246 0.178068
vt 0.744489 0.333569
vt 0.738475 0.333386
vt 0.659906 0.258219
vt 0.665941 0.253265
vt 0.665893 0.259369
vt 0.737878 0.252638
vt 0.743996 0.257510
vt 0.738026 0.258744
vt 0.725950 0.045401
vt 0.716228 0.046112
vt 0.725978 0.044678
vt 0.716070 0.045398
vt 0.718702 0.050844
vt 0.724488 0.050869
vt 0.726375 0.078477
vt 0.718809 0.078893
vt 0.716764 0.084373
vt 0.728729 0.083098
vt 0.935857 0.013328
vt 0.908884 0.019019
vt 0.916282 0.046775
vt 0.942373 0.041018
vt 0.917448 0.053994
vt 0.943564 0.048805
vt 0.933718 0.005185
vt 0.906885 0.011969
vt 0.933592 0.004459
vt 0.906733 0.011250
vt 0.853076 0.059764
vt 0.776543 0.073198
vt 0.770705 0.046083
vt 0.847005 0.032074
vt 0.779004 0.079144
vt 0.854865 0.065580
vt 0.770788 0.039525
vt 0.846634 0.026059
vt 0.846555 0.025329
vt 0.770721 0.038784
vt 0.759566 0.047610
vt 0.749838 0.049244
vt 0.766781 0.075048
vt 0.759043 0.075939
vt 0.748244 0.044354
vt 0.761488 0.041459
vt 0.748244 0.043627
vt 0.761489 0.040715
vt 0.769432 0.080143
vt 0.757707 0.080540
vt 0.741366 0.082379
vt 0.741658 0.076941
vt 0.736197 0.044279
vt 0.736242 0.043564
vt 0.736950 0.050259
vt 0.952201 0.038166
vt 0.957564 0.039367
vt 0.958122 0.037845
vt 0.957564 0.039367
vt 0.952201 0.038166
vt 0.952123 0.010733
vt 0.951260 0.009519
vt 0.946818 0.012644
vt 0.951260 0.009519
vt 0.946818 0.012644
vt 0.954812 0.045135
vt 0.960684 0.044754
vt 0.947309 0.004779
vt 0.947397 0.005517
vt 0.953017 0.002857
vt 0.952968 0.002115
vt 0.946818 0.012644
vt 0.952201 0.038166
vt 0.886355 0.059772
vt 0.876509 0.019210
vt 0.876632 0.019936
vt 0.877981 0.026180
vt 0.885116 0.053465
vt 0.951260 0.009519
vt 0.954375 0.009317
vt 0.952123 0.010733
vt 0.956009 0.002343
vt 0.956211 0.001630
vt 0.970604 0.042756
vt 0.962448 0.005193
vt 0.961911 0.005686
vt 0.961248 0.005987
vt 0.954859 0.010181
vt 0.954942 0.009428
vt 0.955518 0.008943
vt 0.957564 0.039367
vt 0.958122 0.037845
vt 0.976460 0.068904
vt 0.044882 0.073876
vt 0.049238 0.044247
vt 0.021855 0.041746
vt 0.044748 0.081222
vt 0.050375 0.036999
vt 0.023790 0.033441
vt 0.050434 0.036266
vt 0.023854 0.032708
vt 0.132363 0.050832
vt 0.112910 0.049571
vt 0.108919 0.079225
vt 0.128795 0.080731
vt 0.108119 0.085200
vt 0.127445 0.086653
vt 0.131986 0.044813
vt 0.113037 0.043541
vt 0.131999 0.044079
vt 0.113041 0.042806
vt 0.010501 0.077970
vt 0.014700 0.040973
vt 0.014589 0.041540
vt 0.014534 0.042119
vt 0.016323 0.033164
vt 0.016354 0.033897
vt 0.016230 0.034601
vt 0.009948 0.108259
vt 0.081632 0.039892
vt 0.081600 0.040627
vt 0.076330 0.083082
vt 0.081008 0.046981
vt 0.076780 0.076712
vt 0.593178 0.085841
vt 0.593178 0.085117
vt 0.371118 0.088174
vt 0.371140 0.088897
vt 0.371660 0.114904
vt 0.593375 0.111841
vt 0.592878 0.044034
vt 0.370203 0.047113
vt 0.370212 0.047826
vt 0.592889 0.044748
vt 0.592905 0.045521
vt 0.370218 0.048599
vt 0.593005 0.050334
vt 0.370276 0.053450
vt 0.370258 0.054282
vt 0.593025 0.051202
vt 0.370269 0.055006
vt 0.593035 0.051925
vt 0.370870 0.081007
vt 0.593219 0.077948
vt 0.370891 0.081720
vt 0.593221 0.078662
vt 0.370918 0.082493
vt 0.593216 0.079435
vt 0.593183 0.084336
vt 0.371092 0.087393
vt 0.961828 0.036901
vt 0.955612 0.010103
vt 0.969994 0.041238
vt 0.962657 0.037529
vt 0.970325 0.040979
vt 0.962988 0.036966
vt 0.976894 0.068758
vt 0.971050 0.042678
vt 0.956077 0.009197
vt 0.961740 0.006341
vt 0.962114 0.006750
vt 0.956270 0.009542
vt 0.955678 0.009577
vt 0.962234 0.006003
vt 0.962754 0.005855
vt 0.962398 0.006569
vt 0.962669 0.006518
vt 0.962754 0.005855
vt 0.971050 0.042678
vt 0.971517 0.042678
vt 0.971093 0.041838
vt 0.970564 0.041995
vt 0.970564 0.041995
vt 0.970564 0.041995
vt 0.962108 0.037324
vt 0.962724 0.036863
vt 0.962536 0.036626
vt 0.956261 0.009855
vt 0.014068 0.042060
vt 0.009923 0.069663
vt 0.009679 0.070532
vt 0.009073 0.070123
vt 0.009402 0.077813
vt 0.009956 0.077899
vt 0.009949 0.079445
vt 0.009346 0.108178
vt 0.014057 0.041191
vt 0.015659 0.034610
vt 0.015082 0.034613
vt 0.013371 0.041429
vt 0.015764 0.034011
vt 0.015598 0.033455
vt 0.015044 0.033918
vt 0.015153 0.034223
vt 0.014125 0.041625
vt 0.009975 0.078668
vt 0.009427 0.078606
vt 0.009349 0.079497
vt 0.009854 0.070114
vt 0.009353 0.069971
vt 0.013595 0.041642
vt 0.009458 0.069573
vt 0.002133 0.068734
vt 0.002202 0.069018
vt 0.002454 0.069167
vt 0.006288 0.040862
vt 0.013593 0.042031
vt 0.008750 0.108055
vt 0.006442 0.040601
vt 0.006737 0.040526
vt 0.968980 0.035160
vt 0.968857 0.035528
vt 0.969012 0.034911
vt 0.956366 0.010073
vt 0.976894 0.068758
vt 0.977312 0.068541
vt 0.962929 0.008596
vt 0.962793 0.008394
vt 0.962588 0.008323
vt 0.185219 0.090297
vt 0.194994 0.090536
vt 0.196670 0.086756
vt 0.186850 0.085673
vt 0.184356 0.118198
vt 0.195011 0.118331
vt 0.194636 0.091975
vt 0.184876 0.091762
vt 0.190785 0.056709
vt 0.201957 0.057332
vt 0.200021 0.052842
vt 0.190202 0.051750
vt 0.190874 0.058229
vt 0.187301 0.084238
vt 0.197294 0.085247
vt 0.202217 0.058886
vt 0.204972 0.085574
vt 0.222472 0.085388
vt 0.225133 0.059911
vt 0.211883 0.059678
vt 0.237802 0.085947
vt 0.238007 0.059764
vt 0.225664 0.053889
vt 0.213332 0.054751
vt 0.212419 0.058344
vt 0.225387 0.058451
vt 0.237750 0.058373
vt 0.236319 0.054365
vt 0.206782 0.091534
vt 0.210638 0.117616
vt 0.224167 0.117467
vt 0.223093 0.092218
vt 0.235434 0.092209
vt 0.235843 0.117841
vt 0.222788 0.090783
vt 0.222297 0.086825
vt 0.204972 0.087016
vt 0.206159 0.090002
vt 0.235883 0.090746
vt 0.237395 0.087439
vt 0.247625 0.092808
vt 0.248421 0.118487
vt 0.245613 0.087457
vt 0.247377 0.091322
vt 0.244924 0.085978
vt 0.243874 0.059545
vt 0.245814 0.054547
vt 0.244023 0.057947
vt 0.236137 0.053679
vt 0.246046 0.053848
vt 0.236065 0.052959
vt 0.246168 0.053127
vt 0.237930 0.059061
vt 0.243787 0.058712
vt 0.237664 0.086709
vt 0.245254 0.086710
vt 0.247601 0.092067
vt 0.235594 0.091454
vt 0.202221 0.058106
vt 0.212177 0.059023
vt 0.197013 0.085993
vt 0.204821 0.086290
vt 0.213442 0.054028
vt 0.199756 0.052114
vt 0.213390 0.053302
vt 0.199691 0.051372
vt 0.206483 0.090766
vt 0.194720 0.091256
vt 0.222937 0.091501
vt 0.222286 0.086102
vt 0.225579 0.052462
vt 0.225670 0.053173
vt 0.225284 0.059185
vt 0.187112 0.084941
vt 0.190874 0.057492
vt 0.190132 0.050959
vt 0.190146 0.050214
vt 0.184992 0.091043
vt 0.285048 0.085256
vt 0.286501 0.089923
vt 0.288007 0.117233
vt 0.286825 0.091412
vt 0.283401 0.056759
vt 0.284292 0.051956
vt 0.283230 0.058265
vt 0.284701 0.083846
vt 0.283267 0.057536
vt 0.284823 0.084532
vt 0.284421 0.051206
vt 0.284454 0.050504
vt 0.286716 0.090686
vt 0.679065 0.079275
vt 0.677813 0.083995
vt 0.677458 0.111338
vt 0.677553 0.085496
vt 0.679490 0.050740
vt 0.678412 0.045975
vt 0.679719 0.052236
vt 0.679353 0.077853
vt 0.679655 0.051510
vt 0.679259 0.078543
vt 0.678255 0.045231
vt 0.678193 0.044531
vt 0.677630 0.084766
vt 0.203106 0.042341
vt 0.201276 0.042379
vt 0.201232 0.069257
vt 0.203010 0.069253
vt 0.204808 0.069187
vt 0.204951 0.042333
vt 0.201736 0.072519
vt 0.203438 0.072629
vt 0.203162 0.071554
vt 0.201376 0.071500
vt 0.205025 0.071346
vt 0.205176 0.072488
vt 0.195217 0.072347
vt 0.197106 0.072137
vt 0.196848 0.071060
vt 0.195095 0.071201
vt 0.198550 0.071173
vt 0.198902 0.072194
vt 0.194707 0.039276
vt 0.194706 0.040436
vt 0.196812 0.040556
vt 0.197349 0.039552
vt 0.198800 0.040607
vt 0.199521 0.039747
vt 0.203647 0.039082
vt 0.203424 0.040192
vt 0.205063 0.040162
vt 0.205100 0.039000
vt 0.202285 0.039441
vt 0.201770 0.040381
vt 0.194662 0.042575
vt 0.194887 0.069086
vt 0.196579 0.069091
vt 0.196429 0.042545
vt 0.198284 0.069144
vt 0.198204 0.042494
vt 0.197244 0.074431
vt 0.195417 0.074492
vt 0.196453 0.101301
vt 0.198273 0.101265
vt 0.200089 0.101222
vt 0.199048 0.074432
vt 0.204950 0.101085
vt 0.203760 0.074581
vt 0.202041 0.074533
vt 0.203155 0.101136
vt 0.206746 0.101038
vt 0.205465 0.074575
vt 0.165868 0.043506
vt 0.166683 0.069995
vt 0.167839 0.069889
vt 0.167041 0.043496
vt 0.168990 0.069810
vt 0.168207 0.043467
vt 0.167576 0.072920
vt 0.167738 0.071843
vt 0.166609 0.072011
vt 0.166378 0.073050
vt 0.168913 0.073076
vt 0.168950 0.071926
vt 0.165343 0.041668
vt 0.166638 0.041562
vt 0.166032 0.040640
vt 0.164624 0.040891
vt 0.167927 0.040191
vt 0.168022 0.041343
vt 0.167717 0.075283
vt 0.166529 0.075363
vt 0.167583 0.102183
vt 0.168782 0.102146
vt 0.168920 0.075239
vt 0.169984 0.102098
vt 0.162188 0.075763
vt 0.163118 0.102313
vt 0.164294 0.102272
vt 0.163324 0.075679
vt 0.165471 0.102237
vt 0.164468 0.075570
vt 0.162091 0.040274
vt 0.161178 0.040241
vt 0.161235 0.041400
vt 0.162300 0.041366
vt 0.163362 0.041511
vt 0.162922 0.040594
vt 0.163544 0.072628
vt 0.162195 0.072467
vt 0.162185 0.073624
vt 0.163397 0.073709
vt 0.164744 0.072500
vt 0.164521 0.073540
vt 0.163396 0.070271
vt 0.162551 0.043522
vt 0.161337 0.043558
vt 0.162177 0.070310
vt 0.163756 0.043507
vt 0.164598 0.070195
vt 0.038594 0.045295
vt 0.040266 0.045416
vt 0.039563 0.044574
vt 0.038213 0.044085
vt 0.036923 0.045368
vt 0.036714 0.044027
vt 0.042969 0.045464
vt 0.044899 0.045353
vt 0.044288 0.044329
vt 0.042180 0.044435
vt 0.046959 0.045122
vt 0.046861 0.043968
vt 0.040972 0.074380
vt 0.042731 0.074254
vt 0.040907 0.047384
vt 0.039078 0.047436
vt 0.037237 0.047524
vt 0.039191 0.074443
vt 0.045382 0.047319
vt 0.046973 0.073807
vt 0.048661 0.073693
vt 0.047153 0.047259
vt 0.045281 0.073976
vt 0.043597 0.047352
vt 0.040966 0.076718
vt 0.040657 0.077917
vt 0.042234 0.077522
vt 0.042682 0.076513
vt 0.039111 0.076598
vt 0.038957 0.077922
vt 0.045184 0.076008
vt 0.044956 0.077244
vt 0.046654 0.076932
vt 0.046841 0.075787
vt 0.048513 0.076986
vt 0.048582 0.075828
vt 0.040426 0.079861
vt 0.040817 0.106207
vt 0.042578 0.106176
vt 0.042095 0.079670
vt 0.039062 0.106250
vt 0.038762 0.079989
vt 0.047273 0.106026
vt 0.049048 0.105961
vt 0.048445 0.079157
vt 0.046671 0.079244
vt 0.044926 0.079392
vt 0.045499 0.106073
vt 0.075658 0.046269
vt 0.076532 0.072974
vt 0.078094 0.072978
vt 0.077226 0.046199
vt 0.078807 0.046157
vt 0.079679 0.072924
vt 0.076839 0.076290
vt 0.078308 0.076412
vt 0.078102 0.075333
vt 0.076568 0.075246
vt 0.079799 0.075080
vt 0.079866 0.076236
vt 0.076405 0.043318
vt 0.075994 0.044274
vt 0.077369 0.044031
vt 0.077539 0.042934
vt 0.078743 0.042838
vt 0.078774 0.043998
vt 0.079195 0.105004
vt 0.078510 0.078374
vt 0.077010 0.078335
vt 0.077655 0.105054
vt 0.080731 0.104965
vt 0.079995 0.078374
vt 0.072215 0.072912
vt 0.073715 0.072905
vt 0.072815 0.046408
vt 0.071291 0.046449
vt 0.074348 0.046339
vt 0.075229 0.072940
vt 0.073942 0.074851
vt 0.072381 0.075024
vt 0.072477 0.076172
vt 0.074161 0.075925
vt 0.075692 0.076014
vt 0.075416 0.074971
vt 0.071343 0.043160
vt 0.071336 0.044319
vt 0.073126 0.044458
vt 0.073654 0.043481
vt 0.074759 0.044461
vt 0.075387 0.043615
vt 0.074176 0.078284
vt 0.072609 0.078330
vt 0.073212 0.105193
vt 0.074781 0.105155
vt 0.076341 0.105103
vt 0.075723 0.078294
vt 0.017010 0.049350
vt 0.020023 0.075305
vt 0.016653 0.047306
vt 0.016372 0.045998
vt 0.018841 0.106412
vt 0.019278 0.079628
vt 0.019904 0.076967
vt 0.019661 0.077996
vt 0.228987 0.068909
vt 0.229979 0.042402
vt 0.229180 0.070608
vt 0.229367 0.071506
vt 0.229776 0.073176
vt 0.231721 0.099636
vt 0.230137 0.040306
vt 0.230196 0.039161
vt 0.014845 0.049432
vt 0.013485 0.049505
vt 0.016748 0.077947
vt 0.018006 0.076746
vt 0.232142 0.042345
vt 0.231093 0.070282
vt 0.232262 0.071257
vt 0.233294 0.042318
vt 0.230479 0.071365
vt 0.230158 0.070576
vt 0.232803 0.099584
vt 0.233889 0.099547
vt 0.231016 0.072299
vt 0.232155 0.040264
vt 0.231442 0.041042
vt 0.231073 0.042384
vt 0.230037 0.069506
vt 0.019010 0.075934
vt 0.015916 0.049404
vt 0.014459 0.047401
vt 0.015467 0.048092
vt 0.017757 0.106419
vt 0.018020 0.078868
vt 0.016672 0.106442
vt 0.018472 0.077889
vt 0.018963 0.076992
vt 0.049113 0.107041
vt 0.073215 0.106273
vt 0.049178 0.108119
vt 0.073219 0.107352
vt 0.072557 0.077247
vt 0.048465 0.078068
vt 0.047061 0.046192
vt 0.071306 0.045386
vt 0.072288 0.073965
vt 0.048633 0.074758
vt 0.163772 0.042388
vt 0.165827 0.042478
vt 0.164871 0.071447
vt 0.166813 0.071062
vt 0.166252 0.074105
vt 0.164328 0.074495
vt 0.166332 0.104009
vt 0.168251 0.104068
vt 0.167717 0.103245
vt 0.165632 0.103262
vt 0.205002 0.041246
vt 0.230044 0.041356
vt 0.231795 0.100704
vt 0.206772 0.102111
vt 0.206799 0.103188
vt 0.231884 0.101772
vt 0.229558 0.072341
vt 0.205327 0.073536
vt 0.229039 0.069765
vt 0.204898 0.070273
vt 0.170049 0.103178
vt 0.196457 0.102380
vt 0.170112 0.104257
vt 0.196463 0.103458
vt 0.168902 0.074153
vt 0.195328 0.073417
vt 0.201315 0.041284
vt 0.198277 0.041459
vt 0.198246 0.070227
vt 0.201106 0.070483
vt 0.168121 0.042408
vt 0.194680 0.041507
vt 0.199173 0.073210
vt 0.202056 0.073459
vt 0.194981 0.070142
vt 0.168980 0.070865
vt 0.199956 0.102282
vt 0.199415 0.103151
vt 0.202345 0.103005
vt 0.202999 0.102172
vt 0.039174 0.075525
vt 0.020017 0.076141
vt 0.019484 0.078812
vt 0.038853 0.078961
vt 0.039110 0.107321
vt 0.018833 0.107481
vt 0.018806 0.108549
vt 0.039162 0.108398
vt 0.016854 0.048329
vt 0.037086 0.046444
vt 0.075160 0.074021
vt 0.076366 0.074210
vt 0.075606 0.045170
vt 0.074334 0.045310
vt 0.075891 0.077053
vt 0.077087 0.077245
vt 0.076917 0.106890
vt 0.077553 0.106087
vt 0.076248 0.106166
vt 0.075745 0.107032
vt 0.080755 0.106039
vt 0.163165 0.103386
vt 0.080778 0.107115
vt 0.163210 0.104461
vt 0.162183 0.074694
vt 0.079934 0.077306
vt 0.045695 0.107088
vt 0.042782 0.107242
vt 0.043461 0.108078
vt 0.046250 0.107950
vt 0.040795 0.046288
vt 0.043487 0.046320
vt 0.078789 0.045077
vt 0.161288 0.042478
vt 0.045391 0.075040
vt 0.042911 0.075473
vt 0.162191 0.071390
vt 0.079734 0.074003
vt 0.044766 0.078254
vt 0.041995 0.078542
vt 0.074306 0.077015
vt 0.074731 0.106252
vt 0.074494 0.107269
vt 0.072837 0.045407
vt 0.073735 0.073895
vt 0.078500 0.077376
vt 0.079123 0.106039
vt 0.078696 0.106993
vt 0.077177 0.045062
vt 0.077963 0.074243
vt 0.047399 0.107118
vt 0.047719 0.108111
vt 0.046524 0.078017
vt 0.040970 0.107230
vt 0.041478 0.108144
vt 0.040447 0.078881
vt 0.046997 0.074804
vt 0.041106 0.075618
vt 0.045264 0.046305
vt 0.038947 0.046310
vt 0.162545 0.042379
vt 0.163610 0.071534
vt 0.163274 0.074685
vt 0.164417 0.103300
vt 0.164900 0.104220
vt 0.167502 0.074015
vt 0.168891 0.103237
vt 0.169162 0.104244
vt 0.166965 0.042498
vt 0.167878 0.070874
vt 0.203686 0.073594
vt 0.204861 0.102131
vt 0.204455 0.103110
vt 0.197306 0.073208
vt 0.198195 0.102345
vt 0.197955 0.103369
vt 0.196491 0.041524
vt 0.196624 0.070088
vt 0.203155 0.041221
vt 0.202954 0.070482
vt 0.232629 0.100439
vt 0.233291 0.101031
vt 0.230363 0.071993
vt 0.230855 0.041594
vt 0.229748 0.069940
vt 0.017982 0.107263
vt 0.017356 0.107892
vt 0.018645 0.078515
vt 0.016077 0.048608
vt 0.019326 0.076348
vt 0.356538 0.538424
vt 0.356062 0.542879
vt 0.357415 0.549872
vt 0.356265 0.546479
vt 0.182368 0.542090
vt 0.196037 0.545859
vt 0.196201 0.541885
vt 0.184438 0.537454
vt 0.180131 0.546549
vt 0.194240 0.549412
vt 0.219332 0.547936
vt 0.211972 0.548334
vt 0.211570 0.552400
vt 0.219054 0.552647
vt 0.212159 0.544412
vt 0.220573 0.543328
vt 0.212130 0.539434
vt 0.222403 0.537487
vt 0.222871 0.535383
vt 0.186152 0.533512
vt 0.195426 0.537342
vt 0.186794 0.531531
vt 0.175470 0.556232
vt 0.143415 0.159723
vt 0.136889 0.159547
vt 0.205551 0.587045
vt 0.207332 0.587832
vt 0.208815 0.583644
vt 0.208152 0.589380
vt 0.210462 0.585480
vt 0.538145 0.503621
vt 0.534398 0.504583
vt 0.569394 0.597458
vt 0.572341 0.596979
vt 0.179993 0.144228
vt 0.162834 0.146778
vt 0.166885 0.150749
vt 0.180870 0.149617
vt 0.562109 0.426727
vt 0.509444 0.450188
vt 0.528853 0.483205
vt 0.585457 0.471897
vt 0.154797 0.527376
vt 0.150280 0.529482
vt 0.178825 0.138877
vt 0.159601 0.142510
vt 0.181431 0.154037
vt 0.173071 0.155017
vt 0.175055 0.156805
vt 0.181705 0.156234
vt 0.449801 0.228423
vt 0.434967 0.238563
vt 0.468571 0.422783
vt 0.485370 0.432485
vt 0.196783 0.598323
vt 0.204411 0.591317
vt 0.202642 0.590522
vt 0.194972 0.597460
vt 0.462656 0.218904
vt 0.463600 0.223270
vt 0.477711 0.218978
vt 0.476773 0.215029
vt 0.224691 0.754924
vt 0.219741 0.754260
vt 0.194004 0.964474
vt 0.197863 0.967491
vt 0.505621 0.452655
vt 0.524823 0.484059
vt 0.205330 0.592938
vt 0.197719 0.600029
vt 0.590904 0.491409
vt 0.604091 0.586604
vt 0.645778 0.479111
vt 0.639228 0.580945
vt 0.231863 0.703771
vt 0.226878 0.703840
vt 0.244895 0.534847
vt 0.243944 0.530285
vt 0.236834 0.704002
vt 0.229632 0.755583
vt 0.088682 0.688022
vt 0.083185 0.685819
vt 0.064908 0.715187
vt 0.069804 0.718570
vt 0.133620 0.585416
vt 0.139970 0.594926
vt 0.141201 0.593017
vt 0.134813 0.583284
vt 0.202351 0.969242
vt 0.079848 0.683768
vt 0.061472 0.713312
vt 0.635490 0.409853
vt 0.631650 0.410674
vt 0.644443 0.459860
vt 0.648287 0.459207
vt 0.029589 0.744702
vt 0.042839 0.733712
vt 0.040525 0.730520
vt 0.027324 0.741406
vt 0.135687 0.564918
vt 0.174683 0.565369
vt 0.143104 0.592322
vt 0.136642 0.582267
vt 0.235536 0.756361
vt 0.239419 0.756907
vt 0.246581 0.705073
vt 0.242738 0.704523
vt 0.231138 0.684512
vt 0.226233 0.684761
vt 0.160138 0.523865
vt 0.134273 0.576801
vt 0.133488 0.569749
vt 0.131186 0.572546
vt 0.132379 0.578322
vt 0.129887 0.977079
vt 0.190911 0.973810
vt 0.187585 0.970086
vt 0.130111 0.972234
vt 0.212340 0.131743
vt 0.212885 0.138219
vt 0.246199 0.138055
vt 0.246036 0.131569
vt 0.129777 0.981921
vt 0.193312 0.977980
vt 0.101429 0.668777
vt 0.105908 0.670793
vt 0.131227 0.580600
vt 0.113348 0.686275
vt 0.116159 0.675632
vt 0.102602 0.681532
vt 0.129456 0.575361
vt 0.574004 0.600923
vt 0.570904 0.600372
vt 0.572398 0.602788
vt 0.575438 0.605467
vt 0.073690 0.721714
vt 0.093262 0.689829
vt 0.570904 0.600372
vt 0.235967 0.683938
vt 0.129690 0.987855
vt 0.195429 0.983402
vt 0.096854 0.667198
vt 0.109124 0.696345
vt 0.097856 0.691602
vt 0.162133 0.522470
vt 0.164157 0.520985
vt 0.163150 0.172836
vt 0.161176 0.170888
vt 0.159301 0.169150
vt 0.213862 0.153546
vt 0.213654 0.149090
vt 0.177325 0.132507
vt 0.176576 0.128534
vt 0.155865 0.132886
vt 0.156254 0.137088
vt 0.601826 0.984351
vt 0.601745 0.980290
vt 0.589424 0.980170
vt 0.585704 0.984158
vt 0.641252 0.590549
vt 0.667092 0.597337
vt 0.667224 0.593307
vt 0.642051 0.586085
vt 0.248970 0.556325
vt 0.247805 0.552456
vt 0.218986 0.563935
vt 0.666121 0.984838
vt 0.666123 0.980776
vt 0.633833 0.980590
vt 0.633823 0.984650
vt 0.245958 0.127505
vt 0.212086 0.127687
vt 0.216254 0.694539
vt 0.227381 0.694240
vt 0.215096 0.685059
vt 0.126859 0.557896
vt 0.128117 0.561257
vt 0.075343 0.964724
vt 0.075117 0.969703
vt 0.579766 0.196804
vt 0.523539 0.202362
vt 0.524249 0.206357
vt 0.577034 0.201125
vt 0.129637 0.991875
vt 0.195007 0.987458
vt 0.077201 0.725367
vt 0.126859 0.557896
vt 0.121520 0.565759
vt 0.124019 0.566700
vt 0.075107 0.974670
vt 0.075279 0.980626
vt 0.075241 0.984717
vt 0.208112 0.970341
vt 0.212149 0.969592
vt 0.448528 0.222880
vt 0.039510 0.973416
vt 0.041694 0.967829
vt 0.026227 0.961533
vt 0.022266 0.965644
vt 0.132940 0.161047
vt 0.132667 0.525482
vt 0.211606 0.569009
vt 0.215654 0.704127
vt 0.164990 0.688201
vt 0.165782 0.678144
vt 0.122224 0.677062
vt 0.119406 0.687512
vt 0.246596 0.153328
vt 0.246492 0.148909
vt 0.243625 0.528035
vt 0.243608 0.525748
vt 0.246643 0.155526
vt 0.213980 0.155756
vt 0.214122 0.157969
vt 0.246677 0.157725
vt 0.181990 0.158434
vt 0.649500 0.478366
vt 0.642036 0.581174
vt 0.571310 0.969528
vt 0.575202 0.965774
vt 0.576089 0.607639
vt 0.573498 0.606830
vt 0.246351 0.143480
vt 0.213330 0.143646
vt 0.153019 0.163782
vt 0.148557 0.160911
vt 0.246776 0.545888
vt 0.245897 0.540368
vt 0.149412 0.149042
vt 0.153377 0.151852
vt 0.157323 0.155062
vt 0.163276 0.159787
vt 0.579326 0.975900
vt 0.575542 0.979778
vt 0.144162 0.145707
vt 0.132940 0.161047
vt 0.140714 0.143107
vt 0.165163 0.161408
vt 0.167189 0.163169
vt 0.177221 0.158681
vt 0.571310 0.969528
vt 0.436434 0.226244
vt 0.440816 0.229193
vt 0.030087 0.754560
vt 0.024234 0.753916
vt 0.011858 0.950671
vt 0.017712 0.950699
vt 0.162077 0.697839
vt 0.115158 0.697380
vt 0.021258 0.969688
vt 0.037927 0.977099
vt 0.090877 0.665421
vt 0.087283 0.664109
vt 0.034435 0.747734
vt 0.047053 0.738086
vt 0.043345 0.963300
vt 0.029716 0.958429
vt 0.210125 0.694238
vt 0.208854 0.684609
vt 0.169269 0.581017
vt 0.168889 0.585760
vt 0.209456 0.703896
vt 0.026616 0.947629
vt 0.039291 0.939017
vt 0.050207 0.764307
vt 0.039021 0.757796
vt 0.062993 0.944358
vt 0.077831 0.752435
vt 0.051425 0.760931
vt 0.040309 0.754628
vt 0.054147 0.758385
vt 0.042950 0.752146
vt 0.242095 0.682885
vt 0.245651 0.681713
vt 0.220173 0.579434
vt 0.217806 0.579791
vt 0.198402 0.974351
vt 0.202575 0.977652
vt 0.205658 0.980288
vt 0.584624 0.198200
vt 0.581746 0.202384
vt 0.584426 0.206446
vt 0.587489 0.202370
vt 0.195168 0.971543
vt 0.191815 0.968314
vt 0.040955 0.944194
vt 0.016138 0.959147
vt 0.021110 0.956826
vt 0.007938 0.949111
vt 0.012504 0.961310
vt 0.436061 0.232741
vt 0.431628 0.229930
vt 0.430416 0.235882
vt 0.024923 0.954901
vt 0.022377 0.949846
vt 0.028781 0.952592
vt 0.020138 0.754539
vt 0.038595 0.750066
vt 0.050678 0.741576
vt 0.143549 0.744839
vt 0.131287 0.955035
vt 0.202543 0.752022
vt 0.208768 0.752785
vt 0.183133 0.953782
vt 0.088218 0.739255
vt 0.066886 0.736378
vt 0.075794 0.746673
vt 0.498852 0.439458
vt 0.495969 0.442237
vt 0.054390 0.744887
vt 0.034730 0.755698
vt 0.055050 0.725051
vt 0.052268 0.722151
vt 0.483380 0.435668
vt 0.062870 0.753473
vt 0.060046 0.961910
vt 0.059264 0.966677
vt 0.058519 0.971497
vt 0.059497 0.729252
vt 0.057675 0.977369
vt 0.056963 0.981406
vt 0.063222 0.732739
vt 0.181110 0.957667
vt 0.176849 0.959330
vt 0.215579 0.577452
vt 0.036139 0.752631
vt 0.032015 0.751045
vt 0.022992 0.747148
vt 0.026685 0.748942
vt 0.464997 0.425793
vt 0.466742 0.429278
vt 0.470210 0.426233
vt 0.469974 0.431442
vt 0.473384 0.428377
vt 0.169021 0.593044
vt 0.604229 0.591259
vt 0.576089 0.607639
vt 0.603674 0.597182
vt 0.635568 0.588657
vt 0.637846 0.585007
vt 0.640436 0.585091
vt 0.637376 0.588059
vt 0.534082 0.493066
vt 0.530180 0.493928
vt 0.589252 0.481315
vt 0.646118 0.469406
vt 0.232296 0.694081
vt 0.097976 0.679628
vt 0.130892 0.961234
vt 0.076325 0.953504
vt 0.237164 0.693923
vt 0.093321 0.677939
vt 0.211963 0.684980
vt 0.649938 0.468785
vt 0.083968 0.674479
vt 0.087597 0.676052
vt 0.169015 0.595955
vt 0.168838 0.598848
vt 0.062085 0.950526
vt 0.062565 0.947443
vt 0.243127 0.693752
vt 0.247030 0.693480
vt 0.638877 0.583052
vt 0.641633 0.583292
vt 0.604373 0.588902
vt 0.217420 0.575992
vt 0.217420 0.575992
vt 0.215150 0.573614
vt 0.573498 0.606830
vt 0.119118 0.676661
vt 0.090185 0.741700
vt 0.077338 0.749398
vt 0.076616 0.950331
vt 0.076978 0.947155
vt 0.212554 0.704095
vt 0.205658 0.752384
vt 0.064435 0.756084
vt 0.092053 0.743953
vt 0.112092 0.697202
vt 0.131117 0.958135
vt 0.213180 0.694500
vt 0.116323 0.687211
vt 0.637376 0.588059
vt 0.635568 0.588657
vt 0.603674 0.597182
vt 0.203642 0.539484
vt 0.204150 0.543971
vt 0.202849 0.551033
vt 0.203975 0.547601
vt 0.280054 0.524599
vt 0.280080 0.529406
vt 0.297765 0.531121
vt 0.298189 0.526534
vt 0.296762 0.542052
vt 0.280147 0.540604
vt 0.280192 0.547259
vt 0.296062 0.548496
vt 0.716457 0.600940
vt 0.699989 0.602848
vt 0.698446 0.980851
vt 0.714609 0.980972
vt 0.295421 0.131378
vt 0.279019 0.131348
vt 0.279034 0.137835
vt 0.295415 0.137855
vt 0.298269 0.522032
vt 0.295283 0.157582
vt 0.279077 0.157646
vt 0.280030 0.519974
vt 0.280221 0.551392
vt 0.295300 0.552464
vt 0.700013 0.598790
vt 0.716436 0.596884
vt 0.295397 0.127319
vt 0.279009 0.127284
vt 0.698428 0.984911
vt 0.714606 0.985030
vt 0.295316 0.153165
vt 0.295351 0.148723
vt 0.279058 0.148739
vt 0.279068 0.153202
vt 0.280041 0.522288
vt 0.298314 0.524293
vt 0.295300 0.155373
vt 0.279073 0.155423
vt 0.295390 0.143284
vt 0.279046 0.143278
vt 0.280112 0.535049
vt 0.297274 0.536586
vt 0.261931 0.526791
vt 0.262406 0.531375
vt 0.263543 0.542295
vt 0.264332 0.548729
vt 0.682283 0.980829
vt 0.683537 0.600743
vt 0.262618 0.131457
vt 0.262654 0.137934
vt 0.261803 0.522287
vt 0.262872 0.157659
vt 0.265152 0.552685
vt 0.683605 0.596688
vt 0.262623 0.127399
vt 0.682251 0.984887
vt 0.262820 0.153243
vt 0.262766 0.148801
vt 0.261782 0.524551
vt 0.262845 0.155450
vt 0.262703 0.143362
vt 0.262962 0.536835
vt 0.635439 0.084803
vt 0.635539 0.084027
vt 0.635401 0.085527
vt 0.635660 0.044617
vt 0.635623 0.043907
vt 0.635754 0.045381
vt 0.636224 0.079186
vt 0.636330 0.078424
vt 0.636377 0.077716
vt 0.636380 0.050237
vt 0.636473 0.051015
vt 0.636506 0.051741
vt 0.635516 0.111472
vt 0.328883 0.089188
vt 0.328756 0.088415
vt 0.328947 0.089910
vt 0.327272 0.048318
vt 0.327259 0.049029
vt 0.327190 0.049796
vt 0.327772 0.082841
vt 0.327903 0.083600
vt 0.327701 0.082134
vt 0.326726 0.054669
vt 0.326659 0.055451
vt 0.326649 0.056177
vt 0.329713 0.115842
vt 0.635428 0.084898
vt 0.635529 0.084122
vt 0.635390 0.085622
vt 0.635656 0.044712
vt 0.635619 0.044002
vt 0.635749 0.045476
vt 0.636214 0.079281
vt 0.636320 0.078519
vt 0.636366 0.077810
vt 0.636374 0.050331
vt 0.636468 0.051109
vt 0.636500 0.051835
vt 0.635504 0.111567
vt 0.328861 0.089244
vt 0.328734 0.088471
vt 0.328925 0.089966
vt 0.327248 0.048374
vt 0.327234 0.049084
vt 0.327166 0.049851
vt 0.327748 0.082898
vt 0.327880 0.083656
vt 0.327677 0.082191
vt 0.326702 0.054724
vt 0.326635 0.055506
vt 0.326625 0.056233
vt 0.329693 0.115899
vt 0.203106 0.042341
vt 0.201276 0.042379
vt 0.201232 0.069257
vt 0.203010 0.069253
vt 0.204808 0.069187
vt 0.204951 0.042333
vt 0.201736 0.072519
vt 0.203438 0.072629
vt 0.203162 0.071554
vt 0.201376 0.071500
vt 0.205025 0.071346
vt 0.205176 0.072488
vt 0.195217 0.072347
vt 0.197106 0.072137
vt 0.196848 0.071060
vt 0.195095 0.071201
vt 0.198550 0.071173
vt 0.198902 0.072194
vt 0.194707 0.039276
vt 0.194706 0.040436
vt 0.196812 0.040556
vt 0.197349 0.039552
vt 0.198800 0.040607
vt 0.199521 0.039747
vt 0.203647 0.039082
vt 0.203424 0.040192
vt 0.205063 0.040162
vt 0.205100 0.039000
vt 0.202285 0.039441
vt 0.201770 0.040381
vt 0.194662 0.042575
vt 0.194887 0.069086
vt 0.196579 0.069091
vt 0.196429 0.042545
vt 0.198284 0.069144
vt 0.198204 0.042494
vt 0.197244 0.074431
vt 0.195417 0.074492
vt 0.196453 0.101301
vt 0.198273 0.101265
vt 0.200089 0.101222
vt 0.199048 0.074432
vt 0.204950 0.101085
vt 0.203760 0.074581
vt 0.202041 0.074533
vt 0.203155 0.101136
vt 0.205465 0.074575
vt 0.206746 0.101038
vt 0.165868 0.043506
vt 0.166683 0.069995
vt 0.167839 0.069889
vt 0.167041 0.043496
vt 0.168990 0.069810
vt 0.168207 0.043467
vt 0.167576 0.072920
vt 0.167738 0.071843
vt 0.166609 0.072011
vt 0.166378 0.073050
vt 0.168913 0.073076
vt 0.168950 0.071926
vt 0.166638 0.041562
vt 0.166032 0.040640
vt 0.164624 0.040891
vt 0.165343 0.041668
vt 0.167927 0.040191
vt 0.168022 0.041343
vt 0.167717 0.075283
vt 0.166529 0.075363
vt 0.167583 0.102183
vt 0.168782 0.102146
vt 0.168920 0.075239
vt 0.169984 0.102098
vt 0.162188 0.075763
vt 0.163118 0.102313
vt 0.164294 0.102272
vt 0.163324 0.075679
vt 0.165471 0.102237
vt 0.164468 0.075570
vt 0.162091 0.040274
vt 0.161178 0.040241
vt 0.161235 0.041400
vt 0.162300 0.041366
vt 0.163362 0.041511
vt 0.162922 0.040594
vt 0.163544 0.072628
vt 0.162195 0.072467
vt 0.162185 0.073624
vt 0.163397 0.073709
vt 0.164521 0.073540
vt 0.164744 0.072500
vt 0.163396 0.070271
vt 0.162551 0.043522
vt 0.161337 0.043558
vt 0.162177 0.070310
vt 0.163756 0.043507
vt 0.164598 0.070195
vt 0.038594 0.045295
vt 0.040266 0.045416
vt 0.039563 0.044574
vt 0.038213 0.044085
vt 0.036923 0.045368
vt 0.036714 0.044027
vt 0.042969 0.045464
vt 0.044899 0.045353
vt 0.044288 0.044329
vt 0.042180 0.044435
vt 0.046959 0.045122
vt 0.046861 0.043968
vt 0.040972 0.074380
vt 0.042731 0.074254
vt 0.040907 0.047384
vt 0.039078 0.047436
vt 0.037237 0.047524
vt 0.039191 0.074443
vt 0.045382 0.047319
vt 0.046973 0.073807
vt 0.048661 0.073693
vt 0.047153 0.047259
vt 0.045281 0.073976
vt 0.043597 0.047352
vt 0.040966 0.076718
vt 0.040657 0.077917
vt 0.042234 0.077522
vt 0.042682 0.076513
vt 0.039111 0.076598
vt 0.038957 0.077922
vt 0.045184 0.076008
vt 0.044956 0.077244
vt 0.046654 0.076932
vt 0.046841 0.075787
vt 0.048513 0.076986
vt 0.048582 0.075828
vt 0.040426 0.079861
vt 0.040817 0.106207
vt 0.042578 0.106176
vt 0.042095 0.079670
vt 0.039062 0.106250
vt 0.038762 0.079989
vt 0.048445 0.079157
vt 0.046671 0.079244
vt 0.047273 0.106026
vt 0.049048 0.105961
vt 0.044926 0.079392
vt 0.045499 0.106073
vt 0.075658 0.046269
vt 0.076532 0.072974
vt 0.078094 0.072978
vt 0.077226 0.046199
vt 0.078807 0.046157
vt 0.079679 0.072924
vt 0.076839 0.076290
vt 0.078308 0.076412
vt 0.078102 0.075333
vt 0.076568 0.075246
vt 0.079799 0.075080
vt 0.079866 0.076236
vt 0.076405 0.043318
vt 0.075994 0.044274
vt 0.077369 0.044031
vt 0.077539 0.042934
vt 0.078743 0.042838
vt 0.078774 0.043998
vt 0.079195 0.105004
vt 0.078510 0.078374
vt 0.077010 0.078335
vt 0.077655 0.105054
vt 0.080731 0.104965
vt 0.079995 0.078374
vt 0.072215 0.072912
vt 0.073715 0.072905
vt 0.072815 0.046408
vt 0.071291 0.046449
vt 0.074348 0.046339
vt 0.075229 0.072940
vt 0.073942 0.074851
vt 0.072381 0.075024
vt 0.072477 0.076172
vt 0.074161 0.075925
vt 0.075692 0.076014
vt 0.075416 0.074971
vt 0.071343 0.043160
vt 0.071336 0.044319
vt 0.073126 0.044458
vt 0.073654 0.043481
vt 0.074759 0.044461
vt 0.075387 0.043615
vt 0.074176 0.078284
vt 0.072609 0.078330
vt 0.073212 0.105193
vt 0.074781 0.105155
vt 0.076341 0.105103
vt 0.075723 0.078294
vt 0.017010 0.049350
vt 0.020023 0.075305
vt 0.016653 0.047306
vt 0.016372 0.045998
vt 0.018841 0.106412
vt 0.019278 0.079628
vt 0.019904 0.076967
vt 0.019661 0.077996
vt 0.228987 0.068909
vt 0.229979 0.042402
vt 0.229180 0.070608
vt 0.229367 0.071506
vt 0.229776 0.073176
vt 0.231721 0.099636
vt 0.230196 0.039161
vt 0.230137 0.040306
vt 0.014845 0.049432
vt 0.013485 0.049505
vt 0.016748 0.077947
vt 0.018006 0.076746
vt 0.232142 0.042345
vt 0.231093 0.070282
vt 0.232262 0.071257
vt 0.233294 0.042318
vt 0.230479 0.071365
vt 0.230158 0.070576
vt 0.232803 0.099584
vt 0.233889 0.099547
vt 0.231016 0.072299
vt 0.232155 0.040264
vt 0.231442 0.041042
vt 0.231073 0.042384
vt 0.230037 0.069506
vt 0.019010 0.075934
vt 0.015916 0.049404
vt 0.014459 0.047401
vt 0.015467 0.048092
vt 0.017757 0.106419
vt 0.018020 0.078868
vt 0.016672 0.106442
vt 0.018472 0.077889
vt 0.018963 0.076992
vt 0.049113 0.107041
vt 0.073215 0.106273
vt 0.073219 0.107352
vt 0.049178 0.108119
vt 0.072557 0.077247
vt 0.048465 0.078068
vt 0.071306 0.045386
vt 0.047061 0.046192
vt 0.072288 0.073965
vt 0.048633 0.074758
vt 0.163772 0.042388
vt 0.165827 0.042478
vt 0.164871 0.071447
vt 0.166813 0.071062
vt 0.164328 0.074495
vt 0.166252 0.074105
vt 0.168251 0.104068
vt 0.167717 0.103245
vt 0.165632 0.103262
vt 0.166332 0.104009
vt 0.205002 0.041246
vt 0.230044 0.041356
vt 0.206772 0.102111
vt 0.206799 0.103188
vt 0.231884 0.101772
vt 0.231795 0.100704
vt 0.205327 0.073536
vt 0.229558 0.072341
vt 0.204898 0.070273
vt 0.229039 0.069765
vt 0.170049 0.103178
vt 0.196457 0.102380
vt 0.170112 0.104257
vt 0.196463 0.103458
vt 0.195328 0.073417
vt 0.168902 0.074153
vt 0.201315 0.041284
vt 0.198277 0.041459
vt 0.198246 0.070227
vt 0.201106 0.070483
vt 0.168121 0.042408
vt 0.194680 0.041507
vt 0.199173 0.073210
vt 0.202056 0.073459
vt 0.168980 0.070865
vt 0.194981 0.070142
vt 0.199956 0.102282
vt 0.199415 0.103151
vt 0.202345 0.103005
vt 0.202999 0.102172
vt 0.039174 0.075525
vt 0.020017 0.076141
vt 0.038853 0.078961
vt 0.019484 0.078812
vt 0.039110 0.107321
vt 0.018833 0.107481
vt 0.018806 0.108549
vt 0.039162 0.108398
vt 0.037086 0.046444
vt 0.016854 0.048329
vt 0.075160 0.074021
vt 0.076366 0.074210
vt 0.075606 0.045170
vt 0.074334 0.045310
vt 0.075891 0.077053
vt 0.077087 0.077245
vt 0.076917 0.106890
vt 0.077553 0.106087
vt 0.076248 0.106166
vt 0.075745 0.107032
vt 0.080755 0.106039
vt 0.163165 0.103386
vt 0.080778 0.107115
vt 0.163210 0.104461
vt 0.162183 0.074694
vt 0.079934 0.077306
vt 0.045695 0.107088
vt 0.042782 0.107242
vt 0.043461 0.108078
vt 0.046250 0.107950
vt 0.040795 0.046288
vt 0.043487 0.046320
vt 0.078789 0.045077
vt 0.161288 0.042478
vt 0.042911 0.075473
vt 0.045391 0.075040
vt 0.162191 0.071390
vt 0.079734 0.074003
vt 0.044766 0.078254
vt 0.041995 0.078542
vt 0.074306 0.077015
vt 0.074731 0.106252
vt 0.074494 0.107269
vt 0.072837 0.045407
vt 0.073735 0.073895
vt 0.078500 0.077376
vt 0.079123 0.106039
vt 0.078696 0.106993
vt 0.077177 0.045062
vt 0.077963 0.074243
vt 0.047399 0.107118
vt 0.047719 0.108111
vt 0.046524 0.078017
vt 0.040970 0.107230
vt 0.041478 0.108144
vt 0.040447 0.078881
vt 0.046997 0.074804
vt 0.041106 0.075618
vt 0.045264 0.046305
vt 0.038947 0.046310
vt 0.162545 0.042379
vt 0.163610 0.071534
vt 0.163274 0.074685
vt 0.164417 0.103300
vt 0.164900 0.104220
vt 0.167502 0.074015
vt 0.168891 0.103237
vt 0.169162 0.104244
vt 0.166965 0.042498
vt 0.167878 0.070874
vt 0.203686 0.073594
vt 0.204861 0.102131
vt 0.204455 0.103110
vt 0.197306 0.073208
vt 0.198195 0.102345
vt 0.197955 0.103369
vt 0.196491 0.041524
vt 0.196624 0.070088
vt 0.203155 0.041221
vt 0.202954 0.070482
vt 0.232629 0.100439
vt 0.233291 0.101031
vt 0.230363 0.071993
vt 0.230855 0.041594
vt 0.229748 0.069940
vt 0.017982 0.107263
vt 0.017356 0.107892
vt 0.018645 0.078515
vt 0.016077 0.048608
vt 0.019326 0.076348
vt 0.203106 0.042341
vt 0.203010 0.069253
vt 0.201232 0.069257
vt 0.201276 0.042379
vt 0.204808 0.069187
vt 0.204951 0.042333
vt 0.201736 0.072519
vt 0.201376 0.071500
vt 0.203162 0.071554
vt 0.203438 0.072629
vt 0.205025 0.071346
vt 0.205176 0.072488
vt 0.195217 0.072347
vt 0.195095 0.071201
vt 0.196848 0.071060
vt 0.197106 0.072137
vt 0.198550 0.071173
vt 0.198902 0.072194
vt 0.194707 0.039276
vt 0.197349 0.039552
vt 0.196812 0.040556
vt 0.194706 0.040436
vt 0.198800 0.040607
vt 0.199521 0.039747
vt 0.203647 0.039082
vt 0.205100 0.039000
vt 0.205063 0.040162
vt 0.203424 0.040192
vt 0.201770 0.040381
vt 0.202285 0.039441
vt 0.194662 0.042575
vt 0.196429 0.042545
vt 0.196579 0.069091
vt 0.194887 0.069086
vt 0.198204 0.042494
vt 0.198284 0.069144
vt 0.197244 0.074431
vt 0.198273 0.101265
vt 0.196453 0.101301
vt 0.195417 0.074492
vt 0.199048 0.074432
vt 0.200089 0.101222
vt 0.204950 0.101085
vt 0.203155 0.101136
vt 0.202041 0.074533
vt 0.203760 0.074581
vt 0.205465 0.074575
vt 0.206746 0.101038
vt 0.165868 0.043506
vt 0.167041 0.043496
vt 0.167839 0.069889
vt 0.166683 0.069995
vt 0.168990 0.069810
vt 0.168207 0.043467
vt 0.167576 0.072920
vt 0.166378 0.073050
vt 0.166609 0.072011
vt 0.167738 0.071843
vt 0.168950 0.071926
vt 0.168913 0.073076
vt 0.166638 0.041562
vt 0.165343 0.041668
vt 0.164624 0.040891
vt 0.166032 0.040640
vt 0.167927 0.040191
vt 0.168022 0.041343
vt 0.167717 0.075283
vt 0.168782 0.102146
vt 0.167583 0.102183
vt 0.166529 0.075363
vt 0.168920 0.075239
vt 0.169984 0.102098
vt 0.162188 0.075763
vt 0.163324 0.075679
vt 0.164294 0.102272
vt 0.163118 0.102313
vt 0.165471 0.102237
vt 0.164468 0.075570
vt 0.162091 0.040274
vt 0.162300 0.041366
vt 0.161235 0.041400
vt 0.161178 0.040241
vt 0.162922 0.040594
vt 0.163362 0.041511
vt 0.163544 0.072628
vt 0.163397 0.073709
vt 0.162185 0.073624
vt 0.162195 0.072467
vt 0.164521 0.073540
vt 0.164744 0.072500
vt 0.163396 0.070271
vt 0.162177 0.070310
vt 0.161337 0.043558
vt 0.162551 0.043522
vt 0.163756 0.043507
vt 0.164598 0.070195
vt 0.038594 0.045295
vt 0.038213 0.044085
vt 0.039563 0.044574
vt 0.040266 0.045416
vt 0.036923 0.045368
vt 0.036714 0.044027
vt 0.042969 0.045464
vt 0.042180 0.044435
vt 0.044288 0.044329
vt 0.044899 0.045353
vt 0.046861 0.043968
vt 0.046959 0.045122
vt 0.040972 0.074380
vt 0.039078 0.047436
vt 0.040907 0.047384
vt 0.042731 0.074254
vt 0.039191 0.074443
vt 0.037237 0.047524
vt 0.045382 0.047319
vt 0.047153 0.047259
vt 0.048661 0.073693
vt 0.046973 0.073807
vt 0.045281 0.073976
vt 0.043597 0.047352
vt 0.040966 0.076718
vt 0.042682 0.076513
vt 0.042234 0.077522
vt 0.040657 0.077917
vt 0.039111 0.076598
vt 0.038957 0.077922
vt 0.045184 0.076008
vt 0.046841 0.075787
vt 0.046654 0.076932
vt 0.044956 0.077244
vt 0.048582 0.075828
vt 0.048513 0.076986
vt 0.040426 0.079861
vt 0.042095 0.079670
vt 0.042578 0.106176
vt 0.040817 0.106207
vt 0.039062 0.106250
vt 0.038762 0.079989
vt 0.048445 0.079157
vt 0.049048 0.105961
vt 0.047273 0.106026
vt 0.046671 0.079244
vt 0.044926 0.079392
vt 0.045499 0.106073
vt 0.075658 0.046269
vt 0.077226 0.046199
vt 0.078094 0.072978
vt 0.076532 0.072974
vt 0.078807 0.046157
vt 0.079679 0.072924
vt 0.076839 0.076290
vt 0.076568 0.075246
vt 0.078102 0.075333
vt 0.078308 0.076412
vt 0.079799 0.075080
vt 0.079866 0.076236
vt 0.076405 0.043318
vt 0.077539 0.042934
vt 0.077369 0.044031
vt 0.075994 0.044274
vt 0.078743 0.042838
vt 0.078774 0.043998
vt 0.079195 0.105004
vt 0.077655 0.105054
vt 0.077010 0.078335
vt 0.078510 0.078374
vt 0.079995 0.078374
vt 0.080731 0.104965
vt 0.072215 0.072912
vt 0.071291 0.046449
vt 0.072815 0.046408
vt 0.073715 0.072905
vt 0.074348 0.046339
vt 0.075229 0.072940
vt 0.073942 0.074851
vt 0.074161 0.075925
vt 0.072477 0.076172
vt 0.072381 0.075024
vt 0.075416 0.074971
vt 0.075692 0.076014
vt 0.071343 0.043160
vt 0.073654 0.043481
vt 0.073126 0.044458
vt 0.071336 0.044319
vt 0.074759 0.044461
vt 0.075387 0.043615
vt 0.074176 0.078284
vt 0.074781 0.105155
vt 0.073212 0.105193
vt 0.072609 0.078330
vt 0.075723 0.078294
vt 0.076341 0.105103
vt 0.020023 0.075305
vt 0.017010 0.049350
vt 0.016653 0.047306
vt 0.016372 0.045998
vt 0.018841 0.106412
vt 0.019278 0.079628
vt 0.019904 0.076967
vt 0.019661 0.077996
vt 0.229979 0.042402
vt 0.228987 0.068909
vt 0.229180 0.070608
vt 0.229367 0.071506
vt 0.229776 0.073176
vt 0.231721 0.099636
vt 0.230196 0.039161
vt 0.230137 0.040306
vt 0.014845 0.049432
vt 0.018006 0.076746
vt 0.016748 0.077947
vt 0.013485 0.049505
vt 0.232142 0.042345
vt 0.233294 0.042318
vt 0.232262 0.071257
vt 0.231093 0.070282
vt 0.230479 0.071365
vt 0.230158 0.070576
vt 0.232803 0.099584
vt 0.231016 0.072299
vt 0.233889 0.099547
vt 0.232155 0.040264
vt 0.231442 0.041042
vt 0.230037 0.069506
vt 0.231073 0.042384
vt 0.015916 0.049404
vt 0.019010 0.075934
vt 0.014459 0.047401
vt 0.015467 0.048092
vt 0.017757 0.106419
vt 0.016672 0.106442
vt 0.018020 0.078868
vt 0.018472 0.077889
vt 0.018963 0.076992
vt 0.073215 0.106273
vt 0.049113 0.107041
vt 0.073219 0.107352
vt 0.049178 0.108119
vt 0.048465 0.078068
vt 0.072557 0.077247
vt 0.071306 0.045386
vt 0.047061 0.046192
vt 0.048633 0.074758
vt 0.072288 0.073965
vt 0.163772 0.042388
vt 0.165827 0.042478
vt 0.166813 0.071062
vt 0.164871 0.071447
vt 0.164328 0.074495
vt 0.166252 0.074105
vt 0.168251 0.104068
vt 0.166332 0.104009
vt 0.165632 0.103262
vt 0.167717 0.103245
vt 0.230044 0.041356
vt 0.205002 0.041246
vt 0.206772 0.102111
vt 0.231795 0.100704
vt 0.231884 0.101772
vt 0.206799 0.103188
vt 0.205327 0.073536
vt 0.229558 0.072341
vt 0.204898 0.070273
vt 0.229039 0.069765
vt 0.196457 0.102380
vt 0.170049 0.103178
vt 0.196463 0.103458
vt 0.170112 0.104257
vt 0.195328 0.073417
vt 0.168902 0.074153
vt 0.198277 0.041459
vt 0.201315 0.041284
vt 0.198246 0.070227
vt 0.201106 0.070483
vt 0.168121 0.042408
vt 0.194680 0.041507
vt 0.202056 0.073459
vt 0.199173 0.073210
vt 0.168980 0.070865
vt 0.194981 0.070142
vt 0.199956 0.102282
vt 0.202999 0.102172
vt 0.202345 0.103005
vt 0.199415 0.103151
vt 0.020017 0.076141
vt 0.039174 0.075525
vt 0.038853 0.078961
vt 0.019484 0.078812
vt 0.039110 0.107321
vt 0.018833 0.107481
vt 0.039162 0.108398
vt 0.018806 0.108549
vt 0.037086 0.046444
vt 0.016854 0.048329
vt 0.076366 0.074210
vt 0.075160 0.074021
vt 0.074334 0.045310
vt 0.075606 0.045170
vt 0.075891 0.077053
vt 0.077087 0.077245
vt 0.076917 0.106890
vt 0.075745 0.107032
vt 0.076248 0.106166
vt 0.077553 0.106087
vt 0.163165 0.103386
vt 0.080755 0.106039
vt 0.080778 0.107115
vt 0.163210 0.104461
vt 0.162183 0.074694
vt 0.079934 0.077306
vt 0.045695 0.107088
vt 0.046250 0.107950
vt 0.043461 0.108078
vt 0.042782 0.107242
vt 0.043487 0.046320
vt 0.040795 0.046288
vt 0.161288 0.042478
vt 0.078789 0.045077
vt 0.042911 0.075473
vt 0.045391 0.075040
vt 0.162191 0.071390
vt 0.079734 0.074003
vt 0.044766 0.078254
vt 0.041995 0.078542
vt 0.074306 0.077015
vt 0.074731 0.106252
vt 0.074494 0.107269
vt 0.072837 0.045407
vt 0.073735 0.073895
vt 0.078500 0.077376
vt 0.079123 0.106039
vt 0.078696 0.106993
vt 0.077177 0.045062
vt 0.077963 0.074243
vt 0.047399 0.107118
vt 0.047719 0.108111
vt 0.046524 0.078017
vt 0.040970 0.107230
vt 0.041478 0.108144
vt 0.040447 0.078881
vt 0.046997 0.074804
vt 0.041106 0.075618
vt 0.045264 0.046305
vt 0.038947 0.046310
vt 0.162545 0.042379
vt 0.163610 0.071534
vt 0.163274 0.074685
vt 0.164900 0.104220
vt 0.164417 0.103300
vt 0.167502 0.074015
vt 0.168891 0.103237
vt 0.169162 0.104244
vt 0.166965 0.042498
vt 0.167878 0.070874
vt 0.203686 0.073594
vt 0.204861 0.102131
vt 0.204455 0.103110
vt 0.197306 0.073208
vt 0.198195 0.102345
vt 0.197955 0.103369
vt 0.196491 0.041524
vt 0.196624 0.070088
vt 0.203155 0.041221
vt 0.202954 0.070482
vt 0.232629 0.100439
vt 0.233291 0.101031
vt 0.230363 0.071993
vt 0.230855 0.041594
vt 0.229748 0.069940
vt 0.017356 0.107892
vt 0.017982 0.107263
vt 0.018645 0.078515
vt 0.016077 0.048608
vt 0.019326 0.076348
vt 0.119633 0.403488
vt 0.119633 0.245052
vt 0.002405 0.245052
vt 0.002406 0.403488
vt 0.002406 0.562961
vt 0.119634 0.562961
vn -0.2298 -0.2855 -0.9304
vn 0.2298 -0.2855 -0.9304
vn 0.0000 1.0000 0.0000
vn 0.0000 -1.0000 -0.0000
vn 0.0035 0.0000 1.0000
vn -0.0035 0.0000 -1.0000
vn -0.0034 0.0000 -1.0000
vn 0.0034 0.0000 1.0000
vn -0.1650 -0.9863 0.0006
vn 0.0023 1.0000 -0.0000
vn 0.0024 1.0000 -0.0000
vn -0.0023 1.0000 -0.0000
vn -0.0024 1.0000 -0.0000
vn 0.0493 -0.5849 0.8096
vn 0.1159 -0.5079 0.8536
vn 0.0073 -0.4785 0.8781
vn 0.0275 0.9993 0.0240
vn 0.0542 0.9984 0.0171
vn 0.0759 0.9970 0.0155
vn 0.2366 -0.4541 0.8590
vn 0.9617 -0.1554 0.2257
vn 0.7060 -0.2825 0.6495
vn 0.9231 -0.1631 0.3481
vn 0.8610 -0.0647 0.5045
vn -0.1733 -0.9769 0.1247
vn -0.2379 -0.9398 0.2454
vn -0.3531 -0.9170 0.1858
vn 0.3823 -0.9228 0.0484
vn 0.3259 -0.9432 0.0651
vn 0.3379 -0.9404 -0.0379
vn 0.4379 -0.8802 -0.1830
vn 0.3149 -0.9097 -0.2706
vn -0.1262 -0.9484 0.2909
vn 0.6644 -0.3577 0.6562
vn 0.8449 -0.2542 0.4707
vn 0.8484 -0.1928 0.4930
vn -0.0908 -0.5867 0.8047
vn 0.1919 -0.6884 0.6995
vn 0.2059 -0.6211 0.7562
vn 0.1471 -0.9881 0.0446
vn 0.3091 -0.9506 0.0272
vn 0.2635 -0.9572 0.1194
vn 0.2004 -0.9585 0.2030
vn -0.1545 -0.9868 -0.0492
vn -0.2772 -0.9478 -0.1575
vn -0.1746 -0.9497 -0.2598
vn -0.3609 -0.9316 -0.0421
vn 0.5390 -0.8405 -0.0550
vn 0.2472 -0.6885 -0.6818
vn 0.3430 -0.6810 -0.6470
vn 0.3050 -0.8056 -0.5080
vn 0.5153 -0.8472 0.1292
vn 0.4517 -0.8641 0.2221
vn 0.5508 -0.8343 0.0246
vn -0.1419 -0.9811 -0.1314
vn -0.3918 -0.8288 -0.3995
vn -0.6705 -0.7334 -0.1119
vn -0.1076 -0.7651 -0.6348
vn -0.1419 0.9811 -0.1313
vn -0.3919 0.8288 -0.3994
vn -0.1076 0.7651 -0.6348
vn -0.6708 0.7331 -0.1118
vn 0.1066 -0.9872 -0.1186
vn 0.6274 -0.7705 -0.1124
vn 0.3763 -0.8402 -0.3905
vn 0.1003 -0.7690 -0.6314
vn 0.1066 0.9872 -0.1186
vn 0.3763 0.8402 -0.3905
vn 0.6273 0.7706 -0.1124
vn 0.1003 0.7689 -0.6315
vn -0.1394 -0.9802 0.1407
vn -0.3858 -0.8287 0.4055
vn -0.1029 -0.7628 0.6384
vn -0.6671 -0.7358 0.1164
vn -0.1394 0.9802 0.1406
vn -0.3858 0.8288 0.4054
vn -0.6673 0.7356 0.1165
vn -0.1030 0.7629 0.6383
vn 0.1081 -0.9863 0.1249
vn 0.3781 -0.8360 0.3977
vn 0.6237 -0.7744 0.1060
vn 0.1117 -0.7601 0.6401
vn 0.1080 0.9863 0.1249
vn 0.6235 0.7746 0.1060
vn 0.3782 0.8360 0.3976
vn 0.1118 0.7602 0.6400
vn -0.1421 -0.9811 -0.1313
vn -0.3920 -0.8290 -0.3990
vn -0.6707 -0.7333 -0.1117
vn -0.1077 -0.7655 -0.6344
vn -0.1421 0.9811 -0.1313
vn -0.3921 0.8289 -0.3989
vn -0.1077 0.7655 -0.6344
vn -0.6707 0.7333 -0.1116
vn 0.6274 -0.7706 -0.1124
vn 0.3763 -0.8402 -0.3906
vn 0.1002 -0.7688 -0.6315
vn 0.1065 0.9872 -0.1186
vn 0.3763 0.8401 -0.3906
vn 0.6275 0.7705 -0.1123
vn 0.1002 0.7688 -0.6316
vn -0.1395 -0.9802 0.1405
vn -0.3859 -0.8287 0.4054
vn -0.1030 -0.7632 0.6379
vn -0.6673 -0.7356 0.1166
vn -0.1395 0.9802 0.1404
vn -0.3859 0.8288 0.4053
vn -0.6672 0.7357 0.1167
vn -0.1031 0.7633 0.6378
vn 0.1079 -0.9863 0.1250
vn 0.3780 -0.8358 0.3981
vn 0.6238 -0.7744 0.1060
vn 0.1114 -0.7599 0.6405
vn 0.1079 0.9863 0.1249
vn 0.6238 0.7743 0.1061
vn 0.3781 0.8359 0.3980
vn 0.1115 0.7600 0.6403
vn -0.1420 -0.9811 -0.1313
vn -0.3916 -0.8290 -0.3992
vn -0.6704 -0.7335 -0.1119
vn -0.1077 -0.7654 -0.6345
vn -0.1420 0.9811 -0.1313
vn -0.3917 0.8290 -0.3991
vn -0.1076 0.7654 -0.6345
vn -0.6705 0.7335 -0.1118
vn 0.6274 -0.7706 -0.1123
vn 0.1002 -0.7688 -0.6316
vn 0.6276 0.7704 -0.1123
vn 0.1002 0.7687 -0.6317
vn -0.1395 -0.9802 0.1406
vn -0.3859 -0.8288 0.4053
vn -0.1030 -0.7633 0.6378
vn -0.6673 -0.7357 0.1165
vn -0.1395 0.9802 0.1405
vn -0.3859 0.8288 0.4052
vn -0.6672 0.7358 0.1165
vn -0.1030 0.7634 0.6377
vn 0.3781 -0.8357 0.3983
vn 0.6239 -0.7743 0.1059
vn 0.1113 -0.7595 0.6409
vn 0.6239 0.7743 0.1060
vn 0.3781 0.8357 0.3982
vn 0.1114 0.7596 0.6407
vn -0.3360 -0.3510 0.8740
vn 0.0811 0.9787 0.1884
vn 0.1644 0.9672 0.1936
vn 0.0082 0.9847 0.1743
vn -0.2775 -0.4313 0.8585
vn -0.2011 -0.3516 0.9143
vn -0.0493 -0.5849 0.8096
vn -0.0073 -0.4785 0.8781
vn -0.1159 -0.5079 0.8536
vn -0.0275 0.9993 0.0240
vn -0.0759 0.9970 0.0155
vn -0.0542 0.9984 0.0171
vn -0.2366 -0.4541 0.8590
vn -0.9617 -0.1554 0.2257
vn -0.9231 -0.1631 0.3481
vn -0.7060 -0.2825 0.6495
vn -0.8610 -0.0647 0.5045
vn 0.1733 -0.9769 0.1247
vn 0.3531 -0.9170 0.1858
vn 0.2379 -0.9398 0.2454
vn -0.3823 -0.9228 0.0484
vn -0.3379 -0.9404 -0.0379
vn -0.3259 -0.9432 0.0651
vn -0.4379 -0.8802 -0.1830
vn -0.3149 -0.9097 -0.2706
vn 0.1262 -0.9484 0.2909
vn -0.6644 -0.3577 0.6562
vn -0.8484 -0.1928 0.4930
vn -0.8449 -0.2542 0.4707
vn 0.0908 -0.5867 0.8047
vn -0.2059 -0.6211 0.7562
vn -0.1919 -0.6884 0.6995
vn -0.1471 -0.9881 0.0446
vn -0.2635 -0.9572 0.1194
vn -0.3091 -0.9506 0.0272
vn -0.2004 -0.9585 0.2030
vn 0.1545 -0.9868 -0.0492
vn 0.1746 -0.9497 -0.2598
vn 0.2771 -0.9478 -0.1576
vn 0.3609 -0.9316 -0.0421
vn -0.5390 -0.8405 -0.0550
vn -0.2472 -0.6885 -0.6818
vn -0.3050 -0.8056 -0.5080
vn -0.3430 -0.6810 -0.6470
vn -0.4517 -0.8641 0.2221
vn -0.5153 -0.8472 0.1292
vn -0.5508 -0.8343 0.0246
vn 0.3360 -0.3510 0.8740
vn -0.1644 0.9672 0.1936
vn -0.0811 0.9787 0.1884
vn -0.0082 0.9847 0.1743
vn 0.2775 -0.4313 0.8585
vn 0.2011 -0.3516 0.9143
vn 0.4535 0.3904 0.8012
vn 0.3588 0.7370 0.5728
vn 0.3277 0.7521 0.5719
vn 0.4037 0.3724 0.8356
vn 0.3626 -0.1394 0.9215
vn 0.4542 -0.0561 0.8891
vn -0.2705 0.4322 0.8602
vn -0.2217 -0.0300 0.9747
vn -0.0694 -0.1723 0.9826
vn -0.1671 0.3710 0.9135
vn -0.0914 0.7947 0.6001
vn -0.1804 0.7755 0.6050
vn -0.0353 0.9749 0.2199
vn -0.1085 0.8990 0.4242
vn -0.0318 0.9242 0.3806
vn 0.2889 0.8596 0.4214
vn 0.1897 0.9558 0.2248
vn 0.2628 0.8774 0.4014
vn 0.3488 -0.3435 0.8720
vn 0.9661 -0.1745 -0.1904
vn 0.9770 0.0930 -0.1920
vn -0.1038 -0.7280 0.6777
vn -0.5223 -0.4409 0.7299
vn -0.4425 -0.6297 0.6385
vn -0.8093 -0.2557 0.5288
vn -0.7556 -0.4516 0.4744
vn 0.1490 0.9882 0.0360
vn 0.1768 0.9837 -0.0333
vn 0.7636 0.6433 0.0553
vn 0.6908 0.7195 0.0720
vn 0.0333 0.4811 -0.8760
vn 0.0562 0.7689 -0.6369
vn 0.1650 0.7975 -0.5804
vn 0.1986 0.5073 -0.8385
vn -0.0319 0.9994 -0.0103
vn -0.0095 0.9999 -0.0103
vn 0.0334 0.9973 0.0657
vn -0.0679 0.9955 0.0665
vn 0.7653 0.4464 0.4638
vn 0.5552 0.7686 0.3176
vn 0.0062 0.1253 -0.9921
vn 0.2000 0.1340 -0.9706
vn 0.0649 0.8780 -0.4742
vn 0.0712 0.9577 -0.2787
vn 0.1116 0.9643 -0.2403
vn 0.1377 0.8990 -0.4158
vn -0.2939 0.9494 -0.1108
vn -0.1911 0.9719 0.1378
vn -0.1154 0.9932 0.0143
vn -0.1461 0.9886 -0.0369
vn -0.3085 -0.8696 0.3855
vn -0.1152 -0.8728 0.4743
vn -0.1112 -0.8100 0.5758
vn -0.3652 -0.7935 0.4868
vn -0.1295 0.7201 -0.6816
vn -0.0631 0.7083 -0.7031
vn -0.1270 0.9733 -0.1913
vn -0.2001 0.9665 -0.1610
vn -0.9186 -0.3951 0.0031
vn -0.8943 -0.4219 -0.1492
vn -0.7170 -0.6885 -0.1089
vn -0.7573 -0.6531 0.0023
vn 0.5927 0.7636 0.2560
vn 0.4780 0.8098 0.3402
vn -0.6136 -0.7051 0.3554
vn -0.5051 -0.8155 0.2825
vn 0.0232 0.9997 0.0009
vn 0.0091 0.9972 -0.0743
vn -0.1018 0.9923 0.0704
vn -0.1415 0.9890 0.0425
vn -0.9180 -0.3935 0.0500
vn -0.7557 -0.6538 0.0389
vn -0.1190 0.8785 0.4627
vn -0.1646 0.7689 0.6179
vn -0.9932 -0.1023 0.0558
vn -0.9949 -0.1013 0.0035
vn 0.9509 -0.0304 0.3081
vn 0.8996 0.0459 0.4342
vn 0.8562 0.2851 0.4310
vn 0.9278 0.2092 0.3088
vn 0.6723 -0.7373 0.0664
vn 0.5155 -0.8126 0.2721
vn 0.4028 -0.8912 0.2085
vn 0.5065 -0.8609 0.0484
vn -0.9791 -0.1084 -0.1719
vn -0.6736 0.7391 0.0025
vn -0.6722 0.7392 0.0406
vn -0.1152 0.9933 0.0119
vn -0.1185 0.9930 -0.0003
vn 0.5131 0.3651 0.7768
vn 0.1988 0.8117 0.5491
vn 0.2006 0.7773 0.5962
vn 0.4800 0.3359 0.8104
vn 0.5171 -0.5574 0.6495
vn 0.2429 -0.5024 0.8298
vn 0.3613 -0.8169 0.4496
vn 0.2978 -0.8848 0.3585
vn -0.9787 0.2053 0.0035
vn -0.9771 0.2052 0.0554
vn -0.6722 0.7392 0.0405
vn -0.8598 -0.3893 0.3305
vn -0.7119 -0.6510 0.2633
vn 0.4050 0.8859 0.2261
vn 0.4213 -0.7228 0.5478
vn 0.6819 -0.6376 0.3584
vn 0.8572 -0.3731 0.3549
vn 0.5923 -0.5794 0.5599
vn -0.0474 -0.4377 -0.8979
vn -0.0376 -0.7116 -0.7015
vn -0.2712 -0.7276 -0.6301
vn -0.3140 -0.4502 -0.8359
vn -0.0132 -0.1950 -0.9807
vn -0.0046 -0.1951 -0.9808
vn -0.0028 0.1254 -0.9921
vn 0.0028 0.1254 -0.9921
vn -0.0514 -0.1130 -0.9923
vn -0.3172 -0.1163 -0.9412
vn 0.9138 -0.4041 0.0401
vn 0.8757 -0.4721 0.1011
vn 0.7359 -0.6768 0.0180
vn 0.5869 -0.8071 0.0636
vn 0.7348 -0.6718 0.0934
vn 0.5692 -0.8221 0.0123
vn 0.9779 -0.1816 0.1034
vn 0.1559 0.9207 -0.3577
vn 0.0897 0.6868 -0.7213
vn 0.3045 0.4096 -0.8599
vn 0.3718 0.8344 -0.4068
vn 0.8880 -0.2257 0.4006
vn 0.9124 -0.2996 0.2788
vn 0.7077 0.6588 -0.2552
vn -0.9208 -0.1504 0.3599
vn -0.2800 0.2219 -0.9340
vn -0.0492 0.1953 -0.9795
vn 0.9913 -0.1174 0.0593
vn 0.5794 -0.8075 0.1106
vn 0.7465 -0.6392 0.1850
vn 0.2623 0.9562 0.1296
vn 0.2956 0.9545 -0.0398
vn 0.1334 0.9910 -0.0100
vn 0.1407 0.9892 0.0419
vn 0.4690 0.8802 -0.0733
vn 0.0425 0.8798 -0.4734
vn 0.0364 0.7701 -0.6369
vn -0.0184 -0.1951 -0.9806
vn 0.1688 -0.2264 -0.9593
vn 0.0650 -0.7499 -0.6583
vn -0.0565 -0.7058 -0.7062
vn -0.0566 -0.7058 -0.7062
vn -0.0361 -0.9736 -0.2256
vn -0.0799 -0.9845 -0.1559
vn -0.1936 -0.9702 0.1460
vn -0.3631 -0.7163 0.5958
vn -0.1641 -0.7137 0.6809
vn -0.0463 -0.9834 0.1756
vn -0.2383 -0.2032 0.9497
vn -0.0067 -0.7071 -0.7071
vn -0.0378 -0.7065 -0.7067
vn -0.0468 -0.9797 -0.1950
vn -0.0065 -0.9807 -0.1955
vn -0.0066 -0.7071 -0.7071
vn -0.6112 -0.7818 0.1235
vn -0.5901 -0.7779 0.2159
vn -0.7403 -0.6549 0.1521
vn 0.9421 -0.1623 0.2933
vn 0.9558 -0.0690 0.2858
vn 0.0809 -0.4326 -0.8980
vn 0.1097 -0.7099 -0.6957
vn -0.1320 0.7470 -0.6516
vn 0.0285 0.9736 -0.2263
vn 0.0008 0.9871 -0.1602
vn -0.0326 0.7052 -0.7083
vn 0.7170 -0.6279 0.3027
vn 0.9948 0.0446 0.0920
vn 0.7637 0.6433 0.0553
vn 0.9232 0.3174 0.2166
vn 0.0444 -0.1087 -0.9931
vn 0.0075 0.1972 -0.9803
vn -0.6213 0.7744 -0.1192
vn -0.9577 0.2301 -0.1728
vn -0.1961 0.7201 -0.6656
vn -0.0225 0.1962 -0.9803
vn 0.1343 0.2714 -0.9531
vn 0.2475 -0.0472 -0.9677
vn 0.0662 -0.0932 -0.9934
vn 0.8640 -0.4115 0.2900
vn 0.7986 -0.5867 -0.1346
vn -0.5519 -0.4946 0.6714
vn -0.6199 -0.7841 0.0296
vn -0.0176 -0.9998 0.0040
vn 0.1467 -0.9892 -0.0016
vn 0.1337 -0.9910 -0.0067
vn -0.0237 -0.9997 0.0069
vn 0.0024 0.7708 -0.6371
vn 0.0036 0.8805 -0.4741
vn -0.0610 0.9604 0.2719
vn -0.0065 0.9975 0.0709
vn 0.0048 0.9605 -0.2783
vn 0.0062 0.9975 -0.0702
vn 0.0424 0.9967 -0.0698
vn 0.0471 0.9593 -0.2784
vn 0.0701 0.9960 -0.0562
vn -0.6327 0.7269 0.2670
vn -0.6636 0.6570 0.3578
vn 0.6706 -0.7289 -0.1377
vn 0.8251 -0.5279 0.2014
vn 0.1060 -0.9944 -0.0026
vn 0.0865 -0.9957 -0.0326
vn -0.0002 0.4820 -0.8762
vn 0.0211 0.4816 -0.8761
vn 0.6524 0.7498 -0.1100
vn 0.8804 0.4453 -0.1630
vn -0.2511 0.1126 0.9614
vn -0.2242 0.4832 0.8463
vn 0.6184 0.5314 -0.5789
vn 0.7046 0.1411 -0.6954
vn 0.4338 0.8199 -0.3737
vn 0.3120 0.9162 -0.2512
vn 0.3794 -0.8127 -0.4423
vn 0.0589 -0.9888 -0.1371
vn 0.6703 -0.2709 -0.6908
vn 0.2053 0.9686 -0.1402
vn 0.0885 0.9928 -0.0805
vn 0.1193 0.9918 -0.0464
vn 0.4752 -0.8631 -0.1711
vn -0.2734 0.9434 -0.1876
vn -0.1078 0.7648 -0.6352
vn 0.9811 0.1733 0.0863
vn 0.9586 0.1660 -0.2312
vn 0.8454 0.4832 -0.2274
vn 0.8756 0.4757 0.0843
vn 0.0094 -0.9999 0.0100
vn 0.1716 -0.9851 0.0093
vn 0.9819 0.1771 0.0678
vn 0.6126 0.0624 0.7879
vn 0.5700 0.0502 0.8201
vn 0.3313 -0.3756 -0.8656
vn 0.1569 -0.4005 -0.9028
vn -0.1801 -0.9820 0.0565
vn -0.1790 -0.9835 0.0274
vn 0.1713 -0.7469 0.6424
vn 0.1431 -0.8190 0.5556
vn -0.1725 -0.9850 0.0033
vn 0.8498 -0.5056 -0.1491
vn 0.8671 -0.4950 0.0556
vn 0.7408 -0.6704 0.0415
vn 0.7250 -0.6804 -0.1066
vn 0.2186 -0.9742 -0.0569
vn 0.2625 -0.9631 0.0595
vn 0.7662 -0.5629 0.3099
vn 0.6596 -0.7169 0.2257
vn 0.6086 -0.5793 0.5422
vn 0.5485 -0.7343 0.3999
vn -0.9210 0.1425 0.3625
vn -0.8570 -0.0227 0.5148
vn -0.7183 0.2612 -0.6448
vn -0.7541 -0.1213 -0.6455
vn -0.4111 0.8066 -0.4248
vn -0.6213 0.7745 -0.1192
vn -0.0851 0.9959 -0.0304
vn -0.0568 0.9892 -0.1352
vn -0.6868 -0.4667 -0.5572
vn -0.5336 -0.7459 -0.3985
vn 0.5253 -0.7809 -0.3381
vn 0.5727 0.4404 -0.6915
vn 0.7069 0.0757 -0.7033
vn 0.4050 0.9015 -0.1528
vn 0.1677 0.8797 -0.4450
vn -0.1838 0.9731 -0.1390
vn 0.7353 -0.2953 -0.6100
vn 0.9623 -0.1802 -0.2039
vn 0.6319 -0.6330 -0.4472
vn 0.4520 0.8902 0.0573
vn 0.6113 -0.2729 0.7429
vn 0.6487 -0.2708 0.7112
vn 0.0195 -0.9998 0.0069
vn -0.1551 -0.9879 -0.0012
vn -0.0000 -0.9976 -0.0694
vn -0.5743 -0.8148 -0.0788
vn -0.6208 -0.7840 0.0009
vn 0.5079 -0.8348 0.2123
vn 0.4712 -0.8054 0.3596
vn 0.6343 -0.6213 0.4601
vn 0.3417 0.8028 0.4886
vn -0.0912 0.9855 0.1429
vn 0.5685 -0.5855 0.5779
vn 0.9824 -0.1707 0.0762
vn 0.6805 0.3524 0.6424
vn 0.2006 0.7774 0.5962
vn 0.5017 -0.7448 0.4400
vn 0.1194 -0.4198 -0.8998
vn 0.1829 -0.7039 -0.6863
vn 0.0553 -0.1011 -0.9933
vn 0.7599 0.0692 0.6464
vn -0.0076 0.1982 -0.9801
vn -0.1295 0.7201 -0.6817
vn 0.7735 -0.2511 0.5820
vn -0.4176 -0.8621 -0.2869
vn -0.2307 -0.8484 -0.4765
vn -0.6433 -0.1940 0.7406
vn 0.8753 -0.2343 0.4230
vn 0.8694 0.1290 0.4770
vn 0.3458 0.8833 0.3167
vn 0.7561 0.4572 0.4683
vn -0.0886 0.9904 0.1061
vn -0.1330 0.9717 0.1952
vn 0.1085 -0.8823 0.4579
vn -0.1293 0.8621 -0.4900
vn -0.1576 0.8204 -0.5497
vn 0.0733 0.5525 -0.8303
vn -0.2689 0.9374 -0.2213
vn -0.2879 0.9196 -0.2674
vn -0.3833 0.9210 0.0696
vn -0.3917 0.9189 0.0474
vn 0.1236 0.9904 0.0613
vn 0.6650 0.7276 0.1683
vn -0.1053 0.9937 0.0394
vn 0.0162 0.9999 -0.0033
vn -0.8981 -0.3962 0.1910
vn 0.9100 -0.3889 0.1437
vn -0.0289 -0.8351 -0.5494
vn 0.1242 -0.8330 -0.5392
vn -0.9714 -0.1085 0.2113
vn 0.9803 -0.0919 0.1747
vn -0.3991 -0.9056 0.1437
vn -0.6556 0.7394 0.1533
vn 0.9631 0.1956 0.1850
vn 0.0445 -0.9634 0.2643
vn -0.0100 -0.9970 0.0762
vn 0.2132 -0.8255 -0.5225
vn 0.2247 -0.9291 -0.2938
vn -0.9574 0.1980 0.2100
vn -0.2162 0.9725 -0.0868
vn -0.6029 0.7379 0.3034
vn -0.0545 0.9545 -0.2932
vn -0.6395 0.5790 0.5058
vn -0.5245 -0.0309 0.8508
vn -0.6961 0.0167 0.7178
vn 0.2939 0.1683 -0.9409
vn 0.8640 -0.4116 0.2899
vn 0.3471 -0.9378 0.0031
vn 0.3582 -0.9264 0.1163
vn 0.3785 -0.8988 0.2211
vn 0.1284 -0.9883 -0.0821
vn 0.1322 -0.9382 -0.3199
vn -0.3943 -0.9190 -0.0009
vn -0.4086 -0.9125 0.0167
vn 0.4229 -0.8697 0.2546
vn 0.1789 -0.9836 0.0234
vn 0.3821 -0.9231 0.0445
vn -0.0160 -0.9498 -0.3125
vn -0.4076 -0.9097 0.0798
vn 0.3796 -0.9249 0.0237
vn -0.5528 -0.7935 0.2544
vn -0.0858 -0.9963 -0.0002
vn 0.0291 0.9804 0.1949
vn -0.0406 0.9800 0.1949
vn -0.0658 0.9787 -0.1944
vn 0.0039 0.9808 -0.1952
vn 0.0736 0.9780 -0.1953
vn 0.0987 0.9761 0.1939
vn 0.0642 -0.1948 0.9787
vn 0.0750 -0.1946 0.9780
vn 0.0529 0.1951 0.9794
vn 0.0667 0.1945 0.9786
vn 0.0534 -0.1950 0.9793
vn 0.0804 0.1938 0.9777
vn -0.0627 -0.1949 -0.9788
vn -0.0601 0.1948 -0.9790
vn -0.0740 0.1946 -0.9781
vn -0.0519 -0.1951 -0.9794
vn -0.0734 -0.1946 -0.9781
vn -0.0463 0.1949 -0.9797
vn 0.0706 -0.9785 0.1937
vn 0.0165 -0.9807 0.1948
vn -0.0087 -0.9808 -0.1951
vn 0.0456 -0.9798 -0.1949
vn -0.0629 -0.9789 -0.1942
vn -0.0378 -0.9801 0.1949
vn 0.3256 0.9271 0.1857
vn 0.3101 0.9316 -0.1897
vn 0.3567 0.9161 -0.1830
vn 0.3502 0.9184 0.1841
vn -0.1070 -0.1669 0.9802
vn -0.0122 -0.1845 0.9828
vn 0.1147 0.1972 0.9736
vn 0.0640 0.2075 0.9761
vn -0.2868 -0.9392 0.1887
vn -0.4507 -0.8739 0.1821
vn -0.4527 -0.8742 -0.1754
vn -0.3044 -0.9344 -0.1851
vn -0.1055 -0.1786 -0.9783
vn 0.0644 0.1928 -0.9791
vn 0.0178 0.1935 -0.9809
vn -0.1122 -0.1885 -0.9756
vn -0.8073 -0.5555 -0.1991
vn -0.8101 -0.5541 0.1917
vn -0.9425 -0.2785 0.1848
vn -0.9406 -0.2789 -0.1934
vn -0.5300 -0.8264 0.1902
vn -0.5238 -0.8293 -0.1944
vn -0.1359 -0.1034 -0.9853
vn -0.1644 -0.0515 -0.9850
vn 0.2085 0.0652 -0.9758
vn 0.1801 0.1091 -0.9776
vn 0.1040 0.1685 -0.9802
vn -0.0879 -0.1578 -0.9836
vn 0.8214 0.5384 -0.1880
vn 0.9342 0.3042 -0.1863
vn 0.9311 0.3082 0.1951
vn 0.8130 0.5475 0.1980
vn 0.4460 0.8713 0.2048
vn 0.4654 0.8642 -0.1913
vn -0.1857 -0.0934 0.9782
vn 0.1266 0.1234 0.9843
vn 0.1602 0.0648 0.9850
vn -0.2136 -0.0526 0.9755
vn -0.1494 -0.1460 0.9779
vn 0.0420 0.1868 0.9815
vn 0.1007 -0.1765 0.9791
vn 0.1346 -0.0993 0.9859
vn 0.0029 0.2312 0.9729
vn 0.0491 0.2073 0.9770
vn 0.1310 -0.9734 -0.1881
vn 0.3642 -0.9196 -0.1472
vn 0.4223 -0.8856 0.1932
vn 0.1679 -0.9672 0.1909
vn -0.0934 0.1940 -0.9766
vn -0.1209 0.1768 -0.9768
vn 0.0476 -0.2100 -0.9765
vn -0.0342 -0.1953 -0.9801
vn -0.1496 0.9699 -0.1923
vn -0.1201 0.9740 0.1923
vn -0.3432 0.9224 0.1772
vn -0.3463 0.9185 -0.1909
vn -0.6990 0.7118 0.0687
vn -0.9288 0.3660 -0.0581
vn -0.8438 0.3437 -0.4121
vn -0.6362 0.7226 -0.2702
vn -0.9786 -0.1824 -0.0954
vn -0.8692 -0.2083 -0.4485
vn 0.3862 -0.2262 -0.8942
vn 0.2155 -0.2835 -0.9345
vn -0.0578 0.0319 -0.9978
vn 0.0523 -0.0854 -0.9950
vn 0.0290 -0.0658 -0.9974
vn 0.4175 0.0182 -0.9085
vn 0.6981 -0.6575 0.2835
vn 0.6613 -0.7493 -0.0360
vn 0.9170 -0.3909 0.0794
vn 0.8442 -0.3167 0.4325
vn 0.8744 0.1709 0.4540
vn 0.9738 0.1975 0.1126
vn -0.0286 0.0743 0.9968
vn -0.3642 0.2203 0.9049
vn -0.1664 0.2785 0.9459
vn 0.0834 0.0227 0.9963
vn -0.0201 0.0584 0.9981
vn -0.3899 -0.0226 0.9206
vn 0.1674 -0.0292 0.9855
vn -0.1900 0.0567 0.9802
vn 0.9444 -0.2405 0.2244
vn 0.9491 -0.2568 -0.1826
vn -0.1713 0.0299 -0.9848
vn 0.1764 -0.0618 -0.9824
vn -0.9590 0.2172 0.1819
vn -0.9539 0.2110 -0.2135
vn -0.0476 0.1924 0.9802
vn 0.1176 -0.1262 0.9850
vn -0.4294 0.8865 0.1724
vn -0.4395 0.8739 -0.2078
vn -0.1187 0.1245 -0.9851
vn 0.0367 -0.1992 -0.9793
vn 0.3960 -0.8946 0.2072
vn 0.3810 -0.9105 -0.1611
vn 0.0366 0.1491 0.9881
vn -0.0477 0.1924 0.9802
vn -0.0517 -0.2050 0.9774
vn -0.4294 0.8865 0.1723
vn 0.2621 0.9362 0.2342
vn 0.2659 0.9551 -0.1311
vn 0.0643 0.2007 -0.9775
vn -0.0558 -0.1347 -0.9893
vn 0.3809 -0.9105 -0.1611
vn -0.3152 -0.9172 -0.2436
vn -0.3106 -0.9427 0.1221
vn 0.6736 0.6517 0.3487
vn 0.7183 0.6954 0.0200
vn 0.0201 0.0667 0.9976
vn -0.2514 -0.2146 0.9438
vn -0.7374 -0.6750 -0.0249
vn -0.6848 -0.6411 -0.3465
vn 0.2830 0.1973 -0.9386
vn -0.0372 -0.0542 -0.9978
vn 0.9937 -0.0000 0.1118
vn 1.0000 0.0000 -0.0034
vn 0.3733 0.1436 -0.9165
vn 0.3733 -0.1436 -0.9165
vn 0.7051 -0.3425 -0.6209
vn 0.7051 0.3426 -0.6208
vn -0.9930 0.0000 0.1184
vn -1.0000 0.0000 0.0036
vn 0.7051 0.3426 -0.6209
vn 0.7051 -0.3425 -0.6208
vn 0.9052 -0.3510 -0.2395
vn 0.9052 0.3511 -0.2394
vn -0.9937 -0.0000 -0.1117
vn -0.9937 0.0001 -0.1117
vn -0.6927 -0.3513 -0.6299
vn -0.6927 0.3514 -0.6298
vn -0.9032 0.3577 -0.2371
vn -0.9032 -0.3576 -0.2372
vn 1.0000 0.0000 -0.0035
vn 0.9929 0.0000 -0.1187
vn -0.3599 -0.1405 -0.9224
vn -0.3599 0.1405 -0.9224
vn 0.4270 0.0861 0.9001
vn 0.4097 -0.2725 0.8706
vn 0.0147 -0.1960 0.9805
vn 0.0146 0.1957 0.9806
vn -0.6881 0.3514 0.6348
vn -0.6881 -0.3514 0.6348
vn -0.9016 -0.3577 0.2432
vn -0.9016 0.3578 0.2431
vn 0.0147 0.1960 0.9805
vn 0.4097 0.2724 0.8706
vn 0.4270 -0.0857 0.9002
vn -0.3532 0.1405 0.9249
vn -0.3532 -0.1405 0.9249
vn -0.6881 -0.3513 0.6349
vn 0.7091 -0.3429 0.6161
vn 0.7091 0.3430 0.6161
vn 0.9069 0.3511 0.2330
vn 0.9069 -0.3510 0.2332
vn -0.3696 -0.2689 0.8894
vn -0.3841 0.0951 0.9184
vn 0.3794 -0.1437 0.9140
vn 0.3794 0.1436 0.9140
vn -0.3841 -0.0953 0.9183
vn -0.3696 0.2689 0.8895
vn 0.1963 0.1907 -0.9618
vn 0.1963 -0.1907 -0.9618
vn 0.1857 -0.2576 -0.9482
vn 0.1858 0.2576 -0.9482
vn 0.9484 -0.2623 0.1779
vn 0.9484 0.2625 0.1780
vn 0.9472 0.2623 -0.1846
vn 0.9472 -0.2622 -0.1845
vn 0.2024 -0.1898 0.9607
vn 0.2024 0.1898 0.9607
vn 0.1932 0.2554 0.9473
vn 0.1932 -0.2553 0.9473
vn -0.2610 0.3091 0.9145
vn -0.2609 -0.3091 0.9145
vn -0.1777 -0.2764 0.9445
vn -0.1778 0.2764 0.9445
vn -0.9482 -0.2624 -0.1788
vn -0.9484 0.2620 -0.1788
vn -0.9471 0.2622 0.1852
vn -0.9470 -0.2626 0.1852
vn -0.1667 -0.2308 -0.9586
vn -0.1668 0.2308 -0.9586
vn -0.1854 0.2696 -0.9450
vn -0.1855 -0.2696 -0.9449
vn 0.1857 0.9626 0.1974
vn 0.1824 0.9653 -0.1866
vn -0.0058 0.9838 -0.1794
vn 0.0027 0.9846 -0.1746
vn -0.0058 -0.9838 -0.1794
vn 0.1824 -0.9654 -0.1866
vn 0.1857 -0.9626 0.1973
vn 0.0026 -0.9846 -0.1746
vn -0.1196 0.9503 -0.2874
vn -0.1307 0.9880 0.0820
vn -0.1306 -0.9880 0.0821
vn -0.1195 -0.9504 -0.2873
vn 0.9615 -0.1929 -0.1957
vn 0.9615 0.1929 -0.1957
vn 0.9631 0.1928 0.1877
vn 0.9631 -0.1928 0.1877
vn -0.5845 0.2306 -0.7780
vn -0.5845 -0.2306 -0.7780
vn -0.7655 -0.1705 -0.6204
vn -0.7655 0.1705 -0.6204
vn -0.0046 0.9827 0.1852
vn 0.1852 0.9646 0.1879
vn 0.1842 0.9630 -0.1968
vn 0.0046 0.9832 0.1823
vn 0.1841 -0.9630 -0.1967
vn 0.1850 -0.9646 0.1879
vn -0.0046 -0.9827 0.1852
vn 0.0046 -0.9833 0.1822
vn -0.1581 0.9824 -0.0994
vn -0.1441 0.9508 0.2743
vn -0.1441 -0.9508 0.2743
vn -0.1581 -0.9824 -0.0994
vn 0.9627 0.1930 0.1894
vn 0.9628 -0.1929 0.1894
vn 0.9618 -0.1928 -0.1946
vn 0.9618 0.1928 -0.1946
vn -0.7224 -0.2100 0.6588
vn -0.7224 0.2100 0.6588
vn -0.9243 0.1927 0.3295
vn -0.9243 -0.1926 0.3295
vn 0.1823 0.1917 -0.9644
vn 0.1823 -0.1917 -0.9644
vn -0.0068 -0.1964 -0.9805
vn -0.0068 0.1964 -0.9805
vn -0.0072 -0.1978 -0.9802
vn -0.0072 0.1980 -0.9802
vn 0.1894 -0.1923 0.9629
vn 0.1894 0.1923 0.9629
vn 0.0001 0.1959 0.9806
vn 0.0001 -0.1962 0.9806
vn 0.0018 0.1967 0.9805
vn 0.0017 -0.1969 0.9804
vn -0.0974 -0.2107 -0.9727
vn -0.0974 0.2108 -0.9727
vn -0.1154 0.1985 0.9733
vn -0.1154 -0.1984 0.9733
vn 0.3794 -0.1436 0.9140
vn 0.3210 -0.6827 0.6564
vn -1.0000 0.0000 0.0035
vn -0.9800 -0.0000 0.1988
vn -0.9801 0.0000 0.1985
vn 0.5436 -0.8010 0.2507
vn 0.0985 -0.9766 0.1911
vn 0.9756 0.0000 0.2195
vn 0.8175 0.0000 0.5760
vn 0.2503 0.0000 -0.9682
vn 0.3210 0.6829 0.6563
vn 0.9554 0.0000 -0.2954
vn 0.7696 0.0000 -0.6385
vn 0.0036 0.0000 1.0000
vn 0.2672 0.0000 0.9636
vn 0.2672 0.0000 0.9637
vn -0.9815 0.0000 -0.1915
vn 0.0983 0.9767 0.1909
vn 0.5435 0.8012 0.2506
vn 0.7090 0.3430 0.6162
vn 0.0016 -0.9808 -0.1949
vn -0.0870 -0.9775 -0.1921
vn 0.0078 0.1954 -0.9807
vn 0.0079 -0.1956 -0.9806
vn 0.4037 -0.2718 -0.8736
vn 0.4207 0.0856 -0.9032
vn 0.1298 -0.9773 -0.1675
vn 0.1260 -0.9888 0.0800
vn 0.6180 -0.7719 0.1488
vn 0.6440 -0.6967 -0.3159
vn -0.2869 -0.6873 0.6674
vn 0.8297 -0.5582 -0.0029
vn 0.9931 -0.1174 -0.0035
vn -0.0870 0.9775 -0.1920
vn 0.0016 0.9808 -0.1948
vn 0.4207 -0.0856 -0.9032
vn 0.4037 0.2719 -0.8736
vn 0.0078 0.1953 -0.9807
vn 0.0078 -0.1954 -0.9807
vn 0.1253 0.9889 -0.0805
vn 0.6167 0.7723 -0.1525
vn 0.6477 0.6931 0.3163
vn 0.1314 0.9768 0.1692
vn -0.2869 -0.6873 0.6673
vn -0.0868 -0.9774 0.1928
vn -0.5308 -0.8076 0.2570
vn -0.6882 -0.3514 0.6348
vn 0.8296 0.5583 -0.0029
vn 0.8297 0.5583 -0.0029
vn 0.9931 0.1174 -0.0035
vn 0.0758 -0.9784 -0.1925
vn 0.0962 -0.9766 -0.1921
vn -0.2868 0.6874 0.6672
vn -0.3905 0.0949 -0.9157
vn -0.3757 -0.2690 -0.8868
vn 0.0961 0.9767 -0.1920
vn 0.0758 0.9784 -0.1923
vn -0.2868 0.6875 0.6672
vn -0.5307 0.8077 0.2568
vn -0.0867 0.9774 0.1926
vn -0.3758 0.2686 -0.8869
vn -0.3905 -0.0954 -0.9156
vn 0.2462 0.6484 0.7204
vn 0.1291 0.6054 0.7854
vn 0.1821 0.9626 0.2008
vn 0.1703 0.1554 0.9731
vn 0.0035 0.0688 0.9976
vn 0.3166 -0.6822 -0.6591
vn 0.7530 0.2041 -0.6256
vn 0.9239 0.2502 -0.2896
vn 0.0102 0.4011 0.9160
vn 0.0034 -0.2135 0.9769
vn 0.1714 -0.2300 0.9580
vn 0.9238 -0.2503 -0.2896
vn 0.7530 -0.2042 -0.6256
vn 0.3167 -0.6821 -0.6591
vn 0.0971 -0.9766 -0.1918
vn 0.5419 -0.8010 -0.2546
vn -0.1927 -0.9625 -0.1911
vn -0.1950 -0.9808 0.0007
vn 0.3166 0.6823 -0.6589
vn -0.9631 -0.1922 -0.1885
vn -0.9808 -0.1952 0.0034
vn -0.1925 0.9625 -0.1910
vn -0.1950 0.9808 0.0007
vn -0.9808 0.1952 0.0034
vn -0.9631 0.1922 -0.1885
vn 0.5418 0.8011 -0.2544
vn 0.0971 0.9767 -0.1917
vn -0.0857 -0.9775 0.1927
vn 0.0030 -0.9808 0.1949
vn 0.0029 -0.9808 0.1948
vn 0.1729 -0.9810 0.0883
vn 0.1286 -0.7533 0.6450
vn 0.2350 -0.8334 0.5002
vn 0.1559 -0.9699 0.1873
vn 0.0030 0.9808 0.1947
vn -0.0856 0.9775 0.1926
vn 0.0029 0.9809 0.1946
vn 0.0131 -0.7193 0.6946
vn 0.1558 0.9699 0.1871
vn 0.0975 -0.9766 0.1915
vn 0.0772 -0.9784 0.1920
vn -0.1384 -0.9720 0.1901
vn 0.0771 0.9784 0.1918
vn 0.0975 0.9767 0.1914
vn -0.1383 0.9720 0.1899
vn 0.1793 0.9783 -0.1040
vn 0.1370 0.7443 -0.6537
vn 0.2316 0.8322 -0.5037
vn -0.0034 0.2088 -0.9780
vn 0.1679 0.2238 -0.9601
vn 0.9476 0.2356 0.2157
vn 0.8008 0.1991 0.5648
vn 0.0016 -0.9808 -0.1948
vn 0.1547 -0.9698 -0.1885
vn 0.0079 0.7166 -0.6975
vn 0.1667 -0.1522 -0.9742
vn -0.0035 -0.0694 -0.9976
vn 0.0016 0.9809 -0.1946
vn 0.8009 -0.1991 0.5648
vn 0.9476 -0.2356 0.2157
vn -0.1913 -0.9625 0.1925
vn 0.1546 0.9699 -0.1883
vn -0.9617 -0.1921 0.1954
vn -0.0881 -0.9774 -0.1922
vn -0.1398 -0.9719 -0.1893
vn -0.1912 0.9625 0.1923
vn -0.1397 0.9720 -0.1890
vn -0.0881 0.9774 -0.1921
vn -0.9617 0.1920 0.1954
vn -0.7851 0.6114 -0.0988
vn -0.7805 0.6149 0.1127
vn -0.9589 0.2487 0.1365
vn -0.9598 0.2420 -0.1421
vn -0.0782 0.9791 0.1878
vn -0.6223 0.7573 0.1982
vn -0.4522 0.8817 -0.1350
vn -0.0863 0.9806 -0.1758
vn -0.1917 0.0761 0.9785
vn -0.0954 0.1395 0.9856
vn 0.0940 -0.1895 0.9774
vn 0.2023 -0.1010 0.9741
vn 0.1827 0.1658 0.9691
vn -0.0056 -0.1979 0.9802
vn 0.2629 -0.9470 0.1845
vn 0.2544 -0.9467 -0.1977
vn 0.7933 -0.5811 -0.1819
vn 0.7988 -0.5794 0.1618
vn -0.2880 -0.9473 0.1401
vn -0.2913 -0.9402 -0.1765
vn -0.2679 0.0638 -0.9613
vn 0.1310 -0.1066 -0.9856
vn 0.0317 -0.1815 -0.9829
vn -0.1586 0.1478 -0.9762
vn -0.0836 -0.1966 -0.9769
vn 0.1308 0.1797 -0.9750
vn -0.0053 0.9808 -0.1951
vn 0.0644 0.9787 -0.1947
vn 0.0419 0.9799 0.1952
vn -0.0300 0.9804 0.1949
vn -0.0993 0.9759 0.1944
vn -0.0750 0.9780 -0.1948
vn -0.0678 -0.1949 0.9785
vn -0.0702 0.1943 0.9784
vn -0.0460 0.1950 0.9797
vn -0.0681 -0.1946 0.9785
vn -0.0569 -0.1951 0.9791
vn -0.0840 0.1937 0.9775
vn 0.0558 -0.1947 -0.9793
vn 0.0450 -0.1947 -0.9798
vn 0.0671 0.1942 -0.9787
vn 0.0533 0.1947 -0.9794
vn 0.0666 -0.1945 -0.9786
vn 0.0394 0.1950 -0.9800
vn 0.0074 -0.9807 -0.1952
vn -0.0172 -0.9806 0.1952
vn -0.0693 -0.9785 0.1944
vn -0.0470 -0.9798 -0.1944
vn 0.0617 -0.9789 -0.1948
vn 0.0371 -0.9801 0.1950
vn -0.1920 0.9623 0.1928
vn -0.2625 0.9460 0.1904
vn -0.2675 0.9448 -0.1893
vn -0.1836 0.9640 -0.1926
vn 0.0238 -0.1897 0.9815
vn 0.0187 -0.1816 0.9832
vn 0.1688 0.1721 0.9705
vn -0.0458 0.1973 0.9793
vn 0.1697 -0.9666 0.1919
vn 0.1808 -0.9645 -0.1923
vn -0.1611 -0.9684 -0.1902
vn -0.1621 -0.9745 0.1554
vn 0.0785 -0.1918 -0.9783
vn 0.0054 0.1947 -0.9808
vn 0.1331 0.1687 -0.9766
vn -0.0367 -0.1931 -0.9805
vn 0.9472 -0.2771 -0.1612
vn 0.9393 -0.2790 -0.1997
vn 0.9438 -0.2786 0.1780
vn 0.9502 -0.2751 0.1461
vn 0.1725 -0.0567 -0.9834
vn -0.2296 0.0639 -0.9712
vn -0.2159 0.0655 -0.9742
vn 0.1580 -0.0517 -0.9861
vn -0.9430 0.2869 -0.1688
vn -0.9416 0.2943 0.1637
vn -0.9297 0.3081 0.2019
vn -0.9359 0.3043 -0.1773
vn 0.2382 -0.0470 0.9701
vn 0.2202 -0.0525 0.9740
vn -0.1526 0.0645 0.9862
vn -0.1608 0.0759 0.9841
vn 0.9108 0.4069 0.0691
vn 0.9045 0.4119 -0.1106
vn -0.0938 -0.1763 0.9798
vn -0.0423 0.2073 0.9774
vn 0.0039 0.2312 0.9729
vn -0.1275 -0.0990 0.9869
vn -0.1324 -0.9734 -0.1871
vn -0.1665 -0.9671 0.1921
vn -0.4209 -0.8856 0.1964
vn -0.3653 -0.9196 -0.1442
vn 0.0865 0.1936 -0.9773
vn 0.0275 -0.1949 -0.9804
vn -0.0543 -0.2099 -0.9762
vn 0.1140 0.1766 -0.9777
vn 0.1482 0.9699 -0.1931
vn 0.3449 0.9185 -0.1933
vn 0.3445 0.9224 0.1744
vn 0.1215 0.9740 0.1915
vn 0.6998 0.7117 0.0607
vn 0.6340 0.7217 -0.2777
vn 0.8380 0.3420 -0.4252
vn 0.9281 0.3653 -0.0721
vn 0.9769 -0.1825 -0.1111
vn 0.8621 -0.2078 -0.4623
vn -0.3924 -0.2261 -0.8916
vn -0.0593 -0.0854 -0.9946
vn 0.0508 0.0318 -0.9982
vn -0.2219 -0.2834 -0.9330
vn -0.4239 0.0183 -0.9055
vn -0.0358 -0.0659 -0.9972
vn -0.6953 -0.6567 0.2921
vn -0.8378 -0.3151 0.4460
vn -0.9158 -0.3904 0.0944
vn -0.6616 -0.7493 -0.0277
vn -0.8671 0.1709 0.4679
vn -0.9717 0.1980 0.1287
vn 0.0357 0.0744 0.9966
vn -0.0762 0.0229 0.9968
vn 0.1727 0.2784 0.9448
vn 0.3701 0.2201 0.9026
vn 0.4488 -0.0466 0.8924
vn 0.0275 0.0582 0.9979
vn 0.1966 0.0567 0.9788
vn -0.1602 -0.0293 0.9866
vn -0.9427 -0.2404 0.2314
vn -0.9509 -0.2565 -0.1730
vn -0.1835 -0.0617 -0.9811
vn 0.1646 0.0299 -0.9859
vn 0.9603 0.2172 0.1751
vn 0.9524 0.2109 -0.2200
vn 0.0544 0.1923 0.9798
vn -0.1107 -0.1261 0.9858
vn 0.4306 0.8866 0.1691
vn 0.4380 0.8738 -0.2113
vn 0.1118 0.1245 -0.9859
vn -0.0435 -0.1993 -0.9790
vn -0.3945 -0.8945 0.2104
vn -0.3821 -0.9105 -0.1579
vn -0.0295 0.1489 0.9884
vn 0.0586 -0.2051 0.9770
vn -0.2667 0.9554 -0.1272
vn -0.2600 0.9357 0.2383
vn -0.0712 0.2009 -0.9770
vn 0.0489 -0.1350 -0.9896
vn 0.3116 -0.9430 0.1172
vn 0.3133 -0.9166 -0.2486
vn -0.6693 0.6505 0.3591
vn -0.7177 0.6957 0.0313
vn -0.0127 0.0664 0.9977
vn 0.3084 -0.2431 0.9197
vn 0.0587 -0.2051 0.9770
vn 0.7373 -0.6746 -0.0367
vn 0.6808 -0.6393 -0.3574
vn 0.3133 -0.9166 -0.2485
vn -0.2898 0.1975 -0.9365
vn 0.0304 -0.0543 -0.9981
vn -0.0007 -0.9809 -0.1947
vn -0.0341 -0.9804 -0.1941
vn -0.0327 -0.9804 0.1943
vn 0.0007 -0.9809 0.1947
vn -0.1661 -0.1920 -0.9672
vn -0.0034 -0.1941 -0.9810
vn -0.0034 0.1945 -0.9809
vn -0.1661 0.1921 -0.9672
vn -0.0007 0.9809 -0.1947
vn 0.0007 0.9809 0.1947
vn -0.0327 0.9804 0.1943
vn -0.0341 0.9804 -0.1941
vn -0.1594 0.1927 0.9682
vn 0.0034 0.1949 0.9808
vn 0.0034 -0.1952 0.9807
vn -0.1593 -0.1929 0.9682
vn 0.1323 -0.1929 -0.9723
vn -0.1444 -0.1926 -0.9706
vn -0.1444 0.1929 -0.9705
vn 0.1321 0.1976 -0.9713
vn 0.3807 0.1906 -0.9048
vn 0.3807 -0.1864 -0.9057
vn 0.9672 -0.1905 -0.1679
vn 0.9672 0.1908 -0.1679
vn 0.9685 0.1907 0.1602
vn 0.9686 -0.1904 0.1601
vn -0.1376 0.1933 0.9714
vn -0.1376 -0.1933 0.9714
vn 0.1389 -0.1974 0.9704
vn 0.1392 0.1933 0.9712
vn 0.3858 -0.1904 0.9027
vn 0.3858 0.1863 0.9036
vn -0.0297 0.9805 -0.1941
vn -0.0283 0.9805 0.1943
vn -0.0297 -0.9805 -0.1941
vn -0.0283 -0.9805 0.1943
vn 0.0264 0.9809 -0.1929
vn 0.0277 0.9809 0.1927
vn 0.2332 0.9551 0.1828
vn 0.2320 0.9551 -0.1844
vn 0.0264 -0.9809 -0.1929
vn 0.2320 -0.9551 -0.1844
vn 0.2332 -0.9551 0.1828
vn 0.0277 -0.9809 0.1927
vn -0.7043 0.0000 0.7099
vn -0.6907 0.1959 0.6961
vn -0.1914 0.0000 0.9815
vn -0.1883 0.1914 0.9633
vn -0.6925 0.6936 0.1984
vn -0.7070 0.7072 0.0025
vn 0.2532 0.6963 0.6716
vn -0.1936 0.6932 0.6942
vn 0.3312 0.0902 0.9392
vn -0.1883 -0.1915 0.9633
vn -0.1911 0.0000 0.9816
vn -0.6907 -0.1959 0.6961
vn -0.1937 -0.6931 0.6943
vn 0.2534 -0.6959 0.6720
vn 0.3312 -0.0898 0.9393
vn -0.7070 -0.7072 0.0025
vn -0.6926 -0.6935 0.1985
vn 0.5209 0.0000 0.8536
vn 0.5113 -0.1929 0.8375
vn 0.1389 0.0000 0.9903
vn 0.1371 -0.1923 0.9717
vn 0.5733 -0.6779 0.4602
vn 0.6501 -0.7529 0.1024
vn 0.1659 -0.9488 0.2689
vn 0.1876 -0.9587 -0.2140
vn 0.9134 -0.1857 -0.3622
vn 0.8536 0.0000 -0.5209
vn 0.7776 -0.2857 -0.5602
vn -0.2250 -0.6986 0.6792
vn 0.1487 -0.6748 0.7229
vn -0.2973 -0.0990 0.9496
vn -0.0676 -0.9789 0.1929
vn 0.2408 -0.6535 -0.7175
vn 0.1363 -0.6004 -0.7880
vn 0.0034 -0.4090 -0.9125
vn 0.1373 0.1991 0.9703
vn 0.5113 0.1928 0.8375
vn 0.1483 0.6800 0.7180
vn -0.2243 0.7038 0.6741
vn -0.2979 0.1062 0.9487
vn -0.0676 0.9789 0.1928
vn 0.1658 0.9488 0.2687
vn 0.8538 0.0000 -0.5206
vn 0.9134 0.1856 -0.3622
vn 0.7776 0.2856 -0.5602
vn 0.6501 0.7530 0.1025
vn 0.5733 0.6780 0.4601
vn 0.0106 0.7093 0.7048
vn 0.3229 0.6828 0.6554
vn 0.3231 -0.6824 0.6557
vn 0.0105 -0.7094 0.7047
vn -0.2881 0.6874 0.6667
vn -0.2881 -0.6875 0.6666
vn -0.1954 0.1920 -0.9617
vn -0.1986 0.0000 -0.9801
vn -0.7097 0.0000 -0.7045
vn -0.6959 0.1963 -0.6908
vn 0.3246 0.0901 -0.9415
vn -0.1986 0.6936 -0.6924
vn 0.2485 0.6964 -0.6733
vn -0.6938 0.6937 -0.1935
vn -0.6958 -0.1964 -0.6908
vn -0.1954 -0.1921 -0.9617
vn -0.6939 -0.6936 -0.1936
vn 0.3247 -0.0901 -0.9415
vn 0.2486 -0.6962 -0.6734
vn -0.1986 -0.6936 -0.6925
vn 0.1204 -0.2041 -0.9715
vn 0.1216 0.0000 -0.9926
vn 0.4793 0.0000 -0.8777
vn 0.4698 -0.1975 -0.8604
vn 0.1328 -0.6819 -0.7193
vn -0.2285 -0.7056 -0.6707
vn -0.3045 -0.1091 -0.9462
vn -0.0689 -0.9789 -0.1925
vn 0.1560 -0.9468 -0.2815
vn 0.8774 0.0000 0.4797
vn 0.9276 -0.2040 0.3130
vn 0.7897 -0.3092 0.5299
vn 0.6224 -0.7674 -0.1541
vn 0.5366 -0.6790 -0.5010
vn 0.4698 0.1974 -0.8604
vn 0.1201 0.1945 -0.9735
vn 0.5366 0.6791 -0.5009
vn 0.6224 0.7674 -0.1542
vn 0.1559 0.9469 -0.2813
vn 0.9276 0.2040 0.3131
vn 0.7897 0.3091 0.5300
vn -0.2295 0.6983 -0.6780
vn 0.1332 0.6747 -0.7260
vn -0.3037 0.0985 -0.9477
vn -0.0689 0.9789 -0.1923
vn 0.3184 0.6824 -0.6580
vn 0.0056 0.7091 -0.7050
vn 0.0057 -0.7091 -0.7051
vn 0.3184 -0.6823 -0.6580
vn -0.2928 0.6872 -0.6648
vn -0.2927 -0.6874 -0.6647
vn -0.1913 0.0000 0.9815
vn -0.5794 0.5775 -0.5751
vn -0.5752 0.5771 0.5797
vn -0.5794 -0.5775 -0.5751
vn -0.5753 -0.5773 0.5794
vn 0.4342 0.5527 0.7113
vn 0.3983 0.5563 -0.7293
vn 0.4342 -0.5527 0.7113
vn 0.3983 -0.5562 -0.7294
vn 0.5329 -0.7261 -0.4346
vn 0.6042 -0.3675 -0.7070
vn 0.7776 -0.2856 -0.5602
vn 0.5329 0.7261 -0.4345
vn 0.6043 0.3674 -0.7070
vn 0.2459 -0.7750 0.5822
vn 0.3381 -0.2399 0.9100
vn 0.5129 -0.7577 0.4035
vn 0.6221 -0.7793 0.0753
vn 0.5130 0.7577 0.4035
vn 0.3381 0.2399 0.9100
vn 0.0057 0.7092 -0.7050
vn -0.2915 0.6872 -0.6654
vn -0.2915 -0.6874 -0.6653
vn -0.6927 -0.3514 -0.6299
vn -0.5325 -0.8075 -0.2536
vn 0.0057 -0.7093 -0.7049
vn 0.0057 -0.7092 -0.7049
vn -0.5325 0.8076 -0.2535
vn -0.6927 0.3515 -0.6298
vn 0.0106 0.7097 0.7045
vn 0.0106 0.7097 0.7044
vn 0.0106 -0.7096 0.7046
vn 0.0040 0.7121 0.7021
vn -0.1228 0.6821 0.7209
vn -0.4473 0.2032 0.8710
vn -0.4473 -0.2032 0.8710
vn 0.0040 -0.7123 0.7019
vn -0.1229 -0.6820 0.7209
vn -0.0031 -0.7150 -0.6991
vn -0.0996 -0.6938 -0.7132
vn -0.3537 -0.2249 -0.9079
vn -0.3537 0.2250 -0.9079
vn -0.0030 0.7151 -0.6990
vn -0.0072 0.1979 -0.9802
vn -0.0996 0.6938 -0.7133
vn -0.0019 0.7096 0.7046
vn -0.0018 -0.7098 0.7044
vn 0.1911 -0.6944 0.6937
vn 0.6930 -0.1972 0.6934
vn 0.6930 0.1971 0.6934
vn 0.1912 0.6944 0.6938
vn 0.1894 0.1922 0.9629
vn -0.0070 -0.7110 -0.7032
vn -0.0070 0.7111 -0.7031
vn 0.1861 0.6941 -0.6954
vn 0.1824 0.1917 -0.9644
vn 0.6883 0.1968 -0.6983
vn 0.6883 -0.1969 -0.6982
vn 0.1860 -0.6942 -0.6953
vn -0.6533 -0.7353 0.1800
vn -0.5125 -0.6876 0.5143
vn -0.5125 0.6877 0.5142
vn -0.6533 0.7353 0.1800
vn -0.9544 0.1165 -0.2747
vn -0.9545 -0.1165 -0.2747
vn -0.8246 -0.2432 -0.5107
vn -0.8247 0.2432 -0.5107
vn 0.6915 0.6958 0.1941
vn 0.6902 0.6956 -0.1992
vn 0.6914 -0.6959 0.1941
vn 0.6902 -0.6956 -0.1993
vn 0.6939 -0.1963 -0.6928
vn 0.6938 0.1963 -0.6929
vn -0.1095 -0.7499 -0.6524
vn -0.1095 0.7500 -0.6524
vn -0.1854 0.2696 -0.9449
vn 0.1934 -0.6929 -0.6946
vn 0.1934 0.6929 -0.6947
vn -0.5148 0.7341 -0.4429
vn -0.4109 0.7033 -0.5801
vn -0.4108 -0.7034 -0.5800
vn -0.5147 -0.7342 -0.4428
vn -0.9948 -0.0829 -0.0587
vn -0.9948 0.0829 -0.0586
vn -0.8126 0.2851 0.5084
vn -0.8125 -0.2851 0.5085
vn 0.6891 -0.6970 -0.1981
vn 0.6903 -0.6967 0.1949
vn 0.6891 0.6970 -0.1982
vn 0.6903 0.6968 0.1950
vn 0.6983 0.1961 0.6884
vn 0.6984 -0.1961 0.6884
vn -0.1686 -0.8092 0.5628
vn -0.1687 0.8093 0.5627
vn -0.1777 0.2765 0.9445
vn 0.1998 -0.6922 0.6935
vn 0.9484 0.2624 0.1780
vn 0.1998 0.6921 0.6936
vn -0.6656 0.3415 -0.6636
vn -0.6656 -0.3416 -0.6636
vn -0.6604 0.3403 0.6694
vn -0.6604 -0.3402 0.6694
vn 0.6689 0.3390 0.6616
vn 0.6689 -0.3390 0.6616
vn 0.6638 0.3406 -0.6658
vn 0.6638 -0.3406 -0.6658
vn -0.2939 0.5954 -0.7477
vn -0.3768 0.5668 0.7326
vn -0.2939 -0.5955 -0.7477
vn -0.3768 -0.5667 0.7327
vn 0.5713 0.5793 -0.5814
vn 0.5751 0.5795 0.5775
vn 0.6930 0.1972 0.6934
vn 0.5750 -0.5795 0.5775
vn 0.5712 -0.5794 -0.5815
vn -0.2200 -0.7795 -0.5865
vn -0.3291 -0.2407 -0.9131
vn -0.5649 -0.7137 -0.4141
vn -0.7057 -0.7061 -0.0588
vn -0.7057 0.7061 -0.0589
vn -0.5649 0.7137 -0.4141
vn -0.3291 0.2406 -0.9131
vn -0.2200 0.7795 -0.5865
vn 0.5746 0.5785 -0.5789
vn 0.5746 -0.5786 -0.5789
vn -0.6655 0.3415 -0.6636
vn -0.6675 -0.1836 -0.7216
vn -0.8597 -0.0962 -0.5016
vn -0.3283 -0.8604 0.3897
vn -0.5158 -0.3640 0.7755
vn -0.3286 0.8605 0.3894
vn -0.5160 0.3641 0.7754
vn -0.6675 0.1835 -0.7217
vn -0.8597 0.0962 -0.5016
vn 0.5784 0.5785 0.5751
vn 0.5784 -0.5786 0.5751
vn -0.6604 0.3402 0.6694
vn -0.1053 -0.7059 -0.7005
vn 0.0957 -0.7062 -0.7015
vn -0.1003 -0.7064 0.7006
vn 0.1000 -0.7095 0.6976
vn 0.3334 -0.6777 -0.6553
vn 0.7107 -0.6808 -0.1774
vn 0.7121 -0.6807 0.1720
vn 0.3364 -0.6809 0.6506
vn 0.1006 0.7065 0.7005
vn -0.1003 0.7064 0.7007
vn 0.1006 0.7065 0.7006
vn -0.1003 0.7064 0.7006
vn -0.1053 0.7061 -0.7002
vn 0.0951 0.7095 -0.6982
vn -0.1161 0.7052 0.6995
vn -0.1161 0.7051 0.6995
vn -0.1161 -0.7053 0.6994
vn 0.3373 0.6778 0.6533
vn 0.7119 0.6809 0.1720
vn 0.7105 0.6809 -0.1774
vn 0.3325 0.6809 -0.6526
vn 0.3325 0.6809 -0.6525
vn -0.1210 -0.7046 -0.6992
vn -0.1210 0.7046 -0.6992
vn -0.1210 0.7047 -0.6991
vn 0.7728 -0.1875 0.6063
vn 0.7728 0.1875 0.6063
vn 0.7688 0.1874 -0.6114
vn 0.7688 -0.1874 -0.6115
vn 0.7688 -0.1874 -0.6114
vn 0.0024 0.7073 0.7069
vn 0.0024 -0.7075 0.7067
vn -0.0025 0.7070 -0.7072
vn -0.0025 0.7069 -0.7073
vn -0.0025 -0.7067 -0.7075
vn 0.6546 0.5547 0.5136
vn 0.6546 0.5548 0.5135
vn 0.6546 -0.5548 0.5135
vn 0.6513 0.5545 -0.5180
vn 0.6513 0.5545 -0.5179
vn 0.6514 -0.5545 -0.5178
vn -0.6274 0.5536 -0.5476
vn -0.8688 0.1463 -0.4731
vn 0.4491 -0.4104 -0.7936
vn 0.4878 -0.1636 -0.8575
vn 0.4492 -0.4104 -0.7936
vn 0.4879 -0.1636 -0.8575
vn 0.8842 -0.1491 0.4427
vn 0.6477 -0.5772 0.4974
vn -0.4213 0.4238 0.8018
vn -0.4969 0.1265 0.8585
vn -0.1080 0.7000 -0.7060
vn -0.0214 0.7066 -0.7073
vn -0.1101 0.7022 0.7035
vn -0.1415 0.6994 0.7006
vn -0.0119 -0.7072 0.7070
vn 0.1162 -0.6967 0.7079
vn 0.1562 -0.6947 -0.7021
vn 0.0771 -0.7048 -0.7052
vn -0.2045 0.6997 -0.6845
vn 0.2241 -0.6288 -0.7446
vn 0.2089 -0.6991 0.6839
vn -0.1745 0.6531 0.7369
vn -0.2569 -0.6696 -0.6969
vn -0.2569 -0.6696 -0.6968
vn -0.3069 -0.6008 0.7381
vn 0.3274 0.5874 -0.7401
vn 0.2921 0.6424 0.7086
vn -0.6682 -0.1929 -0.7186
vn -0.6401 -0.1531 0.7529
vn 0.6564 0.1442 -0.7405
vn 0.6870 0.1656 0.7076
vn -0.0025 0.7072 0.7070
vn 0.0448 0.7161 0.6965
vn 0.0790 0.7047 -0.7051
vn 0.1410 0.6987 -0.7013
vn 0.1410 0.6988 -0.7013
vn -0.1634 -0.6830 0.7119
vn -0.0826 -0.7046 0.7048
vn -0.0012 -0.7070 -0.7072
vn -0.0663 -0.7087 -0.7023
vn 0.6977 -0.1993 0.6882
vn 0.6688 -0.2009 -0.7158
vn -0.6909 0.2226 -0.6879
vn -0.6909 0.2225 -0.6879
vn -0.6579 0.2277 0.7178
vn 0.5672 -0.4115 -0.7134
vn 0.7051 -0.2086 -0.6777
vn 0.7304 -0.1991 0.6533
vn 0.6024 -0.4065 0.6869
vn 0.2866 0.6613 -0.6932
vn 0.4237 0.4956 -0.7582
vn 0.4236 0.4956 -0.7582
vn 0.2205 0.6960 0.6833
vn 0.5215 0.5919 0.6146
vn -0.7606 0.1916 -0.6203
vn -0.7094 0.2147 -0.6713
vn -0.7094 0.2147 -0.6712
vn -0.2653 -0.7003 -0.6627
vn -0.5147 -0.6446 -0.5654
vn -0.7428 0.2124 0.6349
vn -0.6927 0.2358 0.6816
vn -0.3546 -0.5737 0.7383
vn -0.4979 -0.3770 0.7810
vn -0.4926 -0.1588 0.8557
vn 0.7803 0.3552 0.5147
vn -0.7789 -0.3779 -0.5005
vn 0.4685 0.1811 -0.8647
vn 0.7965 0.3436 0.4975
vn 0.5707 0.6342 0.5216
vn 0.6942 0.6914 0.2002
vn 0.4304 0.5951 0.6786
vn 0.3720 0.6094 0.7001
vn 0.6810 0.6963 -0.2268
vn 0.5496 0.6388 -0.5385
vn 0.7732 0.3519 -0.5275
vn 0.4026 0.6066 -0.6855
vn 0.3530 0.6046 -0.7140
vn -0.1003 -0.7102 0.6968
vn -0.1922 -0.7208 0.6660
vn -0.1237 -0.6929 -0.7103
vn -0.2305 -0.6939 -0.6822
vn 0.0944 0.5917 -0.8006
vn 0.1047 0.5901 0.8005
vn -0.0511 -0.7064 0.7060
vn 0.0380 -0.7065 -0.7067
vn 0.0289 0.7067 -0.7069
vn -0.0602 0.7057 0.7059
vn 0.1673 0.6062 -0.7775
vn -0.4743 0.5223 -0.7087
vn 0.2863 0.9315 -0.2243
vn -0.4345 0.8680 -0.2402
vn 0.1733 -0.6801 -0.7123
vn -0.7785 0.5808 -0.2381
vn 0.2131 -0.6839 0.6978
vn -0.4356 0.5222 0.7332
vn 0.1896 0.5862 0.7877
vn -0.4246 0.8694 0.2528
vn 0.3013 0.9313 0.2045
vn -0.6223 0.7572 0.1982
vn -0.4937 -0.1635 -0.8541
vn -0.4545 -0.4102 -0.7907
vn 0.6235 0.5536 -0.5521
vn 0.8654 0.1462 -0.4792
vn -0.8520 -0.1266 0.5080
vn -0.6085 -0.5630 0.5593
vn 0.4271 0.4241 0.7986
vn 0.5030 0.1266 0.8550
vn 0.2632 0.6742 0.6900
vn 0.1075 0.7025 0.7035
vn 0.0165 0.7066 -0.7074
vn 0.2007 0.6817 -0.7035
vn 0.2007 0.6817 -0.7036
vn -0.1841 -0.6831 0.7067
vn 0.0094 -0.7071 0.7071
vn -0.0820 -0.7050 -0.7045
vn -0.2524 -0.6751 -0.6932
vn -0.2292 -0.6285 -0.7432
vn 0.1997 0.6998 -0.6858
vn -0.2040 -0.6990 0.6854
vn 0.1798 0.6533 0.7354
vn 0.3121 -0.6010 0.7358
vn 0.2520 -0.6695 -0.6988
vn -0.3326 0.5875 -0.7377
vn -0.2872 0.6425 0.7105
vn 0.6457 -0.1525 0.7482
vn 0.6612 -0.1930 -0.7250
vn 0.2521 -0.6694 -0.6988
vn -0.6610 0.1443 -0.7363
vn -0.6823 0.1657 0.7120
vn -0.2872 0.6425 0.7104
vn -0.1459 0.6989 -0.7002
vn -0.0839 0.7049 -0.7044
vn -0.0839 0.7048 -0.7044
vn 0.0074 0.7073 0.7069
vn -0.0399 0.7161 0.6968
vn 0.0876 -0.7047 0.7040
vn 0.1684 -0.6831 0.7106
vn 0.0614 -0.7090 -0.7026
vn -0.0037 -0.7072 -0.7070
vn -0.6731 -0.2007 -0.7118
vn -0.6931 -0.1993 0.6928
vn 0.6842 0.2220 -0.6947
vn 0.6633 0.2280 0.7127
vn -0.3724 -0.5937 -0.7134
vn -0.3437 -0.6420 -0.6854
vn 0.3429 0.6142 -0.7107
vn 0.2593 0.6729 -0.6928
vn 0.3429 0.6142 -0.7108
vn -0.2156 0.6959 0.6850
vn -0.5173 0.5919 0.6181
vn -0.2914 0.6613 -0.6912
vn -0.4289 0.4956 -0.7552
vn -0.3418 -0.6369 0.6910
vn -0.4081 -0.5842 0.7016
vn 0.2606 -0.7004 -0.6645
vn 0.5107 -0.6446 -0.5689
vn 0.2512 0.6787 0.6901
vn 0.2891 0.6287 0.7219
vn 0.5037 -0.3772 0.7772
vn 0.3599 -0.5739 0.7356
vn -0.7771 0.3553 0.5195
vn 0.4988 -0.1590 0.8520
vn 0.7754 -0.3780 -0.5058
vn -0.4746 0.1812 -0.8614
vn -0.4746 0.1812 -0.8613
vn -0.5928 -0.3866 0.7065
vn 0.5639 0.4072 0.7185
vn 0.5993 0.3866 -0.7009
vn -0.5683 -0.3950 -0.7218
vn -0.0429 -0.7067 -0.7062
vn 0.0485 -0.7065 0.7060
vn -0.0338 0.7068 -0.7066
vn 0.0576 0.7060 0.7059
vn -0.0660 0.9786 -0.1948
vn 0.0039 0.9808 -0.1950
vn 0.0291 0.9804 0.1948
vn -0.0406 0.9799 0.1953
vn 0.0737 0.9780 -0.1951
vn 0.0986 0.9761 0.1936
vn 0.0529 0.1950 0.9794
vn 0.0534 -0.1949 0.9794
vn 0.0805 0.1939 0.9777
vn -0.0627 -0.1946 -0.9789
vn -0.0601 0.1946 -0.9790
vn -0.0739 0.1942 -0.9782
vn -0.0519 -0.1949 -0.9794
vn -0.0734 -0.1943 -0.9782
vn -0.0463 0.1948 -0.9797
vn 0.0457 -0.9797 -0.1952
vn 0.0708 -0.9784 0.1941
vn 0.0165 -0.9807 0.1949
vn -0.0087 -0.9807 -0.1951
vn -0.0630 -0.9789 -0.1943
vn -0.1156 0.2117 0.9705
vn 0.0951 0.1948 0.9762
vn 0.1989 0.6903 0.6956
vn 0.0414 0.7124 0.7005
vn 0.2394 0.9523 0.1894
vn 0.1425 0.9710 0.1921
vn -0.2004 -0.9606 0.1924
vn -0.1154 -0.6957 0.7090
vn -0.4146 -0.6213 0.6649
vn -0.4959 -0.8504 0.1757
vn 0.1379 -0.9700 0.2002
vn 0.1217 -0.9734 -0.1943
vn -0.0088 -0.1879 -0.9821
vn -0.0586 0.1873 -0.9806
vn 0.0239 0.1881 0.9819
vn 0.0738 -0.1874 0.9795
vn -0.1229 0.9717 0.2020
vn -0.1398 0.9712 -0.1929
vn -0.2216 -0.9566 -0.1892
vn -0.0106 0.1953 -0.9807
vn -0.1002 -0.1900 -0.9767
vn 0.0095 -0.1907 0.9816
vn 0.2215 0.9560 -0.1925
vn 0.3736 0.1438 -0.9164
vn 0.3736 -0.1438 -0.9164
vn 0.7053 -0.3427 -0.6205
vn 0.7053 0.3428 -0.6205
vn -0.9929 0.0000 0.1191
vn -1.0000 0.0000 0.0034
vn 0.9052 -0.3508 -0.2398
vn 0.9052 0.3509 -0.2397
vn -0.9937 -0.0000 -0.1118
vn -0.6927 -0.3512 -0.6299
vn -0.6927 0.3512 -0.6299
vn -0.9032 0.3579 -0.2369
vn -0.9032 -0.3578 -0.2370
vn 1.0000 0.0000 -0.0036
vn 0.9929 0.0000 -0.1189
vn -0.3599 -0.1402 -0.9224
vn -0.3599 0.1402 -0.9224
vn -0.6927 0.3513 -0.6299
vn -0.6928 -0.3512 -0.6299
vn 0.4270 0.0856 0.9002
vn 0.4098 -0.2720 0.8707
vn 0.0147 -0.1953 0.9806
vn 0.0147 0.1954 0.9806
vn -0.6879 0.3513 0.6351
vn -0.6880 -0.3512 0.6351
vn -0.9015 -0.3577 0.2437
vn -0.9015 0.3578 0.2436
vn 0.0147 -0.1955 0.9806
vn 0.0147 0.1953 0.9806
vn 0.4098 0.2719 0.8707
vn -0.3532 0.1402 0.9250
vn -0.3532 -0.1402 0.9250
vn 0.7096 -0.3426 0.6157
vn 0.7096 0.3427 0.6157
vn 0.9069 0.3510 0.2332
vn 0.9069 -0.3509 0.2333
vn -0.3696 -0.2683 0.8896
vn -0.3841 0.0953 0.9184
vn 0.3799 -0.1436 0.9138
vn 0.3799 0.1436 0.9138
vn -0.3841 -0.0951 0.9184
vn -0.3696 0.2683 0.8896
vn 0.1961 0.1907 -0.9619
vn 0.1961 -0.1907 -0.9619
vn 0.1856 -0.2575 -0.9483
vn 0.1857 0.2574 -0.9483
vn 0.9485 -0.2621 0.1780
vn 0.9485 0.2619 0.1781
vn 0.9472 0.2620 -0.1846
vn 0.9472 -0.2622 -0.1846
vn 0.2029 -0.1900 0.9606
vn 0.2028 0.1900 0.9606
vn 0.1926 0.2552 0.9475
vn 0.1926 -0.2552 0.9475
vn -0.2618 0.3096 0.9141
vn -0.2617 -0.3095 0.9142
vn -0.1778 -0.2767 0.9443
vn -0.1778 0.2768 0.9443
vn -0.9484 -0.2622 -0.1781
vn -0.9484 0.2623 -0.1781
vn -0.9469 0.2625 0.1859
vn -0.9469 -0.2624 0.1858
vn -0.1670 -0.2312 -0.9585
vn -0.1671 0.2312 -0.9585
vn -0.1852 0.2700 -0.9449
vn -0.1852 -0.2700 -0.9449
vn 0.1874 0.9623 0.1974
vn 0.1839 0.9650 -0.1870
vn -0.0058 0.9837 -0.1796
vn 0.0026 0.9847 -0.1745
vn -0.0058 -0.9837 -0.1796
vn 0.1838 -0.9650 -0.1870
vn 0.1874 -0.9623 0.1974
vn 0.0026 -0.9847 -0.1745
vn -0.1196 0.9503 -0.2875
vn -0.1307 0.9880 0.0818
vn -0.1306 -0.9880 0.0819
vn -0.1195 -0.9503 -0.2874
vn 0.9614 -0.1929 -0.1963
vn 0.9614 0.1930 -0.1964
vn 0.9631 0.1929 0.1879
vn 0.9631 -0.1929 0.1879
vn -0.5841 0.2305 -0.7782
vn -0.5842 -0.2305 -0.7782
vn -0.7658 -0.1701 -0.6201
vn -0.7658 0.1701 -0.6202
vn 0.1852 0.9646 0.1877
vn 0.1842 0.9630 -0.1967
vn 0.0047 0.9832 0.1825
vn 0.1851 -0.9646 0.1877
vn -0.0046 -0.9827 0.1851
vn 0.0047 -0.9832 0.1824
vn -0.1579 0.9824 -0.0994
vn -0.1439 0.9508 0.2742
vn -0.1439 -0.9508 0.2742
vn -0.1579 -0.9824 -0.0994
vn 0.9628 0.1928 0.1892
vn 0.9628 -0.1928 0.1892
vn 0.9618 -0.1926 -0.1945
vn 0.9618 0.1926 -0.1945
vn -0.7222 -0.2100 0.6590
vn -0.7222 0.2100 0.6590
vn -0.9244 0.1929 0.3290
vn -0.9244 -0.1929 0.3290
vn 0.1828 0.1926 -0.9641
vn 0.1828 -0.1926 -0.9641
vn -0.0068 -0.1966 -0.9805
vn -0.0068 0.1966 -0.9805
vn -0.0072 0.1977 -0.9802
vn 0.1894 -0.1918 0.9630
vn 0.1894 0.1917 0.9630
vn 0.0001 -0.1963 0.9805
vn 0.0018 0.1972 0.9804
vn 0.0019 -0.1968 0.9804
vn -0.0978 -0.2109 -0.9726
vn -0.0978 0.2110 -0.9726
vn -0.1154 0.1987 0.9732
vn -0.1154 -0.1987 0.9732
vn 0.3213 -0.6822 0.6568
vn -0.9802 0.0000 0.1982
vn 0.5437 -0.8009 0.2509
vn 0.0985 -0.9766 0.1912
vn 0.9757 0.0000 0.2189
vn 0.8175 0.0000 0.5759
vn 0.2500 0.0000 -0.9682
vn 0.3212 0.6823 0.6567
vn 0.7694 0.0000 -0.6388
vn 0.7692 -0.0000 -0.6390
vn 0.2668 0.0000 0.9638
vn -0.9815 0.0000 -0.1916
vn -1.0000 0.0000 0.0033
vn 0.3212 0.6824 0.6567
vn 0.0985 0.9766 0.1911
vn 0.5436 0.8010 0.2507
vn 0.7095 0.3427 0.6158
vn -0.0871 -0.9775 -0.1923
vn 0.0079 0.1954 -0.9807
vn 0.0078 -0.1957 -0.9806
vn 0.4036 -0.2726 -0.8734
vn 0.4207 0.0855 -0.9032
vn 0.1297 -0.9772 -0.1680
vn 0.1259 -0.9888 0.0800
vn 0.6177 -0.7722 0.1488
vn 0.6440 -0.6962 -0.3171
vn -0.2869 -0.6872 0.6674
vn 0.8294 -0.5586 -0.0029
vn 0.9931 -0.1175 -0.0035
vn -0.0871 0.9775 -0.1922
vn 0.0016 0.9809 -0.1947
vn 0.4207 -0.0859 -0.9031
vn 0.4036 0.2727 -0.8733
vn 0.0078 0.1961 -0.9805
vn 0.0079 -0.1960 -0.9806
vn 0.1251 0.9889 -0.0805
vn 0.6166 0.7724 -0.1525
vn 0.6475 0.6935 0.3159
vn 0.1312 0.9769 0.1689
vn -0.0867 -0.9774 0.1926
vn -0.5306 -0.8076 0.2575
vn -0.6879 -0.3512 0.6352
vn 0.9931 0.1170 -0.0035
vn 0.0759 -0.9783 -0.1926
vn -0.2869 0.6873 0.6673
vn -0.3905 0.0951 -0.9157
vn -0.3758 -0.2683 -0.8870
vn 0.0758 0.9784 -0.1925
vn 0.0962 0.9767 -0.1920
vn -0.5305 0.8077 0.2574
vn -0.0867 0.9775 0.1924
vn -0.3758 0.2687 -0.8869
vn -0.3905 -0.0955 -0.9156
vn 0.2460 0.6472 0.7216
vn 0.1287 0.6055 0.7854
vn 0.1821 0.9626 0.2004
vn 0.1698 0.1550 0.9732
vn 0.0035 0.0682 0.9977
vn 0.3166 -0.6825 -0.6587
vn 0.7527 0.2039 -0.6259
vn 0.9239 0.2500 -0.2896
vn 0.0102 0.4013 0.9159
vn 0.1708 -0.2298 0.9581
vn 0.9239 -0.2502 -0.2896
vn 0.7527 -0.2041 -0.6259
vn 0.0973 -0.9766 -0.1920
vn 0.5420 -0.8008 -0.2549
vn 0.7054 -0.3427 -0.6205
vn -0.1926 -0.9624 -0.1914
vn 0.3165 0.6828 -0.6585
vn -0.9632 -0.1916 -0.1884
vn -0.1953 -0.9808 0.0007
vn -0.9807 -0.1953 0.0035
vn -0.1925 0.9625 -0.1913
vn -0.9632 0.1918 -0.1884
vn 0.3165 0.6827 -0.6586
vn 0.5419 0.8009 -0.2547
vn 0.0972 0.9766 -0.1918
vn -0.1952 0.9808 0.0007
vn -0.0857 -0.9775 0.1928
vn 0.0030 -0.9809 0.1947
vn 0.1282 -0.7532 0.6452
vn 0.2347 -0.8335 0.5001
vn 0.1561 -0.9698 0.1875
vn 0.0030 0.9808 0.1948
vn -0.0856 0.9775 0.1927
vn 0.0030 0.9809 0.1945
vn 0.1560 0.9698 0.1873
vn 0.0771 -0.9784 0.1919
vn 0.0975 -0.9767 0.1914
vn -0.1384 -0.9720 0.1900
vn 0.0771 0.9784 0.1917
vn 0.0974 0.9767 0.1913
vn -0.1383 0.9720 0.1898
vn 0.1795 0.9783 -0.1039
vn 0.1371 0.7442 -0.6537
vn 0.2314 0.8323 -0.5037
vn 0.1676 0.2238 -0.9601
vn 0.9477 0.2359 0.2151
vn 0.8008 0.1991 0.5649
vn 0.0016 -0.9809 -0.1947
vn 0.1549 -0.9697 -0.1887
vn 0.0080 0.7166 -0.6974
vn 0.1664 -0.1528 -0.9741
vn -0.0034 -0.0707 -0.9975
vn 0.0016 0.9809 -0.1945
vn 0.8008 -0.1991 0.5649
vn 0.9477 -0.2359 0.2151
vn 0.1548 0.9698 -0.1885
vn -0.9619 -0.1916 0.1951
vn -0.1396 -0.9720 -0.1889
vn -0.0880 -0.9775 -0.1919
vn -0.1912 0.9625 0.1924
vn -0.1395 0.9721 -0.1888
vn -0.0879 0.9775 -0.1917
vn -0.9618 0.1919 0.1951
vn -0.3598 0.9126 0.1942
vn -0.3618 0.9134 -0.1866
vn -0.0863 0.9806 -0.1759
vn -0.3491 0.7100 0.6116
vn -0.4992 0.8511 0.1629
vn -0.2458 0.6502 0.7189
vn -0.0417 0.1710 0.9844
vn 0.1826 0.1655 0.9692
vn -0.0057 -0.1981 0.9802
vn 0.1061 -0.1819 0.9776
vn -0.0495 0.3728 0.9266
vn -0.2880 -0.9473 0.1403
vn -0.2913 -0.9402 -0.1764
vn 0.3828 -0.9044 -0.1885
vn 0.3882 -0.9023 0.1877
vn 0.2945 -0.6451 0.7050
vn 0.6398 -0.2900 0.7117
vn 0.2257 0.0861 0.9704
vn -0.0957 0.1864 -0.9778
vn 0.0580 -0.1667 -0.9843
vn -0.0837 -0.1967 -0.9769
vn 0.1312 0.1801 -0.9749
vn 0.1026 0.9755 -0.1945
vn 0.0891 0.9769 0.1940
vn -0.0053 0.9808 -0.1949
vn -0.0751 0.9779 -0.1951
vn -0.0994 0.9759 0.1945
vn -0.0702 0.1945 0.9784
vn -0.0163 0.1880 0.9820
vn -0.0526 -0.1877 0.9808
vn -0.0840 0.1941 0.9774
vn 0.0558 -0.1950 -0.9792
vn 0.0158 -0.1879 -0.9821
vn 0.0522 0.1875 -0.9809
vn 0.0533 0.1949 -0.9794
vn 0.0666 -0.1948 -0.9786
vn -0.0906 -0.9768 -0.1942
vn 0.0074 -0.9808 -0.1950
vn -0.0172 -0.9806 0.1951
vn -0.1041 -0.9754 0.1943
vn 0.0617 -0.9789 -0.1947
vn -0.2675 0.9448 -0.1892
vn -0.1836 0.9640 -0.1925
vn 0.0239 -0.1897 0.9816
vn 0.1686 0.1718 0.9706
vn -0.0457 0.1973 0.9793
vn 0.1697 -0.9667 0.1917
vn 0.0786 -0.1923 -0.9782
vn 0.0054 0.1949 -0.9808
vn 0.1334 0.1690 -0.9765
vn -0.0367 -0.1935 -0.9804
vn 0.9108 0.4069 0.0695
vn 0.9045 0.4118 -0.1111
vn -0.0786 -0.1635 0.9834
vn -0.0124 0.1924 0.9812
vn 0.0044 0.2143 0.9768
vn -0.1278 -0.0914 0.9876
vn -0.1837 -0.9639 -0.1929
vn -0.2104 -0.9573 0.1980
vn -0.4830 -0.8501 0.2098
vn -0.4627 -0.8730 -0.1545
vn 0.0719 0.1798 -0.9811
vn -0.0019 -0.1807 -0.9835
vn -0.1213 -0.2407 -0.9630
vn 0.0655 0.0672 -0.9956
vn 0.1945 0.9604 -0.1996
vn 0.4821 0.8525 -0.2019
vn 0.4277 0.8844 0.1867
vn 0.1756 0.9645 0.1975
vn 0.7082 0.6982 0.1050
vn 0.7441 0.6240 -0.2387
vn 0.8834 0.3509 -0.3106
vn 0.9037 0.4230 0.0661
vn 0.9964 -0.0712 0.0461
vn 0.9557 -0.0237 -0.2935
vn -0.4056 -0.1831 -0.8955
vn -0.0591 -0.0765 -0.9953
vn 0.0009 -0.0660 -0.9978
vn -0.3000 -0.2796 -0.9120
vn -0.4819 -0.0008 -0.8762
vn -0.0965 -0.0317 -0.9948
vn -0.7086 -0.6609 0.2473
vn -0.8654 -0.3847 0.3209
vn -0.9257 -0.3761 -0.0406
vn -0.7409 -0.6684 -0.0663
vn -0.9401 0.1165 0.3205
vn -0.9951 0.0935 -0.0335
vn 0.0369 0.0678 0.9970
vn -0.0753 0.0202 0.9970
vn 0.1629 0.2820 0.9455
vn 0.3612 0.2282 0.9041
vn 0.4500 -0.0436 0.8920
vn 0.0274 0.0535 0.9982
vn -0.3421 0.9064 0.2477
vn -0.3817 0.9112 -0.1548
vn -0.7802 0.6218 -0.0679
vn -0.7012 0.6499 0.2930
vn -0.0430 0.1647 0.9854
vn -0.0281 0.0907 0.9955
vn 0.2743 -0.2084 0.9388
vn 0.0721 -0.1769 0.9816
vn 0.7537 -0.6513 0.0883
vn 0.8020 -0.5311 -0.2734
vn 0.3953 -0.8872 -0.2379
vn 0.3550 -0.9189 0.1722
vn -0.3530 0.1662 -0.9207
vn -0.1222 0.1907 -0.9740
vn 0.0456 -0.1231 -0.9913
vn -0.0304 -0.0212 -0.9993
vn -0.0341 -0.9803 -0.1944
vn -0.0007 -0.9808 -0.1951
vn -0.1661 -0.1936 -0.9669
vn -0.0035 -0.1957 -0.9807
vn -0.0035 0.1953 -0.9807
vn -0.1661 0.1929 -0.9671
vn -0.0341 0.9803 -0.1944
vn -0.0007 0.9808 -0.1951
vn -0.1594 0.1921 0.9684
vn 0.0034 0.1942 0.9810
vn 0.0034 -0.1945 0.9809
vn -0.1594 -0.1925 0.9683
vn 0.1324 -0.1925 -0.9723
vn -0.1443 -0.1933 -0.9705
vn -0.1444 0.1933 -0.9705
vn 0.1321 0.1973 -0.9714
vn 0.3794 0.1902 -0.9055
vn 0.3795 -0.1858 -0.9064
vn 0.9674 -0.1903 -0.1673
vn 0.9674 0.1902 -0.1672
vn 0.9684 0.1902 0.1611
vn 0.9684 -0.1903 0.1611
vn -0.1377 0.1931 0.9715
vn -0.1376 -0.1937 0.9714
vn 0.1388 -0.1982 0.9703
vn 0.1391 0.1937 0.9711
vn 0.3866 -0.1911 0.9022
vn 0.3867 0.1870 0.9030
vn -0.0297 0.9805 -0.1942
vn -0.0298 -0.9805 -0.1943
vn 0.0278 0.9808 0.1928
vn 0.2332 0.9550 0.1831
vn 0.2321 0.9550 -0.1847
vn 0.0264 0.9808 -0.1930
vn 0.0278 -0.9808 0.1928
vn 0.0264 -0.9808 -0.1930
vn 0.2320 -0.9550 -0.1846
vn 0.2332 -0.9550 0.1831
vn -0.7048 0.0000 0.7094
vn -0.6911 0.1960 0.6956
vn -0.1916 0.0000 0.9815
vn -0.1886 0.1920 0.9631
vn -0.6927 0.6934 0.1984
vn -0.7071 0.7071 0.0024
vn 0.2532 0.6964 0.6715
vn -0.1936 0.6935 0.6939
vn 0.3313 0.0902 0.9392
vn -0.1885 -0.1920 0.9631
vn -0.6911 -0.1960 0.6956
vn -0.1937 -0.6935 0.6939
vn 0.2532 -0.6963 0.6716
vn 0.3312 -0.0903 0.9392
vn -0.7071 -0.7071 0.0025
vn -0.6929 -0.6931 0.1984
vn 0.5211 0.0000 0.8535
vn 0.5114 -0.1926 0.8375
vn 0.1391 0.0000 0.9903
vn 0.1372 -0.1918 0.9718
vn 0.5735 -0.6776 0.4603
vn 0.6501 -0.7530 0.1022
vn 0.1663 -0.9487 0.2691
vn 0.1879 -0.9584 -0.2147
vn 0.9128 -0.1860 -0.3636
vn 0.8531 0.0000 -0.5218
vn 0.7768 -0.2858 -0.5612
vn -0.2251 -0.6982 0.6796
vn 0.1490 -0.6743 0.7233
vn -0.2973 -0.0987 0.9497
vn -0.0677 -0.9789 0.1930
vn 0.2404 -0.6545 -0.7168
vn 0.1363 -0.6001 -0.7882
vn 0.0034 -0.4085 -0.9127
vn 0.1374 0.1986 0.9704
vn 0.1390 0.0000 0.9903
vn 0.5113 0.1926 0.8375
vn 0.1486 0.6795 0.7185
vn -0.2244 0.7035 0.6744
vn -0.0676 0.9789 0.1929
vn 0.1662 0.9487 0.2689
vn 0.9128 0.1860 -0.3636
vn 0.7769 0.2857 -0.5611
vn 0.6500 0.7530 0.1022
vn 0.5735 0.6777 0.4603
vn 0.0106 0.7091 0.7050
vn 0.3229 0.6825 0.6557
vn 0.3230 -0.6824 0.6557
vn 0.0105 -0.7091 0.7051
vn -0.2882 -0.6871 0.6670
vn -0.7070 0.7072 0.0024
vn -0.1953 0.1920 -0.9618
vn -0.1984 0.0000 -0.9801
vn -0.7099 0.0000 -0.7043
vn -0.6960 0.1960 -0.6908
vn -0.1985 0.6934 -0.6927
vn 0.2485 0.6963 -0.6734
vn 0.3247 0.0902 -0.9415
vn -0.6941 0.6933 -0.1937
vn -0.6960 -0.1960 -0.6908
vn -0.1953 -0.1920 -0.9618
vn -0.6943 -0.6931 -0.1937
vn 0.2485 -0.6962 -0.6735
vn -0.1986 -0.6933 -0.6927
vn 0.3247 -0.0902 -0.9415
vn 0.1209 -0.2036 -0.9716
vn 0.1221 0.0000 -0.9925
vn 0.4794 0.0000 -0.8776
vn 0.4699 -0.1971 -0.8604
vn 0.1331 -0.6813 -0.7198
vn -0.2287 -0.7051 -0.6712
vn -0.3046 -0.1087 -0.9463
vn -0.0691 -0.9788 -0.1928
vn 0.1561 -0.9467 -0.2817
vn 0.8773 0.0000 0.4800
vn 0.9275 -0.2041 0.3132
vn 0.7893 -0.3093 0.5304
vn 0.6225 -0.7673 -0.1542
vn 0.5366 -0.6788 -0.5013
vn 0.4699 0.1971 -0.8604
vn 0.1206 0.1945 -0.9735
vn 0.5366 0.6788 -0.5012
vn 0.6225 0.7673 -0.1542
vn 0.1560 0.9468 -0.2815
vn 0.9275 0.2040 0.3132
vn 0.8773 0.0000 0.4799
vn 0.7894 0.3092 0.5304
vn -0.2296 0.6985 -0.6778
vn 0.1335 0.6745 -0.7261
vn -0.3037 0.0991 -0.9476
vn -0.0690 0.9788 -0.1926
vn 0.3184 0.6825 -0.6579
vn 0.0056 0.7092 -0.7050
vn 0.0057 -0.7095 -0.7047
vn 0.3184 -0.6826 -0.6578
vn -0.2928 -0.6874 -0.6647
vn -0.5793 0.5772 -0.5756
vn -0.5756 0.5773 0.5792
vn -0.5793 -0.5771 -0.5756
vn -0.5756 -0.5773 0.5792
vn 0.4346 0.5522 0.7115
vn 0.3985 0.5557 -0.7296
vn 0.4346 -0.5521 0.7116
vn 0.3985 -0.5556 -0.7297
vn 0.5326 -0.7261 -0.4350
vn 0.6033 -0.3677 -0.7077
vn 0.7768 -0.2858 -0.5611
vn 0.5326 0.7260 -0.4349
vn 0.6034 0.3676 -0.7076
vn 0.2452 -0.7749 0.5825
vn 0.3370 -0.2398 0.9105
vn 0.5125 -0.7578 0.4037
vn 0.6220 -0.7794 0.0753
vn 0.5125 0.7578 0.4037
vn 0.3370 0.2397 0.9105
vn 0.0057 0.7098 -0.7043
vn -0.2915 0.6875 -0.6651
vn 0.0057 0.7099 -0.7043
vn -0.2916 -0.6871 -0.6655
vn -0.5324 -0.8077 -0.2534
vn 0.0057 -0.7094 -0.7048
vn -0.5323 0.8078 -0.2532
vn -0.6928 0.3513 -0.6298
vn 0.0106 0.7093 0.7049
vn 0.0106 -0.7092 0.7049
vn 0.0106 -0.7091 0.7050
vn 0.0040 0.7124 0.7018
vn -0.1227 0.6824 0.7206
vn -0.4470 0.2032 0.8712
vn -0.4470 -0.2032 0.8711
vn 0.0041 -0.7121 0.7020
vn -0.1227 -0.6823 0.7207
vn -0.0998 -0.6940 -0.7131
vn -0.3536 -0.2253 -0.9079
vn -0.3536 0.2253 -0.9079
vn -0.0030 0.7149 -0.6992
vn -0.0999 0.6939 -0.7131
vn -0.0019 0.7097 0.7045
vn -0.0019 -0.7095 0.7047
vn 0.1912 -0.6942 0.6939
vn 0.6933 -0.1968 0.6933
vn 0.6932 0.1968 0.6933
vn 0.1913 0.6941 0.6940
vn -0.0070 -0.7112 -0.7030
vn -0.0070 0.7111 -0.7030
vn 0.1862 0.6946 -0.6949
vn 0.1828 0.1925 -0.9641
vn 0.6881 0.1972 -0.6983
vn 0.6881 -0.1972 -0.6983
vn 0.1861 -0.6946 -0.6949
vn -0.6531 -0.7356 0.1797
vn -0.5122 -0.6879 0.5142
vn -0.5122 0.6880 0.5142
vn -0.6531 0.7356 0.1797
vn -0.9544 0.1166 -0.2747
vn -0.9545 -0.1166 -0.2747
vn -0.8246 -0.2433 -0.5107
vn -0.8246 0.2434 -0.5107
vn 0.6916 0.6958 0.1939
vn 0.9628 0.1929 0.1892
vn 0.6904 0.6955 -0.1992
vn 0.6915 -0.6958 0.1939
vn 0.6903 -0.6955 -0.1992
vn 0.6937 -0.1961 -0.6930
vn 0.6937 0.1961 -0.6930
vn -0.1091 -0.7502 -0.6521
vn -0.1091 0.7502 -0.6522
vn -0.1670 0.2312 -0.9585
vn 0.1932 -0.6929 -0.6947
vn 0.1932 0.6929 -0.6947
vn 0.1856 0.2574 -0.9483
vn -0.5152 0.7338 -0.4429
vn -0.4107 0.7032 -0.5804
vn -0.4107 -0.7033 -0.5803
vn -0.5151 -0.7339 -0.4428
vn -0.9948 -0.0828 -0.0587
vn -0.9948 0.0828 -0.0587
vn -0.8133 0.2852 0.5072
vn -0.8132 -0.2852 0.5073
vn 0.6901 -0.6960 -0.1985
vn 0.6914 -0.6957 0.1948
vn 0.6901 0.6959 -0.1985
vn 0.6915 0.6957 0.1948
vn 0.9614 0.1929 -0.1964
vn 0.6985 0.1964 0.6881
vn 0.6986 -0.1964 0.6881
vn -0.1688 -0.8096 0.5622
vn -0.1689 0.8097 0.5621
vn 0.2001 -0.6923 0.6933
vn 0.9485 0.2620 0.1780
vn 0.2001 0.6923 0.6933
vn 0.1927 0.2552 0.9475
vn -0.6658 0.3419 -0.6632
vn -0.6658 -0.3419 -0.6631
vn -0.6601 0.3403 0.6697
vn -0.6601 -0.3403 0.6697
vn 0.6685 0.3387 0.6621
vn 0.6685 -0.3387 0.6621
vn 0.6637 0.3405 -0.6660
vn 0.6637 -0.3405 -0.6660
vn -0.2937 0.5958 -0.7475
vn -0.3765 0.5670 0.7326
vn -0.2937 -0.5958 -0.7475
vn -0.3765 -0.5669 0.7327
vn 0.5712 0.5792 -0.5816
vn 0.5756 0.5792 0.5773
vn 0.5754 -0.5793 0.5774
vn 0.5712 -0.5792 -0.5816
vn -0.2191 -0.7797 -0.5865
vn -0.3298 -0.2409 -0.9128
vn -0.5642 -0.7141 -0.4145
vn -0.7053 -0.7064 -0.0594
vn -0.7053 0.7064 -0.0595
vn -0.5642 0.7141 -0.4145
vn -0.3297 0.2409 -0.9128
vn -0.2191 0.7798 -0.5865
vn 0.5745 0.5784 -0.5791
vn 0.6937 0.1962 -0.6930
vn 0.5746 -0.5785 -0.5790
vn -0.6683 -0.1835 -0.7209
vn -0.8600 -0.0962 -0.5011
vn -0.3287 -0.8606 0.3889
vn -0.5172 -0.3644 0.7744
vn -0.3290 0.8607 0.3886
vn -0.5174 0.3645 0.7743
vn -0.6683 0.1834 -0.7209
vn -0.8600 0.0961 -0.5011
vn 0.5785 0.5787 0.5748
vn 0.5786 -0.5788 0.5747
vn -0.1052 -0.7063 -0.7000
vn 0.0958 -0.7058 -0.7019
vn -0.1003 -0.7067 0.7004
vn 0.0999 -0.7099 0.6972
vn 0.3330 -0.6771 -0.6562
vn 0.7110 -0.6805 -0.1773
vn 0.7121 -0.6806 0.1726
vn 0.3366 -0.6812 0.6502
vn -0.1004 0.7062 0.7008
vn 0.1005 0.7067 0.7003
vn -0.1053 0.7063 -0.7001
vn 0.0952 0.7093 -0.6985
vn -0.1052 0.7063 -0.7000
vn -0.1161 0.7047 0.7000
vn -0.1161 -0.7050 0.6997
vn 0.3376 0.6781 0.6529
vn 0.7121 0.6805 0.1727
vn 0.7110 0.6804 -0.1773
vn 0.3320 0.6804 -0.6533
vn -0.1209 -0.7055 -0.6984
vn -0.1210 0.7050 -0.6988
vn 0.7729 -0.1875 0.6062
vn 0.7729 0.1875 0.6062
vn 0.7683 0.1873 -0.6120
vn 0.7683 -0.1873 -0.6120
vn 0.7684 -0.1873 -0.6120
vn 0.7684 0.1873 -0.6120
vn 0.0024 0.7067 0.7075
vn 0.0025 0.7067 0.7075
vn 0.0024 -0.7069 0.7073
vn -0.0025 0.7073 -0.7069
vn -0.0025 -0.7076 -0.7066
vn 0.6547 0.5546 0.5136
vn 0.6547 -0.5546 0.5136
vn 0.6510 0.5543 -0.5185
vn 0.6512 -0.5543 -0.5184
vn -0.8943 0.0708 -0.4418
vn -0.6986 0.4651 -0.5437
vn 0.4795 -0.2902 -0.8282
vn 0.4995 -0.0459 -0.8651
vn 0.8861 -0.1393 0.4420
vn 0.6069 -0.5908 0.5316
vn -0.3992 0.4208 0.8146
vn -0.4986 0.1169 0.8589
vn -0.1081 0.7002 -0.7057
vn -0.0215 0.7067 -0.7072
vn -0.1101 0.7024 0.7032
vn -0.0119 -0.7072 0.7069
vn 0.1163 -0.6969 0.7077
vn 0.1563 -0.6950 -0.7018
vn 0.0770 -0.7052 -0.7048
vn -0.3212 0.6569 -0.6821
vn 0.2931 -0.5702 -0.7675
vn 0.2576 -0.6802 0.6862
vn -0.2177 0.6116 0.7607
vn 0.0439 0.7008 0.7121
vn 0.0936 0.6967 0.7112
vn 0.0928 0.6981 -0.7100
vn 0.1594 0.6799 -0.7158
vn -0.1804 -0.6646 0.7251
vn -0.0941 -0.6983 0.7096
vn -0.1138 -0.6894 -0.7154
vn -0.0447 -0.7007 -0.7120
vn 0.3474 0.5599 -0.7522
vn 0.4996 0.3321 -0.8001
vn 0.2320 0.6706 0.7046
vn 0.4966 0.6067 0.6208
vn -0.6305 -0.5498 -0.5479
vn -0.3505 -0.6641 -0.6604
vn -0.7409 -0.6684 -0.0664
vn -0.3668 -0.5493 0.7508
vn -0.4867 -0.3987 0.7773
vn -0.4795 -0.1931 0.8560
vn 0.7599 0.3862 0.5228
vn -0.8120 -0.3054 -0.4974
vn -0.9257 -0.3760 -0.0406
vn 0.4867 0.1265 -0.8643
vn 0.7961 0.3434 0.4984
vn 0.5704 0.6340 0.5221
vn 0.6942 0.6914 0.2003
vn 0.4302 0.5947 0.6791
vn 0.3718 0.6090 0.7006
vn 0.6809 0.6962 -0.2272
vn 0.5498 0.6387 -0.5383
vn 0.7734 0.3520 -0.5272
vn 0.9045 0.4118 -0.1110
vn 0.4028 0.6067 -0.6853
vn 0.3533 0.6049 -0.7137
vn -0.1003 -0.7103 0.6968
vn -0.1922 -0.7208 0.6659
vn -0.1237 -0.6932 -0.7100
vn -0.2305 -0.6940 -0.6820
vn -0.2912 -0.9402 -0.1764
vn 0.0948 0.5923 -0.8001
vn 0.1045 0.5897 0.8008
vn -0.0511 -0.7064 0.7059
vn 0.0380 -0.7069 -0.7063
vn 0.0289 0.7070 -0.7067
vn -0.0601 0.7059 0.7057
vn 0.1678 0.6066 -0.7771
vn -0.2794 0.6534 -0.7036
vn 0.4028 0.6068 -0.6853
vn 0.2862 0.9314 -0.2247
vn 0.2654 -0.6487 -0.7133
vn 0.3827 -0.9044 -0.1885
vn 0.8342 -0.5194 0.1853
vn 0.8290 -0.5252 -0.1920
vn 0.6210 -0.2974 -0.7252
vn 0.1831 0.0945 -0.9785
vn -0.4944 0.8548 -0.1577
vn -0.3721 0.7047 -0.6041
vn -0.1028 0.3748 -0.9214
vn 0.1893 0.5858 0.7880
vn 0.3013 0.9313 0.2048
vn 0.4302 0.5948 0.6791
vn 0.1075 0.7026 0.7034
vn 0.0165 0.7067 -0.7073
vn 0.1282 0.6964 -0.7061
vn -0.0820 -0.7047 -0.7047
vn -0.1942 -0.6891 -0.6982
vn -0.0839 0.7046 -0.7046
vn -0.1191 0.6958 -0.7083
vn 0.0074 0.7072 0.7070
vn -0.0585 0.6942 0.7174
vn 0.1265 -0.6902 0.7125
vn 0.0876 -0.7046 0.7042
vn 0.0678 -0.6992 -0.7117
vn -0.0037 -0.7070 -0.7072
vn 0.1218 -0.9734 -0.1943
vn -0.2393 -0.1652 0.9568
vn -0.1953 0.2042 -0.9592
vn -0.0105 0.7104 -0.7037
vn 0.1302 0.9724 -0.1939
vn -0.5094 -0.8437 -0.1696
vn -0.4661 -0.6097 -0.6411
vn -0.3202 -0.1665 -0.9326
vn -0.0430 -0.7064 -0.7065
vn 0.0486 -0.7064 0.7061
vn 0.0576 0.7060 0.7058
vn 0.0333 0.9787 0.2024
vn -0.0318 0.9787 0.2026
vn -0.0212 0.6931 0.7205
vn 0.0265 0.6931 0.7204
vn 0.0307 0.9732 -0.2278
vn -0.0324 0.9732 -0.2276
vn -0.0324 0.9732 -0.2275
vn 0.0187 0.6630 -0.7484
vn -0.0242 0.6630 -0.7482
vn 0.0012 0.1491 -0.9888
vn -0.0085 0.1490 -0.9888
vn -0.0102 -0.2036 -0.9790
vn 0.0029 -0.2034 -0.9791
vn 0.0197 -0.6931 -0.7205
vn -0.0250 -0.6932 -0.7203
vn -0.0324 -0.9787 -0.2025
vn 0.0309 -0.9787 -0.2027
vn -0.0312 -0.9733 0.2275
vn 0.0329 -0.9733 0.2273
vn -0.0193 -0.6632 0.7482
vn 0.0247 -0.6632 0.7480
vn 0.0082 -0.1490 0.9888
vn -0.0009 -0.1490 0.9888
vn 0.0110 0.2034 0.9790
vn -0.0038 0.2034 0.9791
vn -0.2245 0.9698 0.0955
vn -0.2186 0.9715 -0.0919
vn 0.3029 0.6825 0.6652
vn 0.0860 0.7953 0.6000
vn 0.2631 0.9568 0.1241
vn 0.1823 0.9723 0.1461
vn 0.9229 -0.3258 -0.2050
vn 0.9287 -0.3213 0.1850
vn 0.0610 0.8117 -0.5809
vn 0.2790 0.7008 -0.6565
vn 0.2315 0.8924 -0.3873
vn 0.1542 0.9037 -0.3995
vn -0.1163 0.9224 -0.3682
vn 0.6522 0.5155 -0.5557
vn 0.5167 0.8508 -0.0960
vn 0.3084 0.8991 -0.3106
vn 0.3705 0.9258 -0.0749
vn 0.5194 0.8504 0.0833
vn 0.3732 0.9265 0.0491
vn 0.3271 0.9426 0.0674
vn 0.4702 0.7250 0.5033
vn 0.7158 -0.0478 0.6967
vn 0.6678 0.5165 0.5359
vn -0.1121 0.9214 0.3721
vn 0.1238 0.9902 0.0652
vn 0.0767 0.9965 0.0323
vn 0.1102 0.9475 -0.3000
vn -0.5649 0.8107 -0.1539
vn -0.5577 0.8148 0.1585
vn -0.6852 0.1878 0.7037
vn -0.9620 0.1028 0.2530
vn -0.9700 0.0062 0.2431
vn -0.7388 -0.0815 0.6690
vn -0.8368 -0.5345 0.1182
vn -0.8415 -0.5288 -0.1107
vn -0.7189 0.1739 -0.6730
vn -0.7693 -0.0840 -0.6333
vn -0.9732 0.0043 -0.2298
vn -0.9656 0.0974 -0.2412
vn -0.8339 -0.3643 -0.4145
vn -0.9935 -0.1102 -0.0281
vn -0.9920 -0.0606 -0.1103
vn -0.6566 0.5560 -0.5097
vn -0.8175 -0.3740 0.4380
vn -0.9908 -0.0622 0.1199
vn -0.9932 -0.1115 0.0349
vn -0.6322 0.5702 0.5246
vn -0.9728 0.1861 0.1377
vn -0.9746 0.1823 -0.1298
vn -0.9664 0.2529 0.0452
vn -0.9671 0.2516 -0.0386
vn 0.0774 0.9956 -0.0521
vn 0.5167 0.8508 -0.0959
vn 0.3085 0.8991 -0.3106
vn 0.2314 0.8924 -0.3873
vn 0.0961 -0.1633 0.9819
vn 0.1346 -0.0914 0.9867
vn 0.0024 0.2144 0.9768
vn 0.0248 0.1924 0.9810
vn 0.1966 -0.9612 -0.1935
vn 0.4615 -0.8730 -0.1578
vn 0.4844 -0.8502 0.2063
vn 0.2262 -0.9526 0.2035
vn -0.0737 0.1798 -0.9809
vn -0.0725 0.0671 -0.9951
vn 0.1146 -0.2407 -0.9638
vn 0.0053 -0.1807 -0.9835
vn -0.2086 0.9578 -0.1978
vn -0.1862 0.9607 0.2061
vn -0.4264 0.8844 0.1898
vn -0.4835 0.8525 -0.1986
vn -0.7074 0.6982 0.1102
vn -0.9032 0.4231 0.0728
vn -0.8856 0.3509 -0.3043
vn -0.7458 0.6240 -0.2334
vn -0.9960 -0.0712 0.0534
vn -0.9577 -0.0237 -0.2868
vn 0.3993 -0.1831 -0.8983
vn 0.2937 -0.2796 -0.9141
vn -0.0078 -0.0660 -0.9978
vn 0.0521 -0.0765 -0.9957
vn 0.0896 -0.0317 -0.9955
vn 0.4758 -0.0008 -0.8795
vn 0.7103 -0.6609 0.2422
vn 0.7404 -0.6684 -0.0717
vn 0.9254 -0.3760 -0.0473
vn 0.8677 -0.3848 0.3148
vn 0.9423 0.1165 0.3139
vn 0.9948 0.0935 -0.0409
vn -0.0302 0.0679 0.9972
vn -0.3548 0.2281 0.9067
vn -0.1561 0.2819 0.9467
vn 0.0819 0.0205 0.9964
vn -0.0207 0.0535 0.9984
vn -0.3901 -0.0211 0.9205
vn 0.3437 0.9065 0.2452
vn 0.7033 0.6499 0.2880
vn 0.7797 0.6218 -0.0736
vn 0.3807 0.9112 -0.1575
vn 0.0492 0.1648 0.9851
vn -0.0659 -0.1770 0.9820
vn -0.2157 -0.1813 0.9595
vn 0.0349 0.0905 0.9953
vn -0.7530 -0.6513 0.0938
vn -0.3539 -0.9189 0.1746
vn -0.3968 -0.8873 -0.2351
vn -0.8039 -0.5311 -0.2678
vn 0.3466 0.1662 -0.9232
vn 0.0234 -0.0213 -0.9995
vn -0.0519 -0.1232 -0.9910
vn 0.1161 0.1908 -0.9747
vn 0.8910 0.0707 -0.4484
vn 0.6948 0.4650 -0.5487
vn 0.7797 0.6218 -0.0735
vn -0.5055 -0.0459 -0.8616
vn -0.4852 -0.2902 -0.8248
vn -0.8536 -0.1184 0.5073
vn -0.5629 -0.5762 0.5926
vn 0.4049 0.4207 0.8118
vn 0.5044 0.1169 0.8555
vn 0.3169 0.6569 -0.6841
vn 0.3807 0.9112 -0.1574
vn -0.2980 -0.5704 -0.7654
vn -0.2532 -0.6802 0.6879
vn 0.2225 0.6118 0.7591
vn -0.3526 0.5598 -0.7498
vn -0.5052 0.3321 -0.7966
vn -0.2270 0.6706 0.7062
vn -0.4921 0.6065 0.6245
vn 0.6266 -0.5497 -0.5524
vn 0.3459 -0.6640 -0.6629
vn 0.4920 -0.3985 0.7740
vn 0.3720 -0.5493 0.7482
vn 0.4853 -0.1930 0.8528
vn -0.7561 0.3861 0.5285
vn 0.9254 -0.3760 -0.0474
vn 0.8084 -0.3054 -0.5032
vn -0.4928 0.1266 -0.8609
vn -0.0917 0.6907 0.7173
vn -0.1690 0.6790 -0.7144
vn 0.1237 -0.6880 -0.7151
vn 0.1996 -0.6569 0.7271
vn -0.0301 -0.1507 0.9881
vn -0.0660 -0.1771 0.9820
vn 0.0548 0.2004 0.9782
vn 0.2202 0.9564 -0.1920
vn 0.2257 0.9505 0.2136
vn 0.3440 0.9079 0.2396
vn 0.3809 0.9123 -0.1503
vn -0.0491 -0.2009 -0.9784
vn 0.0318 0.1507 -0.9881
vn -0.0518 -0.1232 -0.9910
vn -0.2196 -0.9520 -0.2131
vn -0.3971 -0.8887 -0.2292
vn -0.3539 -0.9188 0.1747
vn -0.2231 -0.9530 0.2048
vn -0.1568 -0.6735 -0.7224
vn -0.2995 -0.5747 -0.7616
vn -0.2533 -0.6802 0.6878
vn -0.1553 -0.6631 0.7323
vn 0.1533 0.6729 -0.7237
vn 0.3186 0.6617 -0.6788
vn 0.3808 0.9124 -0.1503
vn 0.1669 0.6710 0.7225
vn 0.2238 0.6160 0.7553
vn 0.0359 -0.1506 0.9879
vn -0.0491 0.2007 0.9784
vn -0.0431 0.1650 0.9853
vn 0.0721 -0.1770 0.9816
vn -0.2206 0.9536 -0.2048
vn -0.3817 0.9112 -0.1549
vn -0.3424 0.9079 0.2420
vn -0.2243 0.9505 0.2152
vn 0.0431 -0.2006 -0.9787
vn -0.1222 0.1908 -0.9740
vn -0.0376 0.1506 -0.9879
vn 0.2182 -0.9520 -0.2146
vn 0.2242 -0.9531 0.2032
vn 0.3549 -0.9189 0.1721
vn 0.3955 -0.8887 -0.2320
vn 0.1523 -0.6731 -0.7237
vn 0.2945 -0.5745 -0.7636
vn 0.1596 -0.6632 0.7312
vn 0.2576 -0.6803 0.6861
vn -0.1550 0.6629 -0.7325
vn -0.2206 0.9536 -0.2047
vn -0.2190 0.6161 0.7566
vn -0.1626 0.6709 0.7235
vn -0.0406 0.9799 0.1955
vn 0.0737 0.9779 -0.1956
vn 0.0989 0.9760 0.1942
vn 0.0667 0.1944 0.9787
vn 0.0534 -0.1948 0.9794
vn 0.0804 0.1934 0.9778
vn -0.0626 -0.1949 -0.9788
vn 0.0706 -0.9785 0.1939
vn 0.0165 -0.9807 0.1951
vn -0.0087 -0.9808 -0.1950
vn 0.0457 -0.9797 -0.1951
vn -0.0379 -0.9801 0.1949
vn -0.0630 -0.9789 -0.1944
vn -0.1158 0.2121 0.9704
vn 0.0952 0.1947 0.9762
vn 0.1989 0.6902 0.6957
vn 0.0415 0.7124 0.7005
vn 0.2394 0.9522 0.1895
vn 0.1424 0.9709 0.1924
vn -0.2003 -0.9607 0.1923
vn -0.1154 -0.6958 0.7089
vn -0.4155 -0.6209 0.6647
vn -0.4966 -0.8501 0.1755
vn 0.1219 -0.9734 -0.1940
vn 0.1380 -0.9715 0.1927
vn -0.0089 -0.1877 -0.9822
vn 0.0242 0.1881 0.9818
vn 0.0737 -0.1872 0.9795
vn -0.1236 0.9731 0.1943
vn -0.1397 0.9713 -0.1927
vn -0.2216 -0.9566 -0.1894
vn -0.0105 0.1953 -0.9807
vn -0.1002 -0.1902 -0.9766
vn 0.0096 -0.1908 0.9816
vn 0.2215 0.9559 -0.1928
vn 0.9937 -0.0000 0.1117
vn 0.3733 0.1433 -0.9166
vn 0.3733 -0.1433 -0.9166
vn 0.7051 -0.3421 -0.6211
vn 0.7051 0.3422 -0.6211
vn 0.7051 0.3423 -0.6210
vn 0.9052 -0.3509 -0.2395
vn -0.9936 -0.0000 -0.1128
vn -0.6931 -0.3509 -0.6297
vn -0.6931 0.3510 -0.6296
vn -0.9029 0.3581 -0.2376
vn -0.9030 -0.3579 -0.2377
vn -0.3606 -0.1400 -0.9222
vn -0.3606 0.1400 -0.9221
vn 0.4270 0.0854 0.9002
vn 0.4097 -0.2725 0.8705
vn 0.0147 -0.1961 0.9805
vn -0.6882 0.3510 0.6349
vn -0.6882 -0.3510 0.6349
vn -0.9016 -0.3577 0.2433
vn -0.9016 0.3578 0.2432
vn 0.4097 0.2725 0.8706
vn 0.4270 -0.0861 0.9001
vn -0.3533 0.1400 0.9250
vn -0.3532 -0.1400 0.9250
vn -0.6882 -0.3510 0.6350
vn 0.7091 -0.3428 0.6162
vn 0.7091 0.3428 0.6162
vn 0.9070 0.3506 0.2334
vn 0.9070 -0.3505 0.2335
vn -0.3696 -0.2685 0.8896
vn 0.3794 0.1437 0.9140
vn 0.7091 0.3429 0.6162
vn 0.7091 -0.3427 0.6162
vn -0.3842 -0.0953 0.9183
vn -0.3697 0.2681 0.8897
vn 0.1963 0.1908 -0.9618
vn 0.1963 -0.1908 -0.9618
vn 0.1856 0.2575 -0.9483
vn 0.9485 0.2619 0.1780
vn 0.9473 0.2620 -0.1844
vn 0.9472 -0.2622 -0.1844
vn 0.2029 -0.1898 0.9606
vn 0.2028 0.1898 0.9606
vn 0.1927 0.2548 0.9476
vn 0.1927 -0.2548 0.9476
vn -0.2617 0.3099 0.9140
vn -0.2617 -0.3099 0.9140
vn -0.1778 -0.2770 0.9443
vn -0.1778 0.2771 0.9443
vn -0.9482 -0.2625 -0.1788
vn -0.9482 0.2625 -0.1788
vn -0.9469 0.2625 0.1856
vn -0.9469 -0.2625 0.1855
vn -0.1674 -0.2308 -0.9585
vn -0.1674 0.2308 -0.9585
vn -0.1853 0.2698 -0.9449
vn -0.1854 -0.2698 -0.9449
vn 0.1873 0.9623 0.1974
vn 0.1840 0.9650 -0.1869
vn -0.0058 0.9837 -0.1795
vn -0.0058 -0.9837 -0.1795
vn 0.1873 -0.9623 0.1974
vn -0.1195 0.9504 -0.2873
vn -0.1194 -0.9504 -0.2872
vn 0.9616 -0.1924 -0.1959
vn 0.9615 0.1925 -0.1960
vn 0.9631 0.1927 0.1879
vn 0.9631 -0.1926 0.1879
vn -0.5844 0.2306 -0.7780
vn -0.7660 -0.1702 -0.6200
vn -0.7659 0.1702 -0.6200
vn -0.0046 0.9827 0.1851
vn 0.1851 0.9646 0.1877
vn 0.1842 0.9630 -0.1969
vn 0.0047 0.9832 0.1823
vn 0.1841 -0.9630 -0.1968
vn 0.1850 -0.9647 0.1877
vn -0.1579 0.9825 -0.0992
vn -0.1440 0.9508 0.2743
vn -0.1440 -0.9508 0.2743
vn -0.1579 -0.9825 -0.0992
vn 0.9628 -0.1928 0.1891
vn 0.9618 -0.1927 -0.1946
vn -0.7226 -0.2099 0.6587
vn -0.7225 0.2099 0.6587
vn -0.9245 0.1926 0.3291
vn -0.9245 -0.1926 0.3291
vn 0.1828 0.1922 -0.9642
vn 0.1828 -0.1922 -0.9642
vn -0.0068 -0.1965 -0.9805
vn -0.0073 0.1979 -0.9802
vn 0.1893 -0.1923 0.9629
vn 0.1893 0.1922 0.9629
vn 0.0019 -0.1966 0.9805
vn -0.0970 -0.2106 -0.9728
vn -0.0970 0.2106 -0.9728
vn -0.1154 0.1990 0.9732
vn -0.1153 -0.1989 0.9732
vn 0.3794 -0.1438 0.9140
vn 0.3212 -0.6823 0.6567
vn 0.3213 -0.6823 0.6567
vn 0.5441 -0.8006 0.2512
vn 0.0988 -0.9764 0.1918
vn 0.9758 0.0000 0.2189
vn 0.8176 -0.0000 0.5757
vn 0.8174 0.0000 0.5760
vn 0.2507 -0.0000 -0.9681
vn 0.3212 0.6824 0.6566
vn 0.9554 0.0000 -0.2952
vn 0.2676 0.0000 0.9635
vn -0.9814 0.0000 -0.1918
vn -0.9814 0.0000 -0.1919
vn 0.0987 0.9765 0.1916
vn 0.5439 0.8007 0.2511
vn 0.0078 -0.1949 -0.9808
vn 0.4038 -0.2711 -0.8738
vn 0.1297 -0.9772 -0.1681
vn 0.6180 -0.7720 0.1489
vn 0.6443 -0.6959 -0.3171
vn -0.2870 -0.6870 0.6675
vn -0.6883 -0.3509 0.6350
vn -0.3533 -0.1400 0.9250
vn 0.8298 -0.5581 -0.0029
vn 0.9931 -0.1169 -0.0035
vn 0.9931 -0.1170 -0.0035
vn -0.0870 0.9775 -0.1921
vn 0.4207 -0.0851 -0.9032
vn 0.4037 0.2715 -0.8737
vn 0.0078 0.1952 -0.9807
vn 0.0078 -0.1952 -0.9807
vn 0.1252 0.9889 -0.0805
vn 0.6168 0.7722 -0.1527
vn 0.6476 0.6934 0.3159
vn -0.0868 -0.9774 0.1929
vn -0.6882 -0.3509 0.6350
vn 0.8298 0.5581 -0.0029
vn 0.9932 0.1168 -0.0035
vn 0.0962 -0.9766 -0.1922
vn -0.2870 0.6869 0.6676
vn -0.3905 0.0955 -0.9156
vn -0.3759 -0.2680 -0.8871
vn 0.0962 0.9767 -0.1921
vn -0.2870 0.6869 0.6677
vn -0.6882 0.3511 0.6349
vn -0.5307 0.8077 0.2569
vn -0.0867 0.9774 0.1927
vn -0.3759 0.2680 -0.8871
vn -0.3905 -0.0953 -0.9156
vn 0.2460 0.6471 0.7216
vn 0.1286 0.6057 0.7853
vn 0.1822 0.9626 0.2004
vn 0.1701 0.1552 0.9731
vn 0.3169 -0.6816 -0.6595
vn 0.7530 0.2039 -0.6257
vn 0.9239 0.2503 -0.2894
vn 0.0034 -0.2140 0.9768
vn 0.1712 -0.2304 0.9579
vn 0.9239 -0.2502 -0.2894
vn 0.7530 -0.2037 -0.6257
vn 0.3169 -0.6816 -0.6596
vn 0.3167 0.6820 -0.6592
vn -0.9630 -0.1921 -0.1889
vn -0.9807 -0.1953 0.0034
vn -0.9809 -0.1947 0.0034
vn -0.1925 0.9625 -0.1912
vn -0.9631 0.1920 -0.1889
vn 0.3167 0.6821 -0.6591
vn 0.7051 0.3422 -0.6210
vn -0.9809 0.1947 0.0034
vn 0.0030 -0.9808 0.1948
vn 0.0030 -0.9808 0.1951
vn 0.1730 -0.9810 0.0883
vn 0.1281 -0.7535 0.6448
vn 0.2347 -0.8337 0.4998
vn 0.1566 -0.9696 0.1880
vn -0.0857 0.9775 0.1927
vn 0.0030 0.9809 0.1946
vn 0.0030 0.9808 0.1949
vn 0.0131 -0.7196 0.6942
vn 0.1282 -0.7535 0.6448
vn 0.1564 0.9697 0.1878
vn 0.0975 -0.9767 0.1913
vn 0.0771 -0.9784 0.1920
vn -0.1385 -0.9719 0.1901
vn 0.0770 0.9784 0.1918
vn 0.0974 0.9767 0.1911
vn -0.1383 0.9720 0.1900
vn 0.1794 0.9783 -0.1040
vn 0.1367 0.7445 -0.6535
vn 0.2313 0.8324 -0.5035
vn -0.0034 0.2093 -0.9778
vn 0.1676 0.2242 -0.9600
vn 0.2508 0.0000 -0.9680
vn 0.0016 -0.9809 -0.1946
vn 0.0079 0.7168 -0.6972
vn 0.1664 -0.1530 -0.9741
vn -0.0035 -0.0706 -0.9975
vn 0.0016 0.9809 -0.1944
vn 0.8008 -0.1993 0.5648
vn 0.9476 -0.2361 0.2151
vn -0.1913 -0.9624 0.1927
vn -0.9618 -0.1916 0.1954
vn -0.0879 -0.9775 -0.1918
vn -0.1394 -0.9721 -0.1887
vn -0.1912 0.9625 0.1926
vn -0.1393 0.9721 -0.1885
vn -0.0879 0.9775 -0.1916
vn -0.9618 0.1916 0.1954
vn -0.3597 0.9126 0.1942
vn -0.3616 0.9135 -0.1864
vn -0.0863 0.9806 -0.1757
vn -0.3493 0.7098 0.6118
vn -0.4992 0.8510 0.1630
vn -0.2457 0.6503 0.7188
vn -0.0416 0.1711 0.9844
vn 0.1061 -0.1816 0.9776
vn -0.0497 0.3723 0.9268
vn 0.3882 -0.9023 0.1874
vn 0.2946 -0.6450 0.7051
vn 0.6397 -0.2903 0.7117
vn 0.2256 0.0856 0.9705
vn -0.0955 0.1860 -0.9779
vn 0.0581 -0.1669 -0.9843
vn -0.0837 -0.1969 -0.9768
vn 0.1309 0.1798 -0.9750
vn -0.0300 0.9804 0.1948
vn -0.0053 0.9808 -0.1952
vn 0.1023 0.9740 -0.2020
vn -0.0993 0.9759 0.1942
vn -0.0678 -0.1947 0.9785
vn -0.0702 0.1942 0.9784
vn -0.0164 0.1875 0.9821
vn -0.0526 -0.1873 0.9809
vn -0.0840 0.1938 0.9774
vn 0.0558 -0.1949 -0.9792
vn 0.0159 -0.1877 -0.9821
vn 0.0522 0.1874 -0.9809
vn 0.0533 0.1948 -0.9794
vn 0.0666 -0.1946 -0.9786
vn -0.0172 -0.9807 0.1949
vn -0.1041 -0.9754 0.1942
vn -0.0902 -0.9753 -0.2017
vn -0.1920 0.9623 0.1927
vn -0.2676 0.9448 -0.1891
vn -0.1836 0.9640 -0.1924
vn 0.0238 -0.1897 0.9816
vn 0.1686 0.1723 0.9705
vn -0.0458 0.1975 0.9792
vn 0.1697 -0.9666 0.1918
vn 0.0786 -0.1920 -0.9782
vn -0.0367 -0.1934 -0.9804
vn -0.0124 0.1920 0.9813
vn 0.0041 0.2140 0.9768
vn -0.1279 -0.0916 0.9876
vn -0.1835 -0.9624 -0.2002
vn -0.4829 -0.8501 0.2099
vn -0.4627 -0.8730 -0.1544
vn 0.0719 0.1794 -0.9811
vn -0.0018 -0.1804 -0.9836
vn -0.1214 -0.2406 -0.9630
vn 0.0654 0.0668 -0.9956
vn 0.1944 0.9588 -0.2070
vn 0.4821 0.8526 -0.2019
vn 0.4278 0.8845 0.1863
vn 0.1756 0.9645 0.1973
vn 0.7082 0.6982 0.1049
vn 0.7441 0.6240 -0.2385
vn 0.8834 0.3510 -0.3104
vn 0.9037 0.4231 0.0664
vn 0.9964 -0.0712 0.0466
vn 0.9556 -0.0238 -0.2936
vn -0.4058 -0.1832 -0.8954
vn -0.0590 -0.0765 -0.9953
vn 0.0006 -0.0662 -0.9978
vn -0.3003 -0.2798 -0.9119
vn -0.4820 -0.0008 -0.8762
vn -0.0960 -0.0317 -0.9949
vn -0.8654 -0.3848 0.3210
vn -0.9257 -0.3761 -0.0410
vn -0.7408 -0.6684 -0.0666
vn -0.9400 0.1165 0.3207
vn -0.9950 0.0935 -0.0339
vn -0.0752 0.0203 0.9970
vn 0.1624 0.2815 0.9457
vn 0.3609 0.2280 0.9043
vn 0.4501 -0.0437 0.8919
vn -0.7802 0.6218 -0.0681
vn -0.7012 0.6499 0.2931
vn -0.0281 0.0906 0.9955
vn 0.2743 -0.2085 0.9388
vn 0.7536 -0.6513 0.0886
vn -0.3531 0.1662 -0.9207
vn -0.0302 -0.0212 -0.9993
vn 0.0007 -0.9809 0.1946
vn -0.0007 -0.9808 -0.1952
vn -0.0341 -0.9803 -0.1943
vn -0.0327 -0.9804 0.1942
vn -0.1661 -0.1928 -0.9671
vn -0.0034 -0.1958 -0.9806
vn -0.0034 0.1953 -0.9807
vn -0.1661 0.1933 -0.9670
vn 0.0007 0.9809 0.1946
vn -0.0327 0.9804 0.1942
vn -0.0341 0.9803 -0.1943
vn -0.0007 0.9808 -0.1952
vn -0.1593 0.1931 0.9682
vn 0.0034 0.1957 0.9807
vn 0.0034 -0.1953 0.9807
vn -0.1593 -0.1932 0.9681
vn 0.1324 -0.1930 -0.9722
vn -0.1444 0.1938 -0.9704
vn 0.1322 0.1969 -0.9715
vn 0.3795 0.1895 -0.9056
vn 0.3796 -0.1859 -0.9063
vn 0.9674 0.1901 -0.1673
vn 0.9685 0.1902 0.1608
vn 0.9685 -0.1904 0.1608
vn 0.1391 0.1932 0.9712
vn 0.3858 -0.1902 0.9028
vn 0.3858 0.1861 0.9036
vn -0.0283 0.9805 0.1945
vn -0.0283 -0.9805 0.1945
vn 0.0278 0.9808 0.1932
vn 0.2335 0.9549 0.1833
vn 0.2320 0.9550 -0.1847
vn 0.0278 -0.9808 0.1932
vn 0.2320 -0.9550 -0.1847
vn 0.2335 -0.9549 0.1833
vn -0.7042 0.0000 0.7100
vn -0.6907 0.1957 0.6962
vn -0.1883 0.1915 0.9633
vn -0.6928 0.6932 0.1986
vn -0.7073 0.7069 0.0025
vn 0.2533 0.6959 0.6720
vn -0.1936 0.6931 0.6944
vn 0.3312 0.0898 0.9393
vn -0.6907 -0.1958 0.6961
vn -0.1936 -0.6930 0.6944
vn 0.2532 -0.6961 0.6719
vn 0.3312 -0.0901 0.9392
vn -0.7073 -0.7069 0.0025
vn -0.6929 -0.6931 0.1987
vn 0.1372 -0.1920 0.9718
vn 0.5735 -0.6775 0.4605
vn 0.6499 -0.7531 0.1021
vn 0.1663 -0.9486 0.2694
vn 0.1878 -0.9585 -0.2147
vn 0.9129 -0.1860 -0.3632
vn 0.8535 0.0000 -0.5211
vn 0.7769 -0.2860 -0.5609
vn 0.1489 -0.6742 0.7234
vn -0.2973 -0.0986 0.9497
vn 0.2404 -0.6540 -0.7172
vn 0.1359 -0.6002 -0.7882
vn 0.0034 -0.4085 -0.9128
vn 0.1485 0.6797 0.7183
vn -0.2243 0.7037 0.6742
vn -0.2979 0.1064 0.9486
vn 0.1662 0.9486 0.2692
vn 0.8534 0.0000 -0.5213
vn 0.9130 0.1860 -0.3632
vn 0.7769 0.2860 -0.5609
vn 0.6499 0.7531 0.1022
vn 0.5735 0.6775 0.4605
vn 0.0106 0.7092 0.7049
vn 0.3230 0.6823 0.6558
vn 0.3229 -0.6827 0.6555
vn 0.0105 -0.7095 0.7046
vn -0.2881 0.6873 0.6668
vn -0.2882 -0.6872 0.6668
vn -0.7069 0.7073 0.0025
vn -0.1955 0.1920 -0.9617
vn -0.1985 0.0000 -0.9801
vn -0.7094 0.0000 -0.7048
vn -0.6958 0.1961 -0.6910
vn 0.3247 0.0901 -0.9415
vn -0.1986 0.6935 -0.6926
vn 0.2485 0.6962 -0.6734
vn -0.6939 0.6935 -0.1938
vn -0.7069 -0.7073 0.0025
vn -0.6957 -0.1961 -0.6910
vn -0.1955 -0.1920 -0.9617
vn -0.6939 -0.6935 -0.1938
vn 0.3247 -0.0899 -0.9415
vn 0.2486 -0.6960 -0.6736
vn -0.1987 -0.6934 -0.6926
vn 0.1210 -0.2041 -0.9714
vn 0.1227 0.0000 -0.9924
vn 0.4801 0.0000 -0.8772
vn 0.4705 -0.1972 -0.8601
vn 0.1331 -0.6817 -0.7194
vn -0.2287 -0.7054 -0.6709
vn -0.3047 -0.1092 -0.9462
vn -0.0691 -0.9788 -0.1927
vn 0.8776 0.0000 0.4795
vn 0.7894 -0.3095 0.5301
vn 0.6226 -0.7672 -0.1541
vn 0.5369 -0.6785 -0.5014
vn 0.4705 0.1971 -0.8601
vn 0.1208 0.1950 -0.9733
vn 0.5367 0.6788 -0.5012
vn 0.6224 0.7674 -0.1541
vn 0.8775 0.0000 0.4795
vn 0.7895 0.3094 0.5301
vn -0.2295 0.6989 -0.6774
vn 0.1335 0.6750 -0.7257
vn -0.3037 0.0997 -0.9475
vn 0.0056 0.7091 -0.7051
vn 0.0057 -0.7089 -0.7053
vn 0.3186 -0.6819 -0.6584
vn -0.2927 0.6874 -0.6647
vn -0.2928 -0.6872 -0.6649
vn -0.5792 0.5774 -0.5754
vn -0.5752 0.5770 0.5799
vn -0.5792 -0.5774 -0.5755
vn -0.5752 -0.5769 0.5799
vn 0.4344 0.5521 0.7116
vn 0.3989 0.5558 -0.7294
vn 0.4344 -0.5521 0.7117
vn 0.3989 -0.5557 -0.7294
vn 0.5321 -0.7264 -0.4350
vn 0.6035 -0.3680 -0.7074
vn 0.7769 -0.2861 -0.5609
vn 0.5321 0.7264 -0.4349
vn 0.6035 0.3679 -0.7074
vn 0.2451 -0.7753 0.5821
vn 0.3378 -0.2403 0.9100
vn 0.5123 -0.7580 0.4037
vn 0.6219 -0.7795 0.0756
vn 0.5123 0.7581 0.4037
vn 0.3378 0.2402 0.9100
vn 0.0057 0.7092 -0.7049
vn -0.6931 -0.3510 -0.6296
vn -0.5320 -0.8077 -0.2541
vn 0.0058 -0.7089 -0.7053
vn -0.5319 0.8078 -0.2539
vn 0.0107 -0.7093 0.7048
vn 0.0106 -0.7093 0.7048
vn -0.1228 0.6824 0.7206
vn -0.4473 0.2039 0.8708
vn -0.4473 -0.2039 0.8708
vn 0.0040 -0.7121 0.7020
vn -0.1228 -0.6824 0.7206
vn -0.0994 -0.6938 -0.7133
vn -0.3533 -0.2248 -0.9081
vn -0.3533 0.2249 -0.9081
vn -0.0031 0.7151 -0.6990
vn -0.0073 0.1980 -0.9802
vn -0.0994 0.6938 -0.7133
vn -0.0018 -0.7097 0.7045
vn 0.1910 -0.6946 0.6936
vn 0.6932 -0.1970 0.6933
vn 0.6932 0.1970 0.6933
vn 0.1911 0.6945 0.6936
vn -0.0070 -0.7111 -0.7031
vn -0.0070 0.7112 -0.7029
vn 0.1862 0.6944 -0.6951
vn 0.6885 0.1969 -0.6980
vn 0.6885 -0.1969 -0.6980
vn 0.1861 -0.6944 -0.6951
vn -0.6533 -0.7354 0.1798
vn -0.5125 -0.6877 0.5143
vn -0.5124 0.6877 0.5142
vn -0.6533 0.7354 0.1799
vn -0.9544 -0.1165 -0.2747
vn -0.8248 -0.2431 -0.5106
vn -0.8248 0.2431 -0.5105
vn 0.6915 0.6958 0.1939
vn 0.6915 -0.6959 0.1939
vn 0.6938 -0.1964 -0.6928
vn 0.6938 0.1964 -0.6928
vn -0.1095 -0.7501 -0.6522
vn -0.1095 0.7501 -0.6522
vn -0.1854 0.2698 -0.9449
vn 0.1933 0.6929 -0.6947
vn -0.5150 0.7339 -0.4430
vn -0.4108 0.7034 -0.5800
vn -0.4108 -0.7035 -0.5799
vn -0.5149 -0.7340 -0.4428
vn -0.9949 -0.0823 -0.0580
vn -0.9949 0.0823 -0.0580
vn -0.8129 0.2852 0.5078
vn -0.8128 -0.2852 0.5079
vn 0.6904 -0.6957 -0.1983
vn 0.6915 -0.6955 0.1949
vn 0.6905 0.6956 -0.1983
vn 0.6916 0.6955 0.1949
vn 0.9631 0.1926 0.1879
vn 0.9615 0.1925 -0.1959
vn 0.6985 -0.1964 0.6881
vn -0.1687 -0.8097 0.5621
vn -0.1688 0.8098 0.5619
vn 0.2001 -0.6921 0.6935
vn -0.9469 0.2625 0.1855
vn -0.9482 0.2625 -0.1787
vn 0.2001 0.6921 0.6935
vn 0.2029 0.1898 0.9606
vn -0.6654 0.3420 -0.6635
vn -0.6654 -0.3420 -0.6635
vn -0.6603 0.3404 0.6695
vn -0.6603 -0.3404 0.6695
vn 0.6686 0.3385 0.6621
vn 0.6686 -0.3386 0.6621
vn 0.6638 0.3405 -0.6659
vn 0.6638 -0.3405 -0.6659
vn -0.2936 0.5955 -0.7478
vn -0.3766 0.5675 0.7322
vn -0.2936 -0.5955 -0.7478
vn -0.3766 -0.5675 0.7322
vn 0.5714 0.5792 -0.5814
vn 0.5753 0.5795 0.5773
vn 0.5751 -0.5796 0.5773
vn 0.5717 -0.5791 -0.5812
vn -0.2199 -0.7796 -0.5864
vn -0.3304 -0.2407 -0.9126
vn -0.5647 -0.7138 -0.4143
vn -0.7054 -0.7063 -0.0592
vn -0.7054 0.7064 -0.0592
vn -0.5647 0.7138 -0.4143
vn -0.3304 0.2407 -0.9126
vn -0.2199 0.7796 -0.5864
vn 0.5745 0.5786 -0.5789
vn 0.6938 0.1964 -0.6929
vn 0.5745 -0.5787 -0.5788
vn 0.6638 0.3406 -0.6659
vn -0.6678 -0.1824 -0.7216
vn -0.8604 -0.0957 -0.5005
vn -0.3286 -0.8607 0.3889
vn -0.5171 -0.3647 0.7744
vn -0.3288 0.8608 0.3885
vn -0.5172 0.3647 0.7743
vn -0.6678 0.1824 -0.7217
vn -0.8604 0.0956 -0.5005
vn 0.5784 0.5788 0.5748
vn 0.5784 -0.5788 0.5748
vn 0.6686 0.3386 0.6621
vn -0.1053 -0.7059 -0.7004
vn -0.1002 -0.7065 0.7005
vn 0.1001 -0.7091 0.6980
vn 0.3330 -0.6773 -0.6561
vn 0.7122 -0.6805 0.1725
vn 0.3366 -0.6803 0.6511
vn -0.1003 0.7063 0.7008
vn 0.1007 0.7061 0.7009
vn 0.1006 0.7061 0.7009
vn -0.1052 0.7067 -0.6996
vn 0.0952 0.7091 -0.6987
vn 0.0952 0.7090 -0.6987
vn -0.1160 0.7055 0.6992
vn -0.1160 -0.7056 0.6991
vn 0.3376 0.6771 0.6539
vn 0.3375 0.6772 0.6539
vn 0.7123 0.6804 0.1726
vn 0.7111 0.6804 -0.1773
vn 0.3322 0.6799 -0.6537
vn -0.1210 -0.7050 -0.6988
vn -0.1209 0.7054 -0.6984
vn 0.7725 -0.1872 0.6068
vn 0.7724 0.1872 0.6069
vn 0.7725 0.1872 0.6069
vn 0.7724 -0.1872 0.6069
vn 0.7684 0.1869 -0.6121
vn 0.7684 -0.1869 -0.6121
vn 0.7684 -0.1868 -0.6121
vn 0.7684 0.1868 -0.6121
vn 0.0025 0.7079 0.7063
vn 0.0025 -0.7076 0.7066
vn -0.0024 0.7072 -0.7070
vn -0.0024 -0.7075 -0.7067
vn 0.6546 0.5541 0.5143
vn 0.6547 0.5540 0.5143
vn 0.6547 -0.5540 0.5143
vn 0.6513 0.5538 -0.5188
vn 0.6512 -0.5538 -0.5188
vn -0.8942 0.0708 -0.4421
vn -0.6986 0.4651 -0.5438
vn -0.9950 0.0935 -0.0340
vn 0.4796 -0.2902 -0.8281
vn 0.4998 -0.0459 -0.8649
vn 0.8860 -0.1393 0.4423
vn 0.6068 -0.5907 0.5318
vn -0.3992 0.4207 0.8146
vn -0.4984 0.1169 0.8590
vn -0.1081 0.7001 -0.7058
vn -0.0214 0.7067 -0.7072
vn -0.1416 0.6996 0.7004
vn -0.0119 -0.7073 0.7068
vn 0.1162 -0.6968 0.7078
vn 0.1563 -0.6949 -0.7019
vn 0.0770 -0.7050 -0.7051
vn 0.1808 -0.9645 -0.1922
vn 0.0434 0.7007 0.7121
vn 0.0936 0.6966 0.7113
vn 0.1585 0.6743 -0.7212
vn 0.0921 0.6925 -0.7155
vn -0.0941 -0.6980 0.7099
vn -0.1128 -0.6838 -0.7209
vn -0.0440 -0.6951 -0.7176
vn 0.3473 0.5597 -0.7524
vn 0.4995 0.3319 -0.8002
vn 0.2320 0.6707 0.7045
vn 0.4963 0.6065 0.6212
vn -0.6306 -0.5499 -0.5477
vn -0.3506 -0.6641 -0.6604
vn -0.7409 -0.6683 -0.0666
vn -0.4626 -0.8730 -0.1544
vn -0.3668 -0.5494 0.7508
vn -0.4867 -0.3986 0.7774
vn -0.4794 -0.1930 0.8561
vn 0.7596 0.3861 0.5234
vn -0.8119 -0.3055 -0.4975
vn 0.4870 0.1266 -0.8642
vn 0.7964 0.3436 0.4977
vn 0.6942 0.6914 0.2000
vn 0.4304 0.5951 0.6787
vn 0.3720 0.6096 0.7000
vn 0.5496 0.6387 -0.5385
vn 0.4027 0.6065 -0.6855
vn 0.3531 0.6046 -0.7140
vn -0.2306 -0.6941 -0.6819
vn 0.0944 0.5918 -0.8005
vn 0.1045 0.5903 0.8004
vn 0.0380 -0.7066 -0.7066
vn 0.0289 0.7068 -0.7068
vn 0.1674 0.6062 -0.7775
vn -0.2791 0.6532 -0.7039
vn 0.4026 0.6065 -0.6856
vn 0.2655 -0.6489 -0.7130
vn 0.8342 -0.5194 0.1851
vn 0.8291 -0.5253 -0.1917
vn 0.6212 -0.2979 -0.7249
vn 0.1832 0.0940 -0.9786
vn -0.4943 0.8549 -0.1577
vn -0.3720 0.7045 -0.6043
vn -0.1029 0.3743 -0.9216
vn 0.1895 0.5862 0.7877
vn 0.3014 0.9313 0.2045
vn 0.1075 0.7023 0.7037
vn 0.0165 0.7067 -0.7074
vn 0.1282 0.6962 -0.7063
vn 0.0094 -0.7070 0.7071
vn -0.0820 -0.7049 -0.7045
vn -0.1941 -0.6891 -0.6982
vn -0.1190 0.6960 -0.7081
vn -0.0839 0.7050 -0.7043
vn -0.0599 0.6995 0.7122
vn 0.1272 -0.6955 0.7071
vn 0.0679 -0.6993 -0.7116
vn 0.0457 -0.9797 -0.1950
vn -0.2396 -0.1652 0.9567
vn -0.1954 0.2042 -0.9592
vn 0.1302 0.9723 -0.1939
vn -0.5091 -0.8438 -0.1697
vn -0.4656 -0.6098 -0.6414
vn -0.3199 -0.1666 -0.9327
vn 0.0486 -0.7065 0.7061
vn -0.0338 0.7069 -0.7065
vn 0.0576 0.7059 0.7060
vn -0.0317 0.9782 0.2051
vn -0.0211 0.6914 0.7221
vn 0.0264 0.6915 0.7219
vn 0.0332 0.9782 0.2049
vn 0.0307 0.9733 -0.2275
vn -0.0324 0.9738 -0.2251
vn 0.0307 0.9733 -0.2276
vn 0.0187 0.6632 -0.7482
vn -0.0243 0.6649 -0.7465
vn 0.0012 0.1490 -0.9888
vn 0.0030 -0.2038 -0.9790
vn -0.0102 -0.2038 -0.9790
vn -0.0249 -0.6917 -0.7218
vn 0.0196 -0.6917 -0.7219
vn -0.0324 -0.9783 -0.2046
vn 0.0309 -0.9783 -0.2048
vn -0.0312 -0.9732 0.2277
vn 0.0330 -0.9732 0.2276
vn -0.0193 -0.6631 0.7483
vn 0.0248 -0.6631 0.7481
vn -0.0038 0.2037 0.9790
vn 0.0110 0.2037 0.9790
vn -0.2187 0.9714 -0.0920
vn 0.3032 0.6819 0.6656
vn 0.0859 0.7951 0.6004
vn 0.2633 0.9567 0.1242
vn 0.1825 0.9723 0.1460
vn 0.9230 -0.3258 -0.2046
vn 0.9287 -0.3213 0.1852
vn 0.0608 0.8115 -0.5811
vn 0.2791 0.7005 -0.6568
vn 0.2317 0.8922 -0.3877
vn 0.1542 0.9035 -0.3999
vn -0.1165 0.9224 -0.3683
vn 0.6527 0.5150 -0.5557
vn 0.5172 0.8505 -0.0961
vn 0.3088 0.8989 -0.3110
vn 0.3708 0.9257 -0.0750
vn 0.5198 0.8502 0.0835
vn 0.3734 0.9264 0.0492
vn 0.3274 0.9425 0.0675
vn 0.4707 0.7244 0.5037
vn 0.7156 -0.0485 0.6968
vn 0.6680 0.5159 0.5363
vn -0.1122 0.9213 0.3723
vn 0.1239 0.9902 0.0651
vn 0.0767 0.9965 0.0322
vn 0.1102 0.9474 -0.3004
vn -0.5650 0.8106 -0.1539
vn -0.5582 0.8143 0.1589
vn -0.6854 0.1880 0.7035
vn -0.9699 0.0061 0.2436
vn -0.8373 -0.5338 0.1182
vn -0.8413 -0.5291 -0.1105
vn -0.7190 0.1737 -0.6730
vn -0.7690 -0.0838 -0.6337
vn -0.9729 0.0048 -0.2310
vn -0.9654 0.0971 -0.2422
vn -0.8338 -0.3643 -0.4147
vn -0.8413 -0.5291 -0.1104
vn -0.9935 -0.1102 -0.0279
vn -0.9920 -0.0602 -0.1111
vn -0.6567 0.5559 -0.5096
vn -0.8178 -0.3732 0.4382
vn -0.9908 -0.0621 0.1205
vn -0.9932 -0.1113 0.0352
vn -0.6323 0.5699 0.5248
vn -0.9729 0.1858 0.1378
vn -0.9745 0.1821 -0.1307
vn -0.9666 0.2524 0.0453
vn -0.9932 -0.1114 0.0352
vn -0.9935 -0.1101 -0.0279
vn -0.9671 0.2514 -0.0388
vn -0.9920 -0.0603 -0.1112
vn -0.9729 0.0047 -0.2310
vn 0.2634 0.9567 0.1242
vn 0.3734 0.9264 0.0491
vn 0.3708 0.9257 -0.0749
vn 0.3087 0.8989 -0.3110
vn 0.2316 0.8922 -0.3877
vn 0.0960 -0.1630 0.9819
vn 0.1346 -0.0912 0.9867
vn 0.0026 0.2140 0.9768
vn 0.0249 0.1921 0.9811
vn 0.1968 -0.9612 -0.1934
vn 0.4616 -0.8730 -0.1577
vn 0.4844 -0.8501 0.2063
vn 0.2262 -0.9542 0.1958
vn -0.0737 0.1794 -0.9810
vn -0.0724 0.0670 -0.9951
vn 0.1146 -0.2406 -0.9638
vn 0.0052 -0.1803 -0.9836
vn -0.2085 0.9579 -0.1975
vn -0.1868 0.9622 0.1983
vn -0.4265 0.8844 0.1895
vn -0.4835 0.8526 -0.1985
vn -0.7074 0.6982 0.1100
vn -0.9032 0.4230 0.0725
vn -0.8855 0.3510 -0.3044
vn -0.9960 -0.0712 0.0531
vn -0.9577 -0.0238 -0.2869
vn 0.3995 -0.1832 -0.8983
vn 0.2939 -0.2798 -0.9140
vn -0.0079 -0.0660 -0.9978
vn 0.0517 -0.0764 -0.9957
vn 0.0888 -0.0317 -0.9955
vn 0.4758 -0.0008 -0.8796
vn 0.7103 -0.6609 0.2421
vn 0.7404 -0.6684 -0.0716
vn 0.9254 -0.3761 -0.0471
vn 0.9423 0.1165 0.3140
vn 0.9948 0.0935 -0.0405
vn -0.0301 0.0679 0.9972
vn -0.3546 0.2281 0.9068
vn -0.1560 0.2817 0.9468
vn 0.0820 0.0205 0.9964
vn -0.0205 0.0534 0.9984
vn -0.3900 -0.0212 0.9206
vn 0.7033 0.6499 0.2881
vn 0.7797 0.6218 -0.0733
vn -0.2159 -0.1816 0.9594
vn -0.7530 -0.6513 0.0937
vn -0.8039 -0.5311 -0.2676
vn 0.0232 -0.0211 -0.9995
vn 0.8912 0.0708 -0.4481
vn 0.6948 0.4651 -0.5485
vn 0.7797 0.6218 -0.0734
vn -0.5061 -0.0460 -0.8612
vn -0.4856 -0.2901 -0.8246
vn -0.8537 -0.1186 0.5071
vn -0.5631 -0.5764 0.5922
vn 0.4048 0.4207 0.8119
vn 0.5045 0.1169 0.8555
vn -0.3526 0.5598 -0.7499
vn -0.5052 0.3321 -0.7965
vn 0.6268 -0.5499 -0.5520
vn 0.3460 -0.6640 -0.6628
vn 0.7404 -0.6683 -0.0716
vn 0.4920 -0.3986 0.7740
vn 0.3720 -0.5492 0.7483
vn 0.4855 -0.1930 0.8527
vn -0.7560 0.3862 0.5285
vn 0.9254 -0.3760 -0.0471
vn 0.8085 -0.3055 -0.5029
vn -0.4930 0.1266 -0.8607
vn -0.0929 0.6960 0.7120
vn -0.1689 0.6790 -0.7145
vn 0.1237 -0.6878 -0.7153
vn 0.1967 -0.9612 -0.1934
vn 0.2005 -0.6622 0.7220
vn -0.0302 -0.1507 0.9881
vn 0.0548 0.2005 0.9782
vn 0.2194 0.9536 -0.2060
vn 0.2250 0.9478 0.2260
vn -0.0490 -0.2008 -0.9784
vn -0.2189 -0.9495 -0.2250
vn -0.2230 -0.9531 0.2048
vn -0.1547 -0.6647 -0.7309
vn 0.1507 0.6631 -0.7332
vn 0.2194 0.9536 -0.2061
vn 0.1646 0.6621 0.7311
vn -0.0490 0.2002 0.9785
vn -0.2208 0.9536 -0.2045
vn -0.2237 0.9477 0.2276
vn 0.0432 -0.2007 -0.9787
vn 0.2177 -0.9494 -0.2265
vn 0.2243 -0.9531 0.2033
vn 0.1504 -0.6645 -0.7320
vn 0.1597 -0.6631 0.7313
vn -0.1551 0.6631 -0.7323
vn -0.2208 0.9537 -0.2045
vn -0.1603 0.6617 0.7324
vn -0.3263 -0.8617 0.3885
vn -0.2716 -0.7161 0.6430
vn 0.0281 -0.7663 0.6419
vn 0.0307 -0.9215 0.3873
vn 0.0310 -0.9946 0.0989
vn -0.3523 -0.9305 0.1002
vn 0.9858 0.0250 -0.1658
vn 0.9956 0.0286 -0.0893
vn 0.9327 -0.3511 0.0822
vn 0.9253 -0.3444 0.1585
vn 0.9351 -0.3540 0.0166
vn 0.9993 0.0303 -0.0234
vn 0.9993 0.0302 -0.0234
vn 0.9956 0.0286 -0.0892
vn 0.9327 -0.3511 0.0821
vn 0.9253 -0.3444 0.1586
vn 0.9859 0.0250 -0.1657
vn -0.9351 0.3541 -0.0166
vn -0.9993 -0.0303 0.0234
vn -0.9956 -0.0286 0.0893
vn -0.9328 0.3510 -0.0822
vn -0.9858 -0.0250 0.1658
vn -0.9253 0.3444 -0.1586
vn -0.9326 0.3513 -0.0825
vn -0.9956 -0.0285 0.0890
vn -0.9351 0.3540 -0.0166
vn -0.9252 0.3446 -0.1589
vn -0.9859 -0.0249 0.1655
vn 0.0309 -0.9946 0.0988
vn 0.0307 -0.9214 0.3873
vn -0.3264 -0.8617 0.3885
vn 0.0281 -0.7662 0.6420
vn 0.3263 0.8618 -0.3885
vn 0.3523 0.9305 -0.1002
vn -0.0309 0.9946 -0.0989
vn -0.0307 0.9215 -0.3872
vn -0.0281 0.7663 -0.6419
vn 0.2716 0.7161 -0.6430
vn 0.3263 0.8617 -0.3885
vn -0.0280 0.7663 -0.6419
vn -0.0309 0.9946 -0.0988
vn -0.2611 -0.6754 -0.6897
vn 0.0223 -0.7228 -0.6907
vn 0.0276 -0.9065 -0.4214
vn -0.3240 -0.8476 -0.4202
vn 0.0302 -0.9937 -0.1082
vn -0.3527 -0.9296 -0.1069
vn 0.9954 0.0281 0.0918
vn 0.9313 -0.3507 -0.0986
vn 0.9210 -0.3419 -0.1865
vn 0.9834 0.0233 0.1801
vn 0.9994 0.0302 0.0183
vn 0.9349 -0.3541 -0.0251
vn -0.9834 -0.0234 -0.1802
vn -0.9954 -0.0282 -0.0919
vn -0.9315 0.3503 0.0983
vn -0.9212 0.3416 0.1861
vn -0.9349 0.3541 0.0250
vn -0.9994 -0.0303 -0.0183
vn 0.3240 0.8476 0.4201
vn 0.2611 0.6754 0.6897
vn -0.0223 0.7228 0.6907
vn -0.0275 0.9065 0.4214
vn 0.3527 0.9296 0.1068
vn -0.0301 0.9937 0.1082
vn 0.3527 0.9296 0.1069
vn -0.0302 0.9937 0.1082
vn -0.0276 0.9065 0.4213
vn 0.3240 0.8476 0.4202
vn -0.0223 0.7229 0.6906
vn 0.2610 0.6754 0.6897
vn -0.9314 0.3505 0.0984
vn -0.9349 0.3540 0.0250
vn -0.9994 -0.0302 -0.0183
vn -0.9954 -0.0280 -0.0918
vn -0.9834 -0.0232 -0.1801
vn -0.9212 0.3417 0.1861
vn 0.9314 -0.3506 -0.0984
vn 0.9349 -0.3542 -0.0251
vn 0.9994 0.0303 0.0183
vn 0.9211 -0.3418 -0.1864
vn 0.9834 0.0232 0.1801
vn 0.0275 -0.9065 -0.4214
vn -0.3527 -0.9296 -0.1068
vn -0.2610 -0.6754 -0.6897
vn 0.0222 -0.7228 -0.6907
vn -0.9961 -0.0290 -0.0828
vn -0.9881 -0.0229 -0.1523
vn -0.9260 0.3444 0.1545
vn -0.9306 0.3504 0.1063
vn -0.9994 -0.0303 -0.0168
vn -0.9349 0.3539 0.0263
vn -0.9884 -0.0205 -0.1506
vn -0.9964 -0.0265 -0.0810
vn -0.9319 0.3476 0.1038
vn -0.9274 0.3419 0.1519
vn -0.9994 -0.0302 -0.0164
vn -0.9349 0.3538 0.0266
vn 0.0274 -0.9217 -0.3869
vn 0.0259 -0.7683 -0.6395
vn -0.2727 -0.7178 -0.6406
vn -0.3276 -0.8625 -0.3858
vn -0.3531 -0.9305 -0.0977
vn 0.0301 -0.9946 -0.0989
vn -0.3297 -0.8618 -0.3855
vn 0.0301 -0.9218 -0.3866
vn 0.0304 -0.9946 -0.0989
vn -0.3530 -0.9305 -0.0975
vn 0.0282 -0.7684 -0.6393
vn -0.2748 -0.7172 -0.6404
vn 0.9318 -0.3517 -0.0894
vn 0.9946 0.0283 0.0998
vn 0.9887 0.0241 0.1479
vn 0.9257 -0.3432 -0.1589
vn 0.9349 -0.3542 -0.0229
vn 0.9993 0.0305 0.0203
vn 0.9268 -0.3410 -0.1574
vn 0.9891 0.0213 0.1454
vn 0.9949 0.0253 0.0972
vn 0.9329 -0.3493 -0.0879
vn 0.9993 0.0301 0.0199
vn 0.9350 -0.3539 -0.0232
vn 0.3171 0.8344 0.4508
vn -0.0266 0.8917 0.4518
vn -0.0257 0.7819 0.6229
vn 0.2781 0.7317 0.6224
vn -0.0300 0.9927 0.1166
vn 0.3524 0.9287 0.1153
vn -0.0297 0.8919 0.4513
vn -0.0303 0.9927 0.1165
vn 0.3524 0.9287 0.1152
vn 0.3198 0.8336 0.4503
vn 0.2806 0.7311 0.6220
vn -0.0282 0.7821 0.6225
vn -0.2551 -0.6724 0.6948
vn 0.0271 -0.7197 0.6938
vn 0.0305 -0.9053 0.4237
vn -0.3207 -0.8465 0.4249
vn -0.3520 -0.9295 0.1099
vn 0.0310 -0.9936 0.1086
vn 0.9818 0.0232 -0.1885
vn 0.9946 0.0283 -0.0996
vn 0.9320 -0.3505 0.0927
vn 0.9221 -0.3416 0.1817
vn 0.9350 -0.3542 0.0188
vn 0.9992 0.0304 -0.0254
vn -0.9222 0.3415 -0.1814
vn -0.9818 -0.0232 0.1886
vn -0.9946 -0.0282 0.0995
vn -0.9321 0.3502 -0.0923
vn -0.9351 0.3540 -0.0186
vn -0.9992 -0.0304 0.0254
vn -0.0304 0.9054 -0.4234
vn 0.3207 0.8466 -0.4247
vn 0.2551 0.6725 -0.6948
vn -0.0271 0.7197 -0.6938
vn -0.0308 0.9936 -0.1085
vn 0.3519 0.9295 -0.1099
vn 0.0309 -0.9936 0.1086
vn 0.0305 -0.9054 0.4235
vn -0.3207 -0.8466 0.4248
vn -0.3519 -0.9296 0.1099
vn -0.2552 -0.6726 0.6946
vn 0.0270 -0.7198 0.6936
vn 0.9319 -0.3506 0.0927
vn 0.9350 -0.3541 0.0186
vn 0.9992 0.0303 -0.0254
vn 0.9947 0.0280 -0.0992
vn 0.9819 0.0230 -0.1881
vn 0.9220 -0.3417 0.1819
vn -0.9350 0.3540 -0.0185
vn -0.9992 -0.0303 0.0255
vn -0.9947 -0.0280 0.0994
vn -0.9320 0.3504 -0.0925
vn -0.9818 -0.0231 0.1884
vn -0.9221 0.3416 -0.1817
vn 0.3206 0.8466 -0.4248
vn 0.3519 0.9296 -0.1099
vn -0.0309 0.9936 -0.1086
vn -0.0305 0.9054 -0.4235
vn -0.3488 -0.9176 -0.1908
vn 0.0298 -0.9809 -0.1920
vn -0.9815 -0.0331 -0.1886
vn -0.9192 0.3455 -0.1890
vn -0.0312 0.9809 -0.1918
vn 0.3476 0.9176 -0.1930
vn 0.9159 -0.3509 -0.1948
vn 0.9804 0.0279 -0.1952
vn 0.0311 -0.9809 0.1920
vn -0.3475 -0.9176 0.1932
vn 0.9185 -0.3475 0.1887
vn 0.9816 0.0310 0.1885
vn 0.3488 0.9176 0.1908
vn -0.0298 0.9809 0.1920
vn -0.9803 -0.0299 0.1955
vn -0.9168 0.3486 0.1951
vn -0.2261 -0.1710 -0.9590
vn -0.1638 0.2078 -0.9644
vn 0.2158 0.1441 -0.9657
vn 0.1516 -0.2342 -0.9603
vn -0.2173 -0.1548 0.9638
vn 0.1616 -0.2182 0.9624
vn 0.2247 0.1605 0.9611
vn -0.1537 0.2238 0.9624
vn 0.7186 0.0811 0.6907
vn 0.6546 -0.3058 0.6914
vn -0.0766 0.7162 0.6937
vn -0.1536 0.2238 0.9625
vn 0.3102 0.6514 0.6924
vn -0.6484 0.3097 0.6954
vn -0.7137 -0.0771 0.6962
vn -0.3055 -0.6515 0.6944
vn 0.0814 -0.7162 0.6931
vn 0.0767 -0.7162 -0.6936
vn -0.3103 -0.6515 -0.6923
vn -0.6569 0.2985 -0.6923
vn -0.7189 -0.0887 -0.6894
vn -0.0814 0.7163 -0.6931
vn 0.3055 0.6515 -0.6944
vn -0.1637 0.2077 -0.9644
vn 0.7135 0.0693 -0.6972
vn 0.6460 -0.3173 -0.6942
vn -0.5803 0.8099 0.0861
vn -0.5806 0.8106 -0.0766
vn -0.9351 0.3540 -0.0185
vn 0.8124 0.5774 -0.0815
vn 0.8128 0.5768 0.0813
vn -0.8133 -0.5778 -0.0686
vn -0.8124 -0.5774 0.0816
vn 0.5806 -0.8106 0.0767
vn 0.5804 -0.8110 -0.0735
vn -0.7042 -0.4516 -0.5479
vn 0.5151 -0.6556 -0.5521
vn 0.5151 -0.6557 -0.5521
vn 0.7039 0.4517 0.5481
vn -0.9212 0.3417 0.1862
vn -0.5152 0.6556 0.5521
vn -0.5152 0.6556 0.5520
vn -0.8127 -0.5780 0.0745
vn -0.7976 -0.5694 0.1990
vn -0.5688 0.7983 0.1981
vn -0.5808 0.8111 -0.0696
vn 0.7990 0.5694 0.1935
vn 0.8127 0.5780 -0.0744
vn 0.5702 -0.7982 0.1942
vn 0.5808 -0.8111 0.0696
vn -0.5800 0.8106 0.0803
vn -0.5807 0.8111 -0.0696
vn 0.8129 0.5775 0.0754
vn 0.8126 0.5780 -0.0744
vn -0.7213 -0.4733 0.5056
vn -0.7213 -0.4733 0.5057
vn 0.5313 -0.6829 0.5014
vn 0.5313 -0.6830 0.5012
vn -0.8130 -0.5774 -0.0755
vn -0.8127 -0.5779 0.0744
vn 0.7213 0.4733 -0.5057
vn 0.7213 0.4733 -0.5058
vn 0.5808 -0.8111 0.0695
vn 0.5801 -0.8106 -0.0803
vn -0.5314 0.6829 -0.5013
vn -0.9253 0.3443 -0.1586
vn -0.5312 0.6830 -0.5014
vn 0.5800 -0.8113 -0.0734
vn 0.5687 -0.7984 -0.1979
vn 0.7976 0.5696 -0.1986
vn 0.8125 0.5772 0.0817
vn -0.5800 0.8100 0.0860
vn -0.5703 0.7982 -0.1943
vn -0.7990 -0.5694 -0.1935
vn -0.8132 -0.5779 -0.0690
vn 0.5178 -0.6537 0.5519
vn 0.5179 -0.6536 0.5520
vn -0.6988 -0.4499 0.5561
vn -0.6988 -0.4501 0.5560
vn 0.6988 0.4500 -0.5560
vn 0.6987 0.4500 -0.5562
vn -0.5179 0.6536 -0.5519
vn -0.5179 0.6536 -0.5520
vn -0.5806 0.8105 -0.0766
vn -0.5801 0.8106 0.0802
vn 0.8129 0.5775 0.0755
vn 0.8123 0.5775 -0.0816
vn -0.5412 0.6902 0.4804
vn -0.5356 0.6923 0.4836
vn -0.7267 -0.4749 -0.4963
vn -0.7300 -0.4716 -0.4946
vn -0.8123 -0.5775 0.0816
vn -0.8130 -0.5774 -0.0754
vn 0.5384 -0.6821 -0.4948
vn 0.5341 -0.6842 -0.4967
vn 0.5800 -0.8106 -0.0803
vn 0.7358 0.4793 0.4784
vn 0.7315 0.4830 0.4812
vn 0.7804 0.5361 -0.3219
vn -0.5656 0.7613 -0.3171
vn -0.7804 -0.5361 0.3219
vn 0.5654 -0.7614 0.3172
vn 0.7802 0.5362 -0.3221
vn -0.5657 0.7613 -0.3169
vn -0.9321 0.3503 -0.0923
vn -0.7803 -0.5361 0.3220
vn 0.5654 -0.7613 0.3174
vn -0.5656 0.7515 0.3395
vn 0.7805 0.5274 0.3357
vn -0.5597 0.7543 0.3431
vn 0.7762 0.5316 0.3389
vn 0.5702 -0.7687 -0.2898
vn 0.5656 -0.7713 -0.2919
vn -0.7905 -0.5419 -0.2855
vn -0.7873 -0.5455 -0.2875
vn -0.7831 -0.5366 -0.3145
vn 0.5635 -0.7620 -0.3192
vn 0.7830 0.5366 0.3146
vn -0.5637 0.7619 0.3191
vn 0.7829 0.5367 0.3146
vn -0.5636 0.7619 0.3192
vn -0.9314 0.3504 0.0983
vn -0.7830 -0.5366 -0.3146
vn 0.5634 -0.7620 -0.3193
vn 0.7866 0.5439 -0.2924
vn -0.5686 0.7707 -0.2876
vn 0.7866 0.5439 -0.2923
vn -0.5688 0.7706 -0.2875
vn -0.7866 -0.5439 0.2923
vn 0.5688 -0.7706 0.2875
vn -0.7866 -0.5439 0.2922
vn -0.4721 0.6647 0.5791
vn -0.6485 0.3097 0.6954
vn 0.6666 0.4743 0.5750
vn -0.6626 -0.4741 0.5798
vn 0.4762 -0.6646 0.5758
vn -0.4764 0.6646 -0.5756
vn -0.6569 0.2985 -0.6924
vn 0.6628 0.4742 -0.5795
vn -0.6668 -0.4742 -0.5749
vn 0.4721 -0.6647 -0.5790
vn 0.1092 0.9153 0.3877
vn 0.1195 0.7907 0.6004
vn 0.1185 -0.1859 0.9754
vn 0.1255 0.3635 0.9231
vn -0.4535 0.3904 0.8012
vn -0.4037 0.3724 0.8356
vn -0.3277 0.7521 0.5719
vn -0.3588 0.7370 0.5728
vn -0.4542 -0.0561 0.8891
vn -0.3626 -0.1394 0.9215
vn 0.2705 0.4322 0.8602
vn 0.1671 0.3710 0.9135
vn 0.0694 -0.1723 0.9826
vn 0.2217 -0.0300 0.9747
vn 0.0914 0.7947 0.6001
vn 0.1804 0.7755 0.6050
vn 0.0318 0.9242 0.3806
vn 0.1084 0.8990 0.4242
vn 0.0353 0.9749 0.2199
vn -0.2889 0.8596 0.4214
vn -0.2628 0.8774 0.4014
vn -0.1897 0.9558 0.2248
vn -0.3488 -0.3435 0.8720
vn -0.9770 0.0930 -0.1920
vn -0.9661 -0.1745 -0.1904
vn 0.1038 -0.7280 0.6777
vn 0.4425 -0.6297 0.6385
vn 0.5223 -0.4409 0.7299
vn 0.7556 -0.4516 0.4744
vn 0.8093 -0.2557 0.5288
vn -0.1490 0.9882 0.0360
vn -0.6908 0.7195 0.0720
vn -0.7636 0.6433 0.0553
vn -0.1768 0.9837 -0.0333
vn -0.0333 0.4811 -0.8760
vn -0.1986 0.5073 -0.8385
vn -0.1650 0.7975 -0.5804
vn -0.0562 0.7689 -0.6369
vn 0.0319 0.9994 -0.0103
vn 0.0679 0.9955 0.0665
vn -0.0334 0.9973 0.0657
vn 0.0095 0.9999 -0.0103
vn -0.5552 0.7686 0.3176
vn -0.7653 0.4464 0.4638
vn -0.0062 0.1253 -0.9921
vn -0.2000 0.1340 -0.9706
vn -0.0649 0.8780 -0.4742
vn -0.1377 0.8990 -0.4158
vn -0.1116 0.9643 -0.2403
vn -0.0712 0.9577 -0.2787
vn 0.2939 0.9494 -0.1108
vn 0.1461 0.9886 -0.0369
vn 0.1154 0.9932 0.0143
vn 0.1911 0.9719 0.1378
vn 0.3085 -0.8696 0.3855
vn 0.3651 -0.7935 0.4868
vn 0.1112 -0.8100 0.5758
vn 0.1152 -0.8728 0.4743
vn 0.1295 0.7201 -0.6816
vn 0.2001 0.9665 -0.1610
vn 0.1270 0.9733 -0.1913
vn 0.0631 0.7083 -0.7031
vn 0.9186 -0.3951 0.0031
vn 0.7573 -0.6531 0.0023
vn 0.7170 -0.6885 -0.1089
vn 0.8943 -0.4219 -0.1492
vn -0.4780 0.8098 0.3402
vn -0.5927 0.7636 0.2560
vn 0.6136 -0.7051 0.3554
vn 0.5051 -0.8155 0.2825
vn -0.0232 0.9997 0.0009
vn -0.0091 0.9972 -0.0743
vn 0.1018 0.9923 0.0704
vn 0.1415 0.9890 0.0425
vn 0.9180 -0.3935 0.0500
vn 0.7557 -0.6538 0.0389
vn 0.1646 0.7689 0.6179
vn 0.1190 0.8785 0.4627
vn 0.9932 -0.1023 0.0557
vn 0.9949 -0.1013 0.0035
vn -0.9509 -0.0304 0.3081
vn -0.9278 0.2092 0.3088
vn -0.8562 0.2851 0.4310
vn -0.8996 0.0459 0.4342
vn -0.6723 -0.7373 0.0664
vn -0.5065 -0.8609 0.0484
vn -0.4028 -0.8912 0.2085
vn -0.5155 -0.8126 0.2721
vn 0.9791 -0.1084 -0.1719
vn 0.6736 0.7391 0.0025
vn 0.1185 0.9930 -0.0003
vn 0.1152 0.9933 0.0119
vn 0.6722 0.7392 0.0406
vn -0.5131 0.3651 0.7768
vn -0.4800 0.3359 0.8104
vn -0.2006 0.7773 0.5962
vn -0.1988 0.8117 0.5491
vn -0.5171 -0.5574 0.6495
vn -0.2429 -0.5024 0.8298
vn -0.2978 -0.8848 0.3585
vn -0.3612 -0.8170 0.4496
vn 0.9787 0.2053 0.0035
vn 0.6736 0.7391 0.0024
vn 0.6722 0.7392 0.0405
vn 0.9771 0.2052 0.0554
vn 0.8598 -0.3893 0.3305
vn 0.7119 -0.6510 0.2633
vn -0.4050 0.8859 0.2261
vn -0.4213 -0.7228 0.5478
vn -0.5923 -0.5794 0.5599
vn -0.8572 -0.3731 0.3549
vn -0.6819 -0.6376 0.3584
vn 0.0474 -0.4377 -0.8979
vn 0.3140 -0.4502 -0.8359
vn 0.2712 -0.7276 -0.6301
vn 0.0376 -0.7116 -0.7015
vn 0.0132 -0.1950 -0.9807
vn 0.0046 -0.1951 -0.9808
vn 0.0514 -0.1130 -0.9923
vn 0.3172 -0.1163 -0.9412
vn -0.9138 -0.4041 0.0401
vn -0.7359 -0.6769 0.0180
vn -0.8757 -0.4721 0.1011
vn -0.5869 -0.8071 0.0636
vn -0.5692 -0.8221 0.0123
vn -0.7348 -0.6718 0.0934
vn -0.9779 -0.1816 0.1034
vn -0.1559 0.9207 -0.3577
vn -0.3718 0.8344 -0.4068
vn -0.3045 0.4096 -0.8599
vn -0.0897 0.6868 -0.7213
vn -0.8880 -0.2257 0.4006
vn -0.9124 -0.2996 0.2788
vn -0.7077 0.6588 -0.2552
vn 0.9208 -0.1504 0.3599
vn 0.0492 0.1953 -0.9795
vn 0.2800 0.2219 -0.9340
vn -0.9913 -0.1174 0.0593
vn -0.5795 -0.8074 0.1103
vn -0.7465 -0.6392 0.1850
vn -0.2623 0.9562 0.1296
vn -0.1407 0.9892 0.0419
vn -0.1334 0.9910 -0.0100
vn -0.2956 0.9545 -0.0398
vn -0.4690 0.8802 -0.0733
vn -0.0425 0.8798 -0.4734
vn -0.0364 0.7701 -0.6369
vn 0.0184 -0.1951 -0.9806
vn 0.0567 -0.7058 -0.7062
vn -0.0650 -0.7499 -0.6583
vn -0.1688 -0.2264 -0.9593
vn 0.0566 -0.7058 -0.7062
vn 0.0799 -0.9845 -0.1559
vn 0.0361 -0.9736 -0.2256
vn 0.1936 -0.9702 0.1460
vn 0.0463 -0.9834 0.1756
vn 0.1641 -0.7137 0.6809
vn 0.3631 -0.7163 0.5958
vn 0.2383 -0.2032 0.9497
vn 0.0066 -0.7071 -0.7071
vn 0.0065 -0.9807 -0.1955
vn 0.0468 -0.9797 -0.1950
vn 0.0378 -0.7065 -0.7067
vn 0.6112 -0.7818 0.1235
vn 0.7403 -0.6549 0.1521
vn 0.5901 -0.7779 0.2159
vn -0.9558 -0.0690 0.2858
vn -0.9421 -0.1623 0.2933
vn -0.1097 -0.7099 -0.6957
vn -0.0809 -0.4326 -0.8980
vn 0.1320 0.7470 -0.6516
vn 0.0326 0.7052 -0.7083
vn -0.0008 0.9871 -0.1602
vn -0.0285 0.9736 -0.2263
vn -0.7170 -0.6279 0.3028
vn -0.9232 0.3174 0.2166
vn -0.7637 0.6433 0.0553
vn -0.9948 0.0446 0.0920
vn -0.0444 -0.1087 -0.9931
vn -0.0075 0.1972 -0.9803
vn 0.9577 0.2301 -0.1728
vn 0.6213 0.7744 -0.1192
vn 0.1961 0.7201 -0.6656
vn 0.0225 0.1962 -0.9803
vn -0.0662 -0.0932 -0.9934
vn -0.2475 -0.0472 -0.9677
vn -0.1343 0.2714 -0.9531
vn -0.7986 -0.5867 -0.1346
vn -0.8640 -0.4115 0.2900
vn 0.5519 -0.4946 0.6714
vn 0.6199 -0.7841 0.0296
vn 0.0176 -0.9998 0.0040
vn 0.0237 -0.9997 0.0069
vn -0.1337 -0.9910 -0.0067
vn -0.1467 -0.9892 -0.0016
vn -0.0036 0.8805 -0.4741
vn -0.0023 0.7708 -0.6370
vn 0.0610 0.9604 0.2719
vn 0.0065 0.9975 0.0709
vn -0.0048 0.9605 -0.2783
vn -0.0471 0.9593 -0.2783
vn -0.0424 0.9967 -0.0698
vn -0.0062 0.9975 -0.0702
vn -0.0701 0.9960 -0.0562
vn 0.6327 0.7269 0.2670
vn 0.6636 0.6570 0.3578
vn -0.6706 -0.7289 -0.1377
vn -0.0865 -0.9957 -0.0326
vn -0.1060 -0.9944 -0.0026
vn -0.8251 -0.5279 0.2014
vn 0.0003 0.4820 -0.8762
vn -0.0211 0.4816 -0.8761
vn -0.6524 0.7498 -0.1100
vn -0.8804 0.4453 -0.1630
vn 0.2511 0.1127 0.9614
vn 0.2242 0.4832 0.8463
vn -0.7046 0.1411 -0.6954
vn -0.6184 0.5314 -0.5789
vn -0.4338 0.8199 -0.3737
vn -0.3120 0.9162 -0.2512
vn -0.0589 -0.9888 -0.1372
vn -0.3794 -0.8127 -0.4423
vn -0.6703 -0.2709 -0.6908
vn -0.2053 0.9686 -0.1402
vn -0.1193 0.9918 -0.0464
vn -0.0885 0.9928 -0.0805
vn -0.4752 -0.8631 -0.1711
vn 0.1078 0.7648 -0.6352
vn 0.2734 0.9434 -0.1876
vn -0.9811 0.1733 0.0863
vn -0.8756 0.4757 0.0843
vn -0.8454 0.4832 -0.2274
vn -0.9586 0.1660 -0.2312
vn -0.0094 -0.9999 0.0100
vn -0.1716 -0.9851 0.0093
vn -0.9819 0.1771 0.0678
vn -0.6126 0.0624 0.7879
vn -0.5700 0.0502 0.8201
vn -0.1569 -0.4005 -0.9028
vn -0.3313 -0.3756 -0.8656
vn 0.1790 -0.9835 0.0274
vn 0.1801 -0.9820 0.0565
vn -0.1713 -0.7469 0.6424
vn -0.1431 -0.8190 0.5556
vn 0.1725 -0.9850 0.0033
vn -0.8498 -0.5056 -0.1491
vn -0.7250 -0.6804 -0.1066
vn -0.7408 -0.6704 0.0415
vn -0.8671 -0.4950 0.0556
vn -0.2186 -0.9742 -0.0569
vn -0.2625 -0.9631 0.0595
vn -0.6596 -0.7169 0.2257
vn -0.7662 -0.5629 0.3099
vn -0.5485 -0.7343 0.3999
vn -0.6086 -0.5793 0.5422
vn 0.9210 0.1425 0.3625
vn 0.8570 -0.0227 0.5148
vn 0.7541 -0.1213 -0.6455
vn 0.7183 0.2612 -0.6448
vn 0.4111 0.8066 -0.4248
vn 0.0568 0.9892 -0.1352
vn 0.0851 0.9959 -0.0304
vn 0.6213 0.7745 -0.1192
vn 0.6868 -0.4667 -0.5572
vn 0.5336 -0.7459 -0.3985
vn -0.5253 -0.7809 -0.3382
vn -0.5727 0.4404 -0.6915
vn -0.7069 0.0757 -0.7033
vn -0.4050 0.9015 -0.1528
vn -0.1677 0.8797 -0.4450
vn 0.1838 0.9731 -0.1390
vn -0.7353 -0.2953 -0.6100
vn -0.9623 -0.1802 -0.2039
vn -0.6319 -0.6330 -0.4472
vn -0.4520 0.8902 0.0573
vn -0.6487 -0.2708 0.7112
vn -0.6113 -0.2729 0.7429
vn -0.0195 -0.9998 0.0069
vn 0.1551 -0.9879 -0.0012
vn 0.6208 -0.7840 0.0009
vn 0.5743 -0.8148 -0.0788
vn -0.5079 -0.8348 0.2123
vn -0.6343 -0.6213 0.4601
vn -0.4712 -0.8054 0.3596
vn 0.0912 0.9855 0.1429
vn -0.3417 0.8028 0.4886
vn -0.5685 -0.5855 0.5779
vn -0.9824 -0.1707 0.0762
vn -0.6805 0.3524 0.6424
vn -0.2006 0.7774 0.5962
vn -0.5017 -0.7448 0.4400
vn -0.1829 -0.7039 -0.6863
vn -0.1194 -0.4198 -0.8998
vn -0.0553 -0.1011 -0.9933
vn -0.7599 0.0692 0.6464
vn 0.0076 0.1982 -0.9801
vn 0.1295 0.7201 -0.6817
vn -0.7735 -0.2511 0.5820
vn 0.4176 -0.8621 -0.2869
vn 0.2307 -0.8484 -0.4765
vn 0.6433 -0.1940 0.7406
vn -0.8753 -0.2343 0.4230
vn -0.8694 0.1290 0.4770
vn -0.3458 0.8833 0.3167
vn -0.7561 0.4572 0.4683
vn 0.0886 0.9904 0.1061
vn 0.1330 0.9717 0.1952
vn -0.1085 -0.8823 0.4579
vn 0.1293 0.8621 -0.4900
vn -0.0733 0.5525 -0.8303
vn 0.1576 0.8204 -0.5497
vn 0.2879 0.9196 -0.2674
vn 0.2689 0.9374 -0.2213
vn 0.3833 0.9210 0.0696
vn 0.3917 0.9189 0.0474
vn -0.1236 0.9904 0.0613
vn -0.6650 0.7276 0.1683
vn -0.0162 0.9999 -0.0033
vn 0.1053 0.9937 0.0394
vn 0.8981 -0.3962 0.1910
vn -0.9100 -0.3889 0.1437
vn 0.0289 -0.8351 -0.5494
vn -0.1242 -0.8330 -0.5392
vn 0.9714 -0.1085 0.2113
vn -0.9803 -0.0919 0.1747
vn 0.3991 -0.9056 0.1437
vn 0.6556 0.7394 0.1533
vn -0.9631 0.1956 0.1850
vn -0.0445 -0.9634 0.2643
vn 0.0100 -0.9970 0.0762
vn -0.2132 -0.8255 -0.5225
vn -0.2247 -0.9291 -0.2938
vn 0.9574 0.1980 0.2100
vn 0.2162 0.9725 -0.0868
vn 0.6029 0.7379 0.3034
vn 0.0545 0.9545 -0.2932
vn 0.6395 0.5790 0.5058
vn 0.6961 0.0167 0.7178
vn 0.5245 -0.0309 0.8508
vn -0.2939 0.1683 -0.9409
vn -0.8640 -0.4116 0.2899
vn -0.3471 -0.9378 0.0031
vn -0.3582 -0.9264 0.1163
vn -0.3785 -0.8988 0.2211
vn -0.1322 -0.9382 -0.3199
vn -0.1284 -0.9883 -0.0820
vn 0.4086 -0.9125 0.0167
vn 0.3943 -0.9190 -0.0009
vn -0.4229 -0.8697 0.2546
vn -0.1789 -0.9836 0.0234
vn -0.3821 -0.9231 0.0445
vn 0.0160 -0.9498 -0.3125
vn 0.4076 -0.9097 0.0798
vn -0.3796 -0.9248 0.0237
vn 0.5528 -0.7935 0.2544
vn 0.0858 -0.9963 -0.0002
vn -0.1092 0.9153 0.3877
vn -0.1195 0.7907 0.6004
vn -0.1185 -0.1859 0.9754
vn -0.1256 0.3635 0.9231
vn 0.0000 0.8836 0.4683
vn 0.0000 0.7753 0.6316
vn -0.1080 0.7717 0.6267
vn -0.0836 0.8814 0.4649
vn -0.1570 0.1253 0.9796
vn 0.0000 0.1267 0.9919
vn 0.0000 -0.1953 0.9808
vn -0.1517 -0.1930 0.9694
vn -0.0199 -0.9806 0.1949
vn -0.0000 -0.9808 0.1950
vn 0.0000 -0.9808 -0.1951
vn 0.0108 -0.9807 -0.1951
vn -0.0012 -0.1951 -0.9808
vn -0.0000 -0.1952 -0.9808
vn 0.0000 0.1255 -0.9921
vn -0.0050 0.1254 -0.9921
vn -0.0208 0.9973 0.0698
vn -0.0110 0.9975 -0.0704
vn -0.0000 0.9975 -0.0704
vn -0.0000 0.9976 0.0696
vn 0.0000 -0.7078 0.7064
vn -0.1036 -0.7046 0.7020
vn 0.0057 -0.7071 -0.7071
vn 0.0000 -0.7071 -0.7071
vn -0.0120 0.8802 -0.4744
vn -0.0113 0.7708 -0.6370
vn 0.0000 0.7709 -0.6370
vn 0.0000 0.8802 -0.4745
vn 0.0000 0.9615 0.2749
vn -0.0532 0.9603 0.2737
vn -0.0122 0.9603 -0.2786
vn 0.0000 0.9604 -0.2787
vn -0.0088 0.4820 -0.8761
vn 0.0000 0.4820 -0.8762
vn 0.0000 0.4857 0.8741
vn -0.1426 0.4820 0.8645
vn 0.0836 0.8814 0.4649
vn 0.1080 0.7717 0.6267
vn 0.1570 0.1253 0.9796
vn 0.1517 -0.1930 0.9694
vn -0.0108 -0.9807 -0.1951
vn 0.0199 -0.9806 0.1949
vn 0.0012 -0.1951 -0.9808
vn 0.0050 0.1254 -0.9921
vn 0.0208 0.9973 0.0698
vn 0.0110 0.9975 -0.0704
vn 0.1036 -0.7046 0.7020
vn -0.0057 -0.7071 -0.7071
vn 0.0120 0.8802 -0.4744
vn 0.0113 0.7708 -0.6370
vn 0.0532 0.9603 0.2737
vn 0.0122 0.9603 -0.2786
vn 0.0088 0.4820 -0.8761
vn 0.1426 0.4820 0.8645
vn -0.0917 0.6800 0.7274
vn -0.0264 0.2022 0.9790
vn -0.1286 0.9683 0.2139
vn -0.0889 0.6636 -0.7428
vn -0.1268 0.9673 -0.2198
vn -0.0228 0.1492 -0.9885
vn 0.0218 -0.1493 0.9886
vn 0.0913 -0.6617 0.7442
vn 0.1288 -0.9665 0.2219
vn 0.0231 -0.2026 -0.9790
vn 0.0859 -0.6815 -0.7267
vn 0.1251 -0.9690 -0.2130
vn 0.0965 0.6802 0.7266
vn 0.0329 0.2024 0.9787
vn 0.1300 0.9684 0.2130
vn 0.1253 0.9667 -0.2230
vn 0.0838 0.6619 -0.7449
vn 0.0162 0.1493 -0.9887
vn -0.0863 -0.6617 0.7448
vn -0.0152 -0.1493 0.9887
vn -0.1273 -0.9665 0.2227
vn -0.0296 -0.2026 -0.9788
vn -0.0907 -0.6816 -0.7261
vn -0.1264 -0.9690 -0.2121
vn 0.1253 0.9667 -0.2229
vn -0.0927 0.6867 0.7210
vn -0.0264 0.2023 0.9790
vn -0.1289 0.9703 0.2048
vn -0.0887 0.6617 -0.7445
vn -0.1268 0.9667 -0.2223
vn -0.0228 0.1493 -0.9885
vn 0.0912 -0.6618 0.7441
vn 0.1288 -0.9666 0.2217
vn 0.0230 -0.2023 -0.9790
vn 0.0868 -0.6874 -0.7211
vn 0.1254 -0.9707 -0.2048
vn 0.0975 0.6867 0.7204
vn 0.0328 0.2022 0.9788
vn 0.1304 0.9703 0.2040
vn 0.1258 0.9682 -0.2161
vn 0.0847 0.6670 -0.7403
vn 0.0162 0.1494 -0.9886
vn -0.0863 -0.6617 0.7447
vn -0.0916 -0.6876 -0.7203
vn -0.1268 -0.9707 -0.2040
vn 0.1258 0.9682 -0.2160
vn 0.1796 0.9038 0.3885
vn 0.1364 0.6846 0.7161
vn -0.1413 0.6846 0.7151
vn -0.1824 0.9037 0.3873
vn -0.1946 0.9759 0.0989
vn 0.1939 0.9759 0.1002
vn -0.9615 -0.1823 -0.2055
vn -0.9772 -0.1926 -0.0893
vn -0.9779 0.1923 0.0822
vn -0.9631 0.1819 0.1982
vn -0.9807 0.1949 0.0166
vn -0.9806 -0.1948 -0.0234
vn -0.9772 -0.1926 -0.0892
vn -0.9807 0.1950 0.0166
vn 0.9807 -0.1949 -0.0166
vn 0.9806 0.1948 0.0234
vn 0.9772 0.1926 0.0893
vn 0.9779 -0.1922 -0.0822
vn 0.9615 0.1823 0.2055
vn 0.9632 -0.1818 -0.1982
vn 0.9778 -0.1925 -0.0825
vn 0.9773 0.1925 0.0890
vn 0.9807 -0.1948 -0.0166
vn 0.9630 -0.1820 -0.1985
vn 0.9616 0.1822 0.2052
vn 0.1939 0.9759 0.1001
vn -0.1946 0.9759 0.0988
vn -0.1823 0.9038 0.3873
vn 0.1797 0.9038 0.3885
vn -0.1413 0.6845 0.7152
vn 0.1364 0.6845 0.7161
vn -0.1796 -0.9038 -0.3884
vn -0.1939 -0.9759 -0.1002
vn 0.1947 -0.9759 -0.0989
vn 0.1823 -0.9038 -0.3872
vn 0.1411 -0.6846 -0.7151
vn -0.1364 -0.6846 -0.7161
vn -0.1796 -0.9038 -0.3885
vn 0.1412 -0.6846 -0.7152
vn 0.1946 -0.9759 -0.0988
vn 0.1293 0.6241 -0.7706
vn -0.1240 0.6241 -0.7714
vn -0.1768 0.8895 -0.4214
vn 0.1797 0.8895 -0.4202
vn -0.1937 0.9751 -0.1082
vn 0.1944 0.9751 -0.1069
vn -0.9771 -0.1920 0.0918
vn -0.9764 0.1922 -0.0985
vn -0.9541 0.1768 -0.2416
vn -0.9558 -0.1768 0.2351
vn -0.9807 -0.1947 0.0183
vn -0.9805 0.1950 -0.0251
vn 0.9771 0.1920 -0.0918
vn 0.9764 -0.1920 0.0984
vn 0.9541 -0.1768 0.2416
vn 0.9558 0.1766 -0.2351
vn 0.9805 -0.1949 0.0250
vn 0.9807 0.1948 -0.0183
vn -0.1797 -0.8895 0.4202
vn -0.1294 -0.6241 0.7706
vn 0.1240 -0.6241 0.7714
vn 0.1768 -0.8895 0.4214
vn -0.1945 -0.9751 0.1069
vn 0.1938 -0.9751 0.1082
vn 0.1938 -0.9751 0.1081
vn 0.1768 -0.8895 0.4213
vn -0.1796 -0.8895 0.4202
vn -0.1293 -0.6241 0.7706
vn 0.9765 -0.1919 0.0984
vn 0.9771 0.1919 -0.0917
vn 0.9542 -0.1767 0.2415
vn -0.9764 0.1921 -0.0985
vn -0.9807 -0.1948 0.0183
vn -0.9558 -0.1767 0.2351
vn -0.9542 0.1767 -0.2415
vn 0.1797 0.8895 -0.4201
vn 0.1946 0.9750 -0.1069
vn -0.1938 0.9751 -0.1082
vn -0.1240 0.6241 -0.7715
vn 0.9777 0.1930 -0.0828
vn 0.9646 0.1793 -0.1934
vn 0.9642 -0.1816 0.1931
vn 0.9756 -0.1920 0.1063
vn 0.9807 0.1948 -0.0168
vn 0.9805 -0.1948 0.0263
vn 0.9654 0.1770 -0.1917
vn 0.9783 0.1905 -0.0810
vn 0.9765 -0.1890 0.1038
vn 0.9653 -0.1789 0.1905
vn 0.9807 0.1948 -0.0164
vn 0.9805 -0.1946 0.0266
vn -0.1792 0.9046 -0.3869
vn -0.1324 0.6797 -0.7214
vn 0.1356 0.6787 -0.7218
vn 0.1808 0.9047 -0.3858
vn 0.1947 0.9760 -0.0977
vn -0.1938 0.9760 -0.0989
vn 0.1829 0.9044 -0.3855
vn -0.1805 0.9043 -0.3868
vn -0.1941 0.9760 -0.0989
vn 0.1946 0.9760 -0.0975
vn -0.1334 0.6796 -0.7214
vn 0.1378 0.6784 -0.7217
vn -0.9771 0.1931 -0.0894
vn -0.9763 -0.1921 0.0998
vn -0.9655 -0.1817 0.1865
vn -0.9632 0.1793 -0.2000
vn -0.9805 0.1950 -0.0229
vn -0.9806 -0.1950 0.0204
vn -0.9640 0.1770 -0.1985
vn -0.9665 -0.1790 0.1841
vn -0.9771 -0.1892 0.0972
vn -0.9777 0.1905 -0.0879
vn -0.9807 -0.1946 0.0199
vn -0.9806 0.1948 -0.0232
vn -0.1751 -0.8753 0.4508
vn 0.1734 -0.8751 0.4518
vn 0.1338 -0.6864 0.7149
vn -0.1373 -0.6865 0.7141
vn 0.1934 -0.9742 0.1165
vn -0.1943 -0.9741 0.1153
vn -0.1943 -0.9741 0.1152
vn -0.1778 -0.8750 0.4503
vn 0.1749 -0.8749 0.4516
vn 0.1937 -0.9741 0.1165
vn -0.1398 -0.6863 0.7138
vn 0.1349 -0.6863 0.7147
vn 0.1170 0.5888 0.7998
vn -0.1225 0.5888 0.7990
vn -0.1795 0.8878 0.4237
vn 0.1766 0.8879 0.4249
vn 0.1938 0.9749 0.1099
vn -0.1945 0.9749 0.1085
vn -0.9480 -0.1712 -0.2683
vn -0.9763 -0.1921 -0.0996
vn -0.9770 0.1919 0.0926
vn -0.9499 0.1710 0.2616
vn -0.9806 0.1950 0.0188
vn -0.9805 -0.1949 -0.0254
vn 0.9500 -0.1708 -0.2613
vn 0.9479 0.1712 0.2686
vn 0.9763 0.1920 0.0996
vn 0.9771 -0.1916 -0.0923
vn 0.9807 -0.1949 -0.0186
vn 0.9805 0.1949 0.0254
vn 0.1794 -0.8880 -0.4234
vn -0.1765 -0.8879 -0.4247
vn -0.1169 -0.5888 -0.7998
vn 0.1224 -0.5889 -0.7989
vn 0.1944 -0.9749 -0.1085
vn -0.1937 -0.9749 -0.1099
vn -0.1945 0.9749 0.1086
vn -0.1795 0.8880 0.4235
vn 0.1766 0.8879 0.4248
vn 0.1937 0.9749 0.1099
vn 0.1170 0.5890 0.7996
vn -0.1225 0.5890 0.7988
vn -0.9770 0.1920 0.0927
vn -0.9806 0.1950 0.0186
vn -0.9805 -0.1948 -0.0254
vn -0.9764 -0.1918 -0.0992
vn -0.9481 -0.1710 -0.2680
vn -0.9498 0.1711 0.2618
vn 0.9807 -0.1949 -0.0185
vn 0.9805 0.1948 0.0255
vn 0.9764 0.1918 0.0994
vn 0.9771 -0.1918 -0.0925
vn 0.9480 0.1711 0.2684
vn 0.9499 -0.1710 -0.2616
vn -0.1765 -0.8879 -0.4248
vn 0.1945 -0.9749 -0.1086
vn 0.1795 -0.8880 -0.4235
vn 0.1225 -0.5889 -0.7989
vn 0.1926 0.9625 -0.1908
vn -0.1913 0.9626 -0.1920
vn 0.9626 0.1946 -0.1887
vn 0.9636 -0.1890 -0.1891
vn 0.1926 -0.9623 -0.1918
vn -0.1914 -0.9624 -0.1930
vn -0.9613 0.1950 -0.1948
vn -0.9623 -0.1893 -0.1951
vn -0.1926 0.9623 0.1920
vn 0.1913 0.9623 0.1932
vn -0.9632 0.1913 0.1888
vn -0.9630 -0.1925 0.1886
vn -0.1926 -0.9626 0.1908
vn 0.1913 -0.9626 0.1920
vn 0.9617 -0.1925 0.1951
vn 0.9619 0.1913 0.1955
vn 0.1948 0.2061 -0.9590
vn 0.1958 -0.1778 -0.9644
vn -0.1891 -0.1778 -0.9657
vn -0.1881 0.2060 -0.9603
vn 0.1887 0.1886 0.9638
vn -0.1954 0.1885 0.9624
vn -0.1951 -0.1954 0.9611
vn 0.1885 -0.1954 0.9625
vn -0.6954 -0.1985 0.6907
vn -0.6961 0.1937 0.6914
vn 0.1938 -0.6938 0.6937
vn -0.1985 -0.6937 0.6924
vn 0.6907 -0.1984 0.6954
vn 0.6912 0.1938 0.6962
vn 0.1938 0.6930 0.6944
vn -0.1985 0.6930 0.6931
vn -0.1938 0.6938 -0.6936
vn 0.1986 0.6938 -0.6923
vn 0.6972 -0.1860 -0.6923
vn 0.6944 0.2062 -0.6894
vn 0.1985 -0.6931 -0.6930
vn -0.1938 -0.6930 -0.6944
vn 0.1958 -0.1779 -0.9644
vn -0.6923 -0.1861 -0.6972
vn -0.6895 0.2063 -0.6942
vn 0.7060 -0.7030 0.0861
vn 0.7064 -0.7036 -0.0766
vn 0.9807 -0.1948 -0.0185
vn -0.7059 -0.7036 -0.0815
vn -0.7065 -0.7030 0.0813
vn 0.7059 0.7036 0.0816
vn 0.7067 0.7041 -0.0687
vn -0.7064 0.7037 0.0767
vn -0.7063 0.7041 -0.0735
vn 0.5753 0.5046 -0.6437
vn -0.5709 0.5047 -0.6476
vn -0.5752 -0.5046 0.6438
vn 0.5708 -0.5047 0.6477
vn 0.5709 -0.5046 0.6477
vn 0.7061 0.7042 0.0745
vn 0.6927 0.6932 0.1990
vn 0.7067 -0.7041 -0.0696
vn 0.6928 -0.6934 0.1981
vn -0.7061 -0.7042 -0.0744
vn -0.6940 -0.6935 0.1935
vn -0.7066 0.7042 0.0696
vn -0.6940 0.6932 0.1942
vn 0.7059 -0.7038 0.0803
vn 0.7066 -0.7042 -0.0696
vn -0.7065 -0.7037 0.0754
vn 0.6032 0.5437 0.5836
vn 0.6031 0.5437 0.5836
vn -0.6071 0.5437 0.5795
vn 0.7065 0.7037 -0.0755
vn -0.6032 -0.5437 -0.5836
vn -0.6031 -0.5437 -0.5837
vn -0.7058 0.7038 -0.0803
vn -0.7066 0.7042 0.0695
vn 0.6070 -0.5437 -0.5795
vn 0.9630 -0.1821 -0.1985
vn 0.6069 -0.5438 -0.5796
vn -0.7059 0.7045 -0.0734
vn -0.6926 0.6936 -0.1979
vn -0.7061 -0.7034 0.0817
vn -0.6927 -0.6934 -0.1986
vn 0.7058 -0.7032 0.0860
vn 0.6941 -0.6931 -0.1943
vn 0.7066 0.7042 -0.0690
vn 0.6941 0.6934 -0.1936
vn -0.5514 0.4785 0.6834
vn -0.5514 0.4784 0.6834
vn 0.5467 0.4784 0.6872
vn 0.5468 0.4785 0.6871
vn -0.5467 -0.4784 -0.6872
vn -0.5466 -0.4784 -0.6873
vn 0.9500 -0.1709 -0.2613
vn 0.5513 -0.4785 -0.6835
vn 0.5513 -0.4784 -0.6835
vn 0.7065 -0.7036 -0.0766
vn 0.7059 -0.7037 0.0802
vn 0.9807 -0.1948 -0.0186
vn -0.7065 -0.7037 0.0755
vn -0.7059 -0.7036 -0.0816
vn 0.6126 -0.5457 0.5718
vn 0.6085 -0.5479 0.5740
vn 0.6081 0.5410 -0.5810
vn 0.6119 0.5384 -0.5794
vn 0.7058 0.7037 0.0816
vn 0.7065 0.7037 -0.0754
vn -0.6053 0.5415 -0.5834
vn -0.6083 0.5395 -0.5822
vn -0.7059 0.7038 -0.0803
vn -0.6162 -0.5458 0.5678
vn -0.6112 -0.5486 0.5704
vn -0.6812 -0.6575 -0.3219
vn 0.6835 -0.6575 -0.3171
vn 0.9771 -0.1917 -0.0925
vn 0.6812 0.6575 0.3219
vn -0.6833 0.6576 0.3172
vn -0.6810 -0.6576 -0.3221
vn 0.6834 -0.6576 -0.3170
vn 0.6811 0.6576 0.3220
vn -0.6833 0.6576 0.3174
vn 0.6807 -0.6488 0.3401
vn -0.6828 -0.6489 0.3357
vn 0.6766 -0.6516 0.3431
vn -0.6778 -0.6525 0.3389
vn -0.6883 0.6648 -0.2902
vn -0.6851 0.6674 -0.2919
vn 0.6902 0.6649 -0.2855
vn 0.6864 0.6679 -0.2875
vn 0.6838 0.6584 -0.3145
vn -0.6814 0.6586 -0.3192
vn -0.6837 -0.6585 0.3146
vn 0.6816 -0.6585 0.3191
vn -0.6836 -0.6586 0.3146
vn 0.6815 -0.6585 0.3192
vn 0.9764 -0.1921 0.0984
vn 0.6837 0.6585 -0.3146
vn -0.6814 0.6586 -0.3193
vn -0.6860 -0.6663 -0.2924
vn 0.6879 -0.6663 -0.2876
vn -0.6860 -0.6663 -0.2923
vn 0.6881 -0.6662 -0.2875
vn 0.9779 -0.1923 -0.0822
vn 0.6860 0.6662 0.2923
vn -0.6881 0.6662 0.2875
vn 0.6860 0.6663 0.2922
vn 0.5754 -0.5776 0.5790
vn -0.5792 -0.5774 0.5754
vn 0.5755 0.5769 0.5796
vn -0.5793 0.5770 0.5757
vn 0.5795 -0.5769 -0.5756
vn -0.5753 -0.5771 -0.5796
vn 0.5794 0.5777 -0.5749
vn -0.5755 0.5776 -0.5789
vn -0.1796 0.9038 0.3885
vn 0.1824 0.9037 0.3873
vn 0.1413 0.6846 0.7151
vn -0.1364 0.6846 0.7161
vn 0.1946 0.9759 0.0989
vn -0.1939 0.9759 0.1002
vn 0.9615 -0.1823 -0.2055
vn 0.9631 0.1819 0.1982
vn 0.9779 0.1923 0.0822
vn 0.9772 -0.1926 -0.0893
vn 0.9807 0.1949 0.0166
vn 0.9806 -0.1948 -0.0234
vn 0.9807 0.1950 0.0166
vn 0.9772 -0.1926 -0.0892
vn -0.9807 -0.1949 -0.0166
vn -0.9779 -0.1922 -0.0822
vn -0.9772 0.1926 0.0893
vn -0.9806 0.1948 0.0234
vn -0.9615 0.1823 0.2055
vn -0.9632 -0.1818 -0.1982
vn -0.9778 -0.1925 -0.0825
vn -0.9807 -0.1948 -0.0166
vn -0.9773 0.1925 0.0890
vn -0.9616 0.1822 0.2052
vn -0.9630 -0.1820 -0.1985
vn -0.1939 0.9759 0.1001
vn -0.1797 0.9038 0.3885
vn 0.1823 0.9038 0.3873
vn 0.1946 0.9759 0.0988
vn -0.1364 0.6845 0.7161
vn 0.1413 0.6845 0.7152
vn 0.1796 -0.9038 -0.3884
vn -0.1823 -0.9038 -0.3872
vn -0.1947 -0.9759 -0.0989
vn 0.1939 -0.9759 -0.1002
vn 0.1364 -0.6846 -0.7161
vn -0.1411 -0.6846 -0.7151
vn -0.1412 -0.6846 -0.7152
vn 0.1796 -0.9038 -0.3885
vn 0.1939 -0.9759 -0.1001
vn -0.1946 -0.9759 -0.0988
vn -0.1293 0.6241 -0.7706
vn -0.1797 0.8895 -0.4202
vn 0.1768 0.8895 -0.4214
vn 0.1240 0.6241 -0.7714
vn 0.1937 0.9751 -0.1082
vn -0.1944 0.9751 -0.1069
vn 0.9771 -0.1920 0.0918
vn 0.9558 -0.1768 0.2351
vn 0.9541 0.1768 -0.2416
vn 0.9764 0.1922 -0.0985
vn 0.9805 0.1950 -0.0251
vn 0.9807 -0.1948 0.0183
vn -0.9771 0.1920 -0.0918
vn -0.9558 0.1766 -0.2351
vn -0.9541 -0.1768 0.2416
vn -0.9764 -0.1920 0.0984
vn -0.9805 -0.1949 0.0250
vn -0.9807 0.1948 -0.0183
vn 0.1797 -0.8895 0.4202
vn -0.1768 -0.8895 0.4214
vn -0.1240 -0.6241 0.7714
vn 0.1294 -0.6241 0.7706
vn 0.1945 -0.9751 0.1069
vn -0.1937 -0.9751 0.1082
vn 0.1796 -0.8895 0.4202
vn -0.1768 -0.8895 0.4213
vn -0.1938 -0.9751 0.1081
vn 0.1293 -0.6241 0.7706
vn -0.9765 -0.1919 0.0984
vn -0.9771 0.1919 -0.0917
vn -0.9542 -0.1767 0.2415
vn 0.9764 0.1921 -0.0985
vn 0.9558 -0.1767 0.2351
vn 0.9542 0.1767 -0.2415
vn 0.1938 0.9751 -0.1082
vn -0.1946 0.9750 -0.1069
vn 0.1240 0.6241 -0.7715
vn -0.9777 0.1930 -0.0828
vn -0.9756 -0.1920 0.1063
vn -0.9642 -0.1816 0.1931
vn -0.9646 0.1793 -0.1934
vn -0.9807 0.1948 -0.0168
vn -0.9805 -0.1948 0.0263
vn -0.9654 0.1770 -0.1917
vn -0.9653 -0.1789 0.1905
vn -0.9765 -0.1890 0.1038
vn -0.9783 0.1905 -0.0810
vn -0.9805 -0.1946 0.0266
vn -0.9807 0.1948 -0.0164
vn 0.1792 0.9046 -0.3869
vn -0.1808 0.9047 -0.3858
vn -0.1356 0.6787 -0.7218
vn 0.1324 0.6797 -0.7214
vn 0.1938 0.9760 -0.0989
vn -0.1947 0.9760 -0.0977
vn -0.1829 0.9044 -0.3855
vn -0.1946 0.9760 -0.0975
vn 0.1941 0.9760 -0.0989
vn 0.1805 0.9043 -0.3868
vn 0.1334 0.6796 -0.7214
vn -0.1378 0.6784 -0.7217
vn 0.9771 0.1931 -0.0894
vn 0.9632 0.1793 -0.2000
vn 0.9655 -0.1817 0.1865
vn 0.9763 -0.1921 0.0998
vn 0.9805 0.1950 -0.0229
vn 0.9806 -0.1950 0.0204
vn 0.9640 0.1770 -0.1985
vn 0.9777 0.1905 -0.0879
vn 0.9771 -0.1892 0.0972
vn 0.9665 -0.1790 0.1841
vn 0.9806 0.1948 -0.0232
vn 0.9807 -0.1946 0.0199
vn 0.1751 -0.8753 0.4508
vn 0.1373 -0.6865 0.7141
vn -0.1338 -0.6864 0.7149
vn -0.1734 -0.8751 0.4518
vn -0.1934 -0.9742 0.1165
vn 0.1943 -0.9741 0.1153
vn 0.1943 -0.9741 0.1152
vn -0.1937 -0.9741 0.1165
vn -0.1749 -0.8749 0.4516
vn 0.1778 -0.8750 0.4503
vn 0.1398 -0.6863 0.7138
vn -0.1349 -0.6863 0.7147
vn -0.1170 0.5888 0.7998
vn -0.1766 0.8879 0.4249
vn 0.1795 0.8878 0.4237
vn 0.1225 0.5888 0.7990
vn -0.1938 0.9749 0.1099
vn 0.1944 0.9749 0.1085
vn 0.9480 -0.1712 -0.2683
vn 0.9499 0.1710 0.2616
vn 0.9770 0.1919 0.0926
vn 0.9763 -0.1921 -0.0996
vn 0.9806 0.1950 0.0188
vn 0.9805 -0.1949 -0.0254
vn -0.9500 -0.1708 -0.2613
vn -0.9771 -0.1916 -0.0923
vn -0.9763 0.1920 0.0996
vn -0.9479 0.1712 0.2686
vn -0.9807 -0.1949 -0.0186
vn -0.9805 0.1949 0.0254
vn -0.1793 -0.8880 -0.4234
vn -0.1224 -0.5889 -0.7989
vn 0.1169 -0.5888 -0.7998
vn 0.1765 -0.8879 -0.4247
vn 0.1937 -0.9749 -0.1099
vn -0.1944 -0.9749 -0.1085
vn 0.1945 0.9749 0.1086
vn -0.1937 0.9749 0.1099
vn -0.1766 0.8879 0.4248
vn 0.1795 0.8880 0.4235
vn -0.1170 0.5890 0.7996
vn 0.1225 0.5890 0.7988
vn 0.9770 0.1920 0.0927
vn 0.9764 -0.1918 -0.0992
vn 0.9805 -0.1948 -0.0254
vn 0.9806 0.1950 0.0186
vn 0.9498 0.1711 0.2618
vn 0.9481 -0.1710 -0.2680
vn -0.9807 -0.1949 -0.0185
vn -0.9771 -0.1918 -0.0925
vn -0.9764 0.1918 0.0994
vn -0.9805 0.1948 0.0255
vn -0.9480 0.1711 0.2684
vn -0.9499 -0.1710 -0.2616
vn 0.1765 -0.8879 -0.4248
vn -0.1795 -0.8880 -0.4235
vn -0.1944 -0.9749 -0.1086
vn -0.1225 -0.5889 -0.7989
vn 0.1913 0.9626 -0.1920
vn -0.1926 0.9625 -0.1908
vn -0.9626 0.1946 -0.1887
vn -0.9636 -0.1890 -0.1891
vn -0.1927 -0.9623 -0.1918
vn 0.1914 -0.9624 -0.1930
vn 0.9613 0.1950 -0.1948
vn 0.9623 -0.1893 -0.1951
vn -0.1913 0.9623 0.1932
vn 0.1926 0.9623 0.1920
vn 0.9632 0.1913 0.1888
vn 0.9630 -0.1925 0.1886
vn 0.1926 -0.9626 0.1908
vn -0.1913 -0.9626 0.1920
vn -0.9617 -0.1925 0.1952
vn -0.9619 0.1913 0.1955
vn -0.1948 0.2061 -0.9590
vn 0.1881 0.2060 -0.9603
vn 0.1891 -0.1778 -0.9657
vn -0.1958 -0.1778 -0.9644
vn -0.1887 0.1886 0.9638
vn -0.1885 -0.1954 0.9625
vn 0.1951 -0.1954 0.9611
vn 0.1954 0.1885 0.9624
vn 0.6954 -0.1985 0.6907
vn 0.6961 0.1937 0.6914
vn -0.1938 -0.6938 0.6936
vn 0.1985 -0.6937 0.6924
vn -0.6907 -0.1984 0.6954
vn -0.6912 0.1938 0.6962
vn 0.1985 0.6930 0.6931
vn -0.1938 0.6930 0.6944
vn -0.1986 0.6938 -0.6923
vn 0.1938 0.6938 -0.6936
vn -0.6972 -0.1860 -0.6923
vn -0.6944 0.2062 -0.6894
vn -0.1985 -0.6930 -0.6930
vn -0.1958 -0.1779 -0.9644
vn 0.1938 -0.6930 -0.6944
vn 0.6923 -0.1861 -0.6972
vn 0.6895 0.2063 -0.6942
vn -0.7064 -0.7036 -0.0766
vn -0.7060 -0.7030 0.0861
vn -0.9807 -0.1948 -0.0185
vn 0.7065 -0.7030 0.0813
vn 0.7059 -0.7036 -0.0815
vn -0.7059 0.7036 0.0816
vn -0.7067 0.7041 -0.0687
vn 0.7063 0.7041 -0.0735
vn 0.7064 0.7037 0.0767
vn -0.5753 0.5046 -0.6437
vn 0.5709 0.5047 -0.6476
vn 0.5752 -0.5046 0.6438
vn -0.5709 -0.5046 0.6477
vn -0.5708 -0.5047 0.6477
vn -0.6927 0.6932 0.1990
vn -0.7061 0.7042 0.0745
vn -0.7067 -0.7041 -0.0696
vn -0.6928 -0.6934 0.1981
vn -0.9617 -0.1925 0.1951
vn 0.7061 -0.7042 -0.0744
vn 0.6940 -0.6935 0.1935
vn 0.7066 0.7042 0.0696
vn 0.6940 0.6932 0.1942
vn -0.7066 -0.7042 -0.0696
vn -0.7059 -0.7038 0.0803
vn 0.7065 -0.7037 0.0754
vn -0.6031 0.5437 0.5836
vn -0.6032 0.5437 0.5836
vn 0.6071 0.5437 0.5795
vn -0.7065 0.7037 -0.0755
vn 0.6031 -0.5437 -0.5837
vn 0.6032 -0.5437 -0.5836
vn 0.7058 0.7038 -0.0803
vn 0.7066 0.7042 0.0695
vn -0.6071 -0.5437 -0.5795
vn -0.6069 -0.5438 -0.5796
vn -0.9630 -0.1821 -0.1985
vn 0.6926 0.6936 -0.1979
vn 0.7059 0.7045 -0.0734
vn 0.7061 -0.7034 0.0817
vn 0.6927 -0.6934 -0.1986
vn -0.7058 -0.7032 0.0860
vn -0.6942 -0.6931 -0.1943
vn -0.7066 0.7042 -0.0690
vn -0.6940 0.6934 -0.1936
vn 0.5514 0.4784 0.6834
vn 0.5514 0.4785 0.6834
vn -0.5468 0.4785 0.6871
vn -0.5467 0.4784 0.6872
vn 0.5467 -0.4784 -0.6872
vn 0.5466 -0.4784 -0.6873
vn -0.9500 -0.1709 -0.2613
vn -0.5513 -0.4784 -0.6835
vn -0.5513 -0.4785 -0.6835
vn -0.7059 -0.7037 0.0802
vn -0.7065 -0.7036 -0.0766
vn -0.9807 -0.1948 -0.0186
vn 0.7065 -0.7037 0.0755
vn 0.7059 -0.7036 -0.0816
vn -0.6126 -0.5457 0.5718
vn -0.6085 -0.5479 0.5740
vn -0.6120 0.5383 -0.5794
vn -0.6081 0.5410 -0.5810
vn -0.7065 0.7037 -0.0754
vn -0.7058 0.7037 0.0816
vn 0.6053 0.5415 -0.5834
vn 0.6083 0.5395 -0.5822
vn 0.7059 0.7038 -0.0803
vn 0.6162 -0.5458 0.5678
vn 0.6112 -0.5486 0.5704
vn 0.6812 -0.6575 -0.3219
vn -0.6835 -0.6575 -0.3171
vn -0.9771 -0.1917 -0.0925
vn -0.6812 0.6575 0.3219
vn 0.6833 0.6576 0.3172
vn 0.6810 -0.6576 -0.3221
vn -0.6834 -0.6576 -0.3170
vn -0.6811 0.6576 0.3220
vn 0.6833 0.6576 0.3174
vn -0.6807 -0.6488 0.3401
vn 0.6828 -0.6489 0.3357
vn -0.6766 -0.6516 0.3431
vn 0.6778 -0.6524 0.3389
vn 0.6883 0.6648 -0.2902
vn 0.6851 0.6674 -0.2919
vn -0.6902 0.6649 -0.2855
vn -0.6864 0.6679 -0.2875
vn -0.6838 0.6584 -0.3145
vn 0.6814 0.6586 -0.3192
vn 0.6837 -0.6585 0.3146
vn -0.6816 -0.6585 0.3191
vn 0.6836 -0.6586 0.3146
vn -0.6815 -0.6585 0.3192
vn -0.9764 -0.1921 0.0984
vn -0.6837 0.6585 -0.3146
vn 0.6814 0.6586 -0.3193
vn 0.6860 -0.6663 -0.2924
vn -0.6879 -0.6663 -0.2876
vn 0.6860 -0.6663 -0.2923
vn -0.6881 -0.6662 -0.2875
vn -0.9779 -0.1923 -0.0822
vn -0.6860 0.6662 0.2923
vn 0.6881 0.6662 0.2875
vn -0.6860 0.6663 0.2922
vn -0.5754 -0.5776 0.5790
vn 0.5792 -0.5775 0.5753
vn -0.5755 0.5769 0.5796
vn 0.5793 0.5770 0.5757
vn -0.5795 -0.5769 -0.5756
vn 0.5753 -0.5771 -0.5796
vn -0.5794 0.5777 -0.5749
vn 0.5755 0.5776 -0.5789
vn -0.0205 -0.9998 0.0000
vn 0.0712 -0.9975 0.0000
vn -0.1120 -0.9937 0.0000
g Object_2_Object_0_Lifejacket
usemtl Lifejacket
s off
f 42/1/1 43/2/1 44/3/1
f 188/4/2 189/5/2 190/6/2
f 726/7/3 727/8/3 728/9/3
f 726/7/3 728/9/3 729/10/3
f 734/11/3 727/8/3 726/7/3
f 734/11/3 726/7/3 735/12/3
f 740/13/4 741/14/4 742/15/4
f 740/13/4 742/15/4 743/16/4
f 748/17/4 749/18/4 740/13/4
f 748/17/4 740/13/4 743/16/4
f 754/19/3 755/20/3 756/21/3
f 754/19/3 756/21/3 757/22/3
f 756/21/3 755/20/3 729/10/3
f 756/21/3 729/10/3 728/9/3
f 766/23/4 767/24/4 768/25/4
f 766/23/4 768/25/4 769/26/4
f 768/25/4 742/15/4 741/14/4
f 768/25/4 741/14/4 769/26/4
f 757/22/3 774/27/3 775/28/3
f 757/22/3 775/28/3 754/19/3
f 767/24/4 766/23/4 776/29/4
f 767/24/4 776/29/4 777/30/4
f 970/31/3 1018/32/3 1019/33/3
f 970/31/3 1019/33/3 944/34/3
f 1015/35/3 1018/32/3 970/31/3
f 1015/35/3 970/31/3 969/36/3
f 965/37/4 921/38/4 1023/39/4
f 965/37/4 1023/39/4 1029/40/4
f 1001/41/4 962/42/4 965/37/4
f 1001/41/4 965/37/4 1029/40/4
f 1030/43/3 941/44/3 944/34/3
f 1030/43/3 944/34/3 1019/33/3
f 1020/45/4 1023/39/4 921/38/4
f 1020/45/4 921/38/4 920/46/4
f 1054/47/5 1055/48/5 1056/49/5
f 1054/47/5 1056/49/5 1057/50/5
f 1071/51/6 1072/52/6 1073/53/6
f 1071/51/6 1073/53/6 1074/54/6
f 1865/55/3 1866/56/3 1867/57/3
f 1865/55/3 1867/57/3 1868/58/3
f 1873/59/3 1874/60/3 1866/56/3
f 1873/59/3 1866/56/3 1865/55/3
f 1879/61/4 1880/62/4 1881/63/4
f 1879/61/4 1881/63/4 1882/64/4
f 1887/65/4 1879/61/4 1882/64/4
f 1887/65/4 1882/64/4 1888/66/4
f 1893/67/3 1894/68/3 1895/69/3
f 1893/67/3 1895/69/3 1896/70/3
f 1896/70/3 1895/69/3 1868/58/3
f 1896/70/3 1868/58/3 1867/57/3
f 1905/71/4 1906/72/4 1907/73/4
f 1905/71/4 1907/73/4 1908/74/4
f 1906/72/4 1881/63/4 1880/62/4
f 1906/72/4 1880/62/4 1907/73/4
f 1894/68/3 1893/67/3 1913/75/3
f 1894/68/3 1913/75/3 1914/76/3
f 1908/74/4 1915/77/4 1916/78/4
f 1908/74/4 1916/78/4 1905/71/4
f 2110/79/3 2157/80/3 2158/81/3
f 2110/79/3 2158/81/3 2083/82/3
f 2109/83/3 2154/84/3 2157/80/3
f 2109/83/3 2157/80/3 2110/79/3
f 2103/85/4 2060/86/4 2162/87/4
f 2103/85/4 2162/87/4 2168/88/4
f 2104/89/4 2103/85/4 2168/88/4
f 2104/89/4 2168/88/4 2141/90/4
f 2169/91/3 2080/92/3 2083/82/3
f 2169/91/3 2083/82/3 2158/81/3
f 2159/93/4 2162/87/4 2060/86/4
f 2159/93/4 2060/86/4 2059/94/4
f 2193/95/5 2194/96/5 2195/97/5
f 2193/95/5 2195/97/5 2196/98/5
f 2210/99/7 2211/100/7 2212/101/7
f 2210/99/7 2212/101/7 2213/102/7
f 3113/103/3 3114/104/3 3115/105/3
f 3113/103/3 3115/105/3 3116/106/3
f 3121/107/3 3114/104/3 3113/103/3
f 3121/107/3 3113/103/3 3122/108/3
f 3127/109/4 3128/110/4 3129/111/4
f 3127/109/4 3129/111/4 3130/112/4
f 3135/113/4 3136/114/4 3127/109/4
f 3135/113/4 3127/109/4 3130/112/4
f 3141/115/3 3142/116/3 3143/117/3
f 3141/115/3 3143/117/3 3144/118/3
f 3143/117/3 3142/116/3 3116/106/3
f 3143/117/3 3116/106/3 3115/105/3
f 3153/119/4 3154/120/4 3155/121/4
f 3153/119/4 3155/121/4 3156/122/4
f 3155/121/4 3129/111/4 3128/110/4
f 3155/121/4 3128/110/4 3156/122/4
f 3161/123/3 3162/124/3 3141/115/3
f 3161/123/3 3141/115/3 3144/118/3
f 3163/125/4 3154/120/4 3153/119/4
f 3163/125/4 3153/119/4 3164/126/4
f 3358/127/3 3405/128/3 3406/129/3
f 3358/127/3 3406/129/3 3331/130/3
f 3402/131/3 3405/128/3 3358/127/3
f 3402/131/3 3358/127/3 3357/132/3
f 3351/133/4 3308/134/4 3409/135/4
f 3351/133/4 3409/135/4 3416/136/4
f 3388/137/4 3352/138/4 3351/133/4
f 3388/137/4 3351/133/4 3416/136/4
f 3418/139/3 3328/140/3 3331/130/3
f 3418/139/3 3331/130/3 3406/129/3
f 3410/141/4 3409/135/4 3308/134/4
f 3410/141/4 3308/134/4 3307/142/4
f 3441/143/8 3442/144/8 3443/145/8
f 3441/143/8 3443/145/8 3444/146/8
f 3458/147/6 3459/148/6 3460/149/6
f 3458/147/6 3460/149/6 3461/150/6
f 5507/151/9 5508/152/9 5509/153/9
f 5507/151/9 5509/153/9 5510/154/9
f 5511/155/9 5512/156/9 5513/157/9
f 5511/155/9 5513/157/9 5514/158/9
f 5515/159/9 5516/160/9 5517/161/9
f 5515/159/9 5517/161/9 5518/162/9
f 5519/163/10 5520/164/10 5521/165/10
f 5519/163/10 5521/165/10 5522/166/10
f 5523/167/11 5524/168/11 5525/169/11
f 5523/167/10 5525/169/10 5526/170/10
f 5527/171/11 5528/172/11 5529/173/11
f 5527/171/10 5529/173/10 5530/174/10
f 5905/175/12 5906/176/12 5907/177/12
f 5905/175/12 5907/177/12 5908/178/12
f 5909/179/12 5910/180/12 5911/181/12
f 5909/179/13 5911/181/13 5912/182/13
f 5913/183/12 5914/184/12 5915/185/12
f 5913/183/13 5915/185/13 5916/186/13
s 1
f 1/187/14 2/188/15 3/189/16
f 4/190/17 5/191/18 6/192/19
f 1/187/14 7/193/20 2/188/15
f 8/194/21 9/195/22 10/196/23
f 11/197/24 9/195/22 8/194/21
f 12/198/25 13/199/26 14/200/27
f 15/201/28 16/202/29 17/203/30
f 18/204/31 17/203/30 19/205/32
f 12/198/25 20/206/33 13/199/26
f 21/207/34 22/208/35 23/209/36
f 24/210/37 25/211/38 26/212/39
f 27/213/40 28/214/41 29/215/42
f 27/213/40 29/215/42 30/216/43
f 31/217/44 32/218/45 33/219/46
f 31/217/44 34/220/47 32/218/45
f 17/203/30 18/204/31 35/221/48
f 36/222/49 37/223/50 38/224/51
f 15/201/28 39/225/52 40/226/53
f 15/201/28 41/227/54 39/225/52
f 45/228/55 46/229/56 47/230/57
f 45/228/55 48/231/58 46/229/56
f 49/232/59 50/233/60 51/234/61
f 49/232/59 52/235/62 50/233/60
f 53/236/63 54/237/64 55/238/65
f 53/236/63 55/238/65 56/239/66
f 57/240/67 58/241/68 59/242/69
f 57/240/67 60/243/70 58/241/68
f 61/244/71 62/245/72 63/246/73
f 61/244/71 64/247/74 62/245/72
f 65/248/75 66/249/76 67/250/77
f 65/248/75 68/251/78 66/249/76
f 69/252/79 70/253/80 71/254/81
f 69/252/79 72/255/82 70/253/80
f 73/256/83 74/257/84 75/258/85
f 73/256/83 75/258/85 76/259/86
f 77/260/87 78/261/88 79/262/89
f 77/260/87 80/263/90 78/261/88
f 81/264/91 82/265/92 83/266/93
f 81/264/91 84/267/94 82/265/92
f 85/268/63 86/269/95 87/270/96
f 85/268/63 87/270/96 88/271/97
f 89/272/98 90/273/99 91/274/100
f 89/272/98 92/275/101 90/273/99
f 93/276/102 94/277/103 95/278/104
f 93/276/102 96/279/105 94/277/103
f 97/280/106 98/281/107 99/282/108
f 97/280/106 100/283/109 98/281/107
f 101/284/110 102/285/111 103/286/112
f 101/284/110 104/287/113 102/285/111
f 105/288/114 106/289/115 107/290/116
f 105/288/114 107/290/116 108/291/117
f 109/292/118 110/293/119 111/294/120
f 109/292/118 112/295/121 110/293/119
f 113/296/122 114/297/123 115/298/124
f 113/296/122 116/299/125 114/297/123
f 117/300/63 118/301/126 119/302/65
f 117/300/63 119/302/65 120/303/127
f 121/304/98 122/305/99 123/306/128
f 121/304/98 124/307/129 122/305/99
f 125/308/130 126/309/131 127/310/132
f 125/308/130 128/311/133 126/309/131
f 129/312/134 130/313/135 131/314/136
f 129/312/134 132/315/137 130/313/135
f 133/316/110 134/317/138 135/318/139
f 133/316/110 136/319/140 134/317/138
f 137/320/114 138/321/141 139/322/142
f 137/320/114 139/322/142 140/323/143
f 1/187/14 141/324/144 24/210/37
f 5/191/18 142/325/145 143/326/146
f 5/191/18 144/327/147 142/325/145
f 145/328/148 3/189/16 146/329/149
f 147/330/150 148/331/151 149/332/152
f 150/333/153 151/334/154 152/335/155
f 147/330/150 149/332/152 153/336/156
f 154/337/157 155/338/158 156/339/159
f 157/340/160 154/337/157 156/339/159
f 158/341/161 159/342/162 160/343/163
f 161/344/164 162/345/165 163/346/166
f 164/347/167 165/348/168 162/345/165
f 158/341/161 160/343/163 166/349/169
f 167/350/170 168/351/171 169/352/172
f 170/353/173 171/354/174 172/355/175
f 173/356/176 174/357/177 175/358/178
f 173/356/176 176/359/179 174/357/177
f 177/360/180 178/361/181 179/362/182
f 177/360/180 179/362/182 180/363/183
f 162/345/165 181/364/184 164/347/167
f 182/365/185 183/366/186 184/367/187
f 161/344/164 185/368/188 186/369/189
f 161/344/164 186/369/189 187/370/190
f 147/330/150 170/353/173 191/371/191
f 152/335/155 192/372/192 193/373/193
f 152/335/155 193/373/193 194/374/194
f 195/375/195 196/376/196 148/331/151
f 197/377/197 198/378/198 199/379/199
f 197/377/197 199/379/199 200/380/200
f 197/377/197 200/380/200 201/381/201
f 197/377/197 201/381/201 202/382/202
f 203/383/203 204/384/204 205/385/205
f 203/383/203 205/385/205 206/386/206
f 207/387/207 208/388/208 203/383/203
f 207/387/207 203/383/203 206/386/206
f 144/327/147 209/389/209 210/390/210
f 144/327/147 210/390/210 211/391/211
f 212/392/212 213/393/213 143/326/146
f 212/392/212 143/326/146 214/394/214
f 201/381/201 7/193/20 215/395/215
f 201/381/201 215/395/215 202/382/202
f 199/379/199 198/378/198 212/392/212
f 199/379/199 212/392/212 214/394/214
f 211/391/211 210/390/210 208/388/208
f 211/391/211 208/388/208 207/387/207
f 143/326/146 213/393/213 6/192/19
f 143/326/146 6/192/19 5/191/18
f 5/191/18 4/190/17 209/389/209
f 5/191/18 209/389/209 144/327/147
f 11/197/24 8/194/21 216/396/216
f 11/197/24 216/396/216 217/397/217
f 218/398/218 24/210/37 219/399/219
f 218/398/218 219/399/219 220/400/220
f 219/399/219 221/401/221 222/402/222
f 219/399/219 222/402/222 220/400/220
f 223/403/223 224/404/224 225/405/225
f 223/403/223 225/405/225 226/406/226
f 227/407/227 228/408/228 229/409/229
f 227/407/227 229/409/229 230/410/230
f 231/411/231 232/412/232 233/413/233
f 231/411/231 233/413/233 234/414/234
f 197/377/197 235/415/235 236/416/236
f 197/377/197 236/416/236 198/378/198
f 237/417/237 227/407/227 230/410/230
f 237/417/237 230/410/230 238/418/238
f 239/419/239 240/420/240 241/421/241
f 239/419/239 241/421/241 242/422/242
f 243/423/243 244/424/244 245/425/245
f 243/423/243 245/425/245 246/426/246
f 247/427/247 248/428/248 249/429/249
f 247/427/247 249/429/249 250/430/250
f 251/431/251 252/432/252 253/433/253
f 251/431/251 253/433/253 254/434/254
f 255/435/255 256/436/256 257/437/257
f 255/435/255 257/437/257 258/438/258
f 234/414/234 233/413/233 259/439/259
f 234/414/234 259/439/259 260/440/260
f 261/441/261 262/442/262 247/427/247
f 261/441/261 247/427/247 250/430/250
f 263/443/263 264/444/264 224/404/224
f 263/443/263 224/404/224 223/403/223
f 265/445/265 266/446/266 264/444/264
f 265/445/265 264/444/264 263/443/263
f 267/447/267 255/435/255 258/438/258
f 267/447/267 258/438/258 268/448/268
f 208/388/208 210/390/210 269/449/269
f 208/388/208 269/449/269 270/450/270
f 271/451/271 272/452/272 255/435/255
f 271/451/271 255/435/255 267/447/267
f 273/453/273 274/454/274 275/455/275
f 273/453/273 275/455/275 276/456/276
f 277/457/277 278/458/278 279/459/279
f 277/457/277 279/459/279 280/460/280
f 272/452/272 281/461/281 256/436/256
f 272/452/272 256/436/256 255/435/255
f 282/462/259 276/456/276 275/455/275
f 282/462/259 275/455/275 283/463/260
f 284/464/282 285/465/283 286/466/284
f 284/464/282 286/466/284 287/467/285
f 288/468/286 289/469/287 290/470/288
f 288/468/286 290/470/288 291/471/289
f 292/472/290 21/207/34 293/473/291
f 292/472/290 293/473/291 26/212/39
f 279/459/279 278/458/278 294/474/292
f 279/459/279 294/474/292 295/475/293
f 296/476/294 297/477/295 298/478/296
f 296/476/294 298/478/296 299/479/282
f 300/480/297 301/481/298 261/441/261
f 300/480/297 261/441/261 222/402/222
f 271/451/271 297/477/295 296/476/294
f 271/451/271 296/476/294 272/452/272
f 236/416/236 302/482/299 212/392/212
f 236/416/236 212/392/212 198/378/198
f 303/483/300 304/484/301 305/485/302
f 303/483/300 305/485/302 306/486/303
f 307/487/304 308/488/305 309/489/306
f 307/487/304 309/489/306 310/490/307
f 311/491/308 312/492/309 313/493/310
f 311/491/308 313/493/310 314/494/311
f 315/495/312 307/487/304 310/490/307
f 315/495/312 310/490/307 316/496/313
f 317/497/314 318/498/315 277/457/277
f 317/497/314 277/457/277 319/499/316
f 320/500/317 321/501/318 319/499/316
f 320/500/317 319/499/316 322/502/319
f 305/485/302 304/484/301 318/498/315
f 305/485/302 318/498/315 323/503/320
f 324/504/321 325/505/322 326/506/323
f 324/504/321 326/506/323 327/507/324
f 328/508/325 274/454/274 273/453/273
f 328/508/325 273/453/273 329/509/326
f 225/405/225 224/404/224 324/504/321
f 225/405/225 324/504/321 330/510/327
f 331/511/328 300/480/297 222/402/222
f 331/511/328 222/402/222 221/401/221
f 316/496/313 332/512/329 333/513/330
f 316/496/313 333/513/330 315/495/312
f 334/514/331 323/503/320 318/498/315
f 334/514/331 318/498/315 317/497/314
f 335/515/332 336/516/333 321/501/318
f 335/515/332 321/501/318 320/500/317
f 337/517/334 338/518/335 339/519/336
f 337/517/334 339/519/336 340/520/337
f 302/482/299 341/521/338 338/518/335
f 302/482/299 338/518/335 337/517/334
f 342/522/339 239/419/239 228/408/228
f 342/522/339 228/408/228 343/523/340
f 344/524/341 345/525/342 346/526/343
f 344/524/341 346/526/343 347/527/344
f 348/528/345 349/529/343 350/530/346
f 348/528/345 350/530/346 351/531/347
f 352/532/348 353/533/349 354/534/350
f 352/532/348 354/534/350 355/535/351
f 356/536/350 357/537/349 146/329/149
f 356/536/350 146/329/149 358/538/352
f 359/539/353 360/540/354 361/541/355
f 359/539/353 361/541/355 362/542/356
f 311/491/308 363/543/354 364/544/357
f 311/491/308 364/544/357 312/492/309
f 365/545/358 366/546/359 301/481/298
f 365/545/358 301/481/298 367/547/360
f 22/208/35 368/548/361 369/549/362
f 22/208/35 369/549/362 23/209/36
f 308/488/305 307/487/304 370/550/363
f 308/488/305 370/550/363 371/551/364
f 372/552/365 373/553/366 374/554/367
f 372/552/365 374/554/367 375/555/368
f 333/513/330 332/512/329 376/556/365
f 333/513/330 376/556/365 377/557/368
f 378/558/369 328/508/325 329/509/326
f 378/558/369 329/509/326 336/516/333
f 368/548/361 379/559/370 380/560/371
f 368/548/361 380/560/371 381/561/372
f 307/487/304 315/495/312 382/562/373
f 307/487/304 382/562/373 370/550/363
f 315/495/312 333/513/330 383/563/374
f 315/495/312 383/563/374 382/562/373
f 252/432/252 375/555/368 374/554/367
f 252/432/252 374/554/367 253/433/253
f 333/513/330 377/557/368 384/564/252
f 333/513/330 384/564/252 383/563/374
f 296/476/294 299/479/282 385/565/375
f 296/476/294 385/565/375 386/566/376
f 387/567/377 251/431/251 254/434/254
f 387/567/377 254/434/254 243/423/243
f 388/568/378 389/569/379 390/570/380
f 388/568/378 390/570/380 391/571/381
f 8/194/21 392/572/382 393/573/383
f 8/194/21 393/573/383 216/396/216
f 238/418/238 345/525/342 344/524/341
f 238/418/238 344/524/341 237/417/237
f 351/531/347 361/541/355 360/540/354
f 351/531/347 360/540/354 348/528/345
f 363/543/354 311/491/308 344/524/341
f 363/543/354 344/524/341 347/527/344
f 386/566/376 281/461/281 272/452/272
f 386/566/376 272/452/272 296/476/294
f 22/208/35 306/486/303 305/485/302
f 22/208/35 305/485/302 368/548/361
f 146/329/149 357/537/349 394/574/384
f 146/329/149 394/574/384 145/328/148
f 368/548/361 305/485/302 323/503/320
f 368/548/361 323/503/320 379/559/370
f 293/473/291 21/207/34 9/195/22
f 293/473/291 9/195/22 215/395/215
f 395/575/385 365/545/358 367/547/360
f 395/575/385 367/547/360 268/448/268
f 396/576/386 397/577/387 398/578/388
f 396/576/386 398/578/388 399/579/389
f 314/494/311 237/417/237 344/524/341
f 314/494/311 344/524/341 311/491/308
f 342/522/339 343/523/340 400/580/390
f 342/522/339 400/580/390 401/581/391
f 402/582/392 209/389/209 4/190/17
f 402/582/392 4/190/17 403/583/393
f 269/449/269 210/390/210 209/389/209
f 269/449/269 209/389/209 402/582/392
f 404/584/394 405/585/395 406/586/396
f 404/584/394 406/586/396 407/587/397
f 407/587/397 342/522/339 401/581/391
f 407/587/397 401/581/391 404/584/394
f 229/409/229 228/408/228 239/419/239
f 229/409/229 239/419/239 242/422/242
f 408/588/398 240/420/240 407/587/397
f 408/588/398 407/587/397 406/586/396
f 407/587/397 240/420/240 239/419/239
f 407/587/397 239/419/239 342/522/339
f 409/589/399 410/590/400 266/446/266
f 409/589/399 266/446/266 265/445/265
f 337/517/334 340/520/337 6/192/19
f 337/517/334 6/192/19 213/393/213
f 212/392/212 302/482/299 337/517/334
f 212/392/212 337/517/334 213/393/213
f 411/591/401 412/592/402 413/593/403
f 411/591/401 413/593/403 414/594/404
f 415/595/405 416/596/406 314/494/311
f 415/595/405 314/494/311 313/493/310
f 400/580/390 343/523/340 416/596/406
f 400/580/390 416/596/406 415/595/405
f 227/407/227 237/417/237 314/494/311
f 227/407/227 314/494/311 416/596/406
f 228/408/228 227/407/227 416/596/406
f 228/408/228 416/596/406 343/523/340
f 417/597/407 341/521/338 302/482/299
f 417/597/407 302/482/299 236/416/236
f 235/415/235 418/598/408 417/597/407
f 235/415/235 417/597/407 236/416/236
f 419/599/409 204/384/204 203/383/203
f 419/599/409 203/383/203 420/600/410
f 420/600/410 203/383/203 208/388/208
f 420/600/410 208/388/208 270/450/270
f 202/382/202 11/197/24 235/415/235
f 202/382/202 235/415/235 197/377/197
f 202/382/202 215/395/215 9/195/22
f 202/382/202 9/195/22 11/197/24
f 217/397/217 418/598/408 235/415/235
f 217/397/217 235/415/235 11/197/24
f 238/418/238 230/410/230 421/601/411
f 238/418/238 421/601/411 422/602/412
f 422/602/412 421/601/411 418/598/408
f 422/602/412 418/598/408 217/397/217
f 230/410/230 229/409/229 423/603/413
f 230/410/230 423/603/413 421/601/411
f 421/601/411 423/603/413 417/597/407
f 421/601/411 417/597/407 418/598/408
f 341/521/338 417/597/407 423/603/413
f 341/521/338 423/603/413 424/604/414
f 424/604/414 423/603/413 229/409/229
f 424/604/414 229/409/229 242/422/242
f 350/530/346 349/529/343 425/605/415
f 350/530/346 425/605/415 426/606/416
f 217/397/217 216/396/216 427/607/417
f 217/397/217 427/607/417 422/602/412
f 422/602/412 427/607/417 345/525/342
f 422/602/412 345/525/342 238/418/238
f 428/608/401 429/609/415 427/607/417
f 428/608/401 427/607/417 216/396/216
f 346/526/343 345/525/342 427/607/417
f 346/526/343 427/607/417 429/609/415
f 424/604/414 430/610/418 338/518/335
f 424/604/414 338/518/335 341/521/338
f 242/422/242 241/421/241 430/610/418
f 242/422/242 430/610/418 424/604/414
f 241/421/241 431/611/419 432/612/420
f 241/421/241 432/612/420 430/610/418
f 240/420/240 408/588/398 431/611/419
f 240/420/240 431/611/419 241/421/241
f 339/519/336 432/612/420 431/611/419
f 339/519/336 431/611/419 408/588/398
f 430/610/418 432/612/420 339/519/336
f 430/610/418 339/519/336 338/518/335
f 414/594/404 351/531/347 350/530/346
f 414/594/404 350/530/346 426/606/416
f 426/606/416 425/605/415 433/613/421
f 426/606/416 433/613/421 414/594/404
f 387/567/377 243/423/243 434/614/422
f 387/567/377 434/614/422 435/615/423
f 436/616/424 437/617/425 438/618/426
f 436/616/424 438/618/426 439/619/427
f 440/620/428 441/621/429 397/577/387
f 440/620/428 397/577/387 396/576/386
f 388/568/378 442/622/377 443/623/423
f 388/568/378 443/623/423 389/569/379
f 444/624/430 445/625/226 380/560/371
f 444/624/430 380/560/371 379/559/370
f 446/626/431 288/468/286 291/471/289
f 446/626/431 291/471/289 447/627/432
f 391/571/381 390/570/380 448/628/433
f 391/571/381 448/628/433 449/629/434
f 396/576/386 399/579/389 450/630/435
f 396/576/386 450/630/435 451/631/436
f 449/629/434 448/628/433 37/223/50
f 449/629/434 37/223/50 36/222/49
f 452/632/437 218/398/218 249/429/249
f 452/632/437 249/429/249 453/633/438
f 454/634/439 440/620/428 396/576/386
f 454/634/439 396/576/386 451/631/436
f 452/632/437 453/633/438 294/474/292
f 452/632/437 294/474/292 303/483/300
f 455/635/440 456/636/441 457/637/442
f 455/635/440 457/637/442 458/638/443
f 459/639/444 17/203/30 16/202/29
f 459/639/444 16/202/29 460/640/445
f 457/637/442 456/636/441 461/641/446
f 457/637/442 461/641/446 462/642/447
f 462/642/447 461/641/446 463/643/448
f 462/642/447 463/643/448 464/644/449
f 465/645/450 466/646/451 467/647/400
f 465/645/450 467/647/400 468/648/399
f 386/566/376 469/649/452 470/650/453
f 386/566/376 470/650/453 281/461/281
f 469/649/452 332/512/329 316/496/313
f 469/649/452 316/496/313 470/650/453
f 471/651/454 469/649/452 386/566/376
f 471/651/454 386/566/376 385/565/375
f 332/512/329 469/649/452 471/651/454
f 332/512/329 471/651/454 376/556/365
f 472/652/454 473/653/455 474/654/456
f 472/652/454 474/654/456 475/655/457
f 475/655/457 373/553/366 372/552/365
f 475/655/457 372/552/365 472/652/454
f 316/496/313 310/490/307 476/656/458
f 316/496/313 476/656/458 470/650/453
f 470/650/453 476/656/458 256/436/256
f 470/650/453 256/436/256 281/461/281
f 310/490/307 309/489/306 477/657/459
f 310/490/307 477/657/459 476/656/458
f 476/656/458 477/657/459 257/437/257
f 476/656/458 257/437/257 256/436/256
f 38/224/51 478/658/460 18/204/31
f 38/224/51 18/204/31 19/205/32
f 479/659/461 438/618/426 437/617/425
f 479/659/461 437/617/425 480/660/462
f 480/660/462 390/570/380 389/569/379
f 480/660/462 389/569/379 479/659/461
f 481/661/463 438/618/426 479/659/461
f 481/661/463 479/659/461 482/662/464
f 389/569/379 443/623/423 482/662/464
f 389/569/379 482/662/464 479/659/461
f 246/426/246 483/663/463 484/664/464
f 246/426/246 484/664/464 485/665/465
f 485/665/465 484/664/464 435/615/423
f 485/665/465 435/615/423 434/614/422
f 390/570/380 480/660/462 486/666/466
f 390/570/380 486/666/466 448/628/433
f 480/660/462 437/617/425 487/667/467
f 480/660/462 487/667/467 486/666/466
f 448/628/433 486/666/466 488/668/468
f 448/628/433 488/668/468 37/223/50
f 486/666/466 487/667/467 455/635/440
f 486/666/466 455/635/440 488/668/468
f 439/619/427 438/618/426 481/661/463
f 439/619/427 481/661/463 489/669/469
f 447/627/432 490/670/470 491/671/471
f 447/627/432 491/671/471 446/626/431
f 492/672/472 493/673/473 31/217/44
f 492/672/472 31/217/44 494/674/474
f 257/437/257 495/675/475 496/676/476
f 257/437/257 496/676/476 258/438/258
f 497/677/477 498/678/478 499/679/479
f 497/677/477 499/679/479 378/558/369
f 234/414/234 260/440/260 500/680/480
f 234/414/234 500/680/480 501/681/481
f 473/653/455 284/464/282 287/467/285
f 473/653/455 287/467/285 474/654/456
f 231/411/231 374/554/367 474/654/456
f 231/411/231 474/654/456 287/467/285
f 374/554/367 373/553/366 475/655/457
f 374/554/367 475/655/457 474/654/456
f 379/559/370 323/503/320 334/514/331
f 379/559/370 334/514/331 444/624/430
f 490/670/470 502/682/482 463/643/448
f 490/670/470 463/643/448 491/671/471
f 436/616/424 503/683/483 487/667/467
f 436/616/424 487/667/467 437/617/425
f 503/683/483 456/636/441 455/635/440
f 503/683/483 455/635/440 487/667/467
f 291/471/289 290/470/288 504/684/480
f 291/471/289 504/684/480 505/685/484
f 283/463/260 275/455/275 505/685/484
f 283/463/260 505/685/484 504/684/480
f 501/681/481 500/680/480 506/686/485
f 501/681/481 506/686/485 244/424/244
f 466/646/451 465/645/450 331/511/328
f 466/646/451 331/511/328 221/401/221
f 287/467/285 286/466/284 232/412/232
f 287/467/285 232/412/232 231/411/231
f 498/678/478 507/687/486 502/682/482
f 498/678/478 502/682/482 499/679/479
f 371/551/364 370/550/363 508/688/487
f 371/551/364 508/688/487 509/689/488
f 508/688/487 449/629/434 36/222/49
f 508/688/487 36/222/49 509/689/488
f 458/638/443 478/658/460 488/668/468
f 458/638/443 488/668/468 455/635/440
f 370/550/363 382/562/373 510/690/489
f 370/550/363 510/690/489 508/688/487
f 508/688/487 510/690/489 391/571/381
f 508/688/487 391/571/381 449/629/434
f 275/455/275 274/454/274 511/691/490
f 275/455/275 511/691/490 505/685/484
f 447/627/432 291/471/289 505/685/484
f 447/627/432 505/685/484 511/691/490
f 512/692/491 513/693/492 442/622/377
f 512/692/491 442/622/377 388/568/378
f 383/563/374 384/564/252 513/693/492
f 383/563/374 513/693/492 512/692/491
f 254/434/254 501/681/481 244/424/244
f 254/434/254 244/424/244 243/423/243
f 243/423/243 246/426/246 485/665/465
f 243/423/243 485/665/465 434/614/422
f 510/690/489 512/692/491 388/568/378
f 510/690/489 388/568/378 391/571/381
f 382/562/373 383/563/374 512/692/491
f 382/562/373 512/692/491 510/690/489
f 514/694/493 490/670/470 447/627/432
f 514/694/493 447/627/432 511/691/490
f 274/454/274 328/508/325 514/694/493
f 274/454/274 514/694/493 511/691/490
f 514/694/493 499/679/479 502/682/482
f 514/694/493 502/682/482 490/670/470
f 514/694/493 328/508/325 378/558/369
f 514/694/493 378/558/369 499/679/479
f 495/675/475 257/437/257 477/657/459
f 495/675/475 477/657/459 515/695/494
f 515/695/494 477/657/459 309/489/306
f 515/695/494 309/489/306 516/696/495
f 219/399/219 517/697/496 466/646/451
f 219/399/219 466/646/451 221/401/221
f 234/414/234 253/433/253 374/554/367
f 234/414/234 374/554/367 231/411/231
f 491/671/471 463/643/448 461/641/446
f 491/671/471 461/641/446 518/698/497
f 518/698/497 461/641/446 456/636/441
f 518/698/497 456/636/441 503/683/483
f 446/626/431 491/671/471 518/698/497
f 446/626/431 518/698/497 519/699/498
f 519/699/498 518/698/497 503/683/483
f 519/699/498 503/683/483 436/616/424
f 520/700/499 521/701/500 439/619/427
f 520/700/499 439/619/427 489/669/469
f 521/701/500 520/700/499 289/469/287
f 521/701/500 289/469/287 288/468/286
f 436/616/424 439/619/427 521/701/500
f 436/616/424 521/701/500 519/699/498
f 521/701/500 288/468/286 446/626/431
f 521/701/500 446/626/431 519/699/498
f 319/499/316 277/457/277 280/460/280
f 319/499/316 280/460/280 322/502/319
f 301/481/298 366/546/359 262/442/262
f 301/481/298 262/442/262 261/441/261
f 245/425/245 522/702/501 523/703/499
f 245/425/245 523/703/499 524/704/469
f 522/702/501 525/705/502 526/706/287
f 522/702/501 526/706/287 523/703/499
f 249/429/249 248/428/248 527/707/503
f 249/429/249 527/707/503 453/633/438
f 294/474/292 453/633/438 527/707/503
f 294/474/292 527/707/503 295/475/293
f 524/704/469 483/663/463 246/426/246
f 524/704/469 246/426/246 245/425/245
f 526/706/287 525/705/502 244/424/244
f 526/706/287 244/424/244 506/686/485
f 253/433/253 234/414/234 501/681/481
f 253/433/253 501/681/481 254/434/254
f 244/424/244 525/705/502 522/702/501
f 244/424/244 522/702/501 245/425/245
f 406/586/396 405/585/395 403/583/393
f 406/586/396 403/583/393 4/190/17
f 4/190/17 6/192/19 408/588/398
f 4/190/17 408/588/398 406/586/396
f 6/192/19 340/520/337 339/519/336
f 6/192/19 339/519/336 408/588/398
f 528/708/504 529/709/505 530/710/506
f 528/708/504 530/710/506 325/505/322
f 528/708/504 531/711/507 532/712/508
f 528/708/504 532/712/508 529/709/505
f 533/713/509 534/714/510 532/712/508
f 533/713/509 532/712/508 531/711/507
f 535/715/511 223/403/223 226/406/226
f 535/715/511 226/406/226 536/716/512
f 233/413/233 535/715/511 536/716/512
f 233/413/233 536/716/512 259/439/259
f 286/466/284 537/717/513 538/718/514
f 286/466/284 538/718/514 232/412/232
f 538/718/514 537/717/513 265/445/265
f 538/718/514 265/445/265 263/443/263
f 232/412/232 538/718/514 535/715/511
f 232/412/232 535/715/511 233/413/233
f 538/718/514 263/443/263 223/403/223
f 538/718/514 223/403/223 535/715/511
f 268/448/268 367/547/360 539/719/515
f 268/448/268 539/719/515 267/447/267
f 367/547/360 301/481/298 300/480/297
f 367/547/360 300/480/297 539/719/515
f 329/509/326 540/720/516 321/501/318
f 329/509/326 321/501/318 336/516/333
f 540/720/516 317/497/314 319/499/316
f 540/720/516 319/499/316 321/501/318
f 493/673/473 492/672/472 440/620/428
f 493/673/473 440/620/428 454/634/439
f 541/721/517 308/488/305 371/551/364
f 541/721/517 371/551/364 542/722/518
f 267/447/267 539/719/515 543/723/519
f 267/447/267 543/723/519 271/451/271
f 539/719/515 300/480/297 331/511/328
f 539/719/515 331/511/328 543/723/519
f 273/453/273 544/724/520 540/720/516
f 273/453/273 540/720/516 329/509/326
f 544/724/520 334/514/331 317/497/314
f 544/724/520 317/497/314 540/720/516
f 309/489/306 308/488/305 541/721/517
f 309/489/306 541/721/517 516/696/495
f 14/200/27 545/725/521 450/630/435
f 14/200/27 450/630/435 12/198/25
f 537/717/513 546/726/522 409/589/399
f 537/717/513 409/589/399 265/445/265
f 286/466/284 285/465/283 546/726/522
f 286/466/284 546/726/522 537/717/513
f 547/727/512 445/625/226 444/624/430
f 547/727/512 444/624/430 548/728/523
f 547/727/512 548/728/523 276/456/276
f 547/727/512 276/456/276 282/462/259
f 549/729/524 20/206/33 12/198/25
f 549/729/524 12/198/25 550/730/525
f 463/643/448 502/682/482 507/687/486
f 463/643/448 507/687/486 464/644/449
f 551/731/526 38/224/51 19/205/32
f 551/731/526 19/205/32 552/732/527
f 258/438/258 496/676/476 395/575/385
f 258/438/258 395/575/385 268/448/268
f 465/645/450 553/733/528 543/723/519
f 465/645/450 543/723/519 331/511/328
f 553/733/528 297/477/295 271/451/271
f 553/733/528 271/451/271 543/723/519
f 554/734/522 553/733/528 465/645/450
f 554/734/522 465/645/450 468/648/399
f 298/478/296 297/477/295 553/733/528
f 298/478/296 553/733/528 554/734/522
f 444/624/430 334/514/331 544/724/520
f 444/624/430 544/724/520 548/728/523
f 548/728/523 544/724/520 273/453/273
f 548/728/523 273/453/273 276/456/276
f 555/735/529 556/736/530 533/713/509
f 555/735/529 533/713/509 531/711/507
f 266/446/266 410/590/400 556/736/530
f 266/446/266 556/736/530 555/735/529
f 557/737/531 555/735/529 531/711/507
f 557/737/531 531/711/507 528/708/504
f 264/444/264 266/446/266 555/735/529
f 264/444/264 555/735/529 557/737/531
f 557/737/531 528/708/504 325/505/322
f 557/737/531 325/505/322 324/504/321
f 264/444/264 557/737/531 324/504/321
f 264/444/264 324/504/321 224/404/224
f 141/324/144 517/697/496 219/399/219
f 141/324/144 219/399/219 24/210/37
f 558/738/532 467/647/400 466/646/451
f 558/738/532 466/646/451 517/697/496
f 141/324/144 559/739/533 560/740/534
f 141/324/144 560/740/534 517/697/496
f 141/324/144 145/328/148 394/574/384
f 141/324/144 394/574/384 559/739/533
f 561/741/535 326/506/323 325/505/322
f 561/741/535 325/505/322 530/710/506
f 9/195/22 21/207/34 23/209/36
f 9/195/22 23/209/36 392/572/536
f 509/689/488 551/731/526 542/722/518
f 509/689/488 542/722/518 371/551/364
f 30/216/43 549/729/524 550/730/525
f 30/216/43 550/730/525 27/213/40
f 497/677/477 378/558/369 336/516/333
f 497/677/477 336/516/333 335/515/332
f 304/484/301 278/458/278 277/457/277
f 304/484/301 277/457/277 318/498/315
f 303/483/300 294/474/292 278/458/278
f 303/483/300 278/458/278 304/484/301
f 222/402/222 261/441/261 250/430/250
f 222/402/222 250/430/250 220/400/220
f 218/398/218 220/400/220 250/430/250
f 218/398/218 250/430/250 249/429/249
f 218/398/218 452/632/437 25/211/38
f 218/398/218 25/211/38 24/210/37
f 306/486/303 25/211/38 452/632/437
f 306/486/303 452/632/437 303/483/300
f 306/486/303 292/472/290 26/212/39
f 306/486/303 26/212/39 25/211/38
f 306/486/303 22/208/35 21/207/34
f 306/486/303 21/207/34 292/472/290
f 28/214/41 27/213/40 398/578/388
f 28/214/41 398/578/388 562/742/537
f 563/743/538 564/744/539 498/678/478
f 563/743/538 498/678/478 497/677/477
f 552/732/527 459/639/444 565/745/540
f 552/732/527 565/745/540 566/746/541
f 551/731/526 552/732/527 566/746/541
f 551/731/526 566/746/541 542/722/518
f 496/676/476 567/747/542 568/748/543
f 496/676/476 568/748/543 395/575/385
f 567/747/542 493/673/473 454/634/439
f 567/747/542 454/634/439 568/748/543
f 17/203/30 459/639/444 552/732/527
f 17/203/30 552/732/527 19/205/32
f 38/224/51 551/731/526 509/689/488
f 38/224/51 509/689/488 36/222/49
f 40/226/53 569/749/544 16/202/29
f 40/226/53 16/202/29 15/201/28
f 464/644/449 507/687/486 569/749/544
f 464/644/449 569/749/544 40/226/53
f 570/750/545 460/640/445 564/744/539
f 570/750/545 564/744/539 563/743/538
f 279/459/279 295/475/293 30/216/43
f 279/459/279 30/216/43 29/215/42
f 441/621/429 570/750/545 563/743/538
f 441/621/429 563/743/538 571/751/546
f 279/459/279 29/215/42 28/214/41
f 279/459/279 28/214/41 280/460/280
f 280/460/280 28/214/41 562/742/537
f 280/460/280 562/742/537 322/502/319
f 571/751/546 563/743/538 497/677/477
f 571/751/546 497/677/477 335/515/332
f 527/707/503 549/729/524 30/216/43
f 527/707/503 30/216/43 295/475/293
f 492/672/472 570/750/545 441/621/429
f 492/672/472 441/621/429 440/620/428
f 565/745/540 459/639/444 460/640/445
f 565/745/540 460/640/445 570/750/545
f 247/427/247 13/199/26 20/206/33
f 247/427/247 20/206/33 248/428/248
f 399/579/389 398/578/388 27/213/40
f 399/579/389 27/213/40 550/730/525
f 527/707/503 248/428/248 20/206/33
f 527/707/503 20/206/33 549/729/524
f 366/546/359 545/725/521 14/200/27
f 366/546/359 14/200/27 262/442/262
f 450/630/435 399/579/389 550/730/525
f 450/630/435 550/730/525 12/198/25
f 494/674/474 565/745/540 570/750/545
f 494/674/474 570/750/545 492/672/472
f 247/427/247 262/442/262 14/200/27
f 247/427/247 14/200/27 13/199/26
f 541/721/517 572/752/547 33/219/46
f 541/721/517 33/219/46 516/696/495
f 31/217/44 33/219/46 572/752/547
f 31/217/44 572/752/547 494/674/474
f 494/674/474 572/752/547 566/746/541
f 494/674/474 566/746/541 565/745/540
f 572/752/547 541/721/517 542/722/518
f 572/752/547 542/722/518 566/746/541
f 515/695/494 516/696/495 33/219/46
f 515/695/494 33/219/46 32/218/45
f 515/695/494 32/218/45 34/220/47
f 515/695/494 34/220/47 495/675/475
f 458/638/443 35/221/48 18/204/31
f 458/638/443 18/204/31 478/658/460
f 460/640/445 16/202/29 569/749/544
f 460/640/445 569/749/544 564/744/539
f 564/744/539 569/749/544 507/687/486
f 564/744/539 507/687/486 498/678/478
f 496/676/476 495/675/475 34/220/47
f 496/676/476 34/220/47 567/747/542
f 31/217/44 493/673/473 567/747/542
f 31/217/44 567/747/542 34/220/47
f 38/224/51 37/223/50 488/668/468
f 38/224/51 488/668/468 478/658/460
f 462/642/447 464/644/449 40/226/53
f 462/642/447 40/226/53 39/225/52
f 462/642/447 39/225/52 41/227/54
f 462/642/447 41/227/54 457/637/442
f 17/203/30 35/221/48 41/227/54
f 17/203/30 41/227/54 15/201/28
f 457/637/442 41/227/54 35/221/48
f 457/637/442 35/221/48 458/638/443
f 568/748/543 454/634/439 451/631/436
f 568/748/543 451/631/436 573/753/548
f 395/575/385 568/748/543 573/753/548
f 395/575/385 573/753/548 365/545/358
f 451/631/436 450/630/435 545/725/521
f 451/631/436 545/725/521 573/753/548
f 545/725/521 366/546/359 365/545/358
f 545/725/521 365/545/358 573/753/548
f 441/621/429 571/751/546 574/754/549
f 441/621/429 574/754/549 397/577/387
f 571/751/546 335/515/332 320/500/317
f 571/751/546 320/500/317 574/754/549
f 397/577/387 574/754/549 562/742/537
f 397/577/387 562/742/537 398/578/388
f 562/742/537 574/754/549 320/500/317
f 562/742/537 320/500/317 322/502/319
f 352/532/348 575/755/550 576/756/384
f 352/532/348 576/756/384 353/533/349
f 577/757/551 351/531/347 414/594/404
f 577/757/551 414/594/404 413/593/403
f 361/541/355 352/532/348 355/535/351
f 361/541/355 355/535/351 362/542/356
f 352/532/348 361/541/355 351/531/347
f 352/532/348 351/531/347 577/757/551
f 578/758/552 579/759/553 580/760/554
f 578/758/552 580/760/554 581/761/555
f 581/761/555 582/762/556 583/763/557
f 581/761/555 583/763/557 578/758/552
f 584/764/558 585/765/559 586/766/560
f 584/764/558 586/766/560 587/767/561
f 588/768/562 584/764/558 587/767/561
f 588/768/562 587/767/561 589/769/563
f 590/770/564 591/771/565 592/772/566
f 590/770/564 592/772/566 593/773/567
f 594/774/568 595/775/569 591/771/565
f 594/774/568 591/771/565 590/770/564
f 596/776/570 597/777/571 598/778/572
f 596/776/570 598/778/572 599/779/573
f 600/780/574 598/778/572 597/777/571
f 600/780/574 597/777/571 601/781/575
f 602/782/576 603/783/577 604/784/578
f 602/782/576 604/784/578 605/785/579
f 606/786/580 607/787/581 608/788/582
f 606/786/580 608/788/582 609/789/583
f 610/790/584 611/791/585 612/792/586
f 610/790/584 612/792/586 613/793/587
f 614/794/588 615/795/589 616/796/590
f 614/794/588 616/796/590 617/797/591
f 618/798/592 619/799/593 620/800/594
f 618/798/592 620/800/594 621/801/595
f 622/802/596 619/799/593 618/798/592
f 622/802/596 618/798/592 623/803/597
f 624/804/598 625/805/599 626/806/600
f 624/804/598 626/806/600 627/807/601
f 624/804/598 627/807/601 628/808/602
f 624/804/598 628/808/602 629/809/603
f 630/810/604 631/811/605 632/812/606
f 630/810/604 632/812/606 633/813/607
f 634/814/608 635/815/609 630/810/604
f 634/814/608 630/810/604 633/813/607
f 636/816/610 637/817/611 638/818/612
f 636/816/610 638/818/612 639/819/613
f 636/816/610 640/820/614 641/821/615
f 636/816/610 641/821/615 637/817/611
f 642/822/616 643/823/617 644/824/618
f 642/822/616 644/824/618 645/825/619
f 646/826/620 647/827/621 648/828/622
f 646/826/620 648/828/622 649/829/623
f 650/830/624 651/831/625 652/832/626
f 650/830/624 652/832/626 653/833/627
f 654/834/628 655/835/629 656/836/630
f 654/834/628 656/836/630 657/837/631
f 658/838/632 659/839/633 660/840/634
f 658/838/632 660/840/634 661/841/635
f 662/842/636 663/843/637 660/840/634
f 662/842/636 660/840/634 659/839/633
f 664/844/638 665/845/639 666/846/640
f 664/844/638 666/846/640 667/847/641
f 664/844/638 667/847/641 668/848/642
f 664/844/638 668/848/642 669/849/643
f 670/850/644 671/851/645 672/852/646
f 670/850/644 672/852/646 673/853/647
f 674/854/648 673/853/647 672/852/646
f 674/854/648 672/852/646 675/855/649
f 676/856/650 677/857/651 678/858/652
f 676/856/650 678/858/652 679/859/653
f 677/857/651 676/856/650 680/860/654
f 677/857/651 680/860/654 681/861/655
f 643/823/617 679/859/653 678/858/652
f 643/823/617 678/858/652 644/824/618
f 605/785/579 604/784/578 635/815/609
f 605/785/579 635/815/609 634/814/608
f 647/827/621 671/851/645 670/850/644
f 647/827/621 670/850/644 648/828/622
f 606/786/580 609/789/583 641/821/615
f 606/786/580 641/821/615 640/820/614
f 652/832/626 651/831/625 666/846/640
f 652/832/626 666/846/640 665/845/639
f 611/791/585 622/802/596 623/803/597
f 611/791/585 623/803/597 612/792/586
f 657/837/631 656/836/630 658/838/632
f 657/837/631 658/838/632 661/841/635
f 614/794/588 629/809/603 628/808/602
f 614/794/588 628/808/602 615/795/589
f 639/819/613 638/818/612 682/862/656
f 639/819/613 682/862/656 683/863/657
f 684/864/658 632/812/606 631/811/605
f 684/864/658 631/811/605 685/865/659
f 625/805/599 686/866/660 687/867/661
f 625/805/599 687/867/661 626/806/600
f 688/868/662 689/869/663 621/801/595
f 688/868/662 621/801/595 620/800/594
f 596/776/570 599/779/573 646/826/620
f 596/776/570 646/826/620 649/829/623
f 653/833/627 593/773/567 592/772/566
f 653/833/627 592/772/566 650/830/624
f 645/825/619 586/766/560 585/765/559
f 645/825/619 585/765/559 642/822/616
f 579/759/553 655/835/629 654/834/628
f 579/759/553 654/834/628 580/760/554
f 690/870/664 683/863/657 682/862/656
f 690/870/664 682/862/656 691/871/665
f 692/872/666 693/873/667 689/869/663
f 692/872/666 689/869/663 688/868/662
f 694/874/668 695/875/669 687/867/661
f 694/874/668 687/867/661 686/866/660
f 696/876/670 684/864/658 685/865/659
f 696/876/670 685/865/659 697/877/671
f 698/878/672 699/879/673 700/880/665
f 698/878/672 700/880/665 701/881/674
f 702/882/667 703/883/675 704/884/676
f 702/882/667 704/884/676 705/885/677
f 706/886/678 707/887/679 708/888/669
f 706/886/678 708/888/669 709/889/668
f 710/890/680 711/891/681 712/892/682
f 710/890/680 712/892/682 713/893/670
f 714/894/683 715/895/684 705/885/677
f 714/894/683 705/885/677 704/884/676
f 716/896/685 698/878/672 701/881/674
f 716/896/685 701/881/674 717/897/686
f 718/898/687 712/892/682 711/891/681
f 718/898/687 711/891/681 719/899/688
f 720/900/689 721/901/690 707/887/679
f 720/900/689 707/887/679 706/886/678
f 600/780/574 601/781/575 610/790/584
f 600/780/574 610/790/584 613/793/587
f 616/796/590 595/775/569 594/774/568
f 616/796/590 594/774/568 617/797/591
f 608/788/582 607/787/581 588/768/562
f 608/788/582 588/768/562 589/769/563
f 602/782/576 583/763/557 582/762/556
f 602/782/576 582/762/556 603/783/577
f 715/895/684 714/894/683 674/854/648
f 715/895/684 674/854/648 675/855/649
f 716/896/685 717/897/686 681/861/655
f 716/896/685 681/861/655 680/860/654
f 719/899/688 663/843/637 662/842/636
f 719/899/688 662/842/636 718/898/687
f 720/900/689 669/849/643 668/848/642
f 720/900/689 668/848/642 721/901/690
f 722/902/691 723/903/691 724/904/692
f 722/902/691 724/904/692 725/905/692
f 730/906/693 731/907/694 732/908/695
f 730/906/693 732/908/695 733/909/696
f 736/910/697 737/911/697 738/912/698
f 736/910/697 738/912/698 739/913/698
f 744/914/699 745/915/700 746/916/701
f 744/914/699 746/916/701 747/917/702
f 750/918/703 751/919/704 752/920/698
f 750/918/703 752/920/698 753/921/698
f 758/922/705 759/923/706 760/924/707
f 758/922/705 760/924/707 761/925/708
f 762/926/709 763/927/709 764/928/710
f 762/926/709 764/928/710 765/929/710
f 770/930/711 771/931/712 772/932/706
f 770/930/711 772/932/706 773/933/705
f 778/934/713 779/935/714 780/936/715
f 778/934/713 780/936/715 781/937/716
f 782/938/717 783/939/718 784/940/719
f 782/938/717 784/940/719 785/941/720
f 786/942/715 787/943/721 788/944/722
f 786/942/715 788/944/722 789/945/723
f 790/946/724 791/947/725 792/948/726
f 790/946/724 792/948/726 793/949/717
f 794/950/727 795/951/728 796/952/729
f 794/950/727 796/952/729 797/953/730
f 781/937/716 780/936/715 798/954/731
f 781/937/716 798/954/731 799/955/732
f 800/956/733 801/957/734 802/958/728
f 800/956/733 802/958/728 803/959/727
f 804/960/735 805/961/736 787/943/721
f 804/960/735 787/943/721 786/942/715
f 806/962/737 807/963/738 808/964/739
f 806/962/737 808/964/739 809/965/740
f 810/966/741 811/967/742 812/968/743
f 810/966/741 812/968/743 813/969/744
f 814/970/745 815/971/746 816/972/747
f 814/970/745 816/972/747 817/973/748
f 818/974/749 819/975/750 820/976/751
f 818/974/749 820/976/751 821/977/752
f 822/978/753 823/979/754 824/980/755
f 822/978/753 824/980/755 825/981/756
f 826/982/757 827/983/758 828/984/759
f 826/982/757 828/984/759 829/985/760
f 73/256/83 830/986/761 831/987/762
f 73/256/83 831/987/762 832/988/763
f 57/240/67 73/256/83 65/248/75
f 57/240/67 65/248/75 49/232/59
f 832/988/763 833/989/764 65/248/75
f 832/988/763 65/248/75 73/256/83
f 69/252/79 834/990/765 835/991/766
f 69/252/79 835/991/766 836/992/767
f 53/236/63 45/228/55 61/244/71
f 53/236/63 61/244/71 69/252/79
f 834/990/765 69/252/79 61/244/71
f 834/990/765 61/244/71 837/993/768
f 65/248/75 833/989/764 838/994/769
f 65/248/75 838/994/769 839/995/770
f 61/244/71 840/996/771 841/997/772
f 61/244/71 841/997/772 837/993/768
f 842/998/773 843/999/774 844/1000/775
f 842/998/773 844/1000/775 845/1001/776
f 846/1002/777 847/1003/778 848/1004/779
f 846/1002/777 848/1004/779 849/1005/780
f 57/240/67 850/1006/781 851/1007/782
f 57/240/67 851/1007/782 852/1008/783
f 853/1009/784 850/1006/781 57/240/67
f 853/1009/784 57/240/67 49/232/59
f 53/236/63 854/1010/785 855/1011/786
f 53/236/63 855/1011/786 856/1012/787
f 857/1013/788 45/228/55 53/236/63
f 857/1013/788 53/236/63 856/1012/787
f 49/232/59 858/1014/789 859/1015/790
f 49/232/59 859/1015/790 853/1009/784
f 45/228/55 857/1013/788 860/1016/791
f 45/228/55 860/1016/791 861/1017/792
f 862/1018/793 863/1019/794 864/1020/795
f 862/1018/793 864/1020/795 865/1021/796
f 866/1022/797 867/1023/798 868/1024/799
f 866/1022/797 868/1024/799 869/1025/800
f 870/1026/801 871/1027/802 872/1028/803
f 870/1026/801 872/1028/803 873/1029/804
f 874/1030/805 875/1031/806 873/1029/804
f 874/1030/805 873/1029/804 872/1028/803
f 876/1032/807 877/1033/808 878/1034/809
f 876/1032/807 878/1034/809 879/1035/810
f 880/1036/811 881/1037/812 879/1035/810
f 880/1036/811 879/1035/810 878/1034/809
f 882/1038/813 883/1039/814 875/1031/806
f 882/1038/813 875/1031/806 874/1030/805
f 884/1040/815 885/1041/816 881/1037/812
f 884/1040/815 881/1037/812 880/1036/811
f 779/935/714 886/1042/817 887/1043/727
f 779/935/714 887/1043/727 888/1044/818
f 889/1045/819 890/1046/820 891/1047/821
f 889/1045/819 891/1047/821 892/1048/819
f 893/1049/818 794/950/727 894/1050/822
f 893/1049/818 894/1050/822 895/1051/823
f 896/1052/824 897/1053/825 898/1054/825
f 896/1052/824 898/1054/825 899/1055/824
f 900/1056/6 901/1057/826 902/1058/826
f 900/1056/6 902/1058/826 903/1059/6
f 788/944/722 904/1060/827 802/958/728
f 788/944/722 802/958/728 801/957/734
f 905/1061/828 906/1062/829 907/1063/829
f 905/1061/828 907/1063/829 908/1064/828
f 909/1065/830 910/1066/831 911/1067/832
f 909/1065/830 911/1067/832 912/1068/830
f 913/1069/833 914/1070/819 915/1071/819
f 913/1069/833 915/1071/819 916/1072/833
f 917/1073/827 918/1074/834 919/1075/835
f 917/1073/827 919/1075/835 795/951/836
f 920/46/4 921/38/4 922/1076/837
f 920/46/4 922/1076/837 923/1077/838
f 924/1078/839 925/1079/840 926/1080/841
f 924/1078/839 926/1080/841 927/1081/842
f 928/1082/843 929/1083/844 930/1084/845
f 928/1082/843 930/1084/845 931/1085/846
f 798/954/731 932/1086/847 933/1087/718
f 798/954/731 933/1087/718 934/1088/725
f 935/1089/848 936/1090/848 937/1091/849
f 935/1089/848 937/1091/849 938/1092/849
f 938/1092/849 937/1091/849 939/1093/709
f 938/1092/849 939/1093/709 940/1094/709
f 941/44/3 942/1095/850 943/1096/851
f 941/44/3 943/1096/851 944/34/3
f 945/1097/852 946/1098/853 947/1099/854
f 945/1097/852 947/1099/854 948/1100/855
f 949/1101/856 950/1102/857 951/1103/858
f 949/1101/856 951/1103/858 952/1104/859
f 953/1105/860 954/1106/861 955/1107/862
f 953/1105/860 955/1107/862 783/939/863
f 956/1108/864 957/1109/865 958/1110/866
f 956/1108/864 958/1110/866 959/1111/866
f 959/1111/866 958/1110/866 960/1112/709
f 959/1111/866 960/1112/709 961/1113/709
f 962/42/4 963/1114/867 964/1115/868
f 962/42/4 964/1115/868 965/37/4
f 805/961/736 790/946/724 793/949/717
f 805/961/736 793/949/717 966/1116/869
f 964/1115/868 922/1076/837 921/38/4
f 964/1115/868 921/38/4 965/37/4
f 967/1117/870 968/1118/871 925/1079/840
f 967/1117/870 925/1079/840 924/1078/839
f 969/36/3 970/31/3 971/1119/872
f 969/36/3 971/1119/872 972/1120/873
f 973/1121/874 782/938/717 974/1122/875
f 973/1121/874 974/1122/875 975/1123/876
f 971/1119/872 970/31/3 944/34/3
f 971/1119/872 944/34/3 943/1096/851
f 948/1100/855 947/1099/854 976/1124/877
f 948/1100/855 976/1124/877 977/1125/878
f 978/1126/879 979/1127/880 980/1128/881
f 978/1126/879 980/1128/881 952/1104/859
f 981/1129/882 982/1130/883 983/1131/830
f 981/1129/882 983/1131/830 984/1132/831
f 926/1080/841 985/1133/884 732/908/695
f 926/1080/841 732/908/695 731/907/694
f 986/1134/885 987/1135/886 908/1064/828
f 986/1134/885 908/1064/828 907/1063/829
f 982/1130/883 981/1129/882 979/1127/880
f 982/1130/883 979/1127/880 988/1136/887
f 989/1137/888 990/1138/889 910/1066/831
f 989/1137/888 910/1066/831 909/1065/830
f 991/1139/890 992/1140/891 906/1062/829
f 991/1139/890 906/1062/829 905/1061/828
f 993/1141/892 994/1142/893 995/1143/894
f 993/1141/892 995/1143/894 745/915/695
f 996/1144/895 963/1114/867 962/42/4
f 996/1144/895 962/42/4 997/1145/896
f 946/1098/853 730/906/693 733/909/696
f 946/1098/853 733/909/696 998/1146/897
f 999/1147/898 1000/1148/899 914/1070/819
f 999/1147/898 914/1070/819 913/1069/833
f 962/42/4 1001/41/4 1002/1149/896
f 962/42/4 1002/1149/896 997/1145/896
f 1000/1148/899 1003/1150/899 889/1045/819
f 1000/1148/899 889/1045/819 914/1070/819
f 1004/1151/900 1005/1152/901 969/36/3
f 1004/1151/900 969/36/3 972/1120/873
f 1006/1153/902 1007/1154/903 1008/1155/833
f 1006/1153/902 1008/1155/833 1009/1156/819
f 1010/1157/897 1011/1158/696 1012/1159/904
f 1010/1157/897 1012/1159/904 1013/1160/905
f 969/36/3 1005/1152/901 1014/1161/901
f 969/36/3 1014/1161/901 1015/35/3
f 1016/1162/902 1006/1153/902 1009/1156/819
f 1016/1162/902 1009/1156/819 1017/1163/819
f 1020/45/4 1021/1164/906 1022/1165/907
f 1020/45/4 1022/1165/907 1023/39/4
f 895/1051/823 769/26/4 741/14/4
f 895/1051/823 741/14/4 1024/1166/908
f 1025/1167/909 1026/1168/910 1027/1169/911
f 1025/1167/909 1027/1169/911 929/1083/844
f 766/23/4 769/26/4 895/1051/823
f 766/23/4 895/1051/823 1028/1170/912
f 1030/43/3 1019/33/3 1031/1171/913
f 1030/43/3 1031/1171/913 1032/1172/914
f 918/1074/834 1033/1173/915 729/10/3
f 918/1074/834 729/10/3 755/20/3
f 990/1138/889 989/1137/888 1034/1174/916
f 990/1138/889 1034/1174/916 1026/1168/910
f 754/19/3 1035/1175/917 918/1074/834
f 754/19/3 918/1074/834 755/20/3
f 1001/41/4 1029/40/4 1036/1176/918
f 1001/41/4 1036/1176/918 1037/1177/919
f 749/18/4 1038/1178/920 954/1106/861
f 749/18/4 954/1106/861 740/13/4
f 1036/1176/918 1029/40/4 1023/39/4
f 1036/1176/918 1023/39/4 1022/1165/907
f 954/1106/861 1024/1166/908 741/14/4
f 954/1106/861 741/14/4 740/13/4
f 1015/35/3 1039/1179/921 1040/1180/922
f 1015/35/3 1040/1180/922 1018/32/3
f 735/12/3 726/7/3 975/1123/876
f 735/12/3 975/1123/876 1041/1181/923
f 1040/1180/922 1031/1171/913 1019/33/3
f 1040/1180/922 1019/33/3 1018/32/3
f 975/1123/876 726/7/3 729/10/3
f 975/1123/876 729/10/3 1033/1173/915
f 1042/1182/924 1043/1183/925 1044/1184/926
f 1042/1182/924 1044/1184/926 949/1101/856
f 1045/1185/927 1046/1186/928 1047/1187/826
f 1045/1185/927 1047/1187/826 1048/1188/6
f 1049/1189/929 1050/1190/930 1051/1191/825
f 1049/1189/929 1051/1191/825 1052/1192/824
f 994/1142/893 1053/1193/931 742/15/4
f 994/1142/893 742/15/4 768/25/4
f 1058/1194/932 994/1142/893 768/25/4
f 1058/1194/932 768/25/4 767/24/4
f 1046/1186/928 1045/1185/927 1059/1195/933
f 1046/1186/928 1059/1195/933 1043/1183/925
f 1060/1196/934 1061/1197/935 903/1059/6
f 1060/1196/934 903/1059/6 902/1058/826
f 1013/1160/905 756/21/3 728/9/3
f 1013/1160/905 728/9/3 1062/1198/936
f 1063/1199/937 1064/1200/938 899/1055/824
f 1063/1199/937 899/1055/824 898/1054/825
f 1065/1201/939 1002/1149/896 1001/41/4
f 1065/1201/939 1001/41/4 1037/1177/919
f 1066/1202/940 757/22/3 756/21/3
f 1066/1202/940 756/21/3 1013/1160/905
f 1003/1150/899 1067/1203/941 890/1046/820
f 1003/1150/899 890/1046/820 889/1045/819
f 748/17/4 743/16/4 1068/1204/942
f 748/17/4 1068/1204/942 1069/1205/943
f 1070/1206/944 1039/1179/921 1015/35/3
f 1070/1206/944 1015/35/3 1014/1161/901
f 743/16/4 742/15/4 1053/1193/931
f 743/16/4 1053/1193/931 1068/1204/942
f 734/11/3 1075/1207/945 1076/1208/946
f 734/11/3 1076/1208/946 727/8/3
f 1077/1209/947 1016/1162/902 1017/1163/819
f 1077/1209/947 1017/1163/819 1078/1210/820
f 727/8/3 1076/1208/946 1062/1198/936
f 727/8/3 1062/1198/936 728/9/3
f 1079/1211/948 1080/1212/949 1081/1213/950
f 1079/1211/948 1081/1213/950 1082/1214/951
f 1083/1215/952 1084/1216/953 1085/1217/954
f 1083/1215/952 1085/1217/954 1086/1218/955
f 1087/1219/956 1088/1220/957 1089/1221/958
f 1087/1219/956 1089/1221/958 1090/1222/959
f 1088/1220/957 1091/1223/960 1092/1224/961
f 1088/1220/957 1092/1224/961 1089/1221/958
f 1093/1225/962 1094/1226/963 1095/1227/964
f 1093/1225/962 1095/1227/964 1096/1228/965
f 1097/1229/966 1098/1230/967 1094/1226/963
f 1097/1229/966 1094/1226/963 1093/1225/962
f 1099/1231/968 1100/1232/969 1101/1233/970
f 1099/1231/968 1101/1233/970 1102/1234/971
f 1102/1234/971 1101/1233/970 1103/1235/972
f 1102/1234/971 1103/1235/972 1104/1236/973
f 1105/1237/974 1106/1238/975 1107/1239/976
f 1105/1237/974 1107/1239/976 1108/1240/977
f 1109/1241/978 1110/1242/979 1105/1237/974
f 1109/1241/978 1105/1237/974 1108/1240/977
f 1111/1243/980 1112/1244/981 1113/1245/982
f 1111/1243/980 1113/1245/982 1114/1246/983
f 1115/1247/984 1116/1248/985 1112/1244/981
f 1115/1247/984 1112/1244/981 1111/1243/980
f 1117/1249/986 1118/1250/987 1119/1251/988
f 1117/1249/986 1119/1251/988 1120/1252/989
f 1121/1253/990 1117/1249/986 1120/1252/989
f 1121/1253/990 1120/1252/989 1122/1254/991
f 1123/1255/992 1124/1256/993 1125/1257/994
f 1123/1255/992 1125/1257/994 1126/1258/995
f 1127/1259/996 1128/1260/997 1124/1256/993
f 1127/1259/996 1124/1256/993 1123/1255/992
f 1129/1261/998 1130/1262/999 1131/1263/1000
f 1129/1261/998 1131/1263/1000 1132/1264/1001
f 1133/1265/1002 1134/1266/1003 1135/1267/1004
f 1133/1265/1002 1135/1267/1004 1136/1268/1005
f 1137/1269/1006 1138/1270/1007 1139/1271/1008
f 1137/1269/1006 1139/1271/1008 1140/1272/1009
f 1141/1273/1010 1142/1274/1011 1143/1275/1012
f 1141/1273/1010 1143/1275/1012 1144/1276/1013
f 1145/1277/1014 1146/1278/1015 1147/1279/1016
f 1145/1277/1014 1147/1279/1016 1148/1280/1017
f 1144/1276/1013 1143/1275/1012 1104/1236/973
f 1144/1276/1013 1104/1236/973 1103/1235/972
f 1149/1281/1018 1150/1282/1019 1151/1283/1020
f 1149/1281/1018 1151/1283/1020 1152/1284/1021
f 1140/1272/1009 1139/1271/1008 1098/1230/967
f 1140/1272/1009 1098/1230/967 1097/1229/966
f 1153/1285/1022 1154/1286/1023 1155/1287/1024
f 1153/1285/1022 1155/1287/1024 1156/1288/1025
f 1134/1266/1003 1092/1224/961 1091/1223/960
f 1134/1266/1003 1091/1223/960 1135/1267/1004
f 1157/1289/1026 1158/1290/1027 1159/1291/1028
f 1157/1289/1026 1159/1291/1028 1160/1292/1029
f 1161/1293/1030 1162/1294/1030 1163/1295/1031
f 1161/1293/1030 1163/1295/1031 1164/1296/1031
f 1165/1297/1032 1166/1298/1033 1167/1299/1034
f 1165/1297/1032 1167/1299/1034 1168/1300/1035
f 1169/1301/1036 1170/1302/1037 1171/1303/1038
f 1169/1301/1036 1171/1303/1038 1172/1304/1039
f 1173/1305/1040 1174/1306/1041 1175/1307/1042
f 1173/1305/1040 1175/1307/1042 1176/1308/1043
f 1177/1309/1044 1178/1310/1045 1179/1311/1046
f 1177/1309/1044 1179/1311/1046 1180/1312/1047
f 1181/1313/1048 1182/1314/1049 1183/1315/1050
f 1181/1313/1048 1183/1315/1050 1184/1316/1051
f 1185/1317/1052 1184/1316/1051 1183/1315/1050
f 1185/1317/1052 1183/1315/1050 1186/1318/1053
f 1187/1319/1054 1188/1320/1055 1189/1321/1056
f 1187/1319/1054 1189/1321/1056 1190/1322/1057
f 1187/1319/1054 1191/1323/1058 1192/1324/1059
f 1187/1319/1054 1192/1324/1059 1188/1320/1055
f 1193/1325/1060 1194/1326/1061 1195/1327/1062
f 1193/1325/1060 1195/1327/1062 1196/1328/1063
f 1197/1329/1064 1198/1330/1065 1195/1327/1062
f 1197/1329/1064 1195/1327/1062 1194/1326/1061
f 1199/1331/1066 1200/1332/1067 1201/1333/1068
f 1199/1331/1066 1201/1333/1068 1202/1334/1069
f 1202/1334/1069 1203/1335/1070 1204/1336/1071
f 1202/1334/1069 1204/1336/1071 1199/1331/1066
f 1168/1300/1035 1167/1299/1034 1201/1333/1068
f 1168/1300/1035 1201/1333/1068 1200/1332/1067
f 1090/1222/959 1157/1289/1026 1160/1292/1029
f 1090/1222/959 1160/1292/1029 1087/1219/956
f 1172/1304/1039 1171/1303/1038 1193/1325/1060
f 1172/1304/1039 1193/1325/1060 1196/1328/1063
f 1082/1214/951 1081/1213/950 1154/1286/1023
f 1082/1214/951 1154/1286/1023 1153/1285/1022
f 1175/1307/1042 1190/1322/1057 1189/1321/1056
f 1175/1307/1042 1189/1321/1056 1176/1308/1043
f 1100/1232/969 1099/1231/968 1150/1282/1019
f 1100/1232/969 1150/1282/1019 1149/1281/1018
f 1178/1310/1045 1182/1314/1049 1181/1313/1048
f 1178/1310/1045 1181/1313/1048 1179/1311/1046
f 1095/1227/964 1145/1277/1014 1148/1280/1017
f 1095/1227/964 1148/1280/1017 1096/1228/965
f 1158/1290/1027 1205/1337/1072 1206/1338/1073
f 1158/1290/1027 1206/1338/1073 1159/1291/1028
f 1207/1339/1074 1208/1340/1075 1156/1288/1025
f 1207/1339/1074 1156/1288/1025 1155/1287/1024
f 1152/1284/1021 1151/1283/1020 1209/1341/1076
f 1152/1284/1021 1209/1341/1076 1210/1342/1077
f 1211/1343/1078 1147/1279/1016 1146/1278/1015
f 1211/1343/1078 1146/1278/1015 1212/1344/1079
f 1126/1258/995 1125/1257/994 1170/1302/1037
f 1126/1258/995 1170/1302/1037 1169/1301/1036
f 1174/1306/1041 1173/1305/1040 1119/1251/988
f 1174/1306/1041 1119/1251/988 1118/1250/987
f 1166/1298/1033 1165/1297/1032 1114/1246/983
f 1166/1298/1033 1114/1246/983 1113/1245/982
f 1106/1238/975 1177/1309/1044 1180/1312/1047
f 1106/1238/975 1180/1312/1047 1107/1239/976
f 1213/1345/1080 1214/1346/1081 1206/1338/1073
f 1213/1345/1080 1206/1338/1073 1205/1337/1072
f 1215/1347/1082 1211/1343/1078 1212/1344/1079
f 1215/1347/1082 1212/1344/1079 1216/1348/1083
f 1217/1349/1084 1210/1342/1077 1209/1341/1076
f 1217/1349/1084 1209/1341/1076 1218/1350/1085
f 1219/1351/1086 1220/1352/1087 1208/1340/1075
f 1219/1351/1086 1208/1340/1075 1207/1339/1074
f 1221/1353/1088 1222/1354/1089 1214/1346/1081
f 1221/1353/1088 1214/1346/1081 1213/1345/1080
f 1216/1348/1083 1223/1355/1090 1224/1356/1091
f 1216/1348/1083 1224/1356/1091 1215/1347/1082
f 1225/1357/1092 1217/1349/1084 1218/1350/1085
f 1225/1357/1092 1218/1350/1085 1226/1358/1093
f 1220/1352/1087 1219/1351/1086 1227/1359/1094
f 1220/1352/1087 1227/1359/1094 1228/1360/1095
f 1229/1361/1096 1230/1362/1091 1231/1363/1090
f 1229/1361/1096 1231/1363/1090 1232/1364/1097
f 1233/1365/1098 1234/1366/1099 1235/1367/1100
f 1233/1365/1098 1235/1367/1100 1236/1368/1088
f 1237/1369/1101 1238/1370/1102 1239/1371/1103
f 1237/1369/1101 1239/1371/1103 1240/1372/1094
f 1241/1373/1104 1242/1374/1092 1243/1375/1093
f 1241/1373/1104 1243/1375/1093 1244/1376/1105
f 1137/1269/1006 1128/1260/997 1127/1259/996
f 1137/1269/1006 1127/1259/996 1138/1270/1007
f 1142/1274/1011 1141/1273/1010 1121/1253/990
f 1142/1274/1011 1121/1253/990 1122/1254/991
f 1136/1268/1005 1116/1248/985 1115/1247/984
f 1136/1268/1005 1115/1247/984 1133/1265/1002
f 1129/1261/998 1132/1264/1001 1110/1242/979
f 1129/1261/998 1110/1242/979 1109/1241/978
f 1232/1364/1097 1198/1330/1065 1197/1329/1064
f 1232/1364/1097 1197/1329/1064 1229/1361/1096
f 1233/1365/1098 1204/1336/1071 1203/1335/1070
f 1233/1365/1098 1203/1335/1070 1234/1366/1099
f 1238/1370/1102 1237/1369/1101 1185/1317/1052
f 1238/1370/1102 1185/1317/1052 1186/1318/1053
f 1241/1373/1104 1244/1376/1105 1192/1324/1059
f 1241/1373/1104 1192/1324/1059 1191/1323/1058
f 1245/1377/1106 1246/1378/1107 1247/1379/1108
f 1245/1377/1106 1247/1379/1108 1248/1380/1109
f 1249/1381/1110 1250/1382/1111 1251/1383/1112
f 1249/1381/1110 1251/1383/1112 1252/1384/1113
f 1253/1385/1114 1254/1386/1115 1255/1387/1116
f 1253/1385/1114 1255/1387/1116 1256/1388/1117
f 1257/1389/1118 1258/1390/1119 1259/1391/1120
f 1257/1389/1118 1259/1391/1120 1260/1392/1121
f 1261/1393/1122 1262/1394/1123 1263/1395/1124
f 1261/1393/1122 1263/1395/1124 1264/1396/1125
f 1264/1396/1125 1265/1397/1126 1266/1398/1127
f 1264/1396/1125 1266/1398/1127 1261/1393/1122
f 1262/1394/1123 1249/1381/1110 1252/1384/1113
f 1262/1394/1123 1252/1384/1113 1263/1395/1124
f 1267/1399/1128 1268/1400/1129 1269/1401/1130
f 1267/1399/1128 1269/1401/1130 1270/1402/1131
f 1271/1403/1132 1272/1404/1133 1273/1405/1134
f 1271/1403/1132 1273/1405/1134 1274/1406/1135
f 1275/1407/1136 1276/1408/1137 1274/1406/1135
f 1275/1407/1136 1274/1406/1135 1273/1405/1134
f 1277/1409/1138 1256/1388/1117 1255/1387/1116
f 1277/1409/1138 1255/1387/1116 1278/1410/1139
f 1279/1411/1140 1280/1412/1141 1247/1379/1108
f 1279/1411/1140 1247/1379/1108 1246/1378/1107
f 1281/1413/1142 1282/1414/1143 1283/1415/1144
f 1281/1413/1142 1283/1415/1144 1284/1416/1145
f 1257/1389/1118 1260/1392/1121 1272/1404/1133
f 1257/1389/1118 1272/1404/1133 1271/1403/1132
f 1278/1410/1139 1282/1414/1143 1281/1413/1142
f 1278/1410/1139 1281/1413/1142 1277/1409/1138
f 1285/1417/1146 1286/1418/1147 1287/1419/1148
f 1285/1417/1146 1287/1419/1148 1288/1420/1149
f 1280/1412/1141 1279/1411/1140 1285/1417/1146
f 1280/1412/1141 1285/1417/1146 1288/1420/1149
f 1077/1209/947 1078/1210/820 1289/1421/1150
f 1077/1209/947 1289/1421/1150 1290/1422/1151
f 1290/1422/1151 1289/1421/1150 1291/1423/1152
f 1290/1422/1151 1291/1423/1152 1292/1424/1153
f 1293/1425/1154 1294/1426/1155 1016/1162/902
f 1293/1425/1154 1016/1162/902 1077/1209/947
f 1014/1161/901 1294/1426/1155 1293/1425/1154
f 1014/1161/901 1293/1425/1154 1070/1206/944
f 1295/1427/1156 1296/1428/1157 1292/1424/1153
f 1295/1427/1156 1292/1424/1153 1297/1429/1158
f 1295/1427/1156 1039/1179/921 1070/1206/944
f 1295/1427/1156 1070/1206/944 1296/1428/1157
f 1298/1430/1159 1299/1431/1160 1300/1432/1150
f 1298/1430/1159 1300/1432/1150 1301/1433/1161
f 1301/1433/1161 1300/1432/1150 890/1046/820
f 1301/1433/1161 890/1046/820 1067/1203/941
f 1302/1434/1162 1303/1435/1163 1304/1436/1164
f 1302/1434/1162 1304/1436/1164 1298/1430/1159
f 1303/1435/1163 1302/1434/1162 1065/1201/939
f 1303/1435/1163 1065/1201/939 1037/1177/919
f 1305/1437/1165 1306/1438/1166 1067/1203/941
f 1305/1437/1165 1067/1203/941 1003/1150/899
f 1002/1149/896 1065/1201/939 1306/1438/1166
f 1002/1149/896 1306/1438/1166 1305/1437/1165
f 1063/1199/937 898/1054/825 1307/1439/1167
f 1063/1199/937 1307/1439/1167 1308/1440/1168
f 1308/1440/1168 1307/1439/1167 1309/1441/1169
f 1308/1440/1168 1309/1441/1169 1310/1442/1170
f 1064/1200/938 1063/1199/937 1311/1443/1171
f 1064/1200/938 1311/1443/1171 1312/1444/1172
f 1311/1443/1171 1313/1445/1173 1314/1446/1174
f 1311/1443/1171 1314/1446/1174 1312/1444/1172
f 899/1055/824 1064/1200/938 1315/1447/1175
f 899/1055/824 1315/1447/1175 1316/1448/1176
f 1316/1448/1176 1317/1449/1177 1060/1196/934
f 1316/1448/1176 1060/1196/934 902/1058/826
f 1318/1450/1178 1319/1451/1179 1310/1442/1170
f 1318/1450/1178 1310/1442/1170 1320/1452/1180
f 1321/1453/1181 1313/1445/1173 1319/1451/1179
f 1321/1453/1181 1319/1451/1179 1318/1450/1178
f 1322/1454/1182 1323/1455/1183 1314/1446/1174
f 1322/1454/1182 1314/1446/1174 928/1082/843
f 1061/1197/935 1060/1196/934 1323/1455/1183
f 1061/1197/935 1323/1455/1183 1324/1456/1184
f 1325/1457/1185 1326/1458/1169 1327/1459/1167
f 1325/1457/1185 1327/1459/1167 1328/1460/1186
f 1328/1460/1186 1327/1459/1167 1051/1191/825
f 1328/1460/1186 1051/1191/825 1050/1190/930
f 1329/1461/1187 1330/1462/1188 1331/1463/1189
f 1329/1461/1187 1331/1463/1189 1325/1457/1185
f 1332/1464/1190 1330/1462/1188 1329/1461/1187
f 1332/1464/1190 1329/1461/1187 1333/1465/1191
f 1049/1189/929 1052/1192/824 1334/1466/1192
f 1049/1189/929 1334/1466/1192 1335/1467/1193
f 1336/1468/1194 1334/1466/1192 1047/1187/826
f 1336/1468/1194 1047/1187/826 1046/1186/928
f 1050/1190/930 1049/1189/929 1337/1469/1195
f 1050/1190/930 1337/1469/1195 1338/1470/1196
f 1338/1470/1196 1337/1469/1195 1042/1182/924
f 1338/1470/1196 1042/1182/924 1333/1465/1191
f 928/1082/843 1314/1446/1174 1313/1445/1173
f 928/1082/843 1313/1445/1173 1321/1453/1181
f 949/1101/856 1332/1464/1190 1333/1465/1191
f 949/1101/856 1333/1465/1191 1042/1182/924
f 1339/1471/1197 1340/1472/1198 778/934/713
f 1339/1471/1197 778/934/713 781/937/716
f 1340/1472/1198 1339/1471/1197 1031/1171/913
f 1340/1472/1198 1031/1171/913 1040/1180/922
f 1340/1472/1198 1295/1427/1156 1297/1429/1158
f 1340/1472/1198 1297/1429/1158 778/934/713
f 1295/1427/1156 1340/1472/1198 1040/1180/922
f 1295/1427/1156 1040/1180/922 1039/1179/921
f 1341/1473/1199 1342/1474/1200 786/942/715
f 1341/1473/1199 786/942/715 789/945/723
f 1341/1473/1199 1036/1176/918 1022/1165/907
f 1341/1473/1199 1022/1165/907 1342/1474/1200
f 1303/1435/1163 1341/1473/1199 789/945/723
f 1303/1435/1163 789/945/723 1304/1436/1164
f 1303/1435/1163 1037/1177/919 1036/1176/918
f 1303/1435/1163 1036/1176/918 1341/1473/1199
f 799/955/732 1331/1463/1189 1330/1462/1188
f 799/955/732 1330/1462/1188 1343/1475/1201
f 1332/1464/1190 1032/1172/914 1343/1475/1201
f 1332/1464/1190 1343/1475/1201 1330/1462/1188
f 1343/1475/1201 1339/1471/1197 781/937/716
f 1343/1475/1201 781/937/716 799/955/732
f 1343/1475/1201 1032/1172/914 1031/1171/913
f 1343/1475/1201 1031/1171/913 1339/1471/1197
f 1320/1452/1180 804/960/735 1344/1476/1202
f 1320/1452/1180 1344/1476/1202 1318/1450/1178
f 1321/1453/1181 1318/1450/1178 1344/1476/1202
f 1321/1453/1181 1344/1476/1202 1021/1164/906
f 1342/1474/1200 1344/1476/1202 804/960/735
f 1342/1474/1200 804/960/735 786/942/715
f 1344/1476/1202 1342/1474/1200 1022/1165/907
f 1344/1476/1202 1022/1165/907 1021/1164/906
f 1294/1426/1155 1345/1477/1155 1006/1153/902
f 1294/1426/1155 1006/1153/902 1016/1162/902
f 1345/1477/1155 1294/1426/1155 1014/1161/901
f 1345/1477/1155 1014/1161/901 1005/1152/901
f 1346/1478/1203 1347/1479/1204 1348/1480/1205
f 1346/1478/1203 1348/1480/1205 1349/1481/1206
f 1349/1481/1206 1348/1480/1205 1008/1155/833
f 1349/1481/1206 1008/1155/833 1007/1154/903
f 1350/1482/1207 1346/1478/1203 1351/1483/1208
f 1350/1482/1207 1351/1483/1208 1352/1484/1209
f 1004/1151/900 972/1120/873 1352/1484/1209
f 1004/1151/900 1352/1484/1209 1351/1483/1208
f 1007/1154/903 1006/1153/902 1345/1477/1155
f 1007/1154/903 1345/1477/1155 1353/1485/1210
f 1005/1152/901 1004/1151/900 1353/1485/1210
f 1005/1152/901 1353/1485/1210 1345/1477/1155
f 1354/1486/1165 1305/1437/1165 1003/1150/899
f 1354/1486/1165 1003/1150/899 1000/1148/899
f 1354/1486/1165 997/1145/896 1002/1149/896
f 1354/1486/1165 1002/1149/896 1305/1437/1165
f 999/1147/898 913/1069/833 1355/1487/1205
f 999/1147/898 1355/1487/1205 1356/1488/1211
f 1356/1488/1211 1355/1487/1205 1357/1489/1204
f 1356/1488/1211 1357/1489/1204 1358/1490/1212
f 1000/1148/899 999/1147/898 1359/1491/1213
f 1000/1148/899 1359/1491/1213 1354/1486/1165
f 997/1145/896 1354/1486/1165 1359/1491/1213
f 997/1145/896 1359/1491/1213 996/1144/895
f 1358/1490/1212 1360/1492/1214 1361/1493/1215
f 1358/1490/1212 1361/1493/1215 1362/1494/1216
f 996/1144/895 1362/1494/1216 1361/1493/1215
f 996/1144/895 1361/1493/1215 963/1114/867
f 1363/1495/1217 1364/1496/1218 1365/1497/1219
f 1363/1495/1217 1365/1497/1219 1366/1498/1220
f 1366/1498/1220 1365/1497/1219 906/1062/829
f 1366/1498/1220 906/1062/829 992/1140/891
f 1367/1499/1221 1368/1500/1222 1369/1501/1223
f 1367/1499/1221 1369/1501/1223 1363/1495/1217
f 1370/1502/1224 1368/1500/1222 1367/1499/1221
f 1370/1502/1224 1367/1499/1221 1371/1503/1225
f 991/1139/890 905/1061/828 1372/1504/1226
f 991/1139/890 1372/1504/1226 1373/1505/1227
f 1374/1506/1228 1372/1504/1226 910/1066/831
f 1374/1506/1228 910/1066/831 990/1138/889
f 992/1140/891 991/1139/890 1375/1507/1229
f 992/1140/891 1375/1507/1229 1376/1508/1230
f 1376/1508/1230 1375/1507/1229 1025/1167/909
f 1376/1508/1230 1025/1167/909 1371/1503/1225
f 1332/1464/1190 949/1101/856 1030/43/3
f 1332/1464/1190 1030/43/3 1032/1172/914
f 1321/1453/1181 1021/1164/906 1020/45/4
f 1321/1453/1181 1020/45/4 928/1082/843
f 986/1134/885 907/1063/829 1377/1509/1219
f 986/1134/885 1377/1509/1219 1378/1510/1231
f 1378/1510/1231 1377/1509/1219 1379/1511/1218
f 1378/1510/1231 1379/1511/1218 1380/1512/1232
f 987/1135/886 986/1134/885 1381/1513/1233
f 987/1135/886 1381/1513/1233 1382/1514/1234
f 1381/1513/1233 1383/1515/1235 980/1128/881
f 1381/1513/1233 980/1128/881 1382/1514/1234
f 908/1064/828 987/1135/886 1384/1516/1236
f 908/1064/828 1384/1516/1236 1385/1517/1226
f 1385/1517/1226 1386/1518/1237 981/1129/882
f 1385/1517/1226 981/1129/882 984/1132/831
f 1387/1519/1238 1388/1520/1239 1380/1512/1232
f 1387/1519/1238 1380/1512/1232 1389/1521/1240
f 1390/1522/1241 1383/1515/1235 1388/1520/1239
f 1390/1522/1241 1388/1520/1239 1387/1519/1238
f 929/1083/844 1370/1502/1224 1371/1503/1225
f 929/1083/844 1371/1503/1225 1025/1167/909
f 952/1104/859 980/1128/881 1383/1515/1235
f 952/1104/859 1383/1515/1235 1390/1522/1241
f 924/1078/839 927/1081/842 1391/1523/1242
f 924/1078/839 1391/1523/1242 1392/1524/1243
f 971/1119/872 943/1096/851 1392/1524/1243
f 971/1119/872 1392/1524/1243 1391/1523/1242
f 927/1081/842 1350/1482/1207 1352/1484/1209
f 927/1081/842 1352/1484/1209 1391/1523/1242
f 1352/1484/1209 972/1120/873 971/1119/872
f 1352/1484/1209 971/1119/872 1391/1523/1242
f 945/1097/852 948/1100/855 1393/1525/1244
f 945/1097/852 1393/1525/1244 1394/1526/1245
f 964/1115/868 1394/1526/1245 1393/1525/1244
f 964/1115/868 1393/1525/1244 922/1076/837
f 1360/1492/1214 945/1097/852 1394/1526/1245
f 1360/1492/1214 1394/1526/1245 1361/1493/1215
f 1361/1493/1215 1394/1526/1245 964/1115/868
f 1361/1493/1215 964/1115/868 963/1114/867
f 952/1104/859 941/44/3 1030/43/3
f 952/1104/859 1030/43/3 949/1101/856
f 1390/1522/1241 942/1095/850 941/44/3
f 1390/1522/1241 941/44/3 952/1104/859
f 1389/1521/1240 967/1117/870 1395/1527/1246
f 1389/1521/1240 1395/1527/1246 1387/1519/1238
f 1390/1522/1241 1387/1519/1238 1395/1527/1246
f 1390/1522/1241 1395/1527/1246 942/1095/850
f 1392/1524/1243 1395/1527/1246 967/1117/870
f 1392/1524/1243 967/1117/870 924/1078/839
f 1392/1524/1243 943/1096/851 942/1095/850
f 1392/1524/1243 942/1095/850 1395/1527/1246
f 929/1083/844 928/1082/843 1020/45/4
f 929/1083/844 1020/45/4 920/46/4
f 1370/1502/1224 929/1083/844 920/46/4
f 1370/1502/1224 920/46/4 923/1077/838
f 977/1125/878 1369/1501/1223 1368/1500/1222
f 977/1125/878 1368/1500/1222 1396/1528/1247
f 1370/1502/1224 923/1077/838 1396/1528/1247
f 1370/1502/1224 1396/1528/1247 1368/1500/1222
f 1396/1528/1247 1393/1525/1244 948/1100/855
f 1396/1528/1247 948/1100/855 977/1125/878
f 1393/1525/1244 1396/1528/1247 923/1077/838
f 1393/1525/1244 923/1077/838 922/1076/837
f 1347/1479/1204 1357/1489/1204 1355/1487/1205
f 1347/1479/1204 1355/1487/1205 1397/1529/1205
f 1397/1529/1205 1355/1487/1205 913/1069/833
f 1397/1529/1205 913/1069/833 916/1072/833
f 911/1067/832 910/1066/831 1372/1504/1226
f 911/1067/832 1372/1504/1226 1398/1530/1226
f 1398/1530/1226 1372/1504/1226 905/1061/828
f 1398/1530/1226 905/1061/828 908/1064/828
f 907/1063/829 906/1062/829 1365/1497/1219
f 907/1063/829 1365/1497/1219 1377/1509/1219
f 1377/1509/1219 1365/1497/1219 1364/1496/1218
f 1377/1509/1219 1364/1496/1218 1379/1511/1218
f 902/1058/826 901/1057/826 1399/1531/1176
f 902/1058/826 1399/1531/1176 1316/1448/1176
f 1316/1448/1176 1399/1531/1176 896/1052/824
f 1316/1448/1176 896/1052/824 899/1055/824
f 898/1054/825 897/1053/825 1400/1532/1167
f 898/1054/825 1400/1532/1167 1307/1439/1167
f 1307/1439/1167 1400/1532/1167 1401/1533/1169
f 1307/1439/1167 1401/1533/1169 1309/1441/1169
f 891/1047/821 890/1046/820 1300/1432/1150
f 891/1047/821 1300/1432/1150 1402/1534/1150
f 1402/1534/1150 1300/1432/1150 1299/1431/1160
f 1402/1534/1150 1299/1431/1160 1403/1535/1248
f 1007/1154/903 1353/1485/1210 1404/1536/1249
f 1007/1154/903 1404/1536/1249 1349/1481/1206
f 1004/1151/900 1351/1483/1208 1404/1536/1249
f 1004/1151/900 1404/1536/1249 1353/1485/1210
f 1346/1478/1203 1349/1481/1206 1404/1536/1249
f 1346/1478/1203 1404/1536/1249 1351/1483/1208
f 1292/1424/1153 1296/1428/1157 1405/1537/1250
f 1292/1424/1153 1405/1537/1250 1290/1422/1151
f 1070/1206/944 1293/1425/1154 1405/1537/1250
f 1070/1206/944 1405/1537/1250 1296/1428/1157
f 1077/1209/947 1290/1422/1151 1405/1537/1250
f 1077/1209/947 1405/1537/1250 1293/1425/1154
f 1358/1490/1212 1362/1494/1216 1406/1538/1251
f 1358/1490/1212 1406/1538/1251 1356/1488/1211
f 996/1144/895 1359/1491/1213 1406/1538/1251
f 996/1144/895 1406/1538/1251 1362/1494/1216
f 999/1147/898 1356/1488/1211 1406/1538/1251
f 999/1147/898 1406/1538/1251 1359/1491/1213
f 1067/1203/941 1306/1438/1166 1407/1539/1252
f 1067/1203/941 1407/1539/1252 1301/1433/1161
f 1065/1201/939 1302/1434/1162 1407/1539/1252
f 1065/1201/939 1407/1539/1252 1306/1438/1166
f 1298/1430/1159 1301/1433/1161 1407/1539/1252
f 1298/1430/1159 1407/1539/1252 1302/1434/1162
f 1050/1190/930 1338/1470/1196 1408/1540/1253
f 1050/1190/930 1408/1540/1253 1328/1460/1186
f 1333/1465/1191 1329/1461/1187 1408/1540/1253
f 1333/1465/1191 1408/1540/1253 1338/1470/1196
f 1325/1457/1185 1328/1460/1186 1408/1540/1253
f 1325/1457/1185 1408/1540/1253 1329/1461/1187
f 1380/1512/1232 1388/1520/1239 1409/1541/1254
f 1380/1512/1232 1409/1541/1254 1378/1510/1231
f 1383/1515/1235 1381/1513/1233 1409/1541/1254
f 1383/1515/1235 1409/1541/1254 1388/1520/1239
f 986/1134/885 1378/1510/1231 1409/1541/1254
f 986/1134/885 1409/1541/1254 1381/1513/1233
f 1310/1442/1170 1319/1451/1179 1410/1542/1255
f 1310/1442/1170 1410/1542/1255 1308/1440/1168
f 1313/1445/1173 1311/1443/1171 1410/1542/1255
f 1313/1445/1173 1410/1542/1255 1319/1451/1179
f 1063/1199/937 1308/1440/1168 1410/1542/1255
f 1063/1199/937 1410/1542/1255 1311/1443/1171
f 992/1140/891 1376/1508/1230 1411/1543/1256
f 992/1140/891 1411/1543/1256 1366/1498/1220
f 1371/1503/1225 1367/1499/1221 1411/1543/1256
f 1371/1503/1225 1411/1543/1256 1376/1508/1230
f 1363/1495/1217 1366/1498/1220 1411/1543/1256
f 1363/1495/1217 1411/1543/1256 1367/1499/1221
f 1314/1446/1174 1323/1455/1183 1412/1544/1257
f 1314/1446/1174 1412/1544/1257 1312/1444/1172
f 1323/1455/1183 1060/1196/934 1413/1545/1258
f 1323/1455/1183 1413/1545/1258 1412/1544/1257
f 1064/1200/938 1312/1444/1172 1412/1544/1257
f 1064/1200/938 1412/1544/1257 1317/1449/1259
f 1043/1183/925 1414/1546/1260 1415/1547/1261
f 1043/1183/925 1415/1547/1261 1046/1186/928
f 1042/1182/924 1337/1469/1195 1414/1546/1260
f 1042/1182/924 1414/1546/1260 1043/1183/925
f 1049/1189/929 1336/1468/1194 1414/1546/1260
f 1049/1189/929 1414/1546/1260 1337/1469/1195
f 1026/1168/910 1416/1548/1262 1417/1549/1263
f 1026/1168/910 1417/1549/1263 990/1138/889
f 1025/1167/909 1375/1507/1229 1418/1550/1264
f 1025/1167/909 1418/1550/1264 1026/1168/910
f 991/1139/890 1373/1505/1227 1419/1551/1265
f 991/1139/890 1419/1551/1265 1375/1507/1229
f 980/1128/881 979/1127/880 1420/1552/1266
f 980/1128/881 1420/1552/1266 1382/1514/1234
f 979/1127/880 981/1129/882 1421/1553/1267
f 979/1127/880 1421/1553/1267 1420/1552/1266
f 987/1135/886 1382/1514/1234 1420/1552/1266
f 987/1135/886 1420/1552/1266 1384/1516/1236
f 1422/1554/1268 1062/1198/936 1076/1208/946
f 1422/1554/1268 1076/1208/946 1423/1555/1269
f 1424/1556/1268 1425/1557/1269 976/1124/877
f 1424/1556/1268 976/1124/877 947/1099/854
f 968/1118/871 770/930/711 773/933/705
f 968/1118/871 773/933/705 1426/1558/1270
f 1427/1559/1270 758/922/1271 1428/1560/1272
f 1427/1559/1270 1428/1560/1272 1068/1204/942
f 1429/1561/1273 1427/1559/1270 1068/1204/942
f 1429/1561/1273 1068/1204/942 1053/1193/931
f 1426/1558/1270 1430/1562/1274 925/1079/840
f 1426/1558/1270 925/1079/840 968/1118/871
f 976/1124/877 1425/1557/1269 772/932/706
f 976/1124/877 772/932/706 771/931/712
f 1423/1555/1269 1076/1208/946 1431/1563/1275
f 1423/1555/1269 1431/1563/1275 1432/1564/1276
f 801/957/734 800/956/733 1403/1535/1248
f 801/957/734 1403/1535/1248 1299/1431/1160
f 791/947/725 790/946/724 1309/1441/1169
f 791/947/725 1309/1441/1169 1401/1533/1169
f 1013/1160/905 1062/1198/936 1422/1554/1268
f 1013/1160/905 1422/1554/1268 1010/1157/897
f 947/1099/854 946/1098/853 998/1146/897
f 947/1099/854 998/1146/897 1424/1556/1268
f 771/931/712 770/930/711 1379/1511/1218
f 771/931/712 1379/1511/1218 1364/1496/1218
f 731/907/694 730/906/693 1357/1489/1204
f 731/907/694 1357/1489/1204 1347/1479/1204
f 994/1142/893 993/1141/892 1429/1561/1273
f 994/1142/893 1429/1561/1273 1053/1193/931
f 926/1080/841 925/1079/840 1430/1562/1274
f 926/1080/841 1430/1562/1274 985/1133/884
f 975/1123/876 1033/1173/915 1433/1565/1277
f 975/1123/876 1433/1565/1277 973/1121/874
f 787/943/721 805/961/736 966/1116/869
f 787/943/721 966/1116/869 1434/1566/1278
f 771/931/712 1369/1501/1223 977/1125/878
f 771/931/712 977/1125/878 976/1124/877
f 770/930/711 968/1118/871 967/1117/870
f 770/930/711 967/1117/870 1389/1521/1240
f 954/1106/861 953/1105/860 1435/1567/1279
f 954/1106/861 1435/1567/1279 1024/1166/908
f 798/954/731 780/936/715 1436/1568/1279
f 798/954/731 1436/1568/1279 932/1086/847
f 730/906/693 946/1098/853 945/1097/852
f 730/906/693 945/1097/852 1360/1492/1214
f 731/907/694 1350/1482/1207 927/1081/842
f 731/907/694 927/1081/842 926/1080/841
f 1380/1512/1232 1379/1511/1218 770/930/711
f 1380/1512/1232 770/930/711 1389/1521/1240
f 1363/1495/1217 1369/1501/1223 771/931/712
f 1363/1495/1217 771/931/712 1364/1496/1218
f 918/1074/834 917/1073/827 1433/1565/1277
f 918/1074/834 1433/1565/1277 1033/1173/915
f 788/944/722 787/943/721 1434/1566/1278
f 788/944/722 1434/1566/1278 904/1060/827
f 1358/1490/1212 1357/1489/1204 730/906/693
f 1358/1490/1212 730/906/693 1360/1492/1214
f 1346/1478/1203 1350/1482/1207 731/907/694
f 1346/1478/1203 731/907/694 1347/1479/1204
f 895/1051/823 1024/1166/908 1435/1567/1279
f 895/1051/823 1435/1567/1279 893/1049/818
f 780/936/715 779/935/714 888/1044/818
f 780/936/715 888/1044/818 1436/1568/1279
f 790/946/724 805/961/736 804/960/735
f 790/946/724 804/960/735 1320/1452/1180
f 934/1088/725 1331/1463/1189 799/955/732
f 934/1088/725 799/955/732 798/954/731
f 801/957/734 1304/1436/1164 789/945/723
f 801/957/734 789/945/723 788/944/722
f 886/1042/817 779/935/714 778/934/713
f 886/1042/817 778/934/713 1297/1429/1158
f 1325/1457/1185 1331/1463/1189 934/1088/725
f 1325/1457/1185 934/1088/725 1326/1458/1169
f 1310/1442/1170 1309/1441/1169 790/946/724
f 1310/1442/1170 790/946/724 1320/1452/1180
f 1298/1430/1159 1304/1436/1164 801/957/734
f 1298/1430/1159 801/957/734 1299/1431/1160
f 1292/1424/1153 1291/1423/1152 886/1042/817
f 1292/1424/1153 886/1042/817 1297/1429/1158
f 1437/1569/1280 1438/1570/1281 884/1040/815
f 1437/1569/1280 884/1040/815 1439/1571/811
f 853/1009/784 859/1015/790 1438/1570/1281
f 853/1009/784 1438/1570/1281 1437/1569/1280
f 1440/1572/1282 1441/1573/1283 885/1041/816
f 1440/1572/1282 885/1041/816 884/1040/815
f 1441/1573/1283 1440/1572/1282 867/1023/798
f 1441/1573/1283 867/1023/798 866/1022/797
f 1442/1574/1284 881/1037/812 885/1041/816
f 1442/1574/1284 885/1041/816 1443/1575/1285
f 857/1013/788 1442/1574/1284 1443/1575/1285
f 857/1013/788 1443/1575/1285 860/1016/791
f 1444/1576/1286 1445/1577/1287 882/1038/813
f 1444/1576/1286 882/1038/813 874/1030/805
f 837/993/768 841/997/772 1445/1577/1287
f 837/993/768 1445/1577/1287 1444/1576/1286
f 1446/1578/1288 1447/1579/1289 883/1039/814
f 1446/1578/1288 883/1039/814 882/1038/813
f 1447/1579/1289 1446/1578/1288 847/1003/778
f 1447/1579/1289 847/1003/778 846/1002/777
f 1448/1580/1290 1449/1581/1291 883/1039/814
f 1448/1580/1290 883/1039/814 1450/1582/1292
f 833/989/764 1448/1580/1290 1450/1582/1292
f 833/989/764 1450/1582/1292 838/994/769
f 1439/1571/811 1451/1583/809 1452/1584/1293
f 1439/1571/811 1452/1584/1293 1437/1569/1280
f 1437/1569/1280 1452/1584/1293 850/1006/781
f 1437/1569/1280 850/1006/781 853/1009/784
f 879/1035/810 881/1037/812 1442/1574/1284
f 879/1035/810 1442/1574/1284 1453/1585/1294
f 1442/1574/1284 857/1013/788 856/1012/787
f 1442/1574/1284 856/1012/787 1453/1585/1294
f 1454/1586/1295 876/1032/807 879/1035/810
f 1454/1586/1295 879/1035/810 1453/1585/1294
f 855/1011/786 1454/1586/1295 1453/1585/1294
f 855/1011/786 1453/1585/1294 856/1012/787
f 1455/1587/1296 1456/1588/1297 877/1033/808
f 1455/1587/1296 877/1033/808 876/1032/807
f 863/1019/794 862/1018/793 1456/1588/1297
f 863/1019/794 1456/1588/1297 1455/1587/1296
f 1457/1589/1298 1452/1584/1293 1451/1583/809
f 1457/1589/1298 1451/1583/809 1458/1590/1299
f 851/1007/782 850/1006/781 1452/1584/1293
f 851/1007/782 1452/1584/1293 1457/1589/1298
f 874/1030/805 872/1028/803 1459/1591/1300
f 874/1030/805 1459/1591/1300 1444/1576/1286
f 1444/1576/1286 1459/1591/1300 834/990/765
f 1444/1576/1286 834/990/765 837/993/768
f 1460/1592/804 1449/1581/1291 1448/1580/1290
f 1460/1592/804 1448/1580/1290 1461/1593/1301
f 1448/1580/1290 833/989/764 832/988/763
f 1448/1580/1290 832/988/763 1461/1593/1301
f 1462/1594/1302 1463/1595/1303 1460/1592/804
f 1462/1594/1302 1460/1592/804 1461/1593/1301
f 831/987/762 1462/1594/1302 1461/1593/1301
f 831/987/762 1461/1593/1301 832/988/763
f 1464/1596/1304 1465/1597/1305 871/1027/802
f 1464/1596/1304 871/1027/802 870/1026/801
f 843/999/774 842/998/773 1465/1597/1305
f 843/999/774 1465/1597/1305 1464/1596/1304
f 1466/1598/1306 1459/1591/1300 872/1028/803
f 1466/1598/1306 872/1028/803 871/1027/802
f 835/991/766 834/990/765 1459/1591/1300
f 835/991/766 1459/1591/1300 1466/1598/1306
f 869/1025/800 1467/1599/1307 1468/1600/1308
f 869/1025/800 1468/1600/1308 866/1022/797
f 1467/1599/1307 861/1017/792 860/1016/791
f 1467/1599/1307 860/1016/791 1468/1600/1308
f 868/1024/799 867/1023/798 1469/1601/1309
f 868/1024/799 1469/1601/1309 1470/1602/1310
f 1470/1602/1310 1469/1601/1309 859/1015/790
f 1470/1602/1310 859/1015/790 858/1014/789
f 869/1025/800 868/1024/799 1471/1603/1311
f 869/1025/800 1471/1603/1311 1472/1604/1312
f 1473/1605/1313 1474/1606/1314 827/983/758
f 1473/1605/1313 827/983/758 826/982/757
f 1475/1607/1315 1476/1608/793 1477/1609/796
f 1475/1607/1315 1477/1609/796 1478/1610/1316
f 851/1007/782 1475/1607/1315 1478/1610/1316
f 851/1007/782 1478/1610/1316 852/1008/783
f 1479/1611/1317 1480/1612/1318 864/1020/795
f 1479/1611/1317 864/1020/795 863/1019/794
f 855/1011/786 854/1010/785 1480/1612/1318
f 855/1011/786 1480/1612/1318 1479/1611/1317
f 865/1021/796 864/1020/795 1481/1613/1319
f 865/1021/796 1481/1613/1319 1482/1614/1320
f 1482/1614/1320 1481/1613/1319 807/963/738
f 1482/1614/1320 807/963/738 806/962/737
f 861/1017/792 1483/1615/1321 48/231/58
f 861/1017/792 48/231/58 45/228/55
f 1483/1615/1321 826/982/757 829/985/760
f 1483/1615/1321 829/985/760 48/231/58
f 858/1014/789 49/232/59 51/234/61
f 858/1014/789 51/234/61 1484/1616/1322
f 1484/1616/1322 51/234/61 1485/1617/1323
f 1484/1616/1322 1485/1617/1323 827/983/758
f 854/1010/785 53/236/63 56/239/66
f 854/1010/785 56/239/66 1486/1618/1324
f 56/239/66 808/964/739 807/963/738
f 56/239/66 807/963/738 1486/1618/1324
f 852/1008/783 1487/1619/1325 60/243/70
f 852/1008/783 60/243/70 57/240/67
f 60/243/70 1487/1619/1325 1488/1620/737
f 60/243/70 1488/1620/737 1489/1621/740
f 849/1005/780 1490/1622/1326 1491/1623/1327
f 849/1005/780 1491/1623/1327 846/1002/777
f 1490/1622/1326 839/995/770 838/994/769
f 1490/1622/1326 838/994/769 1491/1623/1327
f 848/1004/779 847/1003/778 1492/1624/1328
f 848/1004/779 1492/1624/1328 1493/1625/1329
f 1493/1625/1329 1492/1624/1328 841/997/772
f 1493/1625/1329 841/997/772 840/996/771
f 849/1005/780 848/1004/779 1494/1626/1330
f 849/1005/780 1494/1626/1330 1495/1627/1331
f 1496/1628/1332 1497/1629/1333 819/975/750
f 1496/1628/1332 819/975/750 818/974/749
f 1498/1630/1334 842/998/773 845/1001/776
f 1498/1630/1334 845/1001/776 1499/1631/1335
f 836/992/767 835/991/766 1498/1630/1334
f 836/992/767 1498/1630/1334 1499/1631/1335
f 1500/1632/1336 1501/1633/1337 1502/1634/775
f 1500/1632/1336 1502/1634/775 1503/1635/774
f 830/986/761 1501/1633/1337 1500/1632/1336
f 830/986/761 1500/1632/1336 831/987/762
f 845/1001/776 844/1000/775 1504/1636/1338
f 845/1001/776 1504/1636/1338 1505/1637/1339
f 1505/1637/1339 1504/1636/1338 815/971/746
f 1505/1637/1339 815/971/746 814/970/745
f 840/996/771 61/244/71 63/246/73
f 840/996/771 63/246/73 1506/1638/1340
f 1506/1638/1340 63/246/73 820/976/751
f 1506/1638/1340 820/976/751 819/975/750
f 839/995/770 1507/1639/1341 68/251/78
f 839/995/770 68/251/78 65/248/75
f 1507/1639/1341 818/974/749 1508/1640/1342
f 1507/1639/1341 1508/1640/1342 68/251/78
f 69/252/79 71/254/81 54/237/64
f 69/252/79 54/237/64 53/236/63
f 54/237/64 71/254/81 810/966/741
f 54/237/64 810/966/741 813/969/744
f 61/244/71 45/228/55 47/230/57
f 61/244/71 47/230/57 64/247/74
f 64/247/74 47/230/57 822/978/753
f 64/247/74 822/978/753 825/981/756
f 836/992/767 1509/1641/1343 72/255/82
f 836/992/767 72/255/82 69/252/79
f 72/255/82 1509/1641/1343 814/970/745
f 72/255/82 814/970/745 817/973/748
f 65/248/75 67/250/77 52/235/62
f 65/248/75 52/235/62 49/232/59
f 52/235/62 67/250/77 1510/1642/755
f 52/235/62 1510/1642/755 1511/1643/754
f 73/256/83 57/240/67 59/242/69
f 73/256/83 59/242/69 74/257/84
f 74/257/84 59/242/69 1512/1644/743
f 74/257/84 1512/1644/743 1513/1645/1344
f 830/986/761 73/256/83 76/259/86
f 830/986/761 76/259/86 1514/1646/1345
f 76/259/86 1515/1647/747 1516/1648/746
f 76/259/86 1516/1648/746 1514/1646/1345
f 829/985/760 828/984/759 1517/1649/1346
f 829/985/760 1517/1649/1346 1518/1650/1347
f 1518/1650/1347 1517/1649/1346 823/979/754
f 1518/1650/1347 823/979/754 822/978/753
f 1519/1651/1348 1520/1652/1349 825/981/756
f 1519/1651/1348 825/981/756 824/980/755
f 821/977/752 820/976/751 1520/1652/1349
f 821/977/752 1520/1652/1349 1519/1651/1348
f 817/973/748 816/972/747 1521/1653/1350
f 817/973/748 1521/1653/1350 1522/1654/1351
f 1522/1654/1351 1521/1653/1350 811/967/742
f 1522/1654/1351 811/967/742 810/966/741
f 1523/1655/1352 1524/1656/1353 813/969/744
f 1523/1655/1352 813/969/744 812/968/743
f 809/965/740 808/964/739 1524/1656/1353
f 809/965/740 1524/1656/1353 1523/1655/1352
f 846/1002/777 1491/1623/1327 1525/1657/1354
f 846/1002/777 1525/1657/1354 1447/1579/1289
f 838/994/769 1450/1582/1292 1525/1657/1354
f 838/994/769 1525/1657/1354 1491/1623/1327
f 883/1039/814 1447/1579/1289 1525/1657/1354
f 883/1039/814 1525/1657/1354 1450/1582/1292
f 859/1015/790 1469/1601/1309 1526/1658/1355
f 859/1015/790 1526/1658/1355 1438/1570/1281
f 867/1023/798 1440/1572/1282 1526/1658/1355
f 867/1023/798 1526/1658/1355 1469/1601/1309
f 884/1040/815 1438/1570/1281 1526/1658/1355
f 884/1040/815 1526/1658/1355 1440/1572/1282
f 841/997/772 1492/1624/1328 1527/1659/1356
f 841/997/772 1527/1659/1356 1445/1577/1287
f 847/1003/778 1446/1578/1288 1527/1659/1356
f 847/1003/778 1527/1659/1356 1492/1624/1328
f 882/1038/813 1445/1577/1287 1527/1659/1356
f 882/1038/813 1527/1659/1356 1446/1578/1288
f 866/1022/797 1468/1600/1308 1528/1660/1357
f 866/1022/797 1528/1660/1357 1441/1573/1283
f 860/1016/791 1443/1575/1285 1528/1660/1357
f 860/1016/791 1528/1660/1357 1468/1600/1308
f 885/1041/816 1441/1573/1283 1528/1660/1357
f 885/1041/816 1528/1660/1357 1443/1575/1285
f 831/987/762 1500/1632/1336 1529/1661/1358
f 831/987/762 1529/1661/1358 1462/1594/1302
f 1503/1635/774 1530/1662/1304 1529/1661/1358
f 1503/1635/774 1529/1661/1358 1500/1632/1336
f 1463/1595/1303 1462/1594/1302 1529/1661/1358
f 1463/1595/1303 1529/1661/1358 1530/1662/1304
f 1476/1608/793 1475/1607/1315 1531/1663/1359
f 1476/1608/793 1531/1663/1359 1532/1664/1360
f 851/1007/782 1457/1589/1298 1531/1663/1359
f 851/1007/782 1531/1663/1359 1475/1607/1315
f 1458/1590/1299 1532/1664/1360 1531/1663/1359
f 1458/1590/1299 1531/1663/1359 1457/1589/1298
f 855/1011/786 1479/1611/1317 1533/1665/1361
f 855/1011/786 1533/1665/1361 1454/1586/1295
f 863/1019/794 1455/1587/1296 1533/1665/1361
f 863/1019/794 1533/1665/1361 1479/1611/1317
f 876/1032/807 1454/1586/1295 1533/1665/1361
f 876/1032/807 1533/1665/1361 1455/1587/1296
f 842/998/773 1498/1630/1334 1534/1666/1362
f 842/998/773 1534/1666/1362 1465/1597/1305
f 835/991/766 1466/1598/1306 1534/1666/1362
f 835/991/766 1534/1666/1362 1498/1630/1334
f 871/1027/802 1465/1597/1305 1534/1666/1362
f 871/1027/802 1534/1666/1362 1466/1598/1306
f 1483/1615/1321 1535/1667/1363 1536/1668/1364
f 1483/1615/1321 1536/1668/1364 826/982/757
f 861/1017/792 1467/1599/1307 1537/1669/1365
f 861/1017/792 1537/1669/1365 1483/1615/1321
f 1472/1604/1312 1538/1670/1366 1467/1599/1307
f 1472/1604/1312 1467/1599/1307 869/1025/800
f 1471/1603/1311 868/1024/799 1470/1602/1310
f 1471/1603/1311 1470/1602/1310 1539/1671/1367
f 858/1014/789 1484/1616/1322 1540/1672/1368
f 858/1014/789 1540/1672/1368 1470/1602/1310
f 1484/1616/1322 827/983/758 1541/1673/1369
f 1484/1616/1322 1541/1673/1369 1542/1674/1370
f 1488/1620/737 1487/1619/1325 1543/1675/1371
f 1488/1620/737 1543/1675/1371 1544/1676/1320
f 852/1008/783 1478/1610/1316 1543/1675/1371
f 852/1008/783 1543/1675/1371 1487/1619/1325
f 1477/1609/796 1544/1676/1320 1543/1675/1371
f 1477/1609/796 1543/1675/1371 1478/1610/1316
f 864/1020/795 1480/1612/1318 1545/1677/1372
f 864/1020/795 1545/1677/1372 1481/1613/1319
f 854/1010/785 1486/1618/1324 1545/1677/1372
f 854/1010/785 1545/1677/1372 1480/1612/1318
f 807/963/738 1481/1613/1319 1545/1677/1372
f 807/963/738 1545/1677/1372 1486/1618/1324
f 829/985/760 1518/1650/1347 46/229/56
f 829/985/760 46/229/56 48/231/58
f 822/978/753 47/230/57 46/229/56
f 822/978/753 46/229/56 1518/1650/1347
f 1485/1617/1323 51/234/61 50/233/60
f 1485/1617/1323 50/233/60 1546/1678/1373
f 1511/1643/754 1546/1678/1373 50/233/60
f 1511/1643/754 50/233/60 52/235/62
f 813/969/744 1524/1656/1353 55/238/65
f 813/969/744 55/238/65 54/237/64
f 808/964/739 56/239/66 55/238/65
f 808/964/739 55/238/65 1524/1656/1353
f 1489/1621/740 1547/1679/1352 58/241/68
f 1489/1621/740 58/241/68 60/243/70
f 1512/1644/743 59/242/69 58/241/68
f 1512/1644/743 58/241/68 1547/1679/1352
f 1548/1680/1374 1549/1681/1375 848/1004/779
f 1548/1680/1374 848/1004/779 1493/1625/1329
f 840/996/771 1506/1638/1340 1550/1682/1376
f 840/996/771 1550/1682/1376 1493/1625/1329
f 819/975/750 1551/1683/1377 1550/1682/1376
f 819/975/750 1550/1682/1376 1506/1638/1340
f 818/974/749 1507/1639/1341 1552/1684/1378
f 818/974/749 1552/1684/1378 1553/1685/1379
f 839/995/770 1490/1622/1326 1552/1684/1378
f 839/995/770 1552/1684/1378 1507/1639/1341
f 1554/1686/1380 1490/1622/1326 849/1005/780
f 1554/1686/1380 849/1005/780 1555/1687/1381
f 1502/1634/775 1501/1633/1337 1556/1688/1382
f 1502/1634/775 1556/1688/1382 1557/1689/1338
f 830/986/761 1514/1646/1345 1556/1688/1382
f 830/986/761 1556/1688/1382 1501/1633/1337
f 1516/1648/746 1557/1689/1338 1556/1688/1382
f 1516/1648/746 1556/1688/1382 1514/1646/1345
f 814/970/745 1509/1641/1343 1558/1690/1383
f 814/970/745 1558/1690/1383 1505/1637/1339
f 836/992/767 1499/1631/1335 1558/1690/1383
f 836/992/767 1558/1690/1383 1509/1641/1343
f 845/1001/776 1505/1637/1339 1558/1690/1383
f 845/1001/776 1558/1690/1383 1499/1631/1335
f 820/976/751 63/246/73 62/245/72
f 820/976/751 62/245/72 1520/1652/1349
f 825/981/756 1520/1652/1349 62/245/72
f 825/981/756 62/245/72 64/247/74
f 1508/1640/1342 1559/1691/1384 66/249/76
f 1508/1640/1342 66/249/76 68/251/78
f 1510/1642/755 67/250/77 66/249/76
f 1510/1642/755 66/249/76 1559/1691/1384
f 817/973/748 1522/1654/1351 70/253/80
f 817/973/748 70/253/80 72/255/82
f 810/966/741 71/254/81 70/253/80
f 810/966/741 70/253/80 1522/1654/1351
f 1513/1645/1344 1560/1692/1350 75/258/85
f 1513/1645/1344 75/258/85 74/257/84
f 1515/1647/747 76/259/86 75/258/85
f 1515/1647/747 75/258/85 1560/1692/1350
f 1561/1693/1385 1562/1694/1386 1285/1417/1146
f 1561/1693/1385 1285/1417/1146 1279/1411/1140
f 1262/1394/1123 1261/1393/1122 1562/1694/1386
f 1262/1394/1123 1562/1694/1386 1561/1693/1385
f 1563/1695/1387 1564/1696/1388 1273/1405/1134
f 1563/1695/1387 1273/1405/1134 1272/1404/1133
f 1564/1696/1388 1563/1695/1387 1280/1412/1141
f 1564/1696/1388 1280/1412/1141 1288/1420/1149
f 1565/1697/1389 1286/1418/1147 1285/1417/1146
f 1565/1697/1389 1285/1417/1146 1562/1694/1386
f 1261/1393/1122 1266/1398/1127 1565/1697/1389
f 1261/1393/1122 1565/1697/1389 1562/1694/1386
f 1287/1419/1148 1286/1418/1147 1566/1698/1390
f 1287/1419/1148 1566/1698/1390 1567/1699/1391
f 1567/1699/1391 1566/1698/1390 1267/1399/1128
f 1567/1699/1391 1267/1399/1128 1270/1402/1131
f 1275/1407/1136 1273/1405/1134 1564/1696/1388
f 1275/1407/1136 1564/1696/1388 1568/1700/1392
f 1568/1700/1392 1564/1696/1388 1288/1420/1149
f 1568/1700/1392 1288/1420/1149 1287/1419/1148
f 1569/1701/1393 1282/1414/1143 1278/1410/1139
f 1569/1701/1393 1278/1410/1139 1570/1702/1394
f 1571/1703/1395 1572/1704/1396 1271/1403/1132
f 1571/1703/1395 1271/1403/1132 1274/1406/1135
f 1264/1396/1125 1263/1395/1124 1573/1705/1397
f 1264/1396/1125 1573/1705/1397 1574/1706/1398
f 1575/1707/1397 1277/1409/1138 1281/1413/1142
f 1575/1707/1397 1281/1413/1142 1576/1708/1398
f 1278/1410/1139 1255/1387/1116 1577/1709/1399
f 1278/1410/1139 1577/1709/1399 1570/1702/1394
f 1257/1389/1118 1271/1403/1132 1572/1704/1396
f 1257/1389/1118 1572/1704/1396 1578/1710/1400
f 1272/1404/1133 1260/1392/1121 1579/1711/1401
f 1272/1404/1133 1579/1711/1401 1563/1695/1387
f 1280/1412/1141 1563/1695/1387 1579/1711/1401
f 1280/1412/1141 1579/1711/1401 1247/1379/1108
f 1580/1712/1402 1283/1415/1144 1282/1414/1143
f 1580/1712/1402 1282/1414/1143 1569/1701/1393
f 1274/1406/1135 1276/1408/1137 1581/1713/1402
f 1274/1406/1135 1581/1713/1402 1571/1703/1395
f 1283/1415/1144 1582/1714/1403 1583/1715/1404
f 1283/1415/1144 1583/1715/1404 1284/1416/1145
f 1583/1715/1404 1582/1714/1403 1269/1401/1130
f 1583/1715/1404 1269/1401/1130 1268/1400/1129
f 1265/1397/1126 1264/1396/1125 1574/1706/1398
f 1265/1397/1126 1574/1706/1398 1584/1716/1405
f 1585/1717/1406 1576/1708/1398 1281/1413/1142
f 1585/1717/1406 1281/1413/1142 1284/1416/1145
f 1586/1718/1407 1561/1693/1385 1279/1411/1140
f 1586/1718/1407 1279/1411/1140 1246/1378/1107
f 1561/1693/1385 1586/1718/1407 1249/1381/1110
f 1561/1693/1385 1249/1381/1110 1262/1394/1123
f 1587/1719/1408 1573/1705/1397 1263/1395/1124
f 1587/1719/1408 1263/1395/1124 1252/1384/1113
f 1588/1720/1409 1256/1388/1117 1277/1409/1138
f 1588/1720/1409 1277/1409/1138 1575/1707/1397
f 1276/1408/1137 1275/1407/1136 1589/1721/1410
f 1276/1408/1137 1589/1721/1410 1590/1722/1411
f 1591/1723/1411 1592/1724/1410 1270/1402/1131
f 1591/1723/1411 1270/1402/1131 1269/1401/1130
f 1266/1398/1127 1265/1397/1126 1593/1725/1412
f 1266/1398/1127 1593/1725/1412 1594/1726/1413
f 1595/1727/1414 1596/1728/1412 1268/1400/1129
f 1595/1727/1414 1268/1400/1129 1267/1399/1128
f 1578/1710/1400 1597/1729/1415 1258/1390/1119
f 1578/1710/1400 1258/1390/1119 1257/1389/1118
f 1255/1387/1116 1254/1386/1115 1598/1730/1415
f 1255/1387/1116 1598/1730/1415 1577/1709/1399
f 1599/1731/1416 1579/1711/1401 1260/1392/1121
f 1599/1731/1416 1260/1392/1121 1259/1391/1120
f 1247/1379/1108 1579/1711/1401 1599/1731/1416
f 1247/1379/1108 1599/1731/1416 1248/1380/1109
f 1256/1388/1117 1588/1720/1409 1600/1732/1417
f 1256/1388/1117 1600/1732/1417 1253/1385/1114
f 1601/1733/1418 1587/1719/1408 1252/1384/1113
f 1601/1733/1418 1252/1384/1113 1251/1383/1112
f 1586/1718/1407 1602/1734/1419 1250/1382/1111
f 1586/1718/1407 1250/1382/1111 1249/1381/1110
f 1246/1378/1107 1245/1377/1106 1602/1734/1419
f 1246/1378/1107 1602/1734/1419 1586/1718/1407
f 1276/1408/1137 1590/1722/1411 1603/1735/1420
f 1276/1408/1137 1603/1735/1420 1581/1713/1402
f 1269/1401/1130 1582/1714/1403 1604/1736/1421
f 1269/1401/1130 1604/1736/1421 1591/1723/1411
f 1283/1415/1144 1580/1712/1402 1604/1736/1421
f 1283/1415/1144 1604/1736/1421 1582/1714/1403
f 1287/1419/1148 1567/1699/1391 1605/1737/1422
f 1287/1419/1148 1605/1737/1422 1568/1700/1392
f 1270/1402/1131 1592/1724/1410 1605/1737/1422
f 1270/1402/1131 1605/1737/1422 1567/1699/1391
f 1275/1407/1136 1568/1700/1392 1605/1737/1422
f 1275/1407/1136 1605/1737/1422 1589/1721/1410
f 1268/1400/1129 1596/1728/1412 1606/1738/1423
f 1268/1400/1129 1606/1738/1423 1583/1715/1404
f 1265/1397/1126 1584/1716/1405 1607/1739/1424
f 1265/1397/1126 1607/1739/1424 1593/1725/1412
f 1284/1416/1145 1583/1715/1404 1606/1738/1423
f 1284/1416/1145 1606/1738/1423 1585/1717/1406
f 1266/1398/1127 1594/1726/1413 1608/1740/1425
f 1266/1398/1127 1608/1740/1425 1565/1697/1389
f 1267/1399/1128 1566/1698/1390 1608/1740/1425
f 1267/1399/1128 1608/1740/1425 1595/1727/1414
f 1286/1418/1147 1565/1697/1389 1608/1740/1425
f 1286/1418/1147 1608/1740/1425 1566/1698/1390
f 1609/1741/1426 1241/1373/1104 1191/1323/1058
f 1609/1741/1426 1191/1323/1058 1610/1742/1427
f 1198/1330/1065 1232/1364/1097 1609/1741/1426
f 1198/1330/1065 1609/1741/1426 1610/1742/1427
f 1244/1376/1105 1611/1743/1428 1612/1744/1429
f 1244/1376/1105 1612/1744/1429 1192/1324/1059
f 1613/1745/1430 1238/1370/1102 1186/1318/1053
f 1613/1745/1430 1186/1318/1053 1614/1746/1431
f 1615/1747/1432 1185/1317/1052 1237/1369/1101
f 1615/1747/1432 1237/1369/1101 1616/1748/1433
f 1203/1335/1070 1615/1747/1432 1616/1748/1433
f 1203/1335/1070 1616/1748/1433 1234/1366/1099
f 1617/1749/1434 1618/1750/1435 1204/1336/1071
f 1617/1749/1434 1204/1336/1071 1233/1365/1098
f 1229/1361/1096 1197/1329/1064 1618/1750/1435
f 1229/1361/1096 1618/1750/1435 1617/1749/1434
f 1110/1242/979 1132/1264/1001 1619/1751/1436
f 1110/1242/979 1619/1751/1436 1620/1752/1437
f 1621/1753/1437 1622/1754/1436 1142/1274/1011
f 1621/1753/1437 1142/1274/1011 1122/1254/991
f 1109/1241/978 1623/1755/1438 1624/1756/1439
f 1109/1241/978 1624/1756/1439 1129/1261/998
f 1623/1755/1438 1116/1248/985 1136/1268/1005
f 1623/1755/1438 1136/1268/1005 1624/1756/1439
f 1115/1247/984 1625/1757/1440 1626/1758/1441
f 1115/1247/984 1626/1758/1441 1133/1265/1002
f 1625/1757/1440 1128/1260/997 1137/1269/1006
f 1625/1757/1440 1137/1269/1006 1626/1758/1441
f 1121/1253/990 1141/1273/1010 1627/1759/1442
f 1121/1253/990 1627/1759/1442 1628/1760/1443
f 1627/1759/1442 1138/1270/1007 1127/1259/996
f 1627/1759/1442 1127/1259/996 1628/1760/1443
f 1609/1741/1426 1629/1761/1444 1242/1374/1092
f 1609/1741/1426 1242/1374/1092 1241/1373/1104
f 1232/1364/1097 1231/1363/1090 1629/1761/1444
f 1232/1364/1097 1629/1761/1444 1609/1741/1426
f 1244/1376/1105 1243/1375/1093 1630/1762/1445
f 1244/1376/1105 1630/1762/1445 1611/1743/1428
f 1631/1763/1445 1239/1371/1103 1238/1370/1102
f 1631/1763/1445 1238/1370/1102 1613/1745/1430
f 1616/1748/1433 1237/1369/1101 1240/1372/1094
f 1616/1748/1433 1240/1372/1094 1632/1764/1446
f 1234/1366/1099 1616/1748/1433 1632/1764/1446
f 1234/1366/1099 1632/1764/1446 1235/1367/1100
f 1617/1749/1434 1233/1365/1098 1236/1368/1088
f 1617/1749/1434 1236/1368/1088 1633/1765/1447
f 1230/1362/1091 1229/1361/1096 1617/1749/1434
f 1230/1362/1091 1617/1749/1434 1633/1765/1447
f 1634/1766/1448 1220/1352/1087 1228/1360/1095
f 1634/1766/1448 1228/1360/1095 1635/1767/1445
f 1226/1358/1093 1218/1350/1085 1636/1768/1449
f 1226/1358/1093 1636/1768/1449 1637/1769/1445
f 1219/1351/1086 1638/1770/1450 1639/1771/1446
f 1219/1351/1086 1639/1771/1446 1227/1359/1094
f 1222/1354/1089 1639/1771/1446 1638/1770/1450
f 1222/1354/1089 1638/1770/1450 1214/1346/1081
f 1640/1772/1444 1641/1773/1451 1217/1349/1084
f 1640/1772/1444 1217/1349/1084 1225/1357/1092
f 1641/1773/1451 1640/1772/1444 1223/1355/1090
f 1641/1773/1451 1223/1355/1090 1216/1348/1083
f 1215/1347/1082 1224/1356/1091 1642/1774/1447
f 1215/1347/1082 1642/1774/1447 1643/1775/1452
f 1642/1774/1447 1221/1353/1088 1213/1345/1080
f 1642/1774/1447 1213/1345/1080 1643/1775/1452
f 1644/1776/1453 1208/1340/1075 1220/1352/1087
f 1644/1776/1453 1220/1352/1087 1634/1766/1448
f 1218/1350/1085 1209/1341/1076 1645/1777/1453
f 1218/1350/1085 1645/1777/1453 1636/1768/1449
f 1638/1770/1450 1219/1351/1086 1207/1339/1074
f 1638/1770/1450 1207/1339/1074 1646/1778/1454
f 1214/1346/1081 1638/1770/1450 1646/1778/1454
f 1214/1346/1081 1646/1778/1454 1206/1338/1073
f 1641/1773/1451 1647/1779/1455 1210/1342/1077
f 1641/1773/1451 1210/1342/1077 1217/1349/1084
f 1216/1348/1083 1212/1344/1079 1647/1779/1455
f 1216/1348/1083 1647/1779/1455 1641/1773/1451
f 1211/1343/1078 1215/1347/1082 1643/1775/1452
f 1211/1343/1078 1643/1775/1452 1648/1780/1456
f 1643/1775/1452 1213/1345/1080 1205/1337/1072
f 1643/1775/1452 1205/1337/1072 1648/1780/1456
f 1649/1781/1457 1107/1239/976 1180/1312/1047
f 1649/1781/1457 1180/1312/1047 1650/1782/1458
f 1649/1781/1457 1650/1782/1458 1166/1298/1033
f 1649/1781/1457 1166/1298/1033 1113/1245/982
f 1177/1309/1044 1106/1238/975 1651/1783/1459
f 1177/1309/1044 1651/1783/1459 1652/1784/1460
f 1119/1251/988 1173/1305/1040 1653/1785/1461
f 1119/1251/988 1653/1785/1461 1654/1786/1459
f 1655/1787/1462 1656/1788/1463 1114/1246/983
f 1655/1787/1462 1114/1246/983 1165/1297/1032
f 1656/1788/1463 1655/1787/1462 1170/1302/1037
f 1656/1788/1463 1170/1302/1037 1125/1257/994
f 1174/1306/1041 1118/1250/987 1657/1789/1464
f 1174/1306/1041 1657/1789/1464 1658/1790/1465
f 1169/1301/1036 1658/1790/1465 1657/1789/1464
f 1169/1301/1036 1657/1789/1464 1126/1258/995
f 1211/1343/1078 1648/1780/1456 1659/1791/1466
f 1211/1343/1078 1659/1791/1466 1147/1279/1016
f 1659/1791/1466 1648/1780/1456 1205/1337/1072
f 1659/1791/1466 1205/1337/1072 1158/1290/1027
f 1212/1344/1079 1146/1278/1015 1660/1792/1467
f 1212/1344/1079 1660/1792/1467 1647/1779/1455
f 1660/1792/1467 1152/1284/1021 1210/1342/1077
f 1660/1792/1467 1210/1342/1077 1647/1779/1455
f 1151/1283/1020 1661/1793/1468 1645/1777/1453
f 1151/1283/1020 1645/1777/1453 1209/1341/1076
f 1644/1776/1453 1662/1794/1469 1156/1288/1025
f 1644/1776/1453 1156/1288/1025 1208/1340/1075
f 1663/1795/1470 1646/1778/1454 1207/1339/1074
f 1663/1795/1470 1207/1339/1074 1155/1287/1024
f 1159/1291/1028 1206/1338/1073 1646/1778/1454
f 1159/1291/1028 1646/1778/1454 1663/1795/1470
f 1095/1227/964 1664/1796/1471 1665/1797/1472
f 1095/1227/964 1665/1797/1472 1145/1277/1014
f 1665/1797/1472 1664/1796/1471 1100/1232/969
f 1665/1797/1472 1100/1232/969 1149/1281/1018
f 1096/1228/965 1148/1280/1017 1666/1798/1473
f 1096/1228/965 1666/1798/1473 1667/1799/1474
f 1666/1798/1473 1157/1289/1026 1090/1222/959
f 1666/1798/1473 1090/1222/959 1667/1799/1474
f 1668/1800/1475 1669/1801/1476 1182/1314/1049
f 1668/1800/1475 1182/1314/1049 1178/1310/1045
f 1176/1308/1043 1189/1321/1056 1670/1802/1477
f 1176/1308/1043 1670/1802/1477 1671/1803/1475
f 1672/1804/1478 1179/1311/1046 1181/1313/1048
f 1672/1804/1478 1181/1313/1048 1673/1805/1479
f 1167/1299/1034 1672/1804/1478 1673/1805/1479
f 1167/1299/1034 1673/1805/1479 1201/1333/1068
f 1150/1282/1019 1099/1231/968 1674/1806/1480
f 1150/1282/1019 1674/1806/1480 1675/1807/1481
f 1676/1808/1482 1677/1809/1480 1082/1214/951
f 1676/1808/1482 1082/1214/951 1153/1285/1022
f 1678/1810/1483 1679/1811/1484 1190/1322/1057
f 1678/1810/1483 1190/1322/1057 1175/1307/1042
f 1196/1328/1063 1679/1811/1484 1678/1810/1483
f 1196/1328/1063 1678/1810/1483 1172/1304/1039
f 1680/1812/1485 1681/1813/1486 1154/1286/1023
f 1680/1812/1485 1154/1286/1023 1081/1213/950
f 1160/1292/1029 1681/1813/1486 1680/1812/1485
f 1160/1292/1029 1680/1812/1485 1087/1219/956
f 1171/1303/1038 1682/1814/1487 1683/1815/1488
f 1171/1303/1038 1683/1815/1488 1193/1325/1060
f 1683/1815/1488 1682/1814/1487 1168/1300/1035
f 1683/1815/1488 1168/1300/1035 1200/1332/1067
f 1199/1331/1066 1204/1336/1071 1618/1750/1435
f 1199/1331/1066 1618/1750/1435 1684/1816/1489
f 1618/1750/1435 1197/1329/1064 1194/1326/1061
f 1618/1750/1435 1194/1326/1061 1684/1816/1489
f 1615/1747/1432 1203/1335/1070 1202/1334/1069
f 1615/1747/1432 1202/1334/1069 1685/1817/1490
f 1615/1747/1432 1685/1817/1490 1184/1316/1051
f 1615/1747/1432 1184/1316/1051 1185/1317/1052
f 1683/1815/1488 1200/1332/1067 1199/1331/1066
f 1683/1815/1488 1199/1331/1066 1684/1816/1489
f 1193/1325/1060 1683/1815/1488 1684/1816/1489
f 1193/1325/1060 1684/1816/1489 1194/1326/1061
f 1201/1333/1068 1673/1805/1479 1685/1817/1490
f 1201/1333/1068 1685/1817/1490 1202/1334/1069
f 1685/1817/1490 1673/1805/1479 1181/1313/1048
f 1685/1817/1490 1181/1313/1048 1184/1316/1051
f 1198/1330/1065 1610/1742/1427 1686/1818/1491
f 1198/1330/1065 1686/1818/1491 1195/1327/1062
f 1610/1742/1427 1191/1323/1058 1187/1319/1054
f 1610/1742/1427 1187/1319/1054 1686/1818/1491
f 1195/1327/1062 1686/1818/1491 1679/1811/1484
f 1195/1327/1062 1679/1811/1484 1196/1328/1063
f 1679/1811/1484 1686/1818/1491 1187/1319/1054
f 1679/1811/1484 1187/1319/1054 1190/1322/1057
f 1687/1819/1492 1188/1320/1055 1192/1324/1059
f 1687/1819/1492 1192/1324/1059 1612/1744/1429
f 1186/1318/1053 1183/1315/1050 1688/1820/1492
f 1186/1318/1053 1688/1820/1492 1614/1746/1431
f 1189/1321/1056 1188/1320/1055 1687/1819/1492
f 1189/1321/1056 1687/1819/1492 1670/1802/1477
f 1669/1801/1476 1688/1820/1492 1183/1315/1050
f 1669/1801/1476 1183/1315/1050 1182/1314/1049
f 1672/1804/1478 1650/1782/1458 1180/1312/1047
f 1672/1804/1478 1180/1312/1047 1179/1311/1046
f 1167/1299/1034 1166/1298/1033 1650/1782/1458
f 1167/1299/1034 1650/1782/1458 1672/1804/1478
f 1652/1784/1460 1668/1800/1475 1178/1310/1045
f 1652/1784/1460 1178/1310/1045 1177/1309/1044
f 1173/1305/1040 1176/1308/1043 1671/1803/1475
f 1173/1305/1040 1671/1803/1475 1653/1785/1461
f 1174/1306/1041 1658/1790/1465 1678/1810/1483
f 1174/1306/1041 1678/1810/1483 1175/1307/1042
f 1678/1810/1483 1658/1790/1465 1169/1301/1036
f 1678/1810/1483 1169/1301/1036 1172/1304/1039
f 1170/1302/1037 1655/1787/1462 1682/1814/1487
f 1170/1302/1037 1682/1814/1487 1171/1303/1038
f 1682/1814/1487 1655/1787/1462 1165/1297/1032
f 1682/1814/1487 1165/1297/1032 1168/1300/1035
f 1689/1821/1493 1690/1822/1494 1691/1823/1495
f 1689/1821/1493 1691/1823/1495 1161/1293/1030
f 1692/1824/1496 1693/1825/1497 1135/1267/1004
f 1692/1824/1496 1135/1267/1004 1091/1223/960
f 1694/1826/1498 1695/1827/1499 1696/1828/1500
f 1694/1826/1498 1696/1828/1500 1164/1296/1031
f 1697/1829/1501 1104/1236/973 1143/1275/1012
f 1697/1829/1501 1143/1275/1012 1698/1830/1502
f 1659/1791/1466 1158/1290/1027 1157/1289/1026
f 1659/1791/1466 1157/1289/1026 1666/1798/1473
f 1147/1279/1016 1659/1791/1466 1666/1798/1473
f 1147/1279/1016 1666/1798/1473 1148/1280/1017
f 1159/1291/1028 1663/1795/1470 1681/1813/1486
f 1159/1291/1028 1681/1813/1486 1160/1292/1029
f 1681/1813/1486 1663/1795/1470 1155/1287/1024
f 1681/1813/1486 1155/1287/1024 1154/1286/1023
f 1699/1831/1503 1700/1832/1504 1092/1224/961
f 1699/1831/1503 1092/1224/961 1134/1266/1003
f 1097/1229/966 1700/1832/1504 1699/1831/1503
f 1097/1229/966 1699/1831/1503 1140/1272/1009
f 1662/1794/1469 1676/1808/1482 1153/1285/1022
f 1662/1794/1469 1153/1285/1022 1156/1288/1025
f 1151/1283/1020 1150/1282/1019 1675/1807/1481
f 1151/1283/1020 1675/1807/1481 1661/1793/1468
f 1139/1271/1008 1701/1833/1505 1702/1834/1506
f 1139/1271/1008 1702/1834/1506 1098/1230/967
f 1701/1833/1505 1144/1276/1013 1103/1235/972
f 1701/1833/1505 1103/1235/972 1702/1834/1506
f 1660/1792/1467 1665/1797/1472 1149/1281/1018
f 1660/1792/1467 1149/1281/1018 1152/1284/1021
f 1145/1277/1014 1665/1797/1472 1660/1792/1467
f 1145/1277/1014 1660/1792/1467 1146/1278/1015
f 1143/1275/1012 1142/1274/1011 1622/1754/1436
f 1143/1275/1012 1622/1754/1436 1703/1835/1507
f 1704/1836/1507 1619/1751/1436 1132/1264/1001
f 1704/1836/1507 1132/1264/1001 1131/1263/1000
f 1701/1833/1505 1627/1759/1442 1141/1273/1010
f 1701/1833/1505 1141/1273/1010 1144/1276/1013
f 1138/1270/1007 1627/1759/1442 1701/1833/1505
f 1138/1270/1007 1701/1833/1505 1139/1271/1008
f 1137/1269/1006 1140/1272/1009 1699/1831/1503
f 1137/1269/1006 1699/1831/1503 1626/1758/1441
f 1699/1831/1503 1134/1266/1003 1133/1265/1002
f 1699/1831/1503 1133/1265/1002 1626/1758/1441
f 1135/1267/1004 1705/1837/1508 1624/1756/1439
f 1135/1267/1004 1624/1756/1439 1136/1268/1005
f 1705/1837/1508 1130/1262/999 1129/1261/998
f 1705/1837/1508 1129/1261/998 1624/1756/1439
f 1124/1256/993 1128/1260/997 1625/1757/1440
f 1124/1256/993 1625/1757/1440 1706/1838/1509
f 1625/1757/1440 1115/1247/984 1111/1243/980
f 1625/1757/1440 1111/1243/980 1706/1838/1509
f 1127/1259/996 1123/1255/992 1707/1839/1510
f 1127/1259/996 1707/1839/1510 1628/1760/1443
f 1628/1760/1443 1707/1839/1510 1117/1249/986
f 1628/1760/1443 1117/1249/986 1121/1253/990
f 1124/1256/993 1706/1838/1509 1656/1788/1463
f 1124/1256/993 1656/1788/1463 1125/1257/994
f 1656/1788/1463 1706/1838/1509 1111/1243/980
f 1656/1788/1463 1111/1243/980 1114/1246/983
f 1126/1258/995 1657/1789/1464 1707/1839/1510
f 1126/1258/995 1707/1839/1510 1123/1255/992
f 1657/1789/1464 1118/1250/987 1117/1249/986
f 1657/1789/1464 1117/1249/986 1707/1839/1510
f 1122/1254/991 1120/1252/989 1708/1840/1511
f 1122/1254/991 1708/1840/1511 1621/1753/1437
f 1709/1841/1511 1105/1237/974 1110/1242/979
f 1709/1841/1511 1110/1242/979 1620/1752/1437
f 1119/1251/988 1654/1786/1459 1708/1840/1511
f 1119/1251/988 1708/1840/1511 1120/1252/989
f 1709/1841/1511 1651/1783/1459 1106/1238/975
f 1709/1841/1511 1106/1238/975 1105/1237/974
f 1116/1248/985 1623/1755/1438 1710/1842/1512
f 1116/1248/985 1710/1842/1512 1112/1244/981
f 1623/1755/1438 1109/1241/978 1108/1240/977
f 1623/1755/1438 1108/1240/977 1710/1842/1512
f 1113/1245/982 1112/1244/981 1710/1842/1512
f 1113/1245/982 1710/1842/1512 1649/1781/1457
f 1649/1781/1457 1710/1842/1512 1108/1240/977
f 1649/1781/1457 1108/1240/977 1107/1239/976
f 1104/1236/973 1711/1843/1513 1712/1844/1514
f 1104/1236/973 1712/1844/1514 1102/1234/971
f 1713/1845/1514 1714/1846/1501 1715/1847/1515
f 1713/1845/1514 1715/1847/1515 1716/1848/1516
f 1101/1233/970 1717/1849/1517 1702/1834/1506
f 1101/1233/970 1702/1834/1506 1103/1235/972
f 1702/1834/1506 1717/1849/1517 1094/1226/963
f 1702/1834/1506 1094/1226/963 1098/1230/967
f 1712/1844/1514 1674/1806/1480 1099/1231/968
f 1712/1844/1514 1099/1231/968 1102/1234/971
f 1718/1850/1518 1082/1214/951 1677/1809/1480
f 1718/1850/1518 1677/1809/1480 1713/1845/1514
f 1101/1233/970 1100/1232/969 1664/1796/1471
f 1101/1233/970 1664/1796/1471 1717/1849/1517
f 1664/1796/1471 1095/1227/964 1094/1226/963
f 1664/1796/1471 1094/1226/963 1717/1849/1517
f 1719/1851/1519 1700/1832/1504 1097/1229/966
f 1719/1851/1519 1097/1229/966 1093/1225/962
f 1089/1221/958 1092/1224/961 1700/1832/1504
f 1089/1221/958 1700/1832/1504 1719/1851/1519
f 1719/1851/1519 1093/1225/962 1096/1228/965
f 1719/1851/1519 1096/1228/965 1667/1799/1474
f 1089/1221/958 1719/1851/1519 1667/1799/1474
f 1089/1221/958 1667/1799/1474 1090/1222/959
f 1091/1223/960 1088/1220/957 1720/1852/1520
f 1091/1223/960 1720/1852/1520 1721/1853/1521
f 1720/1852/1520 1722/1854/1522 1723/1855/1523
f 1720/1852/1520 1723/1855/1523 1692/1824/1496
f 1720/1852/1520 1088/1220/957 1087/1219/956
f 1720/1852/1520 1087/1219/956 1680/1812/1485
f 1081/1213/950 1084/1216/1524 1720/1852/1520
f 1081/1213/950 1720/1852/1520 1680/1812/1485
f 721/901/690 668/848/642 1724/1856/1525
f 721/901/690 1724/1856/1525 1725/1857/1526
f 1726/1858/1526 1727/1859/1525 663/843/637
f 1726/1858/1526 663/843/637 719/899/688
f 1728/1860/1527 1729/1861/1528 669/849/643
f 1728/1860/1527 669/849/643 720/900/689
f 675/855/649 1729/1861/1528 1728/1860/1527
f 675/855/649 1728/1860/1527 715/895/684
f 1730/1862/1529 1731/1863/1530 718/898/687
f 1730/1862/1529 718/898/687 662/842/636
f 717/897/686 1731/1863/1530 1730/1862/1529
f 717/897/686 1730/1862/1529 681/861/655
f 1732/1864/1531 716/896/685 680/860/654
f 1732/1864/1531 680/860/654 1733/1865/1532
f 714/894/683 1732/1864/1531 1733/1865/1532
f 714/894/683 1733/1865/1532 674/854/648
f 583/763/557 602/782/576 1734/1866/1533
f 583/763/557 1734/1866/1533 1735/1867/1534
f 1735/1867/1534 1734/1866/1533 608/788/582
f 1735/1867/1534 608/788/582 589/769/563
f 603/783/577 582/762/556 1736/1868/1535
f 603/783/577 1736/1868/1535 1737/1869/1536
f 1738/1870/1535 595/775/569 616/796/590
f 1738/1870/1535 616/796/590 1739/1871/1537
f 588/768/562 607/787/581 1740/1872/1538
f 588/768/562 1740/1872/1538 1741/1873/1539
f 1740/1872/1538 610/790/584 601/781/575
f 1740/1872/1538 601/781/575 1741/1873/1539
f 594/774/568 1742/1874/1540 1743/1875/1541
f 594/774/568 1743/1875/1541 617/797/591
f 1743/1875/1541 1742/1874/1540 600/780/574
f 1743/1875/1541 600/780/574 613/793/587
f 721/901/690 1725/1857/1526 1744/1876/1542
f 721/901/690 1744/1876/1542 707/887/679
f 1745/1877/1542 1726/1858/1526 719/899/688
f 1745/1877/1542 719/899/688 711/891/681
f 1728/1860/1527 720/900/689 706/886/678
f 1728/1860/1527 706/886/678 1746/1878/1543
f 715/895/684 1728/1860/1527 1746/1878/1543
f 715/895/684 1746/1878/1543 705/885/677
f 1731/1863/1530 1747/1879/1544 712/892/682
f 1731/1863/1530 712/892/682 718/898/687
f 717/897/686 701/881/674 1747/1879/1544
f 717/897/686 1747/1879/1544 1731/1863/1530
f 1732/1864/1531 1748/1880/1545 698/878/672
f 1732/1864/1531 698/878/672 716/896/685
f 704/884/676 1748/1880/1545 1732/1864/1531
f 704/884/676 1732/1864/1531 714/894/683
f 713/893/670 712/892/682 1747/1879/1544
f 713/893/670 1747/1879/1544 1749/1881/1546
f 701/881/674 700/880/665 1749/1881/1546
f 701/881/674 1749/1881/1546 1747/1879/1544
f 1750/1882/1547 1745/1877/1542 711/891/681
f 1750/1882/1547 711/891/681 710/890/680
f 707/887/679 1744/1876/1542 1751/1883/1547
f 707/887/679 1751/1883/1547 708/888/669
f 1746/1878/1543 706/886/678 709/889/668
f 1746/1878/1543 709/889/668 1752/1884/1548
f 1752/1884/1548 702/882/667 705/885/677
f 1752/1884/1548 705/885/677 1746/1878/1543
f 703/883/675 1753/1885/1549 1748/1880/1545
f 703/883/675 1748/1880/1545 704/884/676
f 1748/1880/1545 1753/1885/1549 699/879/673
f 1748/1880/1545 699/879/673 698/878/672
f 1754/1886/1546 1755/1887/1550 684/864/658
f 1754/1886/1546 684/864/658 696/876/670
f 691/871/665 682/862/656 1755/1887/1550
f 691/871/665 1755/1887/1550 1754/1886/1546
f 1756/1888/1551 1757/1889/1547 697/877/671
f 1756/1888/1551 697/877/671 685/865/659
f 695/875/669 1758/1890/1552 1759/1891/1551
f 695/875/669 1759/1891/1551 687/867/661
f 1760/1892/1548 694/874/668 686/866/660
f 1760/1892/1548 686/866/660 1761/1893/1553
f 693/873/667 1760/1892/1548 1761/1893/1553
f 693/873/667 1761/1893/1553 689/869/663
f 688/868/662 1762/1894/1554 1763/1895/1555
f 688/868/662 1763/1895/1555 692/872/666
f 1763/1895/1555 1762/1894/1554 683/863/657
f 1763/1895/1555 683/863/657 690/870/664
f 1764/1896/1556 1765/1897/1557 580/760/554
f 1764/1896/1556 580/760/554 654/834/628
f 592/772/566 1766/1898/1558 1767/1899/1556
f 592/772/566 1767/1899/1556 650/830/624
f 579/759/553 1768/1900/1559 1769/1901/1560
f 579/759/553 1769/1901/1560 655/835/629
f 586/766/560 645/825/619 1769/1901/1560
f 586/766/560 1769/1901/1560 1768/1900/1559
f 642/822/616 585/765/559 1770/1902/1561
f 642/822/616 1770/1902/1561 1771/1903/1562
f 596/776/570 649/829/623 1771/1903/1562
f 596/776/570 1771/1903/1562 1770/1902/1561
f 593/773/567 653/833/627 1772/1904/1563
f 593/773/567 1772/1904/1563 1773/1905/1564
f 1772/1904/1563 646/826/620 599/779/573
f 1772/1904/1563 599/779/573 1773/1905/1564
f 621/801/595 689/869/663 1761/1893/1553
f 621/801/595 1761/1893/1553 1774/1906/1565
f 1774/1906/1565 1761/1893/1553 686/866/660
f 1774/1906/1565 686/866/660 625/805/599
f 688/868/662 620/800/594 1775/1907/1566
f 688/868/662 1775/1907/1566 1762/1894/1554
f 1775/1907/1566 639/819/613 683/863/657
f 1775/1907/1566 683/863/657 1762/1894/1554
f 626/806/600 687/867/661 1759/1891/1551
f 626/806/600 1759/1891/1551 1776/1908/1567
f 1777/1909/1567 1756/1888/1551 685/865/659
f 1777/1909/1567 685/865/659 631/811/605
f 1778/1910/1568 632/812/606 684/864/658
f 1778/1910/1568 684/864/658 1755/1887/1550
f 638/818/612 1778/1910/1568 1755/1887/1550
f 638/818/612 1755/1887/1550 682/862/656
f 1779/1911/1569 629/809/603 614/794/588
f 1779/1911/1569 614/794/588 1780/1912/1570
f 612/792/586 623/803/597 1779/1911/1569
f 612/792/586 1779/1911/1569 1780/1912/1570
f 615/795/589 628/808/602 1781/1913/1571
f 615/795/589 1781/1913/1571 1782/1914/1572
f 1783/1915/1573 635/815/609 604/784/578
f 1783/1915/1573 604/784/578 1784/1916/1572
f 1785/1917/1574 1786/1918/1575 658/838/632
f 1785/1917/1574 658/838/632 656/836/630
f 644/824/618 678/858/652 1786/1918/1575
f 644/824/618 1786/1918/1575 1785/1917/1574
f 1787/1919/1576 657/837/631 661/841/635
f 1787/1919/1576 661/841/635 1788/1920/1577
f 651/831/625 1789/1921/1576 1790/1922/1577
f 651/831/625 1790/1922/1577 666/846/640
f 622/802/596 611/791/585 1791/1923/1578
f 622/802/596 1791/1923/1578 1792/1924/1579
f 1792/1924/1579 1791/1923/1578 606/786/580
f 1792/1924/1579 606/786/580 640/820/614
f 1793/1925/1580 652/832/626 665/845/639
f 1793/1925/1580 665/845/639 1794/1926/1581
f 671/851/645 647/827/621 1793/1925/1580
f 671/851/645 1793/1925/1580 1794/1926/1581
f 609/789/583 1795/1927/1582 1796/1928/1583
f 609/789/583 1796/1928/1583 641/821/615
f 1795/1927/1582 605/785/579 634/814/608
f 1795/1927/1582 634/814/608 1796/1928/1583
f 648/828/622 670/850/644 1797/1929/1584
f 648/828/622 1797/1929/1584 1798/1930/1585
f 1797/1929/1584 679/859/653 643/823/617
f 1797/1929/1584 643/823/617 1798/1930/1585
f 1730/1862/1529 1799/1931/1586 677/857/651
f 1730/1862/1529 677/857/651 681/861/655
f 1730/1862/1529 662/842/636 659/839/633
f 1730/1862/1529 659/839/633 1799/1931/1586
f 676/856/650 1800/1932/1587 1733/1865/1532
f 676/856/650 1733/1865/1532 680/860/654
f 1733/1865/1532 1800/1932/1587 673/853/647
f 1733/1865/1532 673/853/647 674/854/648
f 678/858/652 677/857/651 1799/1931/1586
f 678/858/652 1799/1931/1586 1786/1918/1575
f 1799/1931/1586 659/839/633 658/838/632
f 1799/1931/1586 658/838/632 1786/1918/1575
f 1797/1929/1584 1800/1932/1587 676/856/650
f 1797/1929/1584 676/856/650 679/859/653
f 670/850/644 673/853/647 1800/1932/1587
f 670/850/644 1800/1932/1587 1797/1929/1584
f 675/855/649 672/852/646 1801/1933/1588
f 675/855/649 1801/1933/1588 1729/1861/1528
f 1729/1861/1528 1801/1933/1588 664/844/638
f 1729/1861/1528 664/844/638 669/849/643
f 672/852/646 671/851/645 1794/1926/1581
f 672/852/646 1794/1926/1581 1801/1933/1588
f 1794/1926/1581 665/845/639 664/844/638
f 1794/1926/1581 664/844/638 1801/1933/1588
f 1802/1934/1589 1724/1856/1525 668/848/642
f 1802/1934/1589 668/848/642 667/847/641
f 663/843/637 1727/1859/1525 1803/1935/1590
f 663/843/637 1803/1935/1590 660/840/634
f 666/846/640 1790/1922/1577 1802/1934/1589
f 666/846/640 1802/1934/1589 667/847/641
f 1788/1920/1577 661/841/635 660/840/634
f 1788/1920/1577 660/840/634 1803/1935/1590
f 1764/1896/1556 654/834/628 657/837/631
f 1764/1896/1556 657/837/631 1787/1919/1576
f 650/830/624 1767/1899/1556 1789/1921/1576
f 650/830/624 1789/1921/1576 651/831/625
f 1785/1917/1574 656/836/630 655/835/629
f 1785/1917/1574 655/835/629 1769/1901/1560
f 644/824/618 1785/1917/1574 1769/1901/1560
f 644/824/618 1769/1901/1560 645/825/619
f 653/833/627 652/832/626 1793/1925/1580
f 653/833/627 1793/1925/1580 1772/1904/1563
f 1793/1925/1580 647/827/621 646/826/620
f 1793/1925/1580 646/826/620 1772/1904/1563
f 649/829/623 648/828/622 1798/1930/1585
f 649/829/623 1798/1930/1585 1771/1903/1562
f 1798/1930/1585 643/823/617 642/822/616
f 1798/1930/1585 642/822/616 1771/1903/1562
f 1804/1936/1591 1792/1924/1579 640/820/614
f 1804/1936/1591 640/820/614 636/816/610
f 622/802/596 1792/1924/1579 1804/1936/1591
f 622/802/596 1804/1936/1591 619/799/593
f 637/817/611 641/821/615 1796/1928/1583
f 637/817/611 1796/1928/1583 1805/1937/1592
f 1805/1937/1592 1796/1928/1583 634/814/608
f 1805/1937/1592 634/814/608 633/813/607
f 638/818/612 637/817/611 1805/1937/1592
f 638/818/612 1805/1937/1592 1778/1910/1568
f 1805/1937/1592 633/813/607 632/812/606
f 1805/1937/1592 632/812/606 1778/1910/1568
f 1775/1907/1566 1804/1936/1591 636/816/610
f 1775/1907/1566 636/816/610 639/819/613
f 620/800/594 619/799/593 1804/1936/1591
f 620/800/594 1804/1936/1591 1775/1907/1566
f 1783/1915/1573 1806/1938/1593 630/810/604
f 1783/1915/1573 630/810/604 635/815/609
f 627/807/601 1807/1939/1593 1781/1913/1571
f 627/807/601 1781/1913/1571 628/808/602
f 1777/1909/1567 631/811/605 630/810/604
f 1777/1909/1567 630/810/604 1806/1938/1593
f 626/806/600 1776/1908/1567 1807/1939/1593
f 626/806/600 1807/1939/1593 627/807/601
f 1808/1940/1594 624/804/598 629/809/603
f 1808/1940/1594 629/809/603 1779/1911/1569
f 618/798/592 1808/1940/1594 1779/1911/1569
f 618/798/592 1779/1911/1569 623/803/597
f 1774/1906/1565 625/805/599 624/804/598
f 1774/1906/1565 624/804/598 1808/1940/1594
f 618/798/592 621/801/595 1774/1906/1565
f 618/798/592 1774/1906/1565 1808/1940/1594
f 1780/1912/1570 614/794/588 617/797/591
f 1780/1912/1570 617/797/591 1743/1875/1541
f 613/793/587 612/792/586 1780/1912/1570
f 613/793/587 1780/1912/1570 1743/1875/1541
f 1784/1916/1572 604/784/578 603/783/577
f 1784/1916/1572 603/783/577 1737/1869/1536
f 615/795/589 1782/1914/1572 1739/1871/1537
f 615/795/589 1739/1871/1537 616/796/590
f 1791/1923/1578 1740/1872/1538 607/787/581
f 1791/1923/1578 607/787/581 606/786/580
f 610/790/584 1740/1872/1538 1791/1923/1578
f 610/790/584 1791/1923/1578 611/791/585
f 1795/1927/1582 1734/1866/1533 602/782/576
f 1795/1927/1582 602/782/576 605/785/579
f 609/789/583 608/788/582 1734/1866/1533
f 609/789/583 1734/1866/1533 1795/1927/1582
f 598/778/572 600/780/574 1742/1874/1540
f 598/778/572 1742/1874/1540 1809/1941/1595
f 1742/1874/1540 594/774/568 590/770/564
f 1742/1874/1540 590/770/564 1809/1941/1595
f 597/777/571 1810/1942/1596 1741/1873/1539
f 597/777/571 1741/1873/1539 601/781/575
f 1741/1873/1539 1810/1942/1596 584/764/558
f 1741/1873/1539 584/764/558 588/768/562
f 598/778/572 1809/1941/1595 1773/1905/1564
f 598/778/572 1773/1905/1564 599/779/573
f 1773/1905/1564 1809/1941/1595 590/770/564
f 1773/1905/1564 590/770/564 593/773/567
f 596/776/570 1770/1902/1561 1810/1942/1596
f 596/776/570 1810/1942/1596 597/777/571
f 1770/1902/1561 585/765/559 584/764/558
f 1770/1902/1561 584/764/558 1810/1942/1596
f 595/775/569 1738/1870/1535 1811/1943/1597
f 595/775/569 1811/1943/1597 591/771/565
f 1812/1944/1597 1736/1868/1535 582/762/556
f 1812/1944/1597 582/762/556 581/761/555
f 592/772/566 591/771/565 1811/1943/1597
f 592/772/566 1811/1943/1597 1766/1898/1558
f 1812/1944/1597 581/761/555 580/760/554
f 1812/1944/1597 580/760/554 1765/1897/1557
f 589/769/563 587/767/561 1813/1945/1598
f 589/769/563 1813/1945/1598 1735/1867/1534
f 1735/1867/1534 1813/1945/1598 578/758/552
f 1735/1867/1534 578/758/552 583/763/557
f 586/766/560 1768/1900/1559 1813/1945/1598
f 586/766/560 1813/1945/1598 587/767/561
f 1768/1900/1559 579/759/553 578/758/552
f 1768/1900/1559 578/758/552 1813/1945/1598
f 1814/1946/1599 1815/1947/1600 1816/1948/1601
f 1814/1946/1599 1816/1948/1601 1817/1949/1602
f 1816/1948/1601 1815/1947/1600 1818/1950/1603
f 1816/1948/1601 1818/1950/1603 1819/1951/1604
f 1820/1952/558 1821/1953/559 1822/1954/1605
f 1820/1952/558 1822/1954/1605 1823/1955/561
f 1824/1956/1606 1820/1952/558 1823/1955/561
f 1824/1956/1606 1823/1955/561 1825/1957/1607
f 1826/1958/1608 1827/1959/1609 1828/1960/1610
f 1826/1958/1608 1828/1960/1610 1829/1961/1611
f 1830/1962/1612 1831/1963/1613 1827/1959/1609
f 1830/1962/1612 1827/1959/1609 1826/1958/1608
f 1832/1964/1614 1833/1965/1615 1834/1966/1616
f 1832/1964/1614 1834/1966/1616 1835/1967/1617
f 1834/1966/1616 1836/1968/575 1837/1969/1618
f 1834/1966/1616 1837/1969/1618 1835/1967/1617
f 1838/1970/1619 1839/1971/1620 1840/1972/1621
f 1838/1970/1619 1840/1972/1621 1841/1973/1622
f 1841/1973/1622 1840/1972/1621 1842/1974/1623
f 1841/1973/1622 1842/1974/1623 1843/1975/1624
f 1844/1976/1625 1845/1977/1626 1846/1978/1627
f 1844/1976/1625 1846/1978/1627 1847/1979/1628
f 1848/1980/1629 1833/1965/1615 1832/1964/1614
f 1848/1980/1629 1832/1964/1614 1849/1981/1630
f 1850/1982/1631 1829/1961/1611 1828/1960/1610
f 1850/1982/1631 1828/1960/1610 1851/1983/1632
f 1852/1984/1633 1822/1954/1605 1821/1953/559
f 1852/1984/1633 1821/1953/559 1853/1985/1634
f 1854/1986/1635 1855/1987/1636 1814/1946/1599
f 1854/1986/1635 1814/1946/1599 1817/1949/1602
f 1844/1976/1625 1856/1988/1637 1837/1969/1618
f 1844/1976/1625 1837/1969/1618 1836/1968/575
f 1857/1989/1638 1831/1963/1613 1830/1962/1612
f 1857/1989/1638 1830/1962/1612 1858/1990/1639
f 1839/1971/1620 1859/1991/1640 1824/1956/1606
f 1839/1971/1620 1824/1956/1606 1825/1957/1607
f 1860/1992/1641 1842/1974/1623 1819/1951/1604
f 1860/1992/1641 1819/1951/1604 1818/1950/1603
f 1861/1993/691 1862/1994/691 1863/1995/692
f 1861/1993/691 1863/1995/692 1864/1996/692
f 1869/1997/1642 1870/1998/1643 1871/1999/1644
f 1869/1997/1642 1871/1999/1644 1872/2000/1645
f 1875/2001/1646 1876/2002/1646 1877/2003/1647
f 1875/2001/1646 1877/2003/1647 1878/2004/1647
f 1883/2005/1645 1884/2006/1644 1885/2007/1648
f 1883/2005/1645 1885/2007/1648 1886/2008/1649
f 1889/2009/1650 1890/2010/1650 1891/2011/1647
f 1889/2009/1650 1891/2011/1647 1892/2012/1647
f 1897/2013/1651 1898/2014/1652 1899/2015/1653
f 1897/2013/1651 1899/2015/1653 1900/2016/1654
f 1901/2017/1655 1902/2018/1655 1903/2019/1656
f 1901/2017/1655 1903/2019/1656 1904/2020/1656
f 1909/2021/1657 1910/2022/1658 1911/2023/1659
f 1909/2021/1657 1911/2023/1659 1912/2024/1660
f 1917/2025/1661 1918/2026/1662 1919/2027/1663
f 1917/2025/1661 1919/2027/1663 1920/2028/1664
f 1921/2029/1665 1922/2030/1666 1923/2031/1667
f 1921/2029/1665 1923/2031/1667 1924/2032/1668
f 1925/2033/1669 1926/2034/1670 1927/2035/1671
f 1925/2033/1669 1927/2035/1671 1928/2036/723
f 1929/2037/1672 1930/2038/1673 1931/2039/1666
f 1929/2037/1672 1931/2039/1666 1932/2040/1665
f 1933/2041/1674 1934/2042/1675 1935/2043/1676
f 1933/2041/1674 1935/2043/1676 1936/2044/1677
f 1920/2028/1664 1919/2027/1663 1937/2045/1678
f 1920/2028/1664 1937/2045/1678 1938/2046/1679
f 1939/2047/1680 1940/2048/1681 1941/2049/1675
f 1939/2047/1680 1941/2049/1675 1942/2050/1674
f 1943/2051/1682 1944/2052/1683 1926/2034/1670
f 1943/2051/1682 1926/2034/1670 1925/2033/1669
f 1945/2053/1684 1946/2054/1685 1947/2055/1686
f 1945/2053/1684 1947/2055/1686 1948/2056/1687
f 1949/2057/1688 1950/2058/1689 1951/2059/1690
f 1949/2057/1688 1951/2059/1690 1952/2060/1691
f 1953/2061/1692 1954/2062/1693 1955/2063/1694
f 1953/2061/1692 1955/2063/1694 1956/2064/1695
f 1957/2065/1696 1958/2066/1697 1959/2067/1698
f 1957/2065/1696 1959/2067/1698 1960/2068/1699
f 1961/2069/1700 1962/2070/1701 1963/2071/1702
f 1961/2069/1700 1963/2071/1702 1964/2072/1703
f 1965/2073/1704 1966/2074/1705 1967/2075/1706
f 1965/2073/1704 1967/2075/1706 1968/2076/1707
f 105/288/114 1969/2077/1708 1970/2078/1709
f 105/288/114 1970/2078/1709 1971/2079/1710
f 89/272/98 105/288/114 97/280/106
f 89/272/98 97/280/106 81/264/91
f 1971/2079/1710 1972/2080/1711 97/280/106
f 1971/2079/1710 97/280/106 105/288/114
f 101/284/110 1973/2081/1712 1974/2082/1713
f 101/284/110 1974/2082/1713 1975/2083/1714
f 85/268/63 77/260/87 93/276/102
f 85/268/63 93/276/102 101/284/110
f 1973/2081/1712 101/284/110 93/276/102
f 1973/2081/1712 93/276/102 1976/2084/1715
f 97/280/106 1972/2080/1711 1977/2085/1716
f 97/280/106 1977/2085/1716 1978/2086/1717
f 93/276/102 1979/2087/1718 1980/2088/1719
f 93/276/102 1980/2088/1719 1976/2084/1715
f 1981/2089/1720 1982/2090/1721 1983/2091/1722
f 1981/2089/1720 1983/2091/1722 1984/2092/1723
f 1985/2093/1724 1986/2094/1725 1987/2095/1726
f 1985/2093/1724 1987/2095/1726 1988/2096/1727
f 89/272/98 1989/2097/781 1990/2098/1728
f 89/272/98 1990/2098/1728 1991/2099/1729
f 1992/2100/1730 1989/2097/781 89/272/98
f 1992/2100/1730 89/272/98 81/264/91
f 85/268/63 1993/2101/785 1994/2102/1731
f 85/268/63 1994/2102/1731 1995/2103/1732
f 1996/2104/1733 77/260/87 85/268/63
f 1996/2104/1733 85/268/63 1995/2103/1732
f 81/264/91 1997/2105/1734 1998/2106/1735
f 81/264/91 1998/2106/1735 1992/2100/1730
f 77/260/87 1996/2104/1733 1999/2107/1736
f 77/260/87 1999/2107/1736 2000/2108/1737
f 2001/2109/1738 2002/2110/1739 2003/2111/1740
f 2001/2109/1738 2003/2111/1740 2004/2112/1741
f 2005/2113/1742 2006/2114/1743 2007/2115/1744
f 2005/2113/1742 2007/2115/1744 2008/2116/1745
f 2009/2117/1746 2010/2118/1747 2011/2119/1748
f 2009/2117/1746 2011/2119/1748 2012/2120/1749
f 2013/2121/805 2014/2122/1750 2012/2120/1749
f 2013/2121/805 2012/2120/1749 2011/2119/1748
f 2015/2123/1751 2016/2124/1752 2017/2125/809
f 2015/2123/1751 2017/2125/809 2018/2126/1753
f 2019/2127/1754 2020/2128/1755 2018/2126/1753
f 2019/2127/1754 2018/2126/1753 2017/2125/809
f 2021/2129/1756 2022/2130/1757 2014/2122/1750
f 2021/2129/1756 2014/2122/1750 2013/2121/805
f 2023/2131/1758 2024/2132/1759 2020/2128/1755
f 2023/2131/1758 2020/2128/1755 2019/2127/1754
f 1918/2026/1662 2025/2133/1680 2026/2134/1674
f 1918/2026/1662 2026/2134/1674 2027/2135/1760
f 2028/2136/819 2029/2137/1761 2030/2138/1761
f 2028/2136/819 2030/2138/1761 2031/2139/819
f 2032/2140/1760 1933/2041/1674 2033/2141/1762
f 2032/2140/1760 2033/2141/1762 2034/2142/1763
f 2035/2143/1764 2036/2144/1765 2037/2145/1765
f 2035/2143/1764 2037/2145/1765 2038/2146/1764
f 2039/2147/7 2040/2148/1766 2041/2149/1766
f 2039/2147/7 2041/2149/1766 2042/2150/7
f 1927/2035/1671 2043/2151/1767 1941/2049/1675
f 1927/2035/1671 1941/2049/1675 1940/2048/1681
f 2044/2152/828 2045/2153/1768 2046/2154/1769
f 2044/2152/828 2046/2154/1769 2047/2155/828
f 2048/2156/5 2049/2157/1770 2050/2158/1770
f 2048/2156/5 2050/2158/1770 2051/2159/5
f 2052/2160/1771 2053/2161/1647 2054/2162/1772
f 2052/2160/1771 2054/2162/1772 2055/2163/1771
f 2056/2164/1773 2057/2165/1774 2058/2166/1775
f 2056/2164/1773 2058/2166/1775 1934/2042/1776
f 2059/94/4 2060/86/4 2061/2167/931
f 2059/94/4 2061/2167/931 2062/2168/1777
f 2063/2169/1778 2064/2170/1779 2065/2171/1780
f 2063/2169/1778 2065/2171/1780 2066/2172/1781
f 2067/2173/1782 2068/2174/1783 2069/2175/1784
f 2067/2173/1782 2069/2175/1784 2070/2176/1785
f 1937/2045/1678 2071/2177/1786 2072/2178/1666
f 1937/2045/1678 2072/2178/1666 2073/2179/1673
f 2074/2180/1787 2075/2181/1787 2076/2182/1788
f 2074/2180/1787 2076/2182/1788 2077/2183/1788
f 2077/2183/1788 2076/2182/1788 2078/2184/709
f 2077/2183/1788 2078/2184/709 2079/2185/709
f 2080/92/3 2081/2186/1789 2082/2187/1790
f 2080/92/3 2082/2187/1790 2083/82/3
f 2084/2188/1791 2085/2189/1792 2086/2190/1793
f 2084/2188/1791 2086/2190/1793 2087/2191/1794
f 2088/2192/1795 2089/2193/1796 2090/2194/1797
f 2088/2192/1795 2090/2194/1797 2091/2195/1798
f 2092/2196/1786 2093/2197/1799 2094/2198/1800
f 2092/2196/1786 2094/2198/1800 1922/2030/1801
f 2095/2199/865 2096/2200/865 2097/2201/1802
f 2095/2199/865 2097/2201/1802 2098/2202/1802
f 2098/2202/1802 2097/2201/1802 2099/2203/709
f 2098/2202/1802 2099/2203/709 2100/2204/709
f 2101/2205/1803 2102/2206/868 2103/85/4
f 2101/2205/1803 2103/85/4 2104/89/4
f 1944/2052/1683 1929/2037/1672 1932/2040/1665
f 1944/2052/1683 1932/2040/1665 2105/2207/1804
f 2103/85/4 2102/2206/868 2061/2167/931
f 2103/85/4 2061/2167/931 2060/86/4
f 2106/2208/1805 2107/2209/1806 2064/2170/1779
f 2106/2208/1805 2064/2170/1779 2063/2169/1778
f 2108/2210/1807 2109/83/3 2110/79/3
f 2108/2210/1807 2110/79/3 2111/2211/1808
f 2112/2212/1804 1921/2029/1665 2113/2213/1809
f 2112/2212/1804 2113/2213/1809 2114/2214/1810
f 2110/79/3 2083/82/3 2082/2187/1790
f 2110/79/3 2082/2187/1790 2111/2211/1808
f 2087/2191/1794 2086/2190/1793 2115/2215/1811
f 2087/2191/1794 2115/2215/1811 2116/2216/1812
f 2117/2217/1813 2118/2218/1814 2119/2219/1815
f 2117/2217/1813 2119/2219/1815 2091/2195/1798
f 2120/2220/1816 2121/2221/1817 2122/2222/5
f 2120/2220/1816 2122/2222/5 2123/2223/1770
f 2065/2171/1780 2124/2224/1818 1871/1999/1644
f 2065/2171/1780 1871/1999/1644 1870/1998/1643
f 2125/2225/1819 2126/2226/1820 2047/2155/828
f 2125/2225/1819 2047/2155/828 2046/2154/1769
f 2121/2221/1817 2120/2220/1816 2118/2218/1814
f 2121/2221/1817 2118/2218/1814 2127/2227/1821
f 2128/2228/888 2129/2229/1822 2049/2157/1770
f 2128/2228/888 2049/2157/1770 2048/2156/5
f 2130/2230/1823 2131/2231/1824 2045/2153/1768
f 2130/2230/1823 2045/2153/1768 2044/2152/828
f 2132/2232/1818 2133/2233/1825 2134/2234/1826
f 2132/2232/1818 2134/2234/1826 1884/2006/1827
f 2135/2235/1828 2101/2205/1803 2104/89/4
f 2135/2235/1828 2104/89/4 2136/2236/896
f 2085/2189/1792 1869/1997/1642 1872/2000/1645
f 2085/2189/1792 1872/2000/1645 2137/2237/1829
f 2138/2238/1830 2139/2239/899 2053/2161/1647
f 2138/2238/1830 2053/2161/1647 2052/2160/1771
f 2140/2240/1831 2136/2236/896 2104/89/4
f 2140/2240/1831 2104/89/4 2141/90/4
f 2139/2239/899 2142/2241/1832 2028/2136/819
f 2139/2239/899 2028/2136/819 2053/2161/1647
f 2143/2242/1833 2144/2243/901 2109/83/3
f 2143/2242/1833 2109/83/3 2108/2210/1807
f 2145/2244/902 2146/2245/1834 2147/2246/1771
f 2145/2244/902 2147/2246/1771 2148/2247/1647
f 2149/2248/1835 2150/2249/1645 2151/2250/1836
f 2149/2248/1835 2151/2250/1836 2152/2251/1837
f 2153/2252/1838 2154/84/3 2109/83/3
f 2153/2252/1838 2109/83/3 2144/2243/901
f 2155/2253/902 2145/2244/902 2148/2247/1647
f 2155/2253/902 2148/2247/1647 2156/2254/819
f 2159/93/4 2160/2255/1839 2161/2256/907
f 2159/93/4 2161/2256/907 2162/87/4
f 1907/73/4 1880/62/4 2163/2257/1840
f 1907/73/4 2163/2257/1840 2034/2142/1763
f 2164/2258/909 2165/2259/1841 2166/2260/1842
f 2164/2258/909 2166/2260/1842 2068/2174/1783
f 2167/2261/1843 1908/74/4 1907/73/4
f 2167/2261/1843 1907/73/4 2034/2142/1763
f 2169/91/3 2158/81/3 2170/2262/1844
f 2169/91/3 2170/2262/1844 2171/2263/1845
f 1895/69/3 2057/2165/1774 2172/2264/1846
f 1895/69/3 2172/2264/1846 1868/58/3
f 2129/2229/1822 2128/2228/888 2173/2265/916
f 2129/2229/1822 2173/2265/916 2165/2259/1841
f 2174/2266/1847 2057/2165/1774 1895/69/3
f 2174/2266/1847 1895/69/3 1894/68/3
f 2175/2267/1848 2141/90/4 2168/88/4
f 2175/2267/1848 2168/88/4 2176/2268/1849
f 2177/2269/1850 2093/2197/1799 1879/61/4
f 2177/2269/1850 1879/61/4 1887/65/4
f 2176/2268/1849 2168/88/4 2162/87/4
f 2176/2268/1849 2162/87/4 2161/2256/907
f 1879/61/4 2093/2197/1799 2163/2257/1840
f 1879/61/4 2163/2257/1840 1880/62/4
f 2178/2270/1851 2179/2271/1852 2157/80/3
f 2178/2270/1851 2157/80/3 2154/84/3
f 2180/2272/1853 1873/59/3 1865/55/3
f 2180/2272/1853 1865/55/3 2114/2214/1810
f 2179/2271/1852 2170/2262/1844 2158/81/3
f 2179/2271/1852 2158/81/3 2157/80/3
f 1865/55/3 1868/58/3 2172/2264/1846
f 1865/55/3 2172/2264/1846 2114/2214/1810
f 2181/2273/1854 2182/2274/1855 2183/2275/1856
f 2181/2273/1854 2183/2275/1856 2088/2192/1795
f 2184/2276/927 2185/2277/1857 2186/2278/1766
f 2184/2276/927 2186/2278/1766 2187/2279/7
f 2188/2280/1858 2189/2281/1859 2190/2282/1765
f 2188/2280/1858 2190/2282/1765 2191/2283/1764
f 2133/2233/1825 2192/2284/1860 1881/63/4
f 2133/2233/1825 1881/63/4 1906/72/4
f 2197/2285/1861 2133/2233/1825 1906/72/4
f 2197/2285/1861 1906/72/4 1905/71/4
f 2185/2277/1857 2184/2276/927 2198/2286/1862
f 2185/2277/1857 2198/2286/1862 2182/2274/1855
f 2199/2287/1863 2200/2288/1864 2042/2150/7
f 2199/2287/1863 2042/2150/7 2041/2149/1766
f 2152/2251/1837 1896/70/3 1867/57/3
f 2152/2251/1837 1867/57/3 2201/2289/1865
f 2202/2290/1866 2203/2291/1867 2038/2146/1764
f 2202/2290/1866 2038/2146/1764 2037/2145/1765
f 2141/90/4 2175/2267/1848 2204/2292/939
f 2141/90/4 2204/2292/939 2140/2240/1831
f 2205/2293/1868 1893/67/3 1896/70/3
f 2205/2293/1868 1896/70/3 2152/2251/1837
f 2142/2241/1832 2206/2294/1869 2029/2137/1761
f 2142/2241/1832 2029/2137/1761 2028/2136/819
f 2207/2295/1870 1888/66/4 1882/64/4
f 2207/2295/1870 1882/64/4 2208/2296/1871
f 2154/84/3 2153/2252/1838 2209/2297/1872
f 2154/84/3 2209/2297/1872 2178/2270/1851
f 1882/64/4 1881/63/4 2192/2284/1860
f 1882/64/4 2192/2284/1860 2208/2296/1871
f 2214/2298/1873 2215/2299/1874 1866/56/3
f 2214/2298/1873 1866/56/3 1874/60/3
f 2216/2300/1875 2155/2253/902 2156/2254/819
f 2216/2300/1875 2156/2254/819 2217/2301/1761
f 1866/56/3 2215/2299/1874 2201/2289/1865
f 1866/56/3 2201/2289/1865 1867/57/3
f 2218/2302/952 2219/2303/1876 2220/2304/1877
f 2218/2302/952 2220/2304/1877 2221/2305/1878
f 2222/2306/1879 2223/2307/1880 2219/2303/1876
f 2222/2306/1879 2219/2303/1876 2224/2308/1881
f 2225/2309/1882 2226/2310/1883 2227/2311/1884
f 2225/2309/1882 2227/2311/1884 2228/2312/1885
f 2225/2309/1882 2229/2313/1886 2222/2306/1879
f 2225/2309/1882 2222/2306/1879 2224/2308/1881
f 2230/2314/1887 2231/2315/1888 2232/2316/1889
f 2230/2314/1887 2232/2316/1889 2233/2317/1890
f 2234/2318/1891 2235/2319/1892 2236/2320/1893
f 2234/2318/1891 2236/2320/1893 2228/2312/1885
f 2237/2321/1894 2238/2322/1895 2239/2323/1896
f 2237/2321/1894 2239/2323/1896 2240/2324/1897
f 2241/2325/1898 2242/2326/1899 2243/2327/977
f 2241/2325/1898 2243/2327/977 2244/2328/1900
f 2245/2329/1901 2244/2328/1900 2243/2327/977
f 2245/2329/1901 2243/2327/977 2246/2330/1902
f 2247/2331/980 2248/2332/1903 2249/2333/1904
f 2247/2331/980 2249/2333/1904 2250/2334/1905
f 2251/2335/984 2252/2336/1906 2248/2332/1903
f 2251/2335/984 2248/2332/1903 2247/2331/980
f 2253/2337/1907 2254/2338/1908 2255/2339/1909
f 2253/2337/1907 2255/2339/1909 2256/2340/1910
f 2257/2341/1911 2253/2337/1907 2256/2340/1910
f 2257/2341/1911 2256/2340/1910 2258/2342/991
f 2259/2343/1912 2260/2344/1913 2261/2345/1914
f 2259/2343/1912 2261/2345/1914 2262/2346/1915
f 2263/2347/997 2261/2345/1914 2260/2344/1913
f 2263/2347/997 2260/2344/1913 2264/2348/1916
f 2265/2349/998 2266/2350/999 2267/2351/1917
f 2265/2349/998 2267/2351/1917 2268/2352/1918
f 2269/2353/1919 2270/2354/1003 2271/2355/1920
f 2269/2353/1919 2271/2355/1920 2272/2356/1921
f 2273/2357/1922 2274/2358/1007 2275/2359/1008
f 2273/2357/1922 2275/2359/1008 2276/2360/1009
f 2277/2361/1923 2278/2362/1924 2279/2363/1925
f 2277/2361/1923 2279/2363/1925 2280/2364/1926
f 2280/2364/1926 2279/2363/1925 2240/2324/1897
f 2280/2364/1926 2240/2324/1897 2239/2323/1896
f 2276/2360/1009 2275/2359/1008 2231/2315/1888
f 2276/2360/1009 2231/2315/1888 2230/2314/1887
f 2270/2354/1003 2227/2311/1884 2226/2310/1883
f 2270/2354/1003 2226/2310/1883 2271/2355/1920
f 2281/2365/1927 2282/2366/1927 2283/2367/1928
f 2281/2365/1927 2283/2367/1928 2284/2368/1928
f 2285/2369/1929 2286/2370/1930 2287/2371/1931
f 2285/2369/1929 2287/2371/1931 2288/2372/1932
f 2289/2373/1933 2290/2374/1934 2291/2375/1935
f 2289/2373/1933 2291/2375/1935 2292/2376/1936
f 2293/2377/1937 2294/2378/1938 2295/2379/1939
f 2293/2377/1937 2295/2379/1939 2296/2380/1940
f 2297/2381/1941 2298/2382/1942 2299/2383/1943
f 2297/2381/1941 2299/2383/1943 2300/2384/1944
f 2301/2385/1945 2302/2386/1946 2303/2387/1947
f 2301/2385/1945 2303/2387/1947 2304/2388/1948
f 2305/2389/1949 2304/2388/1948 2303/2387/1947
f 2305/2389/1949 2303/2387/1947 2306/2390/1950
f 2307/2391/1951 2308/2392/1952 2309/2393/1953
f 2307/2391/1951 2309/2393/1953 2310/2394/1954
f 2307/2391/1951 2311/2395/1955 2312/2396/1956
f 2307/2391/1951 2312/2396/1956 2308/2392/1952
f 2313/2397/1957 2314/2398/1958 2315/2399/1959
f 2313/2397/1957 2315/2399/1959 2316/2400/1960
f 2317/2401/1961 2318/2402/1962 2315/2399/1959
f 2317/2401/1961 2315/2399/1959 2314/2398/1958
f 2319/2403/1963 2320/2404/1964 2321/2405/1965
f 2319/2403/1963 2321/2405/1965 2322/2406/1966
f 2322/2406/1966 2323/2407/1967 2324/2408/1968
f 2322/2406/1966 2324/2408/1968 2319/2403/1963
f 2288/2372/1932 2287/2371/1931 2321/2405/1965
f 2288/2372/1932 2321/2405/1965 2320/2404/1964
f 2292/2376/1936 2291/2375/1935 2313/2397/1957
f 2292/2376/1936 2313/2397/1957 2316/2400/1960
f 2310/2394/1954 2309/2393/1953 2296/2380/1940
f 2310/2394/1954 2296/2380/1940 2295/2379/1939
f 2298/2382/1942 2302/2386/1946 2301/2385/1945
f 2298/2382/1942 2301/2385/1945 2299/2383/1943
f 2262/2346/1915 2290/2374/1934 2289/2373/1933
f 2262/2346/1915 2289/2373/1933 2259/2343/1912
f 2294/2378/1938 2293/2377/1937 2255/2339/1909
f 2294/2378/1938 2255/2339/1909 2254/2338/1908
f 2286/2370/1930 2285/2369/1929 2250/2334/1905
f 2286/2370/1930 2250/2334/1905 2249/2333/1904
f 2242/2326/1899 2241/2325/1898 2297/2381/1941
f 2242/2326/1899 2297/2381/1941 2300/2384/1944
f 2325/2409/1969 2326/2410/1970 2327/2411/1971
f 2325/2409/1969 2327/2411/1971 2328/2412/1972
f 2329/2413/1973 2330/2414/1974 2331/2415/1975
f 2329/2413/1973 2331/2415/1975 2332/2416/1976
f 2333/2417/1977 2334/2418/1978 2335/2419/1979
f 2333/2417/1977 2335/2419/1979 2336/2420/1980
f 2337/2421/1981 2338/2422/1982 2339/2423/1983
f 2337/2421/1981 2339/2423/1983 2340/2424/1984
f 2264/2348/1916 2274/2358/1007 2273/2357/1922
f 2264/2348/1916 2273/2357/1922 2263/2347/997
f 2278/2362/1924 2277/2361/1923 2257/2341/1911
f 2278/2362/1924 2257/2341/1911 2258/2342/991
f 2272/2356/1921 2252/2336/1906 2251/2335/984
f 2272/2356/1921 2251/2335/984 2269/2353/1919
f 2268/2352/1918 2245/2329/1901 2246/2330/1902
f 2268/2352/1918 2246/2330/1902 2265/2349/998
f 2327/2411/1971 2318/2402/1962 2317/2401/1961
f 2327/2411/1971 2317/2401/1961 2328/2412/1972
f 2330/2414/1974 2324/2408/1968 2323/2407/1967
f 2330/2414/1974 2323/2407/1967 2331/2415/1975
f 2334/2418/1978 2333/2417/1977 2305/2389/1949
f 2334/2418/1978 2305/2389/1949 2306/2390/1950
f 2311/2395/1955 2337/2421/1981 2340/2424/1984
f 2311/2395/1955 2340/2424/1984 2312/2396/1956
f 2341/2425/1985 2342/2426/1108 2343/2427/1109
f 2341/2425/1985 2343/2427/1109 2344/2428/1986
f 2345/2429/1987 2346/2430/1988 2347/2431/1989
f 2345/2429/1987 2347/2431/1989 2348/2432/1990
f 2349/2433/1991 2350/2434/1992 2351/2435/1115
f 2349/2433/1991 2351/2435/1115 2352/2436/1116
f 2353/2437/1993 2354/2438/1994 2355/2439/1995
f 2353/2437/1993 2355/2439/1995 2356/2440/1996
f 2357/2441/1997 2358/2442/1998 2359/2443/1999
f 2357/2441/1997 2359/2443/1999 2360/2444/2000
f 2360/2444/2000 2361/2445/2001 2362/2446/2002
f 2360/2444/2000 2362/2446/2002 2357/2441/1997
f 2358/2442/1998 2345/2429/1987 2348/2432/1990
f 2358/2442/1998 2348/2432/1990 2359/2443/1999
f 2363/2447/2003 2364/2448/2004 2365/2449/2005
f 2363/2447/2003 2365/2449/2005 2366/2450/2006
f 2367/2451/2007 2368/2452/2008 2369/2453/2009
f 2367/2451/2007 2369/2453/2009 2370/2454/2010
f 2371/2455/2011 2372/2456/2012 2370/2454/2010
f 2371/2455/2011 2370/2454/2010 2369/2453/2009
f 2373/2457/1139 2374/2458/2013 2349/2433/1991
f 2373/2457/1139 2349/2433/1991 2352/2436/1116
f 2375/2459/1141 2342/2426/1108 2341/2425/1985
f 2375/2459/1141 2341/2425/1985 2376/2460/2014
f 2377/2461/2015 2378/2462/2016 2379/2463/2017
f 2377/2461/2015 2379/2463/2017 2380/2464/2018
f 2353/2437/1993 2356/2440/1996 2368/2452/2008
f 2353/2437/1993 2368/2452/2008 2367/2451/2007
f 2374/2458/2013 2373/2457/1139 2377/2461/2015
f 2374/2458/2013 2377/2461/2015 2380/2464/2018
f 2381/2465/2019 2382/2466/2020 2383/2467/2021
f 2381/2465/2019 2383/2467/2021 2384/2468/2022
f 2376/2460/2014 2382/2466/2020 2381/2465/2019
f 2376/2460/2014 2381/2465/2019 2375/2459/1141
f 2216/2300/1875 2217/2301/1761 2385/2469/2023
f 2216/2300/1875 2385/2469/2023 2386/2470/2024
f 2386/2470/2024 2385/2469/2023 2387/2471/2025
f 2386/2470/2024 2387/2471/2025 2388/2472/2026
f 2155/2253/902 2216/2300/1875 2389/2473/2027
f 2155/2253/902 2389/2473/2027 2390/2474/2028
f 2389/2473/2027 2209/2297/1872 2153/2252/1838
f 2389/2473/2027 2153/2252/1838 2390/2474/2028
f 2391/2475/2029 2392/2476/2030 2388/2472/2026
f 2391/2475/2029 2388/2472/2026 2393/2477/2031
f 2391/2475/2029 2178/2270/1851 2209/2297/1872
f 2391/2475/2029 2209/2297/1872 2392/2476/2030
f 2394/2478/2032 2395/2479/2025 2396/2480/2023
f 2394/2478/2032 2396/2480/2023 2397/2481/2033
f 2397/2481/2033 2396/2480/2023 2029/2137/1761
f 2397/2481/2033 2029/2137/1761 2206/2294/1869
f 2398/2482/2034 2399/2483/2035 2400/2484/2036
f 2398/2482/2034 2400/2484/2036 2394/2478/2032
f 2399/2483/2035 2398/2482/2034 2204/2292/939
f 2399/2483/2035 2204/2292/939 2175/2267/1848
f 2206/2294/1869 2142/2241/1832 2401/2485/2037
f 2206/2294/1869 2401/2485/2037 2402/2486/2038
f 2402/2486/2038 2401/2485/2037 2140/2240/1831
f 2402/2486/2038 2140/2240/1831 2204/2292/939
f 2202/2290/1866 2037/2145/1765 2403/2487/2039
f 2202/2290/1866 2403/2487/2039 2404/2488/2040
f 2404/2488/2040 2403/2487/2039 2405/2489/2041
f 2404/2488/2040 2405/2489/2041 2406/2490/2042
f 2203/2291/1867 2202/2290/1866 2407/2491/2043
f 2203/2291/1867 2407/2491/2043 2408/2492/2044
f 2407/2491/2043 2409/2493/2045 2410/2494/2046
f 2407/2491/2043 2410/2494/2046 2408/2492/2044
f 2038/2146/1764 2203/2291/1867 2411/2495/2047
f 2038/2146/1764 2411/2495/2047 2412/2496/2048
f 2412/2496/2048 2413/2497/2049 2199/2287/1863
f 2412/2496/2048 2199/2287/1863 2041/2149/1766
f 2414/2498/2050 2415/2499/2051 2406/2490/2042
f 2414/2498/2050 2406/2490/2042 2416/2500/2052
f 2417/2501/2053 2409/2493/2045 2415/2499/2051
f 2417/2501/2053 2415/2499/2051 2414/2498/2050
f 2418/2502/2054 2419/2503/2055 2410/2494/2046
f 2418/2502/2054 2410/2494/2046 2067/2173/1782
f 2200/2288/1864 2199/2287/1863 2419/2503/2055
f 2200/2288/1864 2419/2503/2055 2420/2504/2056
f 2421/2505/2057 2422/2506/2058 2423/2507/2039
f 2421/2505/2057 2423/2507/2039 2424/2508/2059
f 2424/2508/2059 2423/2507/2039 2190/2282/1765
f 2424/2508/2059 2190/2282/1765 2189/2281/1859
f 2425/2509/2060 2426/2510/2061 2427/2511/1189
f 2425/2509/2060 2427/2511/1189 2421/2505/2057
f 2428/2512/2062 2426/2510/2061 2425/2509/2060
f 2428/2512/2062 2425/2509/2060 2429/2513/2063
f 2188/2280/1858 2191/2283/1764 2430/2514/2048
f 2188/2280/1858 2430/2514/2048 2431/2515/2064
f 2432/2516/2065 2430/2514/2048 2186/2278/1766
f 2432/2516/2065 2186/2278/1766 2185/2277/1857
f 2189/2281/1859 2188/2280/1858 2433/2517/2066
f 2189/2281/1859 2433/2517/2066 2434/2518/2067
f 2434/2518/2067 2433/2517/2066 2181/2273/1854
f 2434/2518/2067 2181/2273/1854 2429/2513/2063
f 2067/2173/1782 2410/2494/2046 2409/2493/2045
f 2067/2173/1782 2409/2493/2045 2417/2501/2053
f 2088/2192/1795 2428/2512/2062 2429/2513/2063
f 2088/2192/1795 2429/2513/2063 2181/2273/1854
f 1917/2025/1661 1920/2028/1664 2435/2519/2068
f 1917/2025/1661 2435/2519/2068 2436/2520/2069
f 2179/2271/1852 2436/2520/2069 2435/2519/2068
f 2179/2271/1852 2435/2519/2068 2170/2262/1844
f 2436/2520/2069 2391/2475/2029 2393/2477/2031
f 2436/2520/2069 2393/2477/2031 1917/2025/1661
f 2391/2475/2029 2436/2520/2069 2179/2271/1852
f 2391/2475/2029 2179/2271/1852 2178/2270/1851
f 1925/2033/1669 1928/2036/723 2437/2521/2070
f 1925/2033/1669 2437/2521/2070 2438/2522/2071
f 2176/2268/1849 2161/2256/907 2438/2522/2071
f 2176/2268/1849 2438/2522/2071 2437/2521/2070
f 2399/2483/2035 2437/2521/2070 1928/2036/723
f 2399/2483/2035 1928/2036/723 2400/2484/2036
f 2399/2483/2035 2175/2267/1848 2176/2268/1849
f 2399/2483/2035 2176/2268/1849 2437/2521/2070
f 1938/2046/1679 2427/2511/1189 2426/2510/2061
f 1938/2046/1679 2426/2510/2061 2439/2523/1201
f 2426/2510/2061 2428/2512/2062 2171/2263/1845
f 2426/2510/2061 2171/2263/1845 2439/2523/1201
f 2439/2523/1201 2435/2519/2068 1920/2028/1664
f 2439/2523/1201 1920/2028/1664 1938/2046/1679
f 2435/2519/2068 2439/2523/1201 2171/2263/1845
f 2435/2519/2068 2171/2263/1845 2170/2262/1844
f 2416/2500/2052 1943/2051/1682 2440/2524/2072
f 2416/2500/2052 2440/2524/2072 2414/2498/2050
f 2414/2498/2050 2440/2524/2072 2160/2255/1839
f 2414/2498/2050 2160/2255/1839 2417/2501/2053
f 2438/2522/2071 2440/2524/2072 1943/2051/1682
f 2438/2522/2071 1943/2051/1682 1925/2033/1669
f 2438/2522/2071 2161/2256/907 2160/2255/1839
f 2438/2522/2071 2160/2255/1839 2440/2524/2072
f 2145/2244/902 2155/2253/902 2390/2474/2028
f 2145/2244/902 2390/2474/2028 2441/2525/2073
f 2144/2243/901 2441/2525/2073 2390/2474/2028
f 2144/2243/901 2390/2474/2028 2153/2252/1838
f 2442/2526/2074 2443/2527/2075 2444/2528/2076
f 2442/2526/2074 2444/2528/2076 2445/2529/2077
f 2445/2529/2077 2444/2528/2076 2147/2246/1771
f 2445/2529/2077 2147/2246/1771 2146/2245/1834
f 2446/2530/2078 2447/2531/2079 2448/2532/2080
f 2446/2530/2078 2448/2532/2080 2442/2526/2074
f 2447/2531/2079 2446/2530/2078 2143/2242/1833
f 2447/2531/2079 2143/2242/1833 2108/2210/1807
f 2441/2525/2073 2449/2533/2081 2146/2245/1834
f 2441/2525/2073 2146/2245/1834 2145/2244/902
f 2144/2243/901 2143/2242/1833 2449/2533/2081
f 2144/2243/901 2449/2533/2081 2441/2525/2073
f 2142/2241/1832 2139/2239/899 2450/2534/1165
f 2142/2241/1832 2450/2534/1165 2401/2485/2037
f 2136/2236/896 2140/2240/1831 2401/2485/2037
f 2136/2236/896 2401/2485/2037 2450/2534/1165
f 2138/2238/1830 2052/2160/1771 2451/2535/2076
f 2138/2238/1830 2451/2535/2076 2452/2536/2082
f 2452/2536/2082 2451/2535/2076 2453/2537/2075
f 2452/2536/2082 2453/2537/2075 2454/2538/2083
f 2455/2539/2084 2450/2534/1165 2139/2239/899
f 2455/2539/2084 2139/2239/899 2138/2238/1830
f 2136/2236/896 2450/2534/1165 2455/2539/2084
f 2136/2236/896 2455/2539/2084 2135/2235/1828
f 2456/2540/2085 2457/2541/2086 2454/2538/2083
f 2456/2540/2085 2454/2538/2083 2458/2542/2087
f 2456/2540/2085 2101/2205/1803 2135/2235/1828
f 2456/2540/2085 2135/2235/1828 2457/2541/2086
f 2459/2543/2088 2460/2544/2089 2461/2545/2090
f 2459/2543/2088 2461/2545/2090 2462/2546/2091
f 2462/2546/2091 2461/2545/2090 2045/2153/1768
f 2462/2546/2091 2045/2153/1768 2131/2231/1824
f 2463/2547/2092 2464/2548/2093 2465/2549/2094
f 2463/2547/2092 2465/2549/2094 2459/2543/2088
f 2466/2550/2095 2464/2548/2093 2463/2547/2092
f 2466/2550/2095 2463/2547/2092 2467/2551/2096
f 2130/2230/1823 2044/2152/828 2468/2552/2097
f 2130/2230/1823 2468/2552/2097 2469/2553/2098
f 2470/2554/2099 2468/2552/2097 2049/2157/1770
f 2470/2554/2099 2049/2157/1770 2129/2229/1822
f 2131/2231/1824 2130/2230/1823 2471/2555/2100
f 2131/2231/1824 2471/2555/2100 2472/2556/2101
f 2471/2555/2100 2164/2258/909 2467/2551/2096
f 2471/2555/2100 2467/2551/2096 2472/2556/2101
f 2428/2512/2062 2088/2192/1795 2169/91/3
f 2428/2512/2062 2169/91/3 2171/2263/1845
f 2417/2501/2053 2160/2255/1839 2159/93/4
f 2417/2501/2053 2159/93/4 2067/2173/1782
f 2125/2225/1819 2046/2154/1769 2473/2557/2090
f 2125/2225/1819 2473/2557/2090 2474/2558/2102
f 2474/2558/2102 2473/2557/2090 2475/2559/2089
f 2474/2558/2102 2475/2559/2089 2476/2560/2103
f 2126/2226/1820 2125/2225/1819 2477/2561/2104
f 2126/2226/1820 2477/2561/2104 2478/2562/2105
f 2478/2562/2105 2477/2561/2104 2479/2563/2106
f 2478/2562/2105 2479/2563/2106 2119/2219/1815
f 2047/2155/828 2126/2226/1820 2480/2564/2107
f 2047/2155/828 2480/2564/2107 2481/2565/2097
f 2481/2565/2108 2482/2566/2109 2120/2220/1816
f 2481/2565/2108 2120/2220/1816 2123/2223/1770
f 2483/2567/2110 2484/2568/2111 2476/2560/2103
f 2483/2567/2110 2476/2560/2103 2485/2569/2112
f 2486/2570/2113 2479/2563/2106 2484/2568/2111
f 2486/2570/2113 2484/2568/2111 2483/2567/2110
f 2068/2174/1783 2466/2550/2095 2467/2551/2096
f 2068/2174/1783 2467/2551/2096 2164/2258/909
f 2091/2195/1798 2119/2219/1815 2479/2563/2106
f 2091/2195/1798 2479/2563/2106 2486/2570/2113
f 2487/2571/2114 2488/2572/2115 2063/2169/1778
f 2487/2571/2114 2063/2169/1778 2066/2172/1781
f 2487/2571/2114 2111/2211/1808 2082/2187/1790
f 2487/2571/2114 2082/2187/1790 2488/2572/2115
f 2066/2172/1781 2448/2532/2080 2447/2531/2079
f 2066/2172/1781 2447/2531/2079 2487/2571/2114
f 2111/2211/1808 2487/2571/2114 2447/2531/2079
f 2111/2211/1808 2447/2531/2079 2108/2210/1807
f 2489/2573/2116 2490/2574/2117 2084/2188/1791
f 2489/2573/2116 2084/2188/1791 2087/2191/1794
f 2490/2574/2117 2489/2573/2116 2061/2167/931
f 2490/2574/2117 2061/2167/931 2102/2206/868
f 2458/2542/2087 2084/2188/1791 2490/2574/2117
f 2458/2542/2087 2490/2574/2117 2456/2540/2085
f 2102/2206/868 2101/2205/1803 2456/2540/2085
f 2102/2206/868 2456/2540/2085 2490/2574/2117
f 2091/2195/1798 2080/92/3 2169/91/3
f 2091/2195/1798 2169/91/3 2088/2192/1795
f 2486/2570/2113 2081/2186/1789 2080/92/3
f 2486/2570/2113 2080/92/3 2091/2195/1798
f 2485/2569/2112 2106/2208/1805 2491/2575/1246
f 2485/2569/2112 2491/2575/1246 2483/2567/2110
f 2491/2575/1246 2081/2186/1789 2486/2570/2113
f 2491/2575/1246 2486/2570/2113 2483/2567/2110
f 2106/2208/1805 2063/2169/1778 2488/2572/2115
f 2106/2208/1805 2488/2572/2115 2491/2575/1246
f 2491/2575/1246 2488/2572/2115 2082/2187/1790
f 2491/2575/1246 2082/2187/1790 2081/2186/1789
f 2068/2174/1783 2067/2173/1782 2159/93/4
f 2068/2174/1783 2159/93/4 2059/94/4
f 2466/2550/2095 2068/2174/1783 2059/94/4
f 2466/2550/2095 2059/94/4 2062/2168/1777
f 2116/2216/1812 2465/2549/2094 2464/2548/2093
f 2116/2216/1812 2464/2548/2093 2492/2576/2118
f 2492/2576/2118 2464/2548/2093 2466/2550/2095
f 2492/2576/2118 2466/2550/2095 2062/2168/1777
f 2087/2191/1794 2116/2216/1812 2492/2576/2118
f 2087/2191/1794 2492/2576/2118 2489/2573/2116
f 2492/2576/2118 2062/2168/1777 2061/2167/931
f 2492/2576/2118 2061/2167/931 2489/2573/2116
f 2443/2527/2075 2453/2537/2075 2451/2535/2076
f 2443/2527/2075 2451/2535/2076 2493/2577/2076
f 2493/2577/2076 2451/2535/2076 2052/2160/1771
f 2493/2577/2076 2052/2160/1771 2055/2163/1771
f 2050/2158/1770 2049/2157/1770 2468/2552/2097
f 2050/2158/1770 2468/2552/2097 2494/2578/2097
f 2494/2578/2097 2468/2552/2097 2044/2152/828
f 2494/2578/2097 2044/2152/828 2047/2155/828
f 2046/2154/1769 2045/2153/1768 2461/2545/2090
f 2046/2154/1769 2461/2545/2090 2473/2557/2090
f 2473/2557/2090 2461/2545/2090 2460/2544/2089
f 2473/2557/2090 2460/2544/2089 2475/2559/2089
f 2041/2149/1766 2040/2148/1766 2495/2579/2048
f 2041/2149/1766 2495/2579/2048 2412/2496/2048
f 2412/2496/2048 2495/2579/2048 2035/2143/1764
f 2412/2496/2048 2035/2143/1764 2038/2146/1764
f 2037/2145/1765 2036/2144/1765 2496/2580/2039
f 2037/2145/1765 2496/2580/2039 2403/2487/2039
f 2403/2487/2039 2496/2580/2039 2497/2581/2058
f 2403/2487/2039 2497/2581/2058 2405/2489/2041
f 2030/2138/1761 2029/2137/1761 2396/2480/2023
f 2030/2138/1761 2396/2480/2023 2498/2582/2023
f 2498/2582/2023 2396/2480/2023 2395/2479/2025
f 2498/2582/2023 2395/2479/2025 2499/2583/2025
f 2146/2245/1834 2449/2533/2081 2500/2584/2119
f 2146/2245/1834 2500/2584/2119 2445/2529/2077
f 2143/2242/1833 2446/2530/2078 2500/2584/2119
f 2143/2242/1833 2500/2584/2119 2449/2533/2081
f 2442/2526/2074 2445/2529/2077 2500/2584/2119
f 2442/2526/2074 2500/2584/2119 2446/2530/2078
f 2388/2472/2026 2392/2476/2030 2501/2585/2120
f 2388/2472/2026 2501/2585/2120 2386/2470/2024
f 2209/2297/1872 2389/2473/2027 2501/2585/2120
f 2209/2297/1872 2501/2585/2120 2392/2476/2030
f 2216/2300/1875 2386/2470/2024 2501/2585/2120
f 2216/2300/1875 2501/2585/2120 2389/2473/2027
f 2454/2538/2083 2457/2541/2086 2502/2586/2121
f 2454/2538/2083 2502/2586/2121 2452/2536/2082
f 2135/2235/1828 2455/2539/2084 2502/2586/2121
f 2135/2235/1828 2502/2586/2121 2457/2541/2086
f 2138/2238/1830 2452/2536/2082 2502/2586/2121
f 2138/2238/1830 2502/2586/2121 2455/2539/2084
f 2206/2294/1869 2402/2486/2038 2503/2587/2122
f 2206/2294/1869 2503/2587/2122 2397/2481/2033
f 2204/2292/939 2398/2482/2034 2503/2587/2122
f 2204/2292/939 2503/2587/2122 2402/2486/2038
f 2394/2478/2032 2397/2481/2033 2503/2587/2122
f 2394/2478/2032 2503/2587/2122 2398/2482/2034
f 2189/2281/1859 2434/2518/2067 2504/2588/2123
f 2189/2281/1859 2504/2588/2123 2424/2508/2059
f 2429/2513/2063 2425/2509/2060 2504/2588/2123
f 2429/2513/2063 2504/2588/2123 2434/2518/2067
f 2421/2505/2057 2424/2508/2059 2504/2588/2123
f 2421/2505/2057 2504/2588/2123 2425/2509/2060
f 2476/2560/2103 2484/2568/2111 2505/2589/2124
f 2476/2560/2103 2505/2589/2124 2474/2558/2102
f 2479/2563/2106 2477/2561/2104 2505/2589/2124
f 2479/2563/2106 2505/2589/2124 2484/2568/2111
f 2125/2225/1819 2474/2558/2102 2505/2589/2124
f 2125/2225/1819 2505/2589/2124 2477/2561/2104
f 2406/2490/2042 2415/2499/2051 2506/2590/2125
f 2406/2490/2042 2506/2590/2125 2404/2488/2040
f 2409/2493/2045 2407/2491/2043 2506/2590/2125
f 2409/2493/2045 2506/2590/2125 2415/2499/2051
f 2202/2290/1866 2404/2488/2040 2506/2590/2125
f 2202/2290/1866 2506/2590/2125 2407/2491/2043
f 2131/2231/1824 2472/2556/2101 2507/2591/2126
f 2131/2231/1824 2507/2591/2126 2462/2546/2091
f 2467/2551/2096 2463/2547/2092 2507/2591/2126
f 2467/2551/2096 2507/2591/2126 2472/2556/2101
f 2459/2543/2088 2462/2546/2091 2507/2591/2126
f 2459/2543/2088 2507/2591/2126 2463/2547/2092
f 2410/2494/2046 2419/2503/2055 2508/2592/2127
f 2410/2494/2046 2508/2592/2127 2408/2492/2044
f 2419/2503/2055 2199/2287/1863 2509/2593/2128
f 2419/2503/2055 2509/2593/2128 2508/2592/2127
f 2203/2291/1867 2408/2492/2044 2508/2592/2127
f 2203/2291/1867 2508/2592/2127 2413/2497/2129
f 2182/2274/1855 2510/2594/2130 2511/2595/2131
f 2182/2274/1855 2511/2595/2131 2185/2277/1857
f 2181/2273/1854 2433/2517/2066 2510/2594/2130
f 2181/2273/1854 2510/2594/2130 2182/2274/1855
f 2188/2280/1858 2432/2516/2065 2510/2594/2130
f 2188/2280/1858 2510/2594/2130 2433/2517/2066
f 2165/2259/1841 2512/2596/2132 2513/2597/2133
f 2165/2259/1841 2513/2597/2133 2129/2229/1822
f 2164/2258/909 2471/2555/2100 2514/2598/2134
f 2164/2258/909 2514/2598/2134 2165/2259/1841
f 2130/2230/1823 2469/2553/2098 2515/2599/2135
f 2130/2230/1823 2515/2599/2135 2471/2555/2100
f 2119/2219/1815 2118/2218/1814 2516/2600/2136
f 2119/2219/1815 2516/2600/2136 2478/2562/2105
f 2118/2218/1814 2120/2220/1816 2517/2601/2137
f 2118/2218/1814 2517/2601/2137 2516/2600/2136
f 2126/2226/1820 2478/2562/2105 2516/2600/2136
f 2126/2226/1820 2516/2600/2136 2480/2564/2107
f 2518/2602/2138 2201/2289/1865 2215/2299/1874
f 2518/2602/2138 2215/2299/1874 2519/2603/2139
f 2520/2604/2140 2521/2605/2139 2115/2215/1811
f 2520/2604/2140 2115/2215/1811 2086/2190/1793
f 2107/2209/1806 1909/2021/1657 1912/2024/1660
f 2107/2209/1806 1912/2024/1660 2522/2606/2141
f 2523/2607/2141 1897/2013/1660 2524/2608/2142
f 2523/2607/2141 2524/2608/2142 2208/2296/1871
f 2525/2609/2143 2523/2607/2141 2208/2296/1871
f 2525/2609/2143 2208/2296/1871 2192/2284/1860
f 2522/2606/2141 2526/2610/2143 2064/2170/1779
f 2522/2606/2141 2064/2170/1779 2107/2209/1806
f 2115/2215/1811 2521/2605/2139 1911/2023/1659
f 2115/2215/1811 1911/2023/1659 1910/2022/1658
f 2519/2603/2139 2215/2299/1874 2527/2611/2144
f 2519/2603/2139 2527/2611/2144 2528/2612/2145
f 1940/2048/1681 1939/2047/1680 2499/2583/2025
f 1940/2048/1681 2499/2583/2025 2395/2479/2025
f 1930/2038/1673 1929/2037/1672 2405/2489/2041
f 1930/2038/1673 2405/2489/2041 2497/2581/2058
f 2201/2289/1865 2518/2602/2138 2149/2248/1835
f 2201/2289/1865 2149/2248/1835 2152/2251/1837
f 2086/2190/1793 2085/2189/1792 2137/2237/1829
f 2086/2190/1793 2137/2237/1829 2520/2604/2140
f 1910/2022/1658 1909/2021/1657 2475/2559/2089
f 1910/2022/1658 2475/2559/2089 2460/2544/2089
f 1870/1998/1643 1869/1997/1642 2453/2537/2075
f 1870/1998/1643 2453/2537/2075 2443/2527/2075
f 2192/2284/1860 2133/2233/1825 2132/2232/1818
f 2192/2284/1860 2132/2232/1818 2525/2609/2143
f 2065/2171/1780 2064/2170/1779 2526/2610/2143
f 2065/2171/1780 2526/2610/2143 2124/2224/1818
f 2112/2212/1804 2114/2214/1810 2172/2264/1846
f 2112/2212/1804 2172/2264/1846 2529/2613/2146
f 1926/2034/1670 1944/2052/1683 2105/2207/1804
f 1926/2034/1670 2105/2207/1804 2530/2614/1197
f 1910/2022/1658 2465/2549/2094 2116/2216/1812
f 1910/2022/1658 2116/2216/1812 2115/2215/1811
f 1909/2021/1657 2107/2209/1806 2106/2208/1805
f 1909/2021/1657 2106/2208/1805 2485/2569/2112
f 2092/2196/1786 2531/2615/2147 2163/2257/1840
f 2092/2196/1786 2163/2257/1840 2093/2197/1799
f 1937/2045/1678 1919/2027/1663 2532/2616/2148
f 1937/2045/1678 2532/2616/2148 2071/2177/1786
f 1869/1997/1642 2085/2189/1792 2084/2188/1791
f 1869/1997/1642 2084/2188/1791 2458/2542/2087
f 1870/1998/1643 2448/2532/2080 2066/2172/1781
f 1870/1998/1643 2066/2172/1781 2065/2171/1780
f 2476/2560/2103 2475/2559/2089 1909/2021/1657
f 2476/2560/2103 1909/2021/1657 2485/2569/2112
f 2459/2543/2088 2465/2549/2094 1910/2022/1658
f 2459/2543/2088 1910/2022/1658 2460/2544/2089
f 2056/2164/1773 2529/2613/2146 2172/2264/1846
f 2056/2164/1773 2172/2264/1846 2057/2165/1774
f 2530/2614/1197 2043/2151/1767 1927/2035/1671
f 2530/2614/1197 1927/2035/1671 1926/2034/1670
f 2454/2538/2083 2453/2537/2075 1869/1997/1642
f 2454/2538/2083 1869/1997/1642 2458/2542/2087
f 2442/2526/2074 2448/2532/2080 1870/1998/1643
f 2442/2526/2074 1870/1998/1643 2443/2527/2075
f 2032/2140/1760 2034/2142/1763 2163/2257/1840
f 2032/2140/1760 2163/2257/1840 2531/2615/2147
f 2027/2135/1760 2532/2616/2148 1919/2027/1663
f 2027/2135/1760 1919/2027/1663 1918/2026/1662
f 1929/2037/1672 1944/2052/1683 1943/2051/1682
f 1929/2037/1672 1943/2051/1682 2416/2500/2052
f 2073/2179/1673 2427/2511/1189 1938/2046/1679
f 2073/2179/1673 1938/2046/1679 1937/2045/1678
f 1940/2048/1681 2400/2484/2036 1928/2036/723
f 1940/2048/1681 1928/2036/723 1927/2035/1671
f 2025/2133/1680 1918/2026/1662 1917/2025/1661
f 2025/2133/1680 1917/2025/1661 2393/2477/2031
f 2421/2505/2057 2427/2511/1189 2073/2179/1673
f 2421/2505/2057 2073/2179/1673 2422/2506/2058
f 2406/2490/2042 2405/2489/2041 1929/2037/1672
f 2406/2490/2042 1929/2037/1672 2416/2500/2052
f 2394/2478/2032 2400/2484/2036 1940/2048/1681
f 2394/2478/2032 1940/2048/1681 2395/2479/2025
f 2388/2472/2026 2387/2471/2025 2025/2133/1680
f 2388/2472/2026 2025/2133/1680 2393/2477/2031
f 2533/2617/2149 2534/2618/2150 2023/2131/1758
f 2533/2617/2149 2023/2131/1758 2535/2619/1754
f 1992/2100/1730 1998/2106/1735 2534/2618/2150
f 1992/2100/1730 2534/2618/2150 2533/2617/2149
f 2536/2620/2151 2537/2621/2152 2024/2132/1759
f 2536/2620/2151 2024/2132/1759 2023/2131/1758
f 2537/2621/2152 2536/2620/2151 2006/2114/1743
f 2537/2621/2152 2006/2114/1743 2005/2113/1742
f 2538/2622/2153 2020/2128/1755 2024/2132/1759
f 2538/2622/2153 2024/2132/1759 2539/2623/2154
f 1996/2104/1733 2538/2622/2153 2539/2623/2154
f 1996/2104/1733 2539/2623/2154 1999/2107/1736
f 2540/2624/1286 2541/2625/2155 2021/2129/1756
f 2540/2624/1286 2021/2129/1756 2013/2121/805
f 1976/2084/1715 1980/2088/1719 2541/2625/2155
f 1976/2084/1715 2541/2625/2155 2540/2624/1286
f 2542/2626/2156 2543/2627/2157 2022/2130/1757
f 2542/2626/2156 2022/2130/1757 2021/2129/1756
f 2543/2627/2157 2542/2626/2156 1986/2094/1725
f 2543/2627/2157 1986/2094/1725 1985/2093/1724
f 2544/2628/2158 2545/2629/1750 2022/2130/1757
f 2544/2628/2158 2022/2130/1757 2546/2630/2159
f 1972/2080/1711 2544/2628/2158 2546/2630/2159
f 1972/2080/1711 2546/2630/2159 1977/2085/1716
f 2535/2619/1754 2547/2631/809 2548/2632/2160
f 2535/2619/1754 2548/2632/2160 2533/2617/2149
f 2548/2632/2160 1989/2097/781 1992/2100/1730
f 2548/2632/2160 1992/2100/1730 2533/2617/2149
f 2018/2126/1753 2020/2128/1755 2538/2622/2153
f 2018/2126/1753 2538/2622/2153 2549/2633/2161
f 2549/2633/2161 2538/2622/2153 1996/2104/1733
f 2549/2633/2161 1996/2104/1733 1995/2103/1732
f 2550/2634/2162 2015/2123/1751 2018/2126/1753
f 2550/2634/2162 2018/2126/1753 2549/2633/2161
f 1994/2102/1731 2550/2634/2162 2549/2633/2161
f 1994/2102/1731 2549/2633/2161 1995/2103/1732
f 2551/2635/2163 2552/2636/2164 2016/2124/1752
f 2551/2635/2163 2016/2124/1752 2015/2123/1751
f 2002/2110/1739 2001/2109/1738 2552/2636/2164
f 2002/2110/1739 2552/2636/2164 2551/2635/2163
f 2553/2637/2165 2548/2632/2160 2547/2631/809
f 2553/2637/2165 2547/2631/809 2554/2638/1752
f 1990/2098/1728 1989/2097/781 2548/2632/2160
f 1990/2098/1728 2548/2632/2160 2553/2637/2165
f 2013/2121/805 2011/2119/1748 2555/2639/2166
f 2013/2121/805 2555/2639/2166 2540/2624/1286
f 2555/2639/2166 1973/2081/1712 1976/2084/1715
f 2555/2639/2166 1976/2084/1715 2540/2624/1286
f 2556/2640/1749 2545/2629/1750 2544/2628/2158
f 2556/2640/1749 2544/2628/2158 2557/2641/2167
f 2557/2641/2167 2544/2628/2158 1972/2080/1711
f 2557/2641/2167 1972/2080/1711 1971/2079/1710
f 2558/2642/2168 2559/2643/2169 2556/2640/1749
f 2558/2642/2168 2556/2640/1749 2557/2641/2167
f 1970/2078/1709 2558/2642/2168 2557/2641/2167
f 1970/2078/1709 2557/2641/2167 1971/2079/1710
f 2560/2644/2170 2561/2645/2171 2010/2118/1747
f 2560/2644/2170 2010/2118/1747 2009/2117/1746
f 1982/2090/1721 1981/2089/1720 2561/2645/2171
f 1982/2090/1721 2561/2645/2171 2560/2644/2170
f 2562/2646/2172 2555/2639/2166 2011/2119/1748
f 2562/2646/2172 2011/2119/1748 2010/2118/1747
f 1974/2082/1713 1973/2081/1712 2555/2639/2166
f 1974/2082/1713 2555/2639/2166 2562/2646/2172
f 2008/2116/1745 2563/2647/2173 2564/2648/2174
f 2008/2116/1745 2564/2648/2174 2005/2113/1742
f 2563/2647/2173 2000/2108/1737 1999/2107/1736
f 2563/2647/2173 1999/2107/1736 2564/2648/2174
f 2007/2115/1744 2006/2114/1743 2565/2649/2175
f 2007/2115/1744 2565/2649/2175 2566/2650/2176
f 2566/2650/2176 2565/2649/2175 1998/2106/1735
f 2566/2650/2176 1998/2106/1735 1997/2105/1734
f 2008/2116/1745 2007/2115/1744 2567/2651/2177
f 2008/2116/1745 2567/2651/2177 2568/2652/2178
f 2569/2653/2179 2570/2654/2180 1966/2074/1705
f 2569/2653/2179 1966/2074/1705 1965/2073/1704
f 2571/2655/2181 2572/2656/2182 2573/2657/1741
f 2571/2655/2181 2573/2657/1741 2574/2658/2183
f 1990/2098/1728 2571/2655/2181 2574/2658/2183
f 1990/2098/1728 2574/2658/2183 1991/2099/1729
f 2575/2659/2184 2576/2660/2185 2003/2111/1740
f 2575/2659/2184 2003/2111/1740 2002/2110/1739
f 1994/2102/1731 1993/2101/785 2576/2660/2185
f 1994/2102/1731 2576/2660/2185 2575/2659/2184
f 2004/2112/1741 2003/2111/1740 2577/2661/2186
f 2004/2112/1741 2577/2661/2186 2578/2662/2187
f 2578/2662/2187 2577/2661/2186 1946/2054/1685
f 2578/2662/2187 1946/2054/1685 1945/2053/1684
f 2000/2108/1737 2579/2663/2188 80/263/90
f 2000/2108/1737 80/263/90 77/260/87
f 2579/2663/2188 1965/2073/1704 1968/2076/1707
f 2579/2663/2188 1968/2076/1707 80/263/90
f 1997/2105/1734 81/264/91 83/266/93
f 1997/2105/1734 83/266/93 2580/2664/2189
f 2580/2664/2189 83/266/93 2581/2665/1706
f 2580/2664/2189 2581/2665/1706 1966/2074/2190
f 1993/2101/785 85/268/63 88/271/97
f 1993/2101/785 88/271/97 2582/2666/2191
f 88/271/97 1947/2055/1686 1946/2054/1685
f 88/271/97 1946/2054/1685 2582/2666/2191
f 1991/2099/1729 2583/2667/2192 92/275/101
f 1991/2099/1729 92/275/101 89/272/98
f 92/275/101 2583/2667/2192 2584/2668/1684
f 92/275/101 2584/2668/1684 2585/2669/2193
f 1988/2096/1727 2586/2670/2194 2587/2671/2195
f 1988/2096/1727 2587/2671/2195 1985/2093/1724
f 2586/2670/2194 1978/2086/1717 1977/2085/1716
f 2586/2670/2194 1977/2085/1716 2587/2671/2195
f 1987/2095/1726 1986/2094/1725 2588/2672/2196
f 1987/2095/1726 2588/2672/2196 2589/2673/2197
f 2589/2673/2197 2588/2672/2196 1980/2088/1719
f 2589/2673/2197 1980/2088/1719 1979/2087/1718
f 1988/2096/1727 1987/2095/1726 2590/2674/2198
f 1988/2096/1727 2590/2674/2198 2591/2675/2199
f 2592/2676/2200 2593/2677/2201 1958/2066/1697
f 2592/2676/2200 1958/2066/1697 1957/2065/1696
f 2594/2678/2202 1981/2089/1720 1984/2092/1723
f 2594/2678/2202 1984/2092/1723 2595/2679/2203
f 1974/2082/1713 2594/2678/2202 2595/2679/2203
f 1974/2082/1713 2595/2679/2203 1975/2083/1714
f 2596/2680/2204 2597/2681/2205 2598/2682/1722
f 2596/2680/2204 2598/2682/1722 2599/2683/2206
f 1970/2078/1709 1969/2077/1708 2597/2681/2205
f 1970/2078/1709 2597/2681/2205 2596/2680/2204
f 1984/2092/1723 1983/2091/1722 2600/2684/2207
f 1984/2092/1723 2600/2684/2207 2601/2685/2208
f 2601/2685/2208 2600/2684/2207 1954/2062/1693
f 2601/2685/2208 1954/2062/1693 1953/2061/1692
f 1979/2087/1718 93/276/102 95/278/104
f 1979/2087/1718 95/278/104 2602/2686/2209
f 2602/2686/2209 95/278/104 1959/2067/1698
f 2602/2686/2209 1959/2067/1698 1958/2066/1697
f 1978/2086/1717 2603/2687/2210 100/283/109
f 1978/2086/1717 100/283/109 97/280/106
f 2603/2687/2210 1957/2065/1696 2604/2688/1699
f 2603/2687/2210 2604/2688/1699 100/283/109
f 101/284/110 103/286/112 86/269/95
f 101/284/110 86/269/95 85/268/63
f 86/269/95 103/286/112 1949/2057/1688
f 86/269/95 1949/2057/1688 1952/2060/1691
f 93/276/102 77/260/87 79/262/89
f 93/276/102 79/262/89 96/279/105
f 96/279/105 79/262/89 1961/2069/1700
f 96/279/105 1961/2069/1700 1964/2072/1703
f 1975/2083/1714 2605/2689/2211 104/287/113
f 1975/2083/1714 104/287/113 101/284/110
f 104/287/113 2605/2689/2211 1953/2061/1692
f 104/287/113 1953/2061/1692 1956/2064/1695
f 97/280/106 99/282/108 84/267/94
f 97/280/106 84/267/94 81/264/91
f 84/267/94 99/282/108 2606/2690/1702
f 84/267/94 2606/2690/1702 2607/2691/1701
f 105/288/114 89/272/98 91/274/100
f 105/288/114 91/274/100 106/289/115
f 106/289/115 91/274/100 2608/2692/1690
f 106/289/115 2608/2692/1690 2609/2693/2212
f 1969/2077/1708 105/288/114 108/291/117
f 1969/2077/1708 108/291/117 2610/2694/2213
f 108/291/117 2611/2695/2214 2612/2696/1693
f 108/291/117 2612/2696/1693 2610/2694/2213
f 1968/2076/1707 1967/2075/1706 2613/2697/2215
f 1968/2076/1707 2613/2697/2215 2614/2698/2216
f 2614/2698/2216 2613/2697/2215 1962/2070/1701
f 2614/2698/2216 1962/2070/1701 1961/2069/1700
f 2615/2699/2217 2616/2700/2218 1964/2072/1703
f 2615/2699/2217 1964/2072/1703 1963/2071/1702
f 1960/2068/1699 1959/2067/1698 2616/2700/2218
f 1960/2068/1699 2616/2700/2218 2615/2699/2217
f 1956/2064/1695 1955/2063/1694 2617/2701/2219
f 1956/2064/1695 2617/2701/2219 2618/2702/2220
f 2618/2702/2220 2617/2701/2219 1950/2058/1689
f 2618/2702/2220 1950/2058/1689 1949/2057/1688
f 2619/2703/2221 2620/2704/2222 1952/2060/1691
f 2619/2703/2221 1952/2060/1691 1951/2059/1690
f 1948/2056/1687 1947/2055/1686 2620/2704/2222
f 1948/2056/1687 2620/2704/2222 2619/2703/2221
f 1985/2093/1724 2587/2671/2195 2621/2705/2223
f 1985/2093/1724 2621/2705/2223 2543/2627/2157
f 1977/2085/1716 2546/2630/2159 2621/2705/2223
f 1977/2085/1716 2621/2705/2223 2587/2671/2195
f 2022/2130/1757 2543/2627/2157 2621/2705/2223
f 2022/2130/1757 2621/2705/2223 2546/2630/2159
f 1998/2106/1735 2565/2649/2175 2622/2706/2224
f 1998/2106/1735 2622/2706/2224 2534/2618/2150
f 2006/2114/1743 2536/2620/2151 2622/2706/2224
f 2006/2114/1743 2622/2706/2224 2565/2649/2175
f 2023/2131/1758 2534/2618/2150 2622/2706/2224
f 2023/2131/1758 2622/2706/2224 2536/2620/2151
f 1980/2088/1719 2588/2672/2196 2623/2707/2225
f 1980/2088/1719 2623/2707/2225 2541/2625/2155
f 1986/2094/1725 2542/2626/2156 2623/2707/2225
f 1986/2094/1725 2623/2707/2225 2588/2672/2196
f 2021/2129/1756 2541/2625/2155 2623/2707/2225
f 2021/2129/1756 2623/2707/2225 2542/2626/2156
f 2005/2113/1742 2564/2648/2174 2624/2708/2226
f 2005/2113/1742 2624/2708/2226 2537/2621/2152
f 1999/2107/1736 2539/2623/2154 2624/2708/2226
f 1999/2107/1736 2624/2708/2226 2564/2648/2174
f 2024/2132/1759 2537/2621/2152 2624/2708/2226
f 2024/2132/1759 2624/2708/2226 2539/2623/2154
f 1970/2078/1709 2596/2680/2204 2625/2709/2227
f 1970/2078/1709 2625/2709/2227 2558/2642/2168
f 2599/2683/2206 2626/2710/2170 2625/2709/2227
f 2599/2683/2206 2625/2709/2227 2596/2680/2204
f 2559/2643/2169 2558/2642/2168 2625/2709/2227
f 2559/2643/2169 2625/2709/2227 2626/2710/2170
f 2572/2656/2182 2571/2655/2181 2627/2711/2228
f 2572/2656/2182 2627/2711/2228 2628/2712/2164
f 1990/2098/1728 2553/2637/2165 2627/2711/2228
f 1990/2098/1728 2627/2711/2228 2571/2655/2181
f 2554/2638/1752 2628/2712/2164 2627/2711/2228
f 2554/2638/1752 2627/2711/2228 2553/2637/2165
f 1994/2102/1731 2575/2659/2184 2629/2713/2229
f 1994/2102/1731 2629/2713/2229 2550/2634/2162
f 2002/2110/1739 2551/2635/2163 2629/2713/2229
f 2002/2110/1739 2629/2713/2229 2575/2659/2184
f 2015/2123/1751 2550/2634/2162 2629/2713/2229
f 2015/2123/1751 2629/2713/2229 2551/2635/2163
f 1981/2089/1720 2594/2678/2202 2630/2714/2230
f 1981/2089/1720 2630/2714/2230 2561/2645/2171
f 1974/2082/1713 2562/2646/2172 2630/2714/2230
f 1974/2082/1713 2630/2714/2230 2594/2678/2202
f 2010/2118/1747 2561/2645/2171 2630/2714/2230
f 2010/2118/1747 2630/2714/2230 2562/2646/2172
f 2579/2663/2188 2631/2715/2231 2632/2716/2232
f 2579/2663/2188 2632/2716/2232 1965/2073/1704
f 2000/2108/1737 2563/2647/2173 2633/2717/2233
f 2000/2108/1737 2633/2717/2233 2579/2663/2188
f 2568/2652/2178 2634/2718/2234 2563/2647/2173
f 2568/2652/2178 2563/2647/2173 2008/2116/1745
f 2567/2651/2177 2007/2115/1744 2566/2650/2176
f 2567/2651/2177 2566/2650/2176 2635/2719/2235
f 1997/2105/1734 2580/2664/2189 2636/2720/2236
f 1997/2105/1734 2636/2720/2236 2566/2650/2176
f 2580/2664/2189 1966/2074/2190 2637/2721/2237
f 2580/2664/2189 2637/2721/2237 2638/2722/2238
f 2584/2668/1684 2583/2667/2192 2639/2723/2239
f 2584/2668/1684 2639/2723/2239 2640/2724/2240
f 1991/2099/1729 2574/2658/2183 2639/2723/2239
f 1991/2099/1729 2639/2723/2239 2583/2667/2192
f 2573/2657/1741 2640/2724/2240 2639/2723/2239
f 2573/2657/1741 2639/2723/2239 2574/2658/2183
f 2003/2111/1740 2576/2660/2185 2641/2725/2241
f 2003/2111/1740 2641/2725/2241 2577/2661/2186
f 1993/2101/785 2582/2666/2191 2641/2725/2241
f 1993/2101/785 2641/2725/2241 2576/2660/2185
f 1946/2054/1685 2577/2661/2186 2641/2725/2241
f 1946/2054/1685 2641/2725/2241 2582/2666/2191
f 1968/2076/1707 2614/2698/2216 78/261/88
f 1968/2076/1707 78/261/88 80/263/90
f 1961/2069/1700 79/262/89 78/261/88
f 1961/2069/1700 78/261/88 2614/2698/2216
f 2581/2665/1706 83/266/93 82/265/92
f 2581/2665/1706 82/265/92 2642/2726/2215
f 2607/2691/1701 2642/2726/2215 82/265/92
f 2607/2691/1701 82/265/92 84/267/94
f 1952/2060/1691 2620/2704/2222 87/270/96
f 1952/2060/1691 87/270/96 86/269/95
f 1947/2055/1686 88/271/97 87/270/96
f 1947/2055/1686 87/270/96 2620/2704/2222
f 2585/2669/2193 2643/2727/2221 90/273/99
f 2585/2669/2193 90/273/99 92/275/101
f 2608/2692/1690 91/274/100 90/273/99
f 2608/2692/1690 90/273/99 2643/2727/2221
f 2644/2728/2242 2645/2729/2243 1987/2095/1726
f 2644/2728/2242 1987/2095/1726 2589/2673/2197
f 1979/2087/1718 2602/2686/2209 2646/2730/2244
f 1979/2087/1718 2646/2730/2244 2589/2673/2197
f 1958/2066/1697 2647/2731/2245 2646/2730/2244
f 1958/2066/1697 2646/2730/2244 2602/2686/2209
f 1957/2065/1696 2603/2687/2210 2648/2732/2246
f 1957/2065/1696 2648/2732/2246 2649/2733/2247
f 1978/2086/1717 2586/2670/2194 2648/2732/2246
f 1978/2086/1717 2648/2732/2246 2603/2687/2210
f 2650/2734/2248 2586/2670/2194 1988/2096/1727
f 2650/2734/2248 1988/2096/1727 2651/2735/2249
f 2598/2682/1722 2597/2681/2205 2652/2736/2250
f 2598/2682/1722 2652/2736/2250 2653/2737/2207
f 1969/2077/1708 2610/2694/2213 2652/2736/2250
f 1969/2077/1708 2652/2736/2250 2597/2681/2205
f 2612/2696/1693 2653/2737/2207 2652/2736/2250
f 2612/2696/1693 2652/2736/2250 2610/2694/2213
f 1953/2061/1692 2605/2689/2211 2654/2738/2251
f 1953/2061/1692 2654/2738/2251 2601/2685/2208
f 1975/2083/1714 2595/2679/2203 2654/2738/2251
f 1975/2083/1714 2654/2738/2251 2605/2689/2211
f 1984/2092/1723 2601/2685/2208 2654/2738/2251
f 1984/2092/1723 2654/2738/2251 2595/2679/2203
f 1959/2067/1698 95/278/104 94/277/103
f 1959/2067/1698 94/277/103 2616/2700/2218
f 1964/2072/1703 2616/2700/2218 94/277/103
f 1964/2072/1703 94/277/103 96/279/105
f 2604/2688/1699 2655/2739/2217 98/281/107
f 2604/2688/1699 98/281/107 100/283/109
f 2606/2690/1702 99/282/108 98/281/107
f 2606/2690/1702 98/281/107 2655/2739/2217
f 1956/2064/1695 2618/2702/2220 102/285/111
f 1956/2064/1695 102/285/111 104/287/113
f 1949/2057/1688 103/286/112 102/285/111
f 1949/2057/1688 102/285/111 2618/2702/2220
f 2609/2693/2212 2656/2740/2219 107/290/116
f 2609/2693/2212 107/290/116 106/289/115
f 2611/2695/2214 108/291/117 107/290/116
f 2611/2695/2214 107/290/116 2656/2740/2219
f 2382/2466/2020 2376/2460/2014 2657/2741/2252
f 2382/2466/2020 2657/2741/2252 2658/2742/2253
f 2658/2742/2253 2657/2741/2252 2358/2442/1998
f 2658/2742/2253 2358/2442/1998 2357/2441/1997
f 2369/2453/2009 2368/2452/2008 2659/2743/2254
f 2369/2453/2009 2659/2743/2254 2660/2744/2255
f 2659/2743/2254 2375/2459/1141 2381/2465/2019
f 2659/2743/2254 2381/2465/2019 2660/2744/2255
f 2661/2745/2256 2383/2467/2021 2382/2466/2020
f 2661/2745/2256 2382/2466/2020 2658/2742/2253
f 2357/2441/1997 2362/2446/2002 2661/2745/2256
f 2357/2441/1997 2661/2745/2256 2658/2742/2253
f 2384/2468/2022 2383/2467/2021 2662/2746/2257
f 2384/2468/2022 2662/2746/2257 2663/2747/2258
f 2663/2747/2258 2662/2746/2257 2363/2447/2003
f 2663/2747/2258 2363/2447/2003 2366/2450/2006
f 2371/2455/2011 2369/2453/2009 2660/2744/2255
f 2371/2455/2011 2660/2744/2255 2664/2748/2259
f 2664/2748/2259 2660/2744/2255 2381/2465/2019
f 2664/2748/2259 2381/2465/2019 2384/2468/2022
f 2665/2749/2260 2666/2750/2261 2377/2461/2015
f 2665/2749/2260 2377/2461/2015 2373/2457/1139
f 2367/2451/2007 2370/2454/2010 2667/2751/2261
f 2367/2451/2007 2667/2751/2261 2668/2752/2260
f 2669/2753/2262 2670/2754/2263 2360/2444/2000
f 2669/2753/2262 2360/2444/2000 2359/2443/1999
f 2380/2464/2018 2671/2755/2263 2672/2756/2264
f 2380/2464/2018 2672/2756/2264 2374/2458/2013
f 2373/2457/1139 2352/2436/1116 2673/2757/2265
f 2373/2457/1139 2673/2757/2265 2665/2749/2260
f 2353/2437/1993 2367/2451/2007 2668/2752/2260
f 2353/2437/1993 2668/2752/2260 2674/2758/2265
f 2368/2452/2008 2356/2440/1996 2675/2759/2266
f 2368/2452/2008 2675/2759/2266 2659/2743/2254
f 2375/2459/1141 2659/2743/2254 2675/2759/2266
f 2375/2459/1141 2675/2759/2266 2342/2426/1108
f 2676/2760/2267 2378/2462/2016 2377/2461/2015
f 2676/2760/2267 2377/2461/2015 2666/2750/2261
f 2370/2454/2010 2372/2456/2012 2677/2761/2267
f 2370/2454/2010 2677/2761/2267 2667/2751/2261
f 2378/2462/2016 2678/2762/2268 2679/2763/2269
f 2378/2462/2016 2679/2763/2269 2379/2463/2017
f 2679/2763/2269 2678/2762/2268 2365/2449/2005
f 2679/2763/2269 2365/2449/2005 2364/2448/2004
f 2361/2445/2001 2360/2444/2000 2670/2754/2263
f 2361/2445/2001 2670/2754/2263 2680/2764/2270
f 2681/2765/2270 2671/2755/2263 2380/2464/2018
f 2681/2765/2270 2380/2464/2018 2379/2463/2017
f 2682/2766/2271 2657/2741/2252 2376/2460/2014
f 2682/2766/2271 2376/2460/2014 2341/2425/1985
f 2345/2429/1987 2358/2442/1998 2657/2741/2252
f 2345/2429/1987 2657/2741/2252 2682/2766/2271
f 2359/2443/1999 2348/2432/1990 2683/2767/2272
f 2359/2443/1999 2683/2767/2272 2669/2753/2262
f 2684/2768/2272 2349/2433/1991 2374/2458/2013
f 2684/2768/2272 2374/2458/2013 2672/2756/2264
f 2372/2456/2012 2371/2455/2011 2685/2769/2273
f 2372/2456/2012 2685/2769/2273 2686/2770/2274
f 2687/2771/2274 2688/2772/2273 2366/2450/2006
f 2687/2771/2274 2366/2450/2006 2365/2449/2005
f 2362/2446/2002 2361/2445/2001 2689/2773/2275
f 2362/2446/2002 2689/2773/2275 2690/2774/2276
f 2691/2775/2277 2692/2776/2278 2364/2448/2004
f 2691/2775/2277 2364/2448/2004 2363/2447/2003
f 2674/2758/2265 2693/2777/2279 2354/2438/1994
f 2674/2758/2265 2354/2438/1994 2353/2437/1993
f 2352/2436/1116 2351/2435/1115 2694/2778/2280
f 2352/2436/1116 2694/2778/2280 2673/2757/2265
f 2695/2779/2281 2675/2759/2266 2356/2440/1996
f 2695/2779/2281 2356/2440/1996 2355/2439/1995
f 2342/2426/1108 2675/2759/2266 2695/2779/2281
f 2342/2426/1108 2695/2779/2281 2343/2427/1109
f 2349/2433/1991 2684/2768/2272 2696/2780/2282
f 2349/2433/1991 2696/2780/2282 2350/2434/1992
f 2697/2781/2282 2683/2767/2272 2348/2432/1990
f 2697/2781/2282 2348/2432/1990 2347/2431/1989
f 2682/2766/2271 2698/2782/2283 2346/2430/1988
f 2682/2766/2271 2346/2430/1988 2345/2429/1987
f 2341/2425/1985 2344/2428/1986 2698/2782/2283
f 2341/2425/1985 2698/2782/2283 2682/2766/2271
f 2372/2456/2012 2686/2770/2274 2699/2783/2284
f 2372/2456/2012 2699/2783/2284 2677/2761/2267
f 2365/2449/2005 2678/2762/2268 2700/2784/2284
f 2365/2449/2005 2700/2784/2284 2687/2771/2274
f 2378/2462/2016 2676/2760/2267 2700/2784/2284
f 2378/2462/2016 2700/2784/2284 2678/2762/2268
f 2384/2468/2022 2663/2747/2258 2701/2785/2285
f 2384/2468/2022 2701/2785/2285 2664/2748/2259
f 2366/2450/2006 2688/2772/2273 2701/2785/2285
f 2366/2450/2006 2701/2785/2285 2663/2747/2258
f 2371/2455/2011 2664/2748/2259 2701/2785/2285
f 2371/2455/2011 2701/2785/2285 2685/2769/2273
f 2364/2448/2004 2692/2776/2278 2702/2786/2286
f 2364/2448/2004 2702/2786/2286 2679/2763/2269
f 2361/2445/2001 2680/2764/2270 2703/2787/2286
f 2361/2445/2001 2703/2787/2286 2689/2773/2275
f 2379/2463/2017 2679/2763/2269 2702/2786/2286
f 2379/2463/2017 2702/2786/2286 2681/2765/2270
f 2362/2446/2002 2690/2774/2276 2704/2788/2287
f 2362/2446/2002 2704/2788/2287 2661/2745/2256
f 2363/2447/2003 2662/2746/2257 2704/2788/2287
f 2363/2447/2003 2704/2788/2287 2691/2775/2277
f 2383/2467/2021 2661/2745/2256 2704/2788/2287
f 2383/2467/2021 2704/2788/2287 2662/2746/2257
f 2705/2789/2288 2706/2790/2289 2337/2421/1981
f 2705/2789/2288 2337/2421/1981 2311/2395/1955
f 2707/2791/1962 2708/2792/1971 2706/2790/2289
f 2707/2791/1962 2706/2790/2289 2705/2789/2288
f 2312/2396/1956 2340/2424/1984 2709/2793/2290
f 2312/2396/1956 2709/2793/2290 2710/2794/2291
f 2709/2793/2290 2334/2418/1978 2306/2390/1950
f 2709/2793/2290 2306/2390/1950 2710/2794/2291
f 2711/2795/2292 2305/2389/1949 2333/2417/1977
f 2711/2795/2292 2333/2417/1977 2712/2796/2293
f 2323/2407/1967 2711/2795/2292 2712/2796/2293
f 2323/2407/1967 2712/2796/2293 2331/2415/1975
f 2713/2797/2294 2714/2798/2295 2324/2408/1968
f 2713/2797/2294 2324/2408/1968 2330/2414/1974
f 2328/2412/1972 2317/2401/1961 2714/2798/2295
f 2328/2412/1972 2714/2798/2295 2713/2797/2294
f 2245/2329/1901 2268/2352/1918 2715/2799/2296
f 2245/2329/1901 2715/2799/2296 2716/2800/2297
f 2716/2800/2297 2715/2799/2296 2278/2362/1924
f 2716/2800/2297 2278/2362/1924 2258/2342/991
f 2246/2330/1902 2717/2801/2298 2718/2802/1439
f 2246/2330/1902 2718/2802/1439 2265/2349/998
f 2717/2801/2298 2252/2336/1906 2272/2356/1921
f 2717/2801/2298 2272/2356/1921 2718/2802/1439
f 2251/2335/984 2719/2803/2299 2720/2804/2300
f 2251/2335/984 2720/2804/2300 2269/2353/1919
f 2720/2804/2300 2719/2803/2299 2263/2347/997
f 2720/2804/2300 2263/2347/997 2273/2357/1922
f 2257/2341/1911 2277/2361/1923 2721/2805/2301
f 2257/2341/1911 2721/2805/2301 2722/2806/2302
f 2721/2805/2301 2723/2807/1007 2724/2808/1916
f 2721/2805/2301 2724/2808/1916 2722/2806/2302
f 2706/2790/2289 2725/2809/2303 2338/2422/1982
f 2706/2790/2289 2338/2422/1982 2337/2421/1981
f 2708/2792/1971 2726/2810/1970 2725/2809/2303
f 2708/2792/1971 2725/2809/2303 2706/2790/2289
f 2340/2424/1984 2339/2423/1983 2727/2811/2304
f 2340/2424/1984 2727/2811/2304 2709/2793/2290
f 2727/2811/2304 2335/2419/1979 2334/2418/1978
f 2727/2811/2304 2334/2418/1978 2709/2793/2290
f 2712/2796/2293 2333/2417/1977 2336/2420/1980
f 2712/2796/2293 2336/2420/1980 2728/2812/2305
f 2331/2415/1975 2712/2796/2293 2728/2812/2305
f 2331/2415/1975 2728/2812/2305 2332/2416/1976
f 2713/2797/2294 2330/2414/1974 2329/2413/1973
f 2713/2797/2294 2329/2413/1973 2729/2813/2306
f 2325/2409/1969 2328/2412/1972 2713/2797/2294
f 2325/2409/1969 2713/2797/2294 2729/2813/2306
f 2730/2814/2307 2242/2326/1899 2300/2384/1944
f 2730/2814/2307 2300/2384/1944 2731/2815/2308
f 2731/2815/2308 2286/2370/1930 2249/2333/1904
f 2731/2815/2308 2249/2333/1904 2730/2814/2307
f 2732/2816/2309 2733/2817/2310 2297/2381/1941
f 2732/2816/2309 2297/2381/1941 2241/2325/1898
f 2733/2817/2310 2732/2816/2309 2255/2339/1909
f 2733/2817/2310 2255/2339/1909 2293/2377/1937
f 2734/2818/2311 2735/2819/2312 2250/2334/1905
f 2734/2818/2311 2250/2334/1905 2285/2369/1929
f 2735/2819/2312 2734/2818/2311 2290/2374/1934
f 2735/2819/2312 2290/2374/1934 2262/2346/1915
f 2736/2820/2313 2294/2378/1938 2254/2338/1908
f 2736/2820/2313 2254/2338/1908 2737/2821/2314
f 2737/2821/2314 2738/2822/1912 2739/2823/1933
f 2737/2821/2314 2739/2823/1933 2736/2820/2313
f 2740/2824/2315 2741/2825/2316 2302/2386/1946
f 2740/2824/2315 2302/2386/1946 2298/2382/1942
f 2309/2393/1953 2741/2825/2316 2740/2824/2315
f 2309/2393/1953 2740/2824/2315 2296/2380/1940
f 2742/2826/2317 2299/2383/1943 2301/2385/1945
f 2742/2826/2317 2301/2385/1945 2743/2827/2318
f 2287/2371/1931 2742/2826/2317 2743/2827/2318
f 2287/2371/1931 2743/2827/2318 2321/2405/1965
f 2744/2828/2319 2310/2394/1954 2295/2379/1939
f 2744/2828/2319 2295/2379/1939 2745/2829/2320
f 2746/2830/2321 2744/2828/2319 2745/2829/2320
f 2746/2830/2321 2745/2829/2320 2747/2831/1936
f 2291/2375/1935 2748/2832/2322 2749/2833/2323
f 2291/2375/1935 2749/2833/2323 2313/2397/1957
f 2749/2833/2323 2748/2832/2322 2288/2372/1932
f 2749/2833/2323 2288/2372/1932 2320/2404/1964
f 2319/2403/1963 2324/2408/1968 2714/2798/2295
f 2319/2403/1963 2714/2798/2295 2750/2834/2324
f 2714/2798/2295 2317/2401/1961 2314/2398/1958
f 2714/2798/2295 2314/2398/1958 2750/2834/2324
f 2711/2795/2292 2323/2407/1967 2322/2406/1966
f 2711/2795/2292 2322/2406/1966 2751/2835/2325
f 2711/2795/2292 2751/2835/2325 2304/2388/1948
f 2711/2795/2292 2304/2388/1948 2305/2389/1949
f 2749/2833/2323 2320/2404/1964 2319/2403/1963
f 2749/2833/2323 2319/2403/1963 2750/2834/2324
f 2313/2397/1957 2749/2833/2323 2750/2834/2324
f 2313/2397/1957 2750/2834/2324 2314/2398/1958
f 2321/2405/1965 2743/2827/2318 2751/2835/2325
f 2321/2405/1965 2751/2835/2325 2322/2406/1966
f 2751/2835/2325 2743/2827/2318 2301/2385/1945
f 2751/2835/2325 2301/2385/1945 2304/2388/1948
f 2707/2791/1962 2705/2789/2288 2752/2836/2326
f 2707/2791/1962 2752/2836/2326 2753/2837/2327
f 2705/2789/2288 2311/2395/1955 2307/2391/1951
f 2705/2789/2288 2307/2391/1951 2752/2836/2326
f 2753/2837/2327 2752/2836/2326 2744/2828/2319
f 2753/2837/2327 2744/2828/2319 2746/2830/2321
f 2744/2828/2319 2752/2836/2326 2307/2391/1951
f 2744/2828/2319 2307/2391/1951 2310/2394/1954
f 2754/2838/2328 2308/2392/1952 2312/2396/1956
f 2754/2838/2328 2312/2396/1956 2710/2794/2291
f 2306/2390/1950 2303/2387/1947 2754/2838/2328
f 2306/2390/1950 2754/2838/2328 2710/2794/2291
f 2309/2393/1953 2308/2392/1952 2754/2838/2328
f 2309/2393/1953 2754/2838/2328 2741/2825/2316
f 2741/2825/2316 2754/2838/2328 2303/2387/1947
f 2741/2825/2316 2303/2387/1947 2302/2386/1946
f 2742/2826/2317 2731/2815/2308 2300/2384/1944
f 2742/2826/2317 2300/2384/1944 2299/2383/1943
f 2287/2371/1931 2286/2370/1930 2731/2815/2308
f 2287/2371/1931 2731/2815/2308 2742/2826/2317
f 2733/2817/2310 2740/2824/2315 2298/2382/1942
f 2733/2817/2310 2298/2382/1942 2297/2381/1941
f 2293/2377/1937 2296/2380/1940 2740/2824/2315
f 2293/2377/1937 2740/2824/2315 2733/2817/2310
f 2294/2378/1938 2736/2820/2313 2745/2829/2320
f 2294/2378/1938 2745/2829/2320 2295/2379/1939
f 2745/2829/2320 2736/2820/2313 2739/2823/1933
f 2745/2829/2320 2739/2823/1933 2747/2831/1936
f 2290/2374/1934 2734/2818/2311 2748/2832/2322
f 2290/2374/1934 2748/2832/2322 2291/2375/1935
f 2748/2832/2322 2734/2818/2311 2285/2369/1929
f 2748/2832/2322 2285/2369/1929 2288/2372/1932
f 2755/2839/2329 2756/2840/2330 2757/2841/2331
f 2755/2839/2329 2757/2841/2331 2281/2365/1927
f 2758/2842/2332 2759/2843/2333 2271/2355/1920
f 2758/2842/2332 2271/2355/1920 2226/2310/1883
f 2760/2844/2334 2761/2845/2335 2762/2846/2336
f 2760/2844/2334 2762/2846/2336 2284/2368/2337
f 2763/2847/2338 2240/2324/1897 2279/2363/1925
f 2763/2847/2338 2279/2363/1925 2764/2848/2339
f 2765/2849/2340 2766/2850/2341 2227/2311/1884
f 2765/2849/2340 2227/2311/1884 2270/2354/1003
f 2230/2314/1887 2766/2850/2341 2765/2849/2340
f 2230/2314/1887 2765/2849/2340 2276/2360/1009
f 2767/2851/1008 2768/2852/2342 2769/2853/2343
f 2767/2851/1008 2769/2853/2343 2770/2854/2344
f 2768/2852/2342 2280/2364/1926 2239/2323/1896
f 2768/2852/2342 2239/2323/1896 2769/2853/2343
f 2279/2363/1925 2278/2362/1924 2715/2799/2296
f 2279/2363/1925 2715/2799/2296 2771/2855/2345
f 2771/2855/2345 2715/2799/2296 2268/2352/1918
f 2771/2855/2345 2268/2352/1918 2267/2351/1917
f 2768/2852/2342 2721/2805/2301 2277/2361/1923
f 2768/2852/2342 2277/2361/1923 2280/2364/1926
f 2723/2807/1007 2721/2805/2301 2768/2852/2342
f 2723/2807/1007 2768/2852/2342 2767/2851/1008
f 2273/2357/1922 2276/2360/1009 2765/2849/2340
f 2273/2357/1922 2765/2849/2340 2720/2804/2300
f 2765/2849/2340 2270/2354/1003 2269/2353/1919
f 2765/2849/2340 2269/2353/1919 2720/2804/2300
f 2271/2355/1920 2772/2856/2346 2718/2802/1439
f 2271/2355/1920 2718/2802/1439 2272/2356/1921
f 2772/2856/2346 2266/2350/999 2265/2349/998
f 2772/2856/2346 2265/2349/998 2718/2802/1439
f 2263/2347/997 2719/2803/2299 2773/2857/2347
f 2263/2347/997 2773/2857/2347 2261/2345/1914
f 2719/2803/2299 2251/2335/984 2247/2331/980
f 2719/2803/2299 2247/2331/980 2773/2857/2347
f 2774/2858/1913 2775/2859/2348 2722/2806/2302
f 2774/2858/1913 2722/2806/2302 2724/2808/1916
f 2722/2806/2302 2775/2859/2348 2253/2337/1907
f 2722/2806/2302 2253/2337/1907 2257/2341/1911
f 2262/2346/1915 2261/2345/1914 2773/2857/2347
f 2262/2346/1915 2773/2857/2347 2735/2819/2312
f 2735/2819/2312 2773/2857/2347 2247/2331/980
f 2735/2819/2312 2247/2331/980 2250/2334/1905
f 2774/2858/1913 2738/2822/1912 2737/2821/2314
f 2774/2858/1913 2737/2821/2314 2775/2859/2348
f 2737/2821/2314 2254/2338/1908 2253/2337/1907
f 2737/2821/2314 2253/2337/1907 2775/2859/2348
f 2258/2342/991 2256/2340/1910 2776/2860/2349
f 2258/2342/991 2776/2860/2349 2716/2800/2297
f 2776/2860/2349 2244/2328/1900 2245/2329/1901
f 2776/2860/2349 2245/2329/1901 2716/2800/2297
f 2255/2339/1909 2732/2816/2309 2776/2860/2349
f 2255/2339/1909 2776/2860/2349 2256/2340/1910
f 2776/2860/2349 2732/2816/2309 2241/2325/1898
f 2776/2860/2349 2241/2325/1898 2244/2328/1900
f 2252/2336/1906 2717/2801/2298 2777/2861/2350
f 2252/2336/1906 2777/2861/2350 2248/2332/1903
f 2717/2801/2298 2246/2330/1902 2243/2327/977
f 2717/2801/2298 2243/2327/977 2777/2861/2350
f 2249/2333/1904 2248/2332/1903 2777/2861/2350
f 2249/2333/1904 2777/2861/2350 2730/2814/2307
f 2730/2814/2307 2777/2861/2350 2243/2327/977
f 2730/2814/2307 2243/2327/977 2242/2326/1899
f 2240/2324/1897 2778/2862/2351 2779/2863/2352
f 2240/2324/1897 2779/2863/2352 2237/2321/1894
f 2779/2863/2352 2763/2847/2353 2780/2864/2354
f 2779/2863/2352 2780/2864/2354 2220/2304/1877
f 2238/2322/1895 2781/2865/2355 2769/2853/2343
f 2238/2322/1895 2769/2853/2343 2239/2323/1896
f 2769/2853/2343 2781/2865/2355 2782/2866/2356
f 2769/2853/2343 2782/2866/2356 2770/2854/2344
f 2233/2317/1890 2783/2867/2357 2235/2319/1892
f 2233/2317/1890 2235/2319/1892 2234/2318/1891
f 2784/2868/2358 2782/2866/2356 2781/2865/2355
f 2784/2868/2358 2781/2865/2355 2785/2869/2359
f 2781/2865/2355 2238/2322/1895 2786/2870/2360
f 2781/2865/2355 2786/2870/2360 2785/2869/2359
f 2779/2863/2352 2220/2304/1877 2787/2871/2361
f 2779/2863/2352 2787/2871/2361 2788/2872/2362
f 2234/2318/1891 2766/2850/2341 2230/2314/1887
f 2234/2318/1891 2230/2314/1887 2233/2317/1890
f 2228/2312/1885 2227/2311/1884 2766/2850/2341
f 2228/2312/1885 2766/2850/2341 2234/2318/1891
f 2237/2321/1894 2779/2863/2352 2788/2872/2362
f 2237/2321/1894 2788/2872/2362 2789/2873/2363
f 2238/2322/1895 2237/2321/1894 2789/2873/2363
f 2238/2322/1895 2789/2873/2363 2786/2870/2360
f 2226/2310/1883 2225/2309/1882 2224/2308/1881
f 2226/2310/1883 2224/2308/1881 2790/2874/2364
f 2224/2308/1881 2219/2303/1876 2791/2875/2365
f 2224/2308/1881 2791/2875/2365 2758/2842/2366
f 2233/2317/1890 2232/2316/1889 2792/2876/2358
f 2233/2317/1890 2792/2876/2358 2783/2867/2357
f 2236/2320/1893 2229/2313/1886 2225/2309/1882
f 2236/2320/1893 2225/2309/1882 2228/2312/1885
f 1819/1951/1604 1842/1974/1623 1840/1972/1621
f 1819/1951/1604 1840/1972/1621 2793/2877/2367
f 2793/2877/2367 1840/1972/1621 1839/1971/1620
f 2793/2877/2367 1839/1971/1620 1825/1957/1607
f 1860/1992/1641 1818/1950/1603 2794/2878/2368
f 1860/1992/1641 2794/2878/2368 2795/2879/2369
f 2794/2878/2368 1831/1963/1613 1857/1989/1638
f 2794/2878/2368 1857/1989/1638 2795/2879/2369
f 1824/1956/1606 1859/1991/1640 1845/1977/1626
f 1824/1956/1606 1845/1977/1626 2796/2880/1539
f 1845/1977/1626 1844/1976/1625 1836/1968/575
f 1845/1977/1626 1836/1968/575 2796/2880/1539
f 1830/1962/1612 2797/2881/2370 2798/2882/2371
f 1830/1962/1612 2798/2882/2371 1858/1990/1639
f 2798/2882/2371 2797/2881/2370 2799/2883/1618
f 2798/2882/2371 2799/2883/1618 2800/2884/1637
f 2801/2885/2372 1814/1946/1599 1855/1987/1636
f 2801/2885/2372 1855/1987/1636 2802/2886/2373
f 2801/2885/2372 2802/2886/2373 1851/1983/1632
f 2801/2885/2372 1851/1983/1632 1828/1960/1610
f 1854/1986/1635 1817/1949/1602 2803/2887/2374
f 1854/1986/1635 2803/2887/2374 2804/2888/2375
f 2803/2887/2374 1822/1954/1605 1852/1984/1633
f 2803/2887/2374 1852/1984/1633 2804/2888/2375
f 2805/2889/2376 1853/1985/1634 1821/1953/559
f 2805/2889/2376 1821/1953/559 2806/2890/2377
f 1848/1980/1629 2805/2889/2376 2806/2890/2377
f 1848/1980/1629 2806/2890/2377 1833/1965/1615
f 2807/2891/2378 2808/2892/2379 1829/1961/1611
f 2807/2891/2378 1829/1961/1611 1850/1982/1631
f 2808/2892/2379 2807/2891/2378 2809/2893/2380
f 2808/2892/2379 2809/2893/2380 2810/2894/1614
f 1846/1978/1627 1845/1977/1626 1859/1991/1640
f 1846/1978/1627 1859/1991/1640 2811/2895/2381
f 2812/2896/2382 2813/2897/2383 2795/2879/2369
f 2812/2896/2382 2795/2879/2369 1857/1989/1638
f 2813/2897/2383 2814/2898/2384 1860/1992/1641
f 2813/2897/2383 1860/1992/1641 2795/2879/2369
f 2800/2884/1637 2815/2899/2385 2816/2900/2386
f 2800/2884/1637 2816/2900/2386 2798/2882/2371
f 2816/2900/2386 2817/2901/2387 1858/1990/1639
f 2816/2900/2386 1858/1990/1639 2798/2882/2371
f 2817/2901/2387 2812/2896/2382 1857/1989/1638
f 2817/2901/2387 1857/1989/1638 1858/1990/1639
f 1844/1976/1625 1847/1979/1628 2818/2902/2385
f 1844/1976/1625 2818/2902/2385 1856/1988/1637
f 1859/1991/1640 1839/1971/1620 1838/1970/1619
f 1859/1991/1640 1838/1970/1619 2811/2895/2381
f 2799/2883/1618 2797/2881/2370 2819/2903/2388
f 2799/2883/1618 2819/2903/2388 2820/2904/1617
f 2797/2881/2370 1830/1962/1612 1826/1958/1608
f 2797/2881/2370 1826/1958/1608 2819/2903/2388
f 1834/1966/1616 2821/2905/2389 2796/2880/1539
f 1834/1966/1616 2796/2880/1539 1836/1968/575
f 2796/2880/1539 2821/2905/2389 1820/1952/558
f 2796/2880/1539 1820/1952/558 1824/1956/1606
f 2810/2894/1614 2820/2904/1617 2819/2903/2388
f 2810/2894/1614 2819/2903/2388 2808/2892/2379
f 2808/2892/2379 2819/2903/2388 1826/1958/1608
f 2808/2892/2379 1826/1958/1608 1829/1961/1611
f 1834/1966/1616 1833/1965/1615 2806/2890/2377
f 1834/1966/1616 2806/2890/2377 2821/2905/2389
f 2806/2890/2377 1821/1953/559 1820/1952/558
f 2806/2890/2377 1820/1952/558 2821/2905/2389
f 1831/1963/1613 2794/2878/2368 2822/2906/1597
f 1831/1963/1613 2822/2906/1597 1827/1959/1609
f 2822/2906/1597 2794/2878/2368 1818/1950/1603
f 2822/2906/1597 1818/1950/1603 1815/1947/1600
f 1828/1960/1610 1827/1959/1609 2822/2906/1597
f 1828/1960/1610 2822/2906/1597 2801/2885/2372
f 2822/2906/1597 1815/1947/1600 1814/1946/1599
f 2822/2906/1597 1814/1946/1599 2801/2885/2372
f 1825/1957/1607 1823/1955/561 2823/2907/2390
f 1825/1957/1607 2823/2907/2390 2793/2877/2367
f 2793/2877/2367 2823/2907/2390 1816/1948/1601
f 2793/2877/2367 1816/1948/1601 1819/1951/1604
f 1822/1954/1605 2803/2887/2374 2823/2907/2390
f 1822/1954/1605 2823/2907/2390 1823/1955/561
f 2823/2907/2390 2803/2887/2374 1817/1949/1602
f 2823/2907/2390 1817/1949/1602 1816/1948/1601
f 2824/2908/2391 2825/2909/2392 2826/2910/2393
f 2824/2908/2391 2826/2910/2393 2827/2911/2394
f 2825/2909/2392 2824/2908/2391 2828/2912/2395
f 2825/2909/2392 2828/2912/2395 2829/2913/2396
f 2830/2914/2397 2831/2915/2395 2832/2916/2398
f 2830/2914/2397 2832/2916/2398 2833/2917/2399
f 2833/2917/2399 2832/2916/2398 2834/2918/2400
f 2833/2917/2399 2834/2918/2400 2835/2919/2401
f 2835/2919/2401 2834/2918/2400 2836/2920/2402
f 2835/2919/2401 2836/2920/2402 2837/2921/2403
f 2838/2922/2404 2837/2921/2403 2836/2920/2402
f 2838/2922/2404 2836/2920/2402 2839/2923/2405
f 2838/2922/2404 2839/2923/2405 2840/2924/2406
f 2838/2922/2404 2840/2924/2406 2841/2925/2407
f 2842/2926/2408 2843/2927/2409 2841/2925/2407
f 2842/2926/2408 2841/2925/2407 2840/2924/2406
f 2843/2927/2409 2842/2926/2408 2844/2928/2410
f 2843/2927/2409 2844/2928/2410 2845/2929/2411
f 2846/2930/2412 2845/2929/2411 2844/2928/2410
f 2846/2930/2412 2844/2928/2410 2847/2931/2413
f 2846/2930/2412 2847/2931/2413 2848/2932/2414
f 2846/2930/2412 2848/2932/2414 2849/2933/2415
f 2826/2910/2393 2849/2933/2415 2848/2932/2414
f 2826/2910/2393 2848/2932/2414 2827/2911/2394
f 2219/2303/1876 2223/2307/1880 2787/2871/2361
f 2219/2303/1876 2787/2871/2361 2220/2304/1877
f 2787/2871/2361 2223/2307/1880 2850/2934/2416
f 2787/2871/2361 2850/2934/2416 2851/2935/2417
f 2236/2320/1893 2852/2936/2418 2853/2937/2419
f 2236/2320/1893 2853/2937/2419 2229/2313/1886
f 2853/2937/2419 2852/2936/2418 2854/2938/2420
f 2853/2937/2419 2854/2938/2420 2855/2939/2421
f 2783/2867/2357 2792/2876/2358 2856/2940/2422
f 2783/2867/2357 2856/2940/2422 2857/2941/2423
f 2786/2870/2360 2789/2873/2363 2858/2942/2424
f 2786/2870/2360 2858/2942/2424 2859/2943/2425
f 2860/2944/2426 2859/2943/2425 2858/2942/2424
f 2860/2944/2426 2858/2942/2424 2861/2945/2427
f 2788/2872/2362 2862/2946/2428 2858/2942/2424
f 2788/2872/2362 2858/2942/2424 2789/2873/2363
f 2787/2871/2361 2851/2935/2417 2862/2946/2428
f 2787/2871/2361 2862/2946/2428 2788/2872/2362
f 2786/2870/2360 2859/2943/2425 2863/2947/2429
f 2786/2870/2360 2863/2947/2429 2785/2869/2359
f 2864/2948/2430 2863/2947/2429 2865/2949/2431
f 2864/2948/2430 2865/2949/2431 2866/2950/2432
f 2784/2868/2358 2785/2869/2359 2863/2947/2429
f 2784/2868/2358 2863/2947/2429 2867/2951/2422
f 2868/2952/2433 2869/2953/2434 2870/2954/2435
f 2868/2952/2433 2870/2954/2435 2871/2955/2436
f 2783/2867/2357 2857/2941/2423 2872/2956/2437
f 2783/2867/2357 2872/2956/2437 2235/2319/1892
f 2236/2320/1893 2235/2319/1892 2873/2957/2438
f 2236/2320/1893 2873/2957/2438 2852/2936/2418
f 2222/2306/1879 2229/2313/1886 2853/2937/2419
f 2222/2306/1879 2853/2937/2419 2874/2958/2439
f 2850/2934/2416 2874/2958/2439 2875/2959/2440
f 2850/2934/2416 2875/2959/2440 2876/2960/2441
f 2223/2307/1880 2222/2306/1879 2874/2958/2439
f 2223/2307/1880 2874/2958/2439 2850/2934/2416
f 2862/2946/2428 2877/2961/2442 2861/2945/2427
f 2862/2946/2428 2861/2945/2427 2858/2942/2424
f 1842/1974/1623 1860/1992/1641 2814/2898/2384
f 1842/1974/1623 2814/2898/2384 1843/1975/1624
f 1843/1975/1624 2814/2898/2384 2878/2962/2443
f 1843/1975/1624 2878/2962/2443 2879/2963/2444
f 2880/2964/2445 2881/2965/2446 2882/2966/2447
f 2880/2964/2445 2882/2966/2447 2883/2967/2448
f 2811/2895/2381 1838/1970/1619 2880/2964/2445
f 2811/2895/2381 2880/2964/2445 2883/2967/2448
f 1847/1979/1628 2884/2968/2449 2885/2969/2450
f 1847/1979/1628 2885/2969/2450 2818/2902/2385
f 2886/2970/2451 2887/2971/2452 2888/2972/2453
f 2886/2970/2451 2888/2972/2453 2889/2973/2454
f 2817/2901/2387 2887/2971/2452 2886/2970/2451
f 2817/2901/2387 2886/2970/2451 2812/2896/2382
f 2816/2900/2386 2890/2974/2455 2887/2971/2452
f 2816/2900/2386 2887/2971/2452 2817/2901/2387
f 2816/2900/2386 2815/2899/2385 2891/2975/2450
f 2816/2900/2386 2891/2975/2450 2890/2974/2455
f 2890/2974/2455 2891/2975/2450 2892/2976/2456
f 2890/2974/2455 2892/2976/2456 2893/2977/2457
f 2814/2898/2384 2813/2897/2383 2894/2978/2458
f 2814/2898/2384 2894/2978/2458 2878/2962/2443
f 2812/2896/2382 2886/2970/2451 2894/2978/2458
f 2812/2896/2382 2894/2978/2458 2813/2897/2383
f 1846/1978/1627 2811/2895/2381 2883/2967/2448
f 1846/1978/1627 2883/2967/2448 2895/2979/2459
f 2895/2979/2459 2896/2980/2460 2897/2981/2461
f 2895/2979/2459 2897/2981/2461 2884/2968/2449
f 1846/1978/1627 2895/2979/2459 2884/2968/2449
f 1846/1978/1627 2884/2968/2449 1847/1979/1628
f 1843/1975/1624 2879/2963/2444 2898/2982/2462
f 1843/1975/1624 2898/2982/2462 1841/1973/1622
f 1838/1970/1619 1841/1973/1622 2898/2982/2462
f 1838/1970/1619 2898/2982/2462 2880/2964/2445
f 2898/2982/2462 2899/2983/2463 2881/2965/2446
f 2898/2982/2462 2881/2965/2446 2880/2964/2445
f 2894/2978/2458 2886/2970/2451 2889/2973/2454
f 2894/2978/2458 2889/2973/2454 2900/2984/2464
f 2879/2963/2444 2901/2985/2465 2899/2983/2463
f 2879/2963/2444 2899/2983/2463 2898/2982/2462
f 2883/2967/2448 2882/2966/2447 2896/2980/2460
f 2883/2967/2448 2896/2980/2460 2895/2979/2459
f 2901/2985/2465 2902/2986/2461 2903/2987/2460
f 2901/2985/2465 2903/2987/2460 2899/2983/2463
f 2899/2983/2463 2903/2987/2460 2904/2988/2447
f 2899/2983/2463 2904/2988/2447 2881/2965/2446
f 2905/2989/2456 2902/2986/2461 2901/2985/2465
f 2905/2989/2456 2901/2985/2465 2906/2990/2466
f 2879/2963/2444 2878/2962/2443 2906/2990/2466
f 2879/2963/2444 2906/2990/2466 2901/2985/2465
f 2885/2969/2450 2884/2968/2449 2897/2981/2461
f 2885/2969/2450 2897/2981/2461 2907/2991/2456
f 2878/2962/2443 2894/2978/2458 2900/2984/2464
f 2878/2962/2443 2900/2984/2464 2906/2990/2466
f 2887/2971/2452 2890/2974/2455 2893/2977/2457
f 2887/2971/2452 2893/2977/2457 2888/2972/2453
f 2906/2990/2466 2900/2984/2464 2908/2992/2457
f 2906/2990/2466 2908/2992/2457 2905/2989/2456
f 2908/2992/2457 2900/2984/2464 2889/2973/2454
f 2908/2992/2457 2889/2973/2454 2909/2993/2453
f 2871/2955/2436 2870/2954/2435 2854/2938/2420
f 2871/2955/2436 2854/2938/2420 2852/2936/2418
f 2874/2958/2439 2853/2937/2419 2855/2939/2421
f 2874/2958/2439 2855/2939/2421 2875/2959/2440
f 2910/2994/2435 2875/2959/2440 2855/2939/2421
f 2910/2994/2435 2855/2939/2421 2911/2995/2420
f 2912/2996/2434 2876/2960/2441 2875/2959/2440
f 2912/2996/2434 2875/2959/2440 2910/2994/2435
f 2851/2935/2417 2850/2934/2416 2876/2960/2441
f 2851/2935/2417 2876/2960/2441 2913/2997/2467
f 2868/2952/2433 2914/2998/2468 2915/2999/2432
f 2868/2952/2433 2915/2999/2432 2869/2953/2434
f 2916/3000/2432 2913/2997/2467 2876/2960/2441
f 2916/3000/2432 2876/2960/2441 2912/2996/2434
f 2851/2935/2417 2913/2997/2467 2877/2961/2442
f 2851/2935/2417 2877/2961/2442 2862/2946/2428
f 2863/2947/2429 2859/2943/2425 2860/2944/2426
f 2863/2947/2429 2860/2944/2426 2865/2949/2431
f 2913/2997/2467 2916/3000/2432 2917/3001/2469
f 2913/2997/2467 2917/3001/2469 2877/2961/2442
f 2877/2961/2442 2917/3001/2469 2918/3002/2470
f 2877/2961/2442 2918/3002/2470 2861/2945/2427
f 2919/3003/2471 2920/3004/2472 2921/3005/2473
f 2919/3003/2471 2921/3005/2473 2922/3006/2474
f 2923/3007/2475 2924/3008/2476 2925/3009/2477
f 2923/3007/2475 2925/3009/2477 2926/3010/2478
f 2927/3011/2479 2928/3012/2480 2929/3013/2481
f 2927/3011/2479 2929/3013/2481 2930/3014/2482
f 2931/3015/2483 2932/3016/2484 2933/3017/2485
f 2931/3015/2483 2933/3017/2485 2934/3018/2486
f 2935/3019/2487 2936/3020/2488 2937/3021/2489
f 2935/3019/2487 2937/3021/2489 2938/3022/2490
f 2939/3023/2491 2940/3024/2492 2937/3021/2489
f 2939/3023/2491 2937/3021/2489 2936/3020/2488
f 2941/3025/2493 2942/3026/2494 2943/3027/2495
f 2941/3025/2493 2943/3027/2495 2944/3028/2496
f 2941/3025/2493 2944/3028/2496 2945/3029/2497
f 2941/3025/2493 2945/3029/2497 2946/3030/2498
f 2947/3031/2499 2948/3032/2500 2949/3033/2501
f 2947/3031/2499 2949/3033/2501 2950/3034/2502
f 2951/3035/2503 2950/3034/2502 2949/3033/2501
f 2951/3035/2503 2949/3033/2501 2952/3036/2504
f 2953/3037/2505 2954/3038/2506 2955/3039/2507
f 2953/3037/2505 2955/3039/2507 2956/3040/2508
f 2954/3038/2506 2953/3037/2505 2957/3041/2509
f 2954/3038/2506 2957/3041/2509 2958/3042/2510
f 2920/3004/2472 2956/3040/2508 2955/3039/2507
f 2920/3004/2472 2955/3039/2507 2921/3005/2473
f 2924/3008/2476 2948/3032/2500 2947/3031/2499
f 2924/3008/2476 2947/3031/2499 2925/3009/2477
f 2942/3026/2494 2929/3013/2481 2928/3012/2480
f 2942/3026/2494 2928/3012/2480 2943/3027/2495
f 2934/3018/2486 2933/3017/2485 2935/3019/2487
f 2934/3018/2486 2935/3019/2487 2938/3022/2490
f 2959/3043/2511 2960/3044/2512 2961/3045/2513
f 2959/3043/2511 2961/3045/2513 2962/3046/2514
f 2963/3047/2515 2964/3048/2516 2965/3049/2517
f 2963/3047/2515 2965/3049/2517 2966/3050/2518
f 2967/3051/2519 2968/3052/2520 2969/3053/2521
f 2967/3051/2519 2969/3053/2521 2970/3054/2522
f 2971/3055/2523 2972/3056/2524 2973/3057/2525
f 2971/3055/2523 2973/3057/2525 2974/3058/2526
f 2961/3045/2513 2960/3044/2512 2951/3035/2503
f 2961/3045/2513 2951/3035/2503 2952/3036/2504
f 2966/3050/2518 2965/3049/2517 2958/3042/2510
f 2966/3050/2518 2958/3042/2510 2957/3041/2509
f 2970/3054/2522 2940/3024/2492 2939/3023/2491
f 2970/3054/2522 2939/3023/2491 2967/3051/2519
f 2946/3030/2498 2945/3029/2497 2972/3056/2524
f 2946/3030/2498 2972/3056/2524 2971/3055/2523
f 2975/3059/2527 2946/3030/2498 2971/3055/2523
f 2975/3059/2527 2971/3055/2523 2976/3060/2528
f 2977/3061/2504 2975/3059/2527 2976/3060/2528
f 2977/3061/2504 2976/3060/2528 2978/3062/2529
f 2945/3029/2497 2979/3063/2530 2980/3064/2531
f 2945/3029/2497 2980/3064/2531 2972/3056/2524
f 2980/3064/2531 2979/3063/2530 2940/3024/2492
f 2980/3064/2531 2940/3024/2492 2970/3054/2522
f 2981/3065/2532 2982/3066/2533 2967/3051/2519
f 2981/3065/2532 2967/3051/2519 2939/3023/2491
f 2965/3049/2517 2982/3066/2533 2981/3065/2532
f 2965/3049/2517 2981/3065/2532 2958/3042/2510
f 2983/3067/2534 2966/3050/2518 2957/3041/2509
f 2983/3067/2534 2957/3041/2509 2984/3068/2535
f 2960/3044/2512 2983/3067/2534 2984/3068/2535
f 2960/3044/2512 2984/3068/2535 2951/3035/2503
f 2976/3060/2528 2971/3055/2523 2974/3058/2526
f 2976/3060/2528 2974/3058/2526 2985/3069/2536
f 2978/3062/2529 2976/3060/2528 2985/3069/2536
f 2978/3062/2529 2985/3069/2536 2986/3070/2537
f 2972/3056/2524 2980/3064/2531 2987/3071/2538
f 2972/3056/2524 2987/3071/2538 2973/3057/2525
f 2987/3071/2538 2980/3064/2531 2970/3054/2522
f 2987/3071/2538 2970/3054/2522 2969/3053/2521
f 2982/3066/2533 2988/3072/2539 2968/3052/2520
f 2982/3066/2533 2968/3052/2520 2967/3051/2519
f 2965/3049/2517 2964/3048/2516 2988/3072/2539
f 2965/3049/2517 2988/3072/2539 2982/3066/2533
f 2983/3067/2534 2989/3073/2540 2963/3047/2515
f 2983/3067/2534 2963/3047/2515 2966/3050/2518
f 2959/3043/2511 2989/3073/2540 2983/3067/2534
f 2959/3043/2511 2983/3067/2534 2960/3044/2512
f 2990/3074/2541 2934/3018/2486 2938/3022/2490
f 2990/3074/2541 2938/3022/2490 2991/3075/2542
f 2943/3027/2495 2928/3012/2480 2990/3074/2541
f 2943/3027/2495 2990/3074/2541 2991/3075/2542
f 2992/3076/2543 2993/3077/2544 2935/3019/2487
f 2992/3076/2543 2935/3019/2487 2933/3017/2485
f 2921/3005/2473 2955/3039/2507 2993/3077/2544
f 2921/3005/2473 2993/3077/2544 2992/3076/2543
f 2994/3078/2545 2995/3079/2546 2929/3013/2481
f 2994/3078/2545 2929/3013/2481 2942/3026/2494
f 2996/3080/2500 2997/3081/2476 2995/3079/2546
f 2996/3080/2500 2995/3079/2546 2994/3078/2545
f 2925/3009/2477 2947/3031/2499 2998/3082/2547
f 2925/3009/2477 2998/3082/2547 2999/3083/2548
f 2998/3082/2547 2956/3040/2508 2920/3004/2472
f 2998/3082/2547 2920/3004/2472 2999/3083/2548
f 2953/3037/2505 3000/3084/2549 2984/3068/2535
f 2953/3037/2505 2984/3068/2535 2957/3041/2509
f 2984/3068/2535 3000/3084/2549 2950/3034/2502
f 2984/3068/2535 2950/3034/2502 2951/3035/2503
f 2981/3065/2532 3001/3085/2550 2954/3038/2506
f 2981/3065/2532 2954/3038/2506 2958/3042/2510
f 2981/3065/2532 2939/3023/2491 2936/3020/2488
f 2981/3065/2532 2936/3020/2488 3001/3085/2550
f 2998/3082/2547 3000/3084/2549 2953/3037/2505
f 2998/3082/2547 2953/3037/2505 2956/3040/2508
f 2947/3031/2499 2950/3034/2502 3000/3084/2549
f 2947/3031/2499 3000/3084/2549 2998/3082/2547
f 2955/3039/2507 2954/3038/2506 3001/3085/2550
f 2955/3039/2507 3001/3085/2550 2993/3077/2544
f 3001/3085/2550 2936/3020/2488 2935/3019/2487
f 3001/3085/2550 2935/3019/2487 2993/3077/2544
f 2977/3061/2504 3002/3086/2551 3003/3087/2552
f 2977/3061/2504 3003/3087/2552 2975/3059/2527
f 2975/3059/2527 3003/3087/2552 2941/3025/2493
f 2975/3059/2527 2941/3025/2493 2946/3030/2498
f 3002/3086/2551 2996/3080/2500 2994/3078/2545
f 3002/3086/2551 2994/3078/2545 3003/3087/2552
f 2994/3078/2545 2942/3026/2494 2941/3025/2493
f 2994/3078/2545 2941/3025/2493 3003/3087/2552
f 3004/3088/2553 2979/3063/2530 2945/3029/2497
f 3004/3088/2553 2945/3029/2497 2944/3028/2496
f 2940/3024/2492 2979/3063/2530 3004/3088/2553
f 2940/3024/2492 3004/3088/2553 2937/3021/2489
f 2943/3027/2495 2991/3075/2542 3004/3088/2553
f 2943/3027/2495 3004/3088/2553 2944/3028/2496
f 2991/3075/2542 2938/3022/2490 2937/3021/2489
f 2991/3075/2542 2937/3021/2489 3004/3088/2553
f 2992/3076/2543 2933/3017/2485 2932/3016/2484
f 2992/3076/2543 2932/3016/2484 3005/3089/2554
f 2921/3005/2473 2992/3076/2543 3005/3089/2554
f 2921/3005/2473 3005/3089/2554 2922/3006/2474
f 3006/3090/2555 2931/3015/2483 2934/3018/2486
f 3006/3090/2555 2934/3018/2486 2990/3074/2541
f 2927/3011/2479 3006/3090/2555 2990/3074/2541
f 2927/3011/2479 2990/3074/2541 2928/3012/2480
f 2930/3014/2482 2929/3013/2481 2995/3079/2546
f 2930/3014/2482 2995/3079/2546 3007/3091/2556
f 2995/3079/2546 2997/3081/2476 3008/3092/2475
f 2995/3079/2546 3008/3092/2475 3007/3091/2556
f 2926/3010/2478 2925/3009/2477 2999/3083/2548
f 2926/3010/2478 2999/3083/2548 3009/3093/2557
f 2999/3083/2548 2920/3004/2472 2919/3003/2471
f 2999/3083/2548 2919/3003/2471 3009/3093/2557
f 3010/3094/2558 3011/3095/2559 3012/3096/2515
f 3010/3094/2558 3012/3096/2515 3013/3097/2560
f 3014/3098/2561 3015/3099/2562 3016/3100/2563
f 3014/3098/2561 3016/3100/2563 3017/3101/2564
f 3018/3102/2565 3019/3103/2566 3020/3104/2526
f 3018/3102/2565 3020/3104/2526 3021/3105/2567
f 3022/3106/2568 3023/3107/2569 3024/3108/2570
f 3022/3106/2568 3024/3108/2570 3025/3109/2571
f 3026/3110/2572 3027/3111/2573 3023/3107/2569
f 3026/3110/2572 3023/3107/2569 3022/3106/2568
f 3021/3105/2567 3027/3111/2573 3026/3110/2572
f 3021/3105/2567 3026/3110/2572 3018/3102/2565
f 3025/3109/2571 3024/3108/2570 3028/3112/2574
f 3025/3109/2571 3028/3112/2574 3029/3113/2575
f 3029/3113/2575 3028/3112/2574 3011/3095/2559
f 3029/3113/2575 3011/3095/2559 3010/3094/2558
f 3019/3103/2566 3030/3114/2576 3031/3115/2577
f 3019/3103/2566 3031/3115/2577 3020/3104/2526
f 3031/3115/2577 3030/3114/2576 3032/3116/2561
f 3031/3115/2577 3032/3116/2561 3033/3117/2578
f 3015/3099/2562 3034/3118/2579 3035/3119/2580
f 3015/3099/2562 3035/3119/2580 3016/3100/2563
f 3035/3119/2580 3034/3118/2579 3013/3097/2560
f 3035/3119/2580 3013/3097/2560 3012/3096/2515
f 1855/1987/1636 2931/3015/2483 3006/3090/2555
f 1855/1987/1636 3006/3090/2555 2802/2886/2373
f 2927/3011/2479 1851/1983/1632 2802/2886/2373
f 2927/3011/2479 2802/2886/2373 3006/3090/2555
f 2927/3011/2479 2930/3014/2482 1850/1982/1631
f 2927/3011/2479 1850/1982/1631 1851/1983/1632
f 2930/3014/2482 3007/3091/2556 2807/2891/2378
f 2930/3014/2482 2807/2891/2378 1850/1982/1631
f 2809/2893/2380 2807/2891/2378 3007/3091/2556
f 2809/2893/2380 3007/3091/2556 3008/3092/2475
f 1849/1981/1630 2923/3007/2475 2926/3010/2478
f 1849/1981/1630 2926/3010/2478 1848/1980/1629
f 3009/3093/2557 2805/2889/2376 1848/1980/1629
f 3009/3093/2557 1848/1980/1629 2926/3010/2478
f 3009/3093/2557 2919/3003/2471 1853/1985/1634
f 3009/3093/2557 1853/1985/1634 2805/2889/2376
f 2919/3003/2471 2922/3006/2474 1852/1984/1633
f 2919/3003/2471 1852/1984/1633 1853/1985/1634
f 3005/3089/2554 2804/2888/2375 1852/1984/1633
f 3005/3089/2554 1852/1984/1633 2922/3006/2474
f 3005/3089/2554 2932/3016/2484 1854/1986/1635
f 3005/3089/2554 1854/1986/1635 2804/2888/2375
f 1855/1987/1636 1854/1986/1635 2932/3016/2484
f 1855/1987/1636 2932/3016/2484 2931/3015/2483
f 3036/3120/2581 3037/3121/2582 3038/3122/2583
f 3036/3120/2581 3038/3122/2583 3039/3123/2584
f 3040/3124/2585 3041/3125/2586 3042/3126/2587
f 3040/3124/2585 3042/3126/2587 3043/3127/2588
f 3044/3128/2589 3045/3129/1983 3046/3130/2590
f 3044/3128/2589 3046/3130/2590 3047/3131/2591
f 3048/3132/2592 3049/3133/2593 3050/3134/2594
f 3048/3132/2592 3050/3134/2594 3051/3135/2595
f 3052/3136/2596 3048/3132/2592 3051/3135/2595
f 3052/3136/2596 3051/3135/2595 3053/3137/2597
f 3045/3129/1983 3044/3128/2589 3052/3136/2596
f 3045/3129/1983 3052/3136/2596 3053/3137/2597
f 3049/3133/2593 3054/3138/2598 3055/3139/2599
f 3049/3133/2593 3055/3139/2599 3050/3134/2594
f 3054/3138/2598 3036/3120/2581 3039/3123/2584
f 3054/3138/2598 3039/3123/2584 3055/3139/2599
f 3047/3131/2591 3046/3130/2590 3056/3140/2303
f 3047/3131/2591 3056/3140/2303 3057/3141/2600
f 3057/3141/2600 3056/3140/2303 3058/3142/2586
f 3057/3141/2600 3058/3142/2586 3059/3143/2601
f 3043/3127/2588 3042/3126/2587 3060/3144/2602
f 3043/3127/2588 3060/3144/2602 3061/3145/2603
f 3060/3144/2602 3038/3122/2583 3037/3121/2582
f 3060/3144/2602 3037/3121/2582 3061/3145/2603
f 3062/3146/1601 3063/3147/2604 3064/3148/554
f 3062/3146/1601 3064/3148/554 3065/3149/555
f 3065/3149/555 3066/3150/2605 3067/3151/2606
f 3065/3149/555 3067/3151/2606 3062/3146/1601
f 3068/3152/558 3069/3153/559 3070/3154/560
f 3068/3152/558 3070/3154/560 3071/3155/2607
f 3072/3156/2608 3068/3152/558 3071/3155/2607
f 3072/3156/2608 3071/3155/2607 3073/3157/2609
f 3074/3158/2610 3075/3159/565 3076/3160/566
f 3074/3158/2610 3076/3160/566 3077/3161/567
f 3078/3162/568 3079/3163/569 3075/3159/565
f 3078/3162/568 3075/3159/565 3074/3158/2610
f 3080/3164/2611 3081/3165/2612 3082/3166/2613
f 3080/3164/2611 3082/3166/2613 3083/3167/2614
f 3084/3168/2615 3085/3169/2616 3082/3166/2613
f 3084/3168/2615 3082/3166/2613 3081/3165/2612
f 3086/3170/2617 3087/3171/2618 3088/3172/2619
f 3086/3170/2617 3088/3172/2619 3089/3173/2620
f 3089/3173/2620 3088/3172/2619 3090/3174/2621
f 3089/3173/2620 3090/3174/2621 3091/3175/2622
f 3092/3176/2623 3093/3177/2624 3094/3178/2625
f 3092/3176/2623 3094/3178/2625 3095/3179/2626
f 3083/3167/2614 3096/3180/2627 3097/3181/2628
f 3083/3167/2614 3097/3181/2628 3080/3164/2611
f 3098/3182/2629 3077/3161/567 3076/3160/566
f 3098/3182/2629 3076/3160/566 3099/3183/1632
f 3100/3184/2630 3070/3154/560 3069/3153/559
f 3100/3184/2630 3069/3153/559 3101/3185/2631
f 3064/3148/554 3063/3147/2604 3102/3186/2632
f 3064/3148/554 3102/3186/2632 3103/3187/2633
f 3085/3169/2616 3084/3168/2615 3092/3176/2623
f 3085/3169/2616 3092/3176/2623 3104/3188/2634
f 3105/3189/2635 3079/3163/569 3078/3162/568
f 3105/3189/2635 3078/3162/568 3106/3190/2636
f 3087/3171/2618 3107/3191/2637 3072/3156/2608
f 3087/3171/2618 3072/3156/2608 3073/3157/2609
f 3090/3174/2621 3067/3151/2606 3066/3150/2605
f 3090/3174/2621 3066/3150/2605 3108/3192/2638
f 3109/3193/2639 3110/3194/2639 3111/3195/1655
f 3109/3193/2639 3111/3195/1655 3112/3196/1655
f 3117/3197/2640 3118/3198/2641 3119/3199/2642
f 3117/3197/2640 3119/3199/2642 3120/3200/2643
f 3123/3201/697 3124/3202/697 3125/3203/698
f 3123/3201/697 3125/3203/698 3126/3204/698
f 3131/3205/2644 3132/3206/2642 3133/3207/2645
f 3131/3205/2644 3133/3207/2645 3134/3208/702
f 3137/3209/2646 3138/3210/2646 3139/3211/698
f 3137/3209/2646 3139/3211/698 3140/3212/698
f 3145/3213/2647 3146/3214/2648 3147/3215/2649
f 3145/3213/2647 3147/3215/2649 3148/3216/2650
f 3149/3217/709 3150/3218/709 3151/3219/710
f 3149/3217/709 3151/3219/710 3152/3220/710
f 3157/3221/2651 3158/3222/2652 3159/3223/2648
f 3157/3221/2651 3159/3223/2648 3160/3224/2647
f 3165/3225/2653 3166/3226/2654 3167/3227/2655
f 3165/3225/2653 3167/3227/2655 3168/3228/1664
f 3169/3229/2656 3170/3230/2657 3171/3231/2658
f 3169/3229/2656 3171/3231/2658 3172/3232/2659
f 3173/3233/715 3174/3234/716 3175/3235/2660
f 3173/3233/715 3175/3235/2660 3176/3236/2661
f 3177/3237/2662 3178/3238/2663 3179/3239/2664
f 3177/3237/2662 3179/3239/2664 3180/3240/2656
f 3181/3241/2665 3182/3242/2666 3183/3243/2667
f 3181/3241/2665 3183/3243/2667 3184/3244/2668
f 3168/3228/1664 3167/3227/2655 3185/3245/2669
f 3168/3228/1664 3185/3245/2669 3186/3246/1679
f 3187/3247/733 3188/3248/2670 3189/3249/2671
f 3187/3247/733 3189/3249/2671 3190/3250/2672
f 3191/3251/2673 3192/3252/2674 3174/3234/716
f 3191/3251/2673 3174/3234/716 3173/3233/715
f 3193/3253/2675 3194/3254/2676 3195/3255/1686
f 3193/3253/2675 3195/3255/1686 3196/3256/2677
f 3197/3257/1688 3198/3258/2678 3199/3259/2679
f 3197/3257/1688 3199/3259/2679 3200/3260/2680
f 3201/3261/2681 3202/3262/2682 3203/3263/2683
f 3201/3261/2681 3203/3263/2683 3204/3264/2684
f 3205/3265/2685 3206/3266/2686 3207/3267/2687
f 3205/3265/2685 3207/3267/2687 3208/3268/2688
f 3209/3269/2689 3210/3270/2690 3211/3271/2691
f 3209/3269/2689 3211/3271/2691 3212/3272/2692
f 3213/3273/2693 3214/3274/2694 3215/3275/2695
f 3213/3273/2693 3215/3275/2695 3216/3276/2696
f 137/320/114 3217/3277/2697 3218/3278/2698
f 137/320/114 3218/3278/2698 3219/3279/2699
f 121/304/98 137/320/114 129/312/134
f 121/304/98 129/312/134 113/296/122
f 3219/3279/2699 3220/3280/1711 129/312/134
f 3219/3279/2699 129/312/134 137/320/114
f 133/316/110 3221/3281/2700 3222/3282/1713
f 133/316/110 3222/3282/1713 3223/3283/2701
f 117/300/63 109/292/118 125/308/130
f 117/300/63 125/308/130 133/316/110
f 3221/3281/2700 133/316/110 125/308/130
f 3221/3281/2700 125/308/130 3224/3284/768
f 129/312/134 3220/3280/1711 3225/3285/2702
f 129/312/134 3225/3285/2702 3226/3286/770
f 125/308/130 3227/3287/771 3228/3288/2703
f 125/308/130 3228/3288/2703 3224/3284/768
f 3229/3289/2704 3230/3290/2705 3231/3291/2706
f 3229/3289/2704 3231/3291/2706 3232/3292/2707
f 3233/3293/2708 3234/3294/778 3235/3295/2709
f 3233/3293/2708 3235/3295/2709 3236/3296/2710
f 121/304/98 3237/3297/2711 3238/3298/2712
f 121/304/98 3238/3298/2712 3239/3299/2713
f 3240/3300/2714 3237/3297/2711 121/304/98
f 3240/3300/2714 121/304/98 113/296/122
f 117/300/63 3241/3301/2715 3242/3302/2716
f 117/300/63 3242/3302/2716 3243/3303/1732
f 3244/3304/788 109/292/118 117/300/63
f 3244/3304/788 117/300/63 3243/3303/1732
f 113/296/122 3245/3305/2717 3246/3306/2718
f 113/296/122 3246/3306/2718 3240/3300/2714
f 109/292/118 3244/3304/788 3247/3307/2719
f 109/292/118 3247/3307/2719 3248/3308/2720
f 3249/3309/1738 3250/3310/2721 3251/3311/2722
f 3249/3309/1738 3251/3311/2722 3252/3312/796
f 3253/3313/2723 3254/3314/2724 3255/3315/2725
f 3253/3313/2723 3255/3315/2725 3256/3316/2726
f 3257/3317/2727 3258/3318/2728 3259/3319/2729
f 3257/3317/2727 3259/3319/2729 3260/3320/1749
f 3261/3321/805 3262/3322/2730 3260/3320/1749
f 3261/3321/805 3260/3320/1749 3259/3319/2729
f 3263/3323/2731 3264/3324/2732 3265/3325/809
f 3263/3323/2731 3265/3325/809 3266/3326/1753
f 3267/3327/811 3268/3328/2733 3266/3326/1753
f 3267/3327/811 3266/3326/1753 3265/3325/809
f 3269/3329/2734 3270/3330/2735 3262/3322/2730
f 3269/3329/2734 3262/3322/2730 3261/3321/805
f 3271/3331/2736 3272/3332/2737 3268/3328/2733
f 3271/3331/2736 3268/3328/2733 3267/3327/811
f 3166/3226/2654 3273/3333/2738 3274/3334/2665
f 3166/3226/2654 3274/3334/2665 3275/3335/2739
f 3276/3336/819 3277/3337/821 3278/3338/821
f 3276/3336/819 3278/3338/821 3279/3339/819
f 3280/3340/2740 3181/3241/2672 3281/3341/2741
f 3280/3340/2740 3281/3341/2741 3282/3342/2742
f 3283/3343/2743 3284/3344/2744 3285/3345/2745
f 3283/3343/2743 3285/3345/2745 3286/3346/2743
f 3287/3347/6 3288/3348/826 3289/3349/2746
f 3287/3347/6 3289/3349/2746 3290/3350/6
f 3175/3235/2660 3291/3351/2747 3189/3249/2671
f 3175/3235/2660 3189/3249/2671 3188/3248/2670
f 3292/3352/2748 3293/3353/1768 3294/3354/1768
f 3292/3352/2748 3294/3354/1768 3295/3355/2748
f 3296/3356/5 3297/3357/2749 3298/3358/2749
f 3296/3356/5 3298/3358/2749 3299/3359/5
f 3300/3360/2750 3301/3361/819 3302/3362/819
f 3300/3360/2750 3302/3362/819 3303/3363/2751
f 3304/3364/2747 3305/3365/2752 3306/3366/2753
f 3304/3364/2747 3306/3366/2753 3182/3242/2666
f 3307/142/4 3308/134/4 3309/3367/837
f 3307/142/4 3309/3367/837 3310/3368/1777
f 3311/3369/839 3312/3370/2754 3313/3371/2755
f 3311/3369/839 3313/3371/2755 3314/3372/842
f 3315/3373/2756 3316/3374/1783 3317/3375/2757
f 3315/3373/2756 3317/3375/2757 3318/3376/2758
f 3185/3245/2669 3319/3377/2759 3320/3378/2760
f 3185/3245/2669 3320/3378/2760 3321/3379/2761
f 3322/3380/2762 3323/3381/2762 3324/3382/2763
f 3322/3380/2762 3324/3382/2763 3325/3383/2764
f 3325/3383/2764 3324/3382/2763 3326/3384/709
f 3325/3383/2764 3326/3384/709 3327/3385/709
f 3328/140/3 3329/3386/2765 3330/3387/851
f 3328/140/3 3330/3387/851 3331/130/3
f 3332/3388/2766 3333/3389/2767 3334/3390/2768
f 3332/3388/2766 3334/3390/2768 3335/3391/2769
f 3336/3392/2770 3337/3393/2771 3338/3394/2772
f 3336/3392/2770 3338/3394/2772 3339/3395/1798
f 3340/3396/2759 3341/3397/2773 3342/3398/862
f 3340/3396/2759 3342/3398/862 3170/3230/2774
f 3343/3399/2775 3344/3400/2775 3345/3401/2776
f 3343/3399/2775 3345/3401/2776 3346/3402/2776
f 3346/3402/2776 3345/3401/2776 3347/3403/709
f 3346/3402/2776 3347/3403/709 3348/3404/709
f 3349/3405/1803 3350/3406/2777 3351/133/4
f 3349/3405/1803 3351/133/4 3352/138/4
f 3192/3252/2674 3177/3237/2662 3180/3240/2656
f 3192/3252/2674 3180/3240/2656 3353/3407/2778
f 3351/133/4 3350/3406/2777 3309/3367/837
f 3351/133/4 3309/3367/837 3308/134/4
f 3354/3408/2779 3355/3409/2780 3312/3370/2754
f 3354/3408/2779 3312/3370/2754 3311/3369/839
f 3356/3410/1807 3357/132/3 3358/127/3
f 3356/3410/1807 3358/127/3 3359/3411/2781
f 3360/3412/2782 3169/3229/2783 3361/3413/2784
f 3360/3412/2782 3361/3413/2784 3362/3414/2785
f 3358/127/3 3331/130/3 3330/3387/851
f 3358/127/3 3330/3387/851 3359/3411/2781
f 3335/3391/2769 3334/3390/2768 3363/3415/2786
f 3335/3391/2769 3363/3415/2786 3364/3416/2787
f 3365/3417/2788 3366/3418/2789 3367/3419/2790
f 3365/3417/2788 3367/3419/2790 3339/3395/1798
f 3368/3420/2791 3369/3421/1817 3370/3422/5
f 3368/3420/2791 3370/3422/5 3371/3423/2749
f 3313/3371/2755 3372/3424/2792 3119/3199/2642
f 3313/3371/2755 3119/3199/2642 3118/3198/2641
f 3373/3425/2793 3374/3426/2794 3295/3355/2748
f 3373/3425/2793 3295/3355/2748 3294/3354/1768
f 3369/3421/1817 3368/3420/2791 3366/3418/2789
f 3369/3421/1817 3366/3418/2789 3375/3427/1821
f 3376/3428/2795 3377/3429/2796 3297/3357/2749
f 3376/3428/2795 3297/3357/2749 3296/3356/5
f 3378/3430/2797 3379/3431/2798 3293/3353/1768
f 3378/3430/2797 3293/3353/1768 3292/3352/2748
f 3380/3432/2799 3381/3433/893 3382/3434/894
f 3380/3432/2799 3382/3434/894 3132/3206/2642
f 3352/138/4 3383/3435/896 3384/3436/1828
f 3352/138/4 3384/3436/1828 3349/3405/1803
f 3333/3389/2767 3117/3197/2640 3120/3200/2643
f 3333/3389/2767 3120/3200/2643 3385/3437/2800
f 3386/3438/2801 3387/3439/2802 3301/3361/819
f 3386/3438/2801 3301/3361/819 3300/3360/2750
f 3383/3435/896 3352/138/4 3388/137/4
f 3383/3435/896 3388/137/4 3389/3440/896
f 3387/3439/2802 3390/3441/2803 3276/3336/819
f 3387/3439/2802 3276/3336/819 3301/3361/819
f 3357/132/3 3356/3410/1807 3391/3442/2804
f 3357/132/3 3391/3442/2804 3392/3443/901
f 3393/3444/902 3394/3445/2805 3395/3446/2751
f 3393/3444/902 3395/3446/2751 3396/3447/819
f 3397/3448/2806 3398/3449/2807 3399/3450/904
f 3397/3448/2806 3399/3450/904 3400/3451/905
f 3392/3443/901 3401/3452/901 3402/131/3
f 3392/3443/901 3402/131/3 3357/132/3
f 3403/3453/2808 3393/3444/902 3396/3447/819
f 3403/3453/2808 3396/3447/819 3404/3454/819
f 3407/3455/1839 3408/3456/2809 3409/135/4
f 3407/3455/1839 3409/135/4 3410/141/4
f 3282/3342/2742 3156/122/4 3128/110/4
f 3282/3342/2742 3128/110/4 3411/3457/2810
f 3412/3458/2811 3413/3459/2812 3414/3460/2813
f 3412/3458/2811 3414/3460/2813 3316/3374/1783
f 3153/119/4 3156/122/4 3282/3342/2742
f 3153/119/4 3282/3342/2742 3415/3461/2814
f 3417/3462/2815 3418/139/3 3406/129/3
f 3417/3462/2815 3406/129/3 3419/3463/2816
f 3305/3365/2752 3420/3464/2817 3116/106/3
f 3305/3365/2752 3116/106/3 3142/116/3
f 3377/3429/2796 3376/3428/2795 3421/3465/2818
f 3377/3429/2796 3421/3465/2818 3413/3459/2819
f 3141/115/3 3422/3466/2820 3305/3365/2752
f 3141/115/3 3305/3365/2752 3142/116/3
f 3388/137/4 3416/136/4 3423/3467/2821
f 3388/137/4 3423/3467/2821 3424/3468/2822
f 3425/3469/2823 3341/3397/2773 3127/109/4
f 3425/3469/2823 3127/109/4 3136/114/4
f 3416/136/4 3409/135/4 3408/3456/2809
f 3416/136/4 3408/3456/2809 3423/3467/2821
f 3127/109/4 3341/3397/2773 3411/3457/2810
f 3127/109/4 3411/3457/2810 3128/110/4
f 3402/131/3 3426/3470/2824 3427/3471/2825
f 3402/131/3 3427/3471/2825 3405/128/3
f 3428/3472/2826 3122/108/3 3113/103/3
f 3428/3472/2826 3113/103/3 3362/3414/2785
f 3405/128/3 3427/3471/2825 3419/3463/2816
f 3405/128/3 3419/3463/2816 3406/129/3
f 3113/103/3 3116/106/3 3420/3464/2817
f 3113/103/3 3420/3464/2817 3362/3414/2785
f 3429/3473/2827 3430/3474/2828 3431/3475/2829
f 3429/3473/2827 3431/3475/2829 3336/3392/2770
f 3432/3476/2830 3433/3477/2831 3434/3478/2832
f 3432/3476/2830 3434/3478/2832 3435/3479/6
f 3436/3480/1858 3437/3481/1859 3438/3482/2745
f 3436/3480/1858 3438/3482/2745 3439/3483/2743
f 3155/121/4 3381/3433/893 3440/3484/2833
f 3155/121/4 3440/3484/2833 3129/111/4
f 3445/3485/932 3381/3433/893 3155/121/4
f 3445/3485/932 3155/121/4 3154/120/4
f 3433/3477/2831 3432/3476/2830 3446/3486/2834
f 3433/3477/2831 3446/3486/2834 3430/3474/2828
f 3447/3487/2835 3448/3488/2836 3290/3350/6
f 3447/3487/2835 3290/3350/6 3289/3349/2746
f 3143/117/3 3115/105/3 3449/3489/2837
f 3143/117/3 3449/3489/2837 3400/3451/905
f 3450/3490/2838 3451/3491/2839 3286/3346/2743
f 3450/3490/2838 3286/3346/2743 3285/3345/2745
f 3424/3468/2822 3452/3492/2840 3389/3440/896
f 3424/3468/2822 3389/3440/896 3388/137/4
f 3453/3493/940 3144/118/3 3143/117/3
f 3453/3493/940 3143/117/3 3400/3451/905
f 3390/3441/2803 3454/3494/2841 3277/3337/821
f 3390/3441/2803 3277/3337/821 3276/3336/819
f 3135/113/4 3130/112/4 3455/3495/2842
f 3135/113/4 3455/3495/2842 3456/3496/2843
f 3426/3470/2824 3402/131/3 3401/3452/901
f 3426/3470/2824 3401/3452/901 3457/3497/2844
f 3455/3495/2842 3130/112/4 3129/111/4
f 3455/3495/2842 3129/111/4 3440/3484/2833
f 3121/107/3 3462/3498/2845 3463/3499/2846
f 3121/107/3 3463/3499/2846 3114/104/3
f 3464/3500/2847 3403/3453/2808 3404/3454/819
f 3464/3500/2847 3404/3454/819 3465/3501/821
f 3463/3499/2846 3449/3489/2837 3115/105/3
f 3463/3499/2846 3115/105/3 3114/104/3
f 3466/3502/952 3467/3503/2848 3468/3504/2849
f 3466/3502/952 3468/3504/2849 3469/3505/2850
f 3470/3506/2851 3471/3507/2852 3467/3503/2848
f 3470/3506/2851 3467/3503/2848 3472/3508/2853
f 3473/3509/2854 3474/3510/960 3475/3511/961
f 3473/3509/2854 3475/3511/961 3476/3512/2855
f 3473/3509/2854 3477/3513/2856 3470/3506/2851
f 3473/3509/2854 3470/3506/2851 3472/3508/2853
f 3478/3514/966 3479/3515/967 3480/3516/1889
f 3478/3514/966 3480/3516/1889 3481/3517/2857
f 3482/3518/2858 3483/3519/2859 3484/3520/2860
f 3482/3518/2858 3484/3520/2860 3476/3512/2855
f 3485/3521/2861 3486/3522/2862 3487/3523/2863
f 3485/3521/2861 3487/3523/2863 3488/3524/2864
f 3489/3525/2865 3490/3526/2866 3491/3527/2867
f 3489/3525/2865 3491/3527/2867 3492/3528/1899
f 3493/3529/1901 3490/3526/2866 3489/3525/2865
f 3493/3529/1901 3489/3525/2865 3494/3530/2868
f 3495/3531/2869 3496/3532/2870 3497/3533/2871
f 3495/3531/2869 3497/3533/2871 3498/3534/2872
f 3499/3535/984 3500/3536/2873 3496/3532/2870
f 3499/3535/984 3496/3532/2870 3495/3531/2869
f 3501/3537/2874 3502/3538/2875 3503/3539/2876
f 3501/3537/2874 3503/3539/2876 3504/3540/2877
f 3505/3541/2878 3501/3537/2874 3504/3540/2877
f 3505/3541/2878 3504/3540/2877 3506/3542/991
f 3507/3543/2879 3508/3544/2880 3509/3545/2881
f 3507/3543/2879 3509/3545/2881 3510/3546/992
f 3511/3547/997 3507/3543/2879 3510/3546/992
f 3511/3547/997 3510/3546/992 3512/3548/996
f 3513/3549/2882 3514/3550/999 3515/3551/2883
f 3513/3549/2882 3515/3551/2883 3516/3552/2884
f 3517/3553/2885 3518/3554/1003 3519/3555/2886
f 3517/3553/2885 3519/3555/2886 3520/3556/2887
f 3521/3557/2888 3522/3558/1007 3523/3559/1008
f 3521/3557/2888 3523/3559/1008 3524/3560/1009
f 3525/3561/2889 3526/3562/1011 3527/3563/1012
f 3525/3561/2889 3527/3563/1012 3528/3564/2890
f 3528/3564/2890 3527/3563/1012 3488/3524/2864
f 3528/3564/2890 3488/3524/2864 3487/3523/2863
f 3524/3560/1009 3523/3559/1008 3479/3515/967
f 3524/3560/1009 3479/3515/967 3478/3514/966
f 3518/3554/1003 3475/3511/961 3474/3510/960
f 3518/3554/1003 3474/3510/960 3519/3555/2886
f 3529/3565/1030 3530/3566/1030 3531/3567/1031
f 3529/3565/1030 3531/3567/1031 3532/3568/1031
f 3533/3569/1929 3534/3570/2891 3535/3571/2892
f 3533/3569/1929 3535/3571/2892 3536/3572/2893
f 3537/3573/2894 3538/3574/1934 3539/3575/2895
f 3537/3573/2894 3539/3575/2895 3540/3576/2896
f 3541/3577/2897 3542/3578/2898 3543/3579/2899
f 3541/3577/2897 3543/3579/2899 3544/3580/2900
f 3545/3581/2901 3546/3582/2902 3547/3583/2903
f 3545/3581/2901 3547/3583/2903 3548/3584/2904
f 3549/3585/2905 3550/3586/2906 3551/3587/2907
f 3549/3585/2905 3551/3587/2907 3552/3588/2908
f 3553/3589/2909 3552/3588/2908 3551/3587/2907
f 3553/3589/2909 3551/3587/2907 3554/3590/2910
f 3555/3591/2911 3556/3592/2912 3557/3593/2913
f 3555/3591/2911 3557/3593/2913 3558/3594/2914
f 3555/3591/2911 3559/3595/2915 3560/3596/2916
f 3555/3591/2911 3560/3596/2916 3556/3592/2912
f 3561/3597/1957 3562/3598/2917 3563/3599/2918
f 3561/3597/1957 3563/3599/2918 3564/3600/2919
f 3565/3601/2920 3566/3602/2921 3563/3599/2918
f 3565/3601/2920 3563/3599/2918 3562/3598/2917
f 3567/3603/1963 3568/3604/2922 3569/3605/2923
f 3567/3603/1963 3569/3605/2923 3570/3606/2924
f 3570/3606/2924 3571/3607/2925 3572/3608/1968
f 3570/3606/2924 3572/3608/1968 3567/3603/1963
f 3536/3572/2893 3535/3571/2892 3569/3605/2923
f 3536/3572/2893 3569/3605/2923 3568/3604/2922
f 3540/3576/2896 3539/3575/2895 3561/3597/1957
f 3540/3576/2896 3561/3597/1957 3564/3600/2919
f 3558/3594/2914 3557/3593/2913 3544/3580/2900
f 3558/3594/2914 3544/3580/2900 3543/3579/2899
f 3546/3582/2902 3550/3586/2906 3549/3585/2905
f 3546/3582/2902 3549/3585/2905 3547/3583/2903
f 3509/3545/2881 3508/3544/2880 3538/3574/1934
f 3509/3545/2881 3538/3574/1934 3537/3573/2894
f 3542/3578/2898 3541/3577/2897 3503/3539/2876
f 3542/3578/2898 3503/3539/2876 3502/3538/2875
f 3534/3570/2891 3533/3569/1929 3498/3534/2872
f 3534/3570/2891 3498/3534/2872 3497/3533/2871
f 3491/3527/2867 3545/3581/2901 3548/3584/2904
f 3491/3527/2867 3548/3584/2904 3492/3528/1899
f 3042/3126/2587 3041/3125/2586 3573/3609/2926
f 3042/3126/2587 3573/3609/2926 3574/3610/2927
f 3038/3122/2583 3575/3611/2928 3576/3612/2929
f 3038/3122/2583 3576/3612/2929 3039/3123/2584
f 3577/3613/2930 3578/3614/1978 3051/3135/2595
f 3577/3613/2930 3051/3135/2595 3050/3134/2594
f 3579/3615/2931 3046/3130/2590 3045/3129/1983
f 3579/3615/2931 3045/3129/1983 3580/3616/2932
f 3522/3558/1007 3521/3557/2888 3511/3547/997
f 3522/3558/1007 3511/3547/997 3512/3548/996
f 3526/3562/1011 3525/3561/2889 3505/3541/2878
f 3526/3562/1011 3505/3541/2878 3506/3542/991
f 3520/3556/2887 3500/3536/2873 3499/3535/984
f 3520/3556/2887 3499/3535/984 3517/3553/2885
f 3494/3530/2868 3513/3549/2882 3516/3552/2884
f 3494/3530/2868 3516/3552/2884 3493/3529/1901
f 3573/3609/2926 3566/3602/2921 3565/3601/2920
f 3573/3609/2926 3565/3601/2920 3574/3610/2927
f 3575/3611/2928 3572/3608/1968 3571/3607/2925
f 3575/3611/2928 3571/3607/2925 3576/3612/2929
f 3578/3614/1978 3577/3613/2930 3553/3589/2909
f 3578/3614/1978 3553/3589/2909 3554/3590/2910
f 3559/3595/2915 3579/3615/2931 3580/3616/2932
f 3559/3595/2915 3580/3616/2932 3560/3596/2916
f 3581/3617/2933 3582/3618/2934 3583/3619/2935
f 3581/3617/2933 3583/3619/2935 3584/3620/2936
f 3585/3621/2937 3586/3622/2938 3587/3623/2939
f 3585/3621/2937 3587/3623/2939 3588/3624/2940
f 3589/3625/2941 3590/3626/2942 3591/3627/2943
f 3589/3625/2941 3591/3627/2943 3592/3628/2944
f 3593/3629/2945 3594/3630/2946 3595/3631/2947
f 3593/3629/2945 3595/3631/2947 3596/3632/2948
f 3597/3633/2949 3598/3634/1123 3599/3635/2950
f 3597/3633/2949 3599/3635/2950 3600/3636/2951
f 3600/3636/2951 3601/3637/2952 3602/3638/2953
f 3600/3636/2951 3602/3638/2953 3597/3633/2949
f 3598/3634/1123 3585/3621/2937 3588/3624/2940
f 3598/3634/1123 3588/3624/2940 3599/3635/2950
f 3603/3639/2003 3604/3640/2954 3605/3641/2955
f 3603/3639/2003 3605/3641/2955 3606/3642/2956
f 3607/3643/1132 3608/3644/2008 3609/3645/1134
f 3607/3643/1132 3609/3645/1134 3610/3646/2957
f 3611/3647/2958 3612/3648/2959 3610/3646/2957
f 3611/3647/2958 3610/3646/2957 3609/3645/1134
f 3613/3649/2960 3614/3650/1138 3591/3627/2943
f 3613/3649/2960 3591/3627/2943 3590/3626/2942
f 3615/3651/2961 3584/3620/2936 3583/3619/2935
f 3615/3651/2961 3583/3619/2935 3616/3652/1140
f 3617/3653/2962 3618/3654/2963 3619/3655/2964
f 3617/3653/2962 3619/3655/2964 3620/3656/2018
f 3593/3629/2945 3596/3632/2948 3608/3644/2008
f 3593/3629/2945 3608/3644/2008 3607/3643/1132
f 3614/3650/1138 3613/3649/2960 3617/3653/2962
f 3614/3650/1138 3617/3653/2962 3620/3656/2018
f 3621/3657/2965 3622/3658/2020 3623/3659/2966
f 3621/3657/2965 3623/3659/2966 3624/3660/2967
f 3616/3652/1140 3622/3658/2020 3621/3657/2965
f 3616/3652/1140 3621/3657/2965 3615/3651/2961
f 3464/3500/2847 3465/3501/821 3625/3661/2968
f 3464/3500/2847 3625/3661/2968 3626/3662/2969
f 3626/3662/2969 3625/3661/2968 3627/3663/1152
f 3626/3662/2969 3627/3663/1152 3628/3664/2970
f 3403/3453/2808 3464/3500/2847 3629/3665/2971
f 3403/3453/2808 3629/3665/2971 3630/3666/2972
f 3630/3666/2972 3629/3665/2971 3457/3497/2844
f 3630/3666/2972 3457/3497/2844 3401/3452/901
f 3631/3667/2973 3632/3668/2974 3628/3664/2970
f 3631/3667/2973 3628/3664/2970 3633/3669/2975
f 3632/3668/2974 3631/3667/2973 3426/3470/2824
f 3632/3668/2974 3426/3470/2824 3457/3497/2844
f 3634/3670/1159 3635/3671/1160 3636/3672/2968
f 3634/3670/1159 3636/3672/2968 3637/3673/2976
f 3637/3673/2976 3636/3672/2968 3277/3337/821
f 3637/3673/2976 3277/3337/821 3454/3494/2841
f 3638/3674/2977 3639/3675/2978 3640/3676/2979
f 3638/3674/2977 3640/3676/2979 3634/3670/1159
f 3638/3674/2977 3452/3492/2840 3424/3468/2822
f 3638/3674/2977 3424/3468/2822 3639/3675/2978
f 3454/3494/2841 3390/3441/2803 3641/3677/2980
f 3454/3494/2841 3641/3677/2980 3642/3678/2981
f 3641/3677/2980 3389/3440/896 3452/3492/2840
f 3641/3677/2980 3452/3492/2840 3642/3678/2981
f 3450/3490/2838 3285/3345/2745 3643/3679/1167
f 3450/3490/2838 3643/3679/1167 3644/3680/1168
f 3644/3680/1168 3643/3679/1167 3645/3681/1169
f 3644/3680/1168 3645/3681/1169 3646/3682/2982
f 3451/3491/2839 3450/3490/2838 3647/3683/2983
f 3451/3491/2839 3647/3683/2983 3648/3684/2984
f 3648/3684/2984 3647/3683/2983 3649/3685/2985
f 3648/3684/2984 3649/3685/2985 3650/3686/2986
f 3286/3346/2743 3451/3491/2839 3651/3687/2987
f 3286/3346/2743 3651/3687/2987 3652/3688/2988
f 3652/3688/2988 3653/3689/2989 3447/3487/2835
f 3652/3688/2988 3447/3487/2835 3289/3349/2746
f 3654/3690/2050 3655/3691/2990 3646/3682/2982
f 3654/3690/2050 3646/3682/2982 3656/3692/2991
f 3657/3693/2053 3649/3685/2985 3655/3691/2990
f 3657/3693/2053 3655/3691/2990 3654/3690/2050
f 3658/3694/2992 3659/3695/2993 3650/3686/2986
f 3658/3694/2992 3650/3686/2986 3315/3373/2756
f 3448/3488/2836 3447/3487/2835 3659/3695/2993
f 3448/3488/2836 3659/3695/2993 3660/3696/2994
f 3661/3697/1185 3662/3698/1169 3663/3699/1167
f 3661/3697/1185 3663/3699/1167 3664/3700/1186
f 3664/3700/1186 3663/3699/1167 3438/3482/2745
f 3664/3700/1186 3438/3482/2745 3437/3481/1859
f 3665/3701/2995 3666/3702/2996 3667/3703/2997
f 3665/3701/2995 3667/3703/2997 3661/3697/1185
f 3668/3704/2062 3666/3702/2996 3665/3701/2995
f 3668/3704/2062 3665/3701/2995 3669/3705/2998
f 3436/3480/1858 3439/3483/2743 3670/3706/2999
f 3436/3480/1858 3670/3706/2999 3671/3707/3000
f 3672/3708/3001 3670/3706/2999 3434/3478/2832
f 3672/3708/3001 3434/3478/2832 3433/3477/2831
f 3437/3481/1859 3436/3480/1858 3673/3709/3002
f 3437/3481/1859 3673/3709/3002 3674/3710/3003
f 3673/3709/3002 3429/3473/2827 3669/3705/2998
f 3673/3709/3002 3669/3705/2998 3674/3710/3003
f 3315/3373/2756 3650/3686/2986 3649/3685/2985
f 3315/3373/2756 3649/3685/2985 3657/3693/2053
f 3336/3392/2770 3668/3704/2062 3669/3705/2998
f 3336/3392/2770 3669/3705/2998 3429/3473/2827
f 3165/3225/2653 3168/3228/1664 3675/3711/3004
f 3165/3225/2653 3675/3711/3004 3676/3712/3005
f 3427/3471/2825 3676/3712/3005 3675/3711/3004
f 3427/3471/2825 3675/3711/3004 3419/3463/2816
f 3633/3669/2975 3165/3225/2653 3676/3712/3005
f 3633/3669/2975 3676/3712/3005 3631/3667/2973
f 3676/3712/3005 3427/3471/2825 3426/3470/2824
f 3676/3712/3005 3426/3470/2824 3631/3667/2973
f 3173/3233/715 3176/3236/2661 3677/3713/3006
f 3173/3233/715 3677/3713/3006 3678/3714/3007
f 3423/3467/2821 3408/3456/2809 3678/3714/3007
f 3423/3467/2821 3678/3714/3007 3677/3713/3006
f 3176/3236/2661 3640/3676/2979 3639/3675/2978
f 3176/3236/2661 3639/3675/2978 3677/3713/3006
f 3677/3713/3006 3639/3675/2978 3424/3468/2822
f 3677/3713/3006 3424/3468/2822 3423/3467/2821
f 3186/3246/1679 3667/3703/2997 3666/3702/2996
f 3186/3246/1679 3666/3702/2996 3679/3715/3008
f 3666/3702/2996 3668/3704/2062 3417/3462/2815
f 3666/3702/2996 3417/3462/2815 3679/3715/3008
f 3679/3715/3008 3675/3711/3004 3168/3228/1664
f 3679/3715/3008 3168/3228/1664 3186/3246/1679
f 3417/3462/2815 3419/3463/2816 3675/3711/3004
f 3417/3462/2815 3675/3711/3004 3679/3715/3008
f 3656/3692/2991 3191/3251/2673 3680/3716/3009
f 3656/3692/2991 3680/3716/3009 3654/3690/2050
f 3654/3690/2050 3680/3716/3009 3407/3455/1839
f 3654/3690/2050 3407/3455/1839 3657/3693/2053
f 3678/3714/3007 3680/3716/3009 3191/3251/2673
f 3678/3714/3007 3191/3251/2673 3173/3233/715
f 3407/3455/1839 3680/3716/3009 3678/3714/3007
f 3407/3455/1839 3678/3714/3007 3408/3456/2809
f 3393/3444/902 3403/3453/2808 3630/3666/2972
f 3393/3444/902 3630/3666/2972 3681/3717/3010
f 3681/3717/3010 3630/3666/2972 3401/3452/901
f 3681/3717/3010 3401/3452/901 3392/3443/901
f 3682/3718/3011 3683/3719/3012 3684/3720/3013
f 3682/3718/3011 3684/3720/3013 3685/3721/3014
f 3685/3721/3014 3684/3720/3013 3395/3446/2751
f 3685/3721/3014 3395/3446/2751 3394/3445/2805
f 3686/3722/3015 3682/3718/3011 3687/3723/3016
f 3686/3722/3015 3687/3723/3016 3688/3724/3017
f 3687/3723/3016 3391/3442/2804 3356/3410/1807
f 3687/3723/3016 3356/3410/1807 3688/3724/3017
f 3681/3717/3010 3689/3725/3018 3394/3445/2805
f 3681/3717/3010 3394/3445/2805 3393/3444/902
f 3681/3717/3010 3392/3443/901 3391/3442/2804
f 3681/3717/3010 3391/3442/2804 3689/3725/3018
f 3390/3441/2803 3387/3439/2802 3690/3726/3019
f 3390/3441/2803 3690/3726/3019 3641/3677/2980
f 3690/3726/3019 3383/3435/896 3389/3440/896
f 3690/3726/3019 3389/3440/896 3641/3677/2980
f 3386/3438/2801 3300/3360/2750 3691/3727/3013
f 3386/3438/2801 3691/3727/3013 3692/3728/3020
f 3692/3728/3020 3691/3727/3013 3693/3729/3012
f 3692/3728/3020 3693/3729/3012 3694/3730/3021
f 3695/3731/3022 3690/3726/3019 3387/3439/2802
f 3695/3731/3022 3387/3439/2802 3386/3438/2801
f 3690/3726/3019 3695/3731/3022 3384/3436/1828
f 3690/3726/3019 3384/3436/1828 3383/3435/896
f 3694/3730/3021 3696/3732/3023 3697/3733/3024
f 3694/3730/3021 3697/3733/3024 3698/3734/3025
f 3698/3734/3025 3697/3733/3024 3349/3405/1803
f 3698/3734/3025 3349/3405/1803 3384/3436/1828
f 3699/3735/3026 3700/3736/3027 3701/3737/3028
f 3699/3735/3026 3701/3737/3028 3702/3738/3029
f 3702/3738/3029 3701/3737/3028 3293/3353/1768
f 3702/3738/3029 3293/3353/1768 3379/3431/2798
f 3703/3739/3030 3704/3740/3031 3705/3741/3032
f 3703/3739/3030 3705/3741/3032 3699/3735/3026
f 3706/3742/3033 3704/3740/3031 3703/3739/3030
f 3706/3742/3033 3703/3739/3030 3707/3743/2096
f 3378/3430/2797 3292/3352/2748 3708/3744/3034
f 3378/3430/2797 3708/3744/3034 3709/3745/2098
f 3710/3746/3035 3708/3744/3034 3297/3357/2749
f 3710/3746/3035 3297/3357/2749 3377/3429/2796
f 3379/3431/2798 3378/3430/2797 3711/3747/3036
f 3379/3431/2798 3711/3747/3036 3712/3748/3037
f 3712/3748/3037 3711/3747/3036 3412/3458/2811
f 3712/3748/3037 3412/3458/2811 3707/3743/2096
f 3668/3704/2062 3336/3392/2770 3418/139/3
f 3668/3704/2062 3418/139/3 3417/3462/2815
f 3657/3693/2053 3407/3455/1839 3410/141/4
f 3657/3693/2053 3410/141/4 3315/3373/2756
f 3373/3425/2793 3294/3354/1768 3713/3749/3028
f 3373/3425/2793 3713/3749/3028 3714/3750/3038
f 3714/3750/3038 3713/3749/3028 3715/3751/3027
f 3714/3750/3038 3715/3751/3027 3716/3752/3039
f 3374/3426/2794 3373/3425/2793 3717/3753/3040
f 3374/3426/2794 3717/3753/3040 3718/3754/3041
f 3717/3753/3040 3719/3755/2106 3367/3419/2790
f 3717/3753/3040 3367/3419/2790 3718/3754/3041
f 3295/3355/2748 3374/3426/2794 3720/3756/2107
f 3295/3355/2748 3720/3756/2107 3721/3757/3042
f 3721/3757/3042 3722/3758/3043 3368/3420/2791
f 3721/3757/3042 3368/3420/2791 3371/3423/2749
f 3723/3759/3044 3724/3760/3045 3716/3752/3039
f 3723/3759/3044 3716/3752/3039 3725/3761/3046
f 3726/3762/2113 3719/3755/2106 3724/3760/3045
f 3726/3762/2113 3724/3760/3045 3723/3759/3044
f 3316/3374/1783 3706/3742/3033 3707/3743/2096
f 3316/3374/1783 3707/3743/2096 3412/3458/2811
f 3339/3395/1798 3367/3419/2790 3719/3755/2106
f 3339/3395/1798 3719/3755/2106 3726/3762/2113
f 3311/3369/839 3314/3372/842 3727/3763/1242
f 3311/3369/839 3727/3763/1242 3728/3764/3047
f 3330/3387/851 3728/3764/3047 3727/3763/1242
f 3330/3387/851 3727/3763/1242 3359/3411/2781
f 3688/3724/3017 3727/3763/1242 3314/3372/842
f 3688/3724/3017 3314/3372/842 3686/3722/3015
f 3356/3410/1807 3359/3411/2781 3727/3763/1242
f 3356/3410/1807 3727/3763/1242 3688/3724/3017
f 3332/3388/2766 3335/3391/2769 3729/3765/3048
f 3332/3388/2766 3729/3765/3048 3730/3766/3049
f 3309/3367/837 3350/3406/2777 3730/3766/3049
f 3309/3367/837 3730/3766/3049 3729/3765/3048
f 3730/3766/3049 3697/3733/3024 3696/3732/3023
f 3730/3766/3049 3696/3732/3023 3332/3388/2766
f 3349/3405/1803 3697/3733/3024 3730/3766/3049
f 3349/3405/1803 3730/3766/3049 3350/3406/2777
f 3339/3395/1798 3328/140/3 3418/139/3
f 3339/3395/1798 3418/139/3 3336/3392/2770
f 3726/3762/2113 3329/3386/2765 3328/140/3
f 3726/3762/2113 3328/140/3 3339/3395/1798
f 3725/3761/3046 3354/3408/2779 3731/3767/3050
f 3725/3761/3046 3731/3767/3050 3723/3759/3044
f 3726/3762/2113 3723/3759/3044 3731/3767/3050
f 3726/3762/2113 3731/3767/3050 3329/3386/2765
f 3728/3764/3047 3731/3767/3050 3354/3408/2779
f 3728/3764/3047 3354/3408/2779 3311/3369/839
f 3728/3764/3047 3330/3387/851 3329/3386/2765
f 3728/3764/3047 3329/3386/2765 3731/3767/3050
f 3316/3374/1783 3315/3373/2756 3410/141/4
f 3316/3374/1783 3410/141/4 3307/142/4
f 3706/3742/3033 3316/3374/1783 3307/142/4
f 3706/3742/3033 3307/142/4 3310/3368/1777
f 3364/3416/2787 3705/3741/3032 3704/3740/3031
f 3364/3416/2787 3704/3740/3031 3732/3768/3051
f 3706/3742/3033 3310/3368/1777 3732/3768/3051
f 3706/3742/3033 3732/3768/3051 3704/3740/3031
f 3732/3768/3051 3729/3765/3048 3335/3391/2769
f 3732/3768/3051 3335/3391/2769 3364/3416/2787
f 3729/3765/3048 3732/3768/3051 3310/3368/1777
f 3729/3765/3048 3310/3368/1777 3309/3367/837
f 3683/3719/3012 3693/3729/3012 3691/3727/3013
f 3683/3719/3012 3691/3727/3013 3733/3769/3013
f 3733/3769/3013 3691/3727/3013 3300/3360/2750
f 3733/3769/3013 3300/3360/2750 3303/3363/2751
f 3298/3358/2749 3297/3357/2749 3708/3744/3034
f 3298/3358/2749 3708/3744/3034 3734/3770/3042
f 3734/3770/3042 3708/3744/3034 3292/3352/2748
f 3734/3770/3042 3292/3352/2748 3295/3355/2748
f 3294/3354/1768 3293/3353/1768 3701/3737/3028
f 3294/3354/1768 3701/3737/3028 3713/3749/3028
f 3713/3749/3028 3701/3737/3028 3700/3736/3027
f 3713/3749/3028 3700/3736/3027 3715/3751/3027
f 3289/3349/2746 3288/3348/826 3735/3771/2999
f 3289/3349/2746 3735/3771/2999 3652/3688/2988
f 3652/3688/2988 3735/3771/2999 3283/3343/2743
f 3652/3688/2988 3283/3343/2743 3286/3346/2743
f 3285/3345/2745 3284/3344/2744 3736/3772/1167
f 3285/3345/2745 3736/3772/1167 3643/3679/1167
f 3643/3679/1167 3736/3772/1167 3737/3773/1169
f 3643/3679/1167 3737/3773/1169 3645/3681/1169
f 3278/3338/821 3277/3337/821 3636/3672/2968
f 3278/3338/821 3636/3672/2968 3738/3774/2968
f 3738/3774/2968 3636/3672/2968 3635/3671/1160
f 3738/3774/2968 3635/3671/1160 3739/3775/1248
f 3394/3445/2805 3689/3725/3018 3740/3776/3052
f 3394/3445/2805 3740/3776/3052 3685/3721/3014
f 3391/3442/2804 3687/3723/3016 3740/3776/3052
f 3391/3442/2804 3740/3776/3052 3689/3725/3018
f 3682/3718/3011 3685/3721/3014 3740/3776/3052
f 3682/3718/3011 3740/3776/3052 3687/3723/3016
f 3628/3664/2970 3632/3668/2974 3741/3777/3053
f 3628/3664/2970 3741/3777/3053 3626/3662/2969
f 3457/3497/2844 3629/3665/2971 3741/3777/3053
f 3457/3497/2844 3741/3777/3053 3632/3668/2974
f 3464/3500/2847 3626/3662/2969 3741/3777/3053
f 3464/3500/2847 3741/3777/3053 3629/3665/2971
f 3694/3730/3021 3698/3734/3025 3742/3778/3054
f 3694/3730/3021 3742/3778/3054 3692/3728/3020
f 3384/3436/1828 3695/3731/3022 3742/3778/3054
f 3384/3436/1828 3742/3778/3054 3698/3734/3025
f 3386/3438/2801 3692/3728/3020 3742/3778/3054
f 3386/3438/2801 3742/3778/3054 3695/3731/3022
f 3454/3494/2841 3642/3678/2981 3743/3779/3055
f 3454/3494/2841 3743/3779/3055 3637/3673/2976
f 3452/3492/2840 3638/3674/2977 3743/3779/3055
f 3452/3492/2840 3743/3779/3055 3642/3678/2981
f 3634/3670/1159 3637/3673/2976 3743/3779/3055
f 3634/3670/1159 3743/3779/3055 3638/3674/2977
f 3437/3481/1859 3674/3710/3003 3744/3780/3056
f 3437/3481/1859 3744/3780/3056 3664/3700/1186
f 3669/3705/2998 3665/3701/2995 3744/3780/3056
f 3669/3705/2998 3744/3780/3056 3674/3710/3003
f 3661/3697/1185 3664/3700/1186 3744/3780/3056
f 3661/3697/1185 3744/3780/3056 3665/3701/2995
f 3716/3752/3039 3724/3760/3045 3745/3781/3057
f 3716/3752/3039 3745/3781/3057 3714/3750/3038
f 3719/3755/2106 3717/3753/3040 3745/3781/3057
f 3719/3755/2106 3745/3781/3057 3724/3760/3045
f 3373/3425/2793 3714/3750/3038 3745/3781/3057
f 3373/3425/2793 3745/3781/3057 3717/3753/3040
f 3646/3682/2982 3655/3691/2990 3746/3782/3058
f 3646/3682/2982 3746/3782/3058 3644/3680/1168
f 3649/3685/2985 3647/3683/2983 3746/3782/3058
f 3649/3685/2985 3746/3782/3058 3655/3691/2990
f 3450/3490/2838 3644/3680/1168 3746/3782/3058
f 3450/3490/2838 3746/3782/3058 3647/3683/2983
f 3379/3431/2798 3712/3748/3037 3747/3783/3059
f 3379/3431/2798 3747/3783/3059 3702/3738/3029
f 3707/3743/2096 3703/3739/3030 3747/3783/3059
f 3707/3743/2096 3747/3783/3059 3712/3748/3037
f 3699/3735/3026 3702/3738/3029 3747/3783/3059
f 3699/3735/3026 3747/3783/3059 3703/3739/3030
f 3650/3686/2986 3659/3695/2993 3748/3784/3060
f 3650/3686/2986 3748/3784/3060 3648/3684/2984
f 3659/3695/2993 3447/3487/2835 3749/3785/3061
f 3659/3695/2993 3749/3785/3061 3748/3784/3060
f 3451/3491/2839 3648/3684/2984 3748/3784/3060
f 3451/3491/2839 3748/3784/3060 3653/3689/3062
f 3430/3474/2828 3750/3786/3063 3751/3787/3064
f 3430/3474/2828 3751/3787/3064 3433/3477/2831
f 3429/3473/2827 3673/3709/3002 3750/3786/3063
f 3429/3473/2827 3750/3786/3063 3430/3474/2828
f 3436/3480/1858 3672/3708/3001 3750/3786/3063
f 3436/3480/1858 3750/3786/3063 3673/3709/3002
f 3413/3459/2819 3752/3788/3065 3753/3789/3066
f 3413/3459/2819 3753/3789/3066 3377/3429/2796
f 3412/3458/2811 3711/3747/3036 3754/3790/3067
f 3412/3458/2811 3754/3790/3067 3413/3459/2812
f 3378/3430/2797 3709/3745/2098 3755/3791/3068
f 3378/3430/2797 3755/3791/3068 3711/3747/3036
f 3367/3419/2790 3366/3418/2789 3756/3792/3069
f 3367/3419/2790 3756/3792/3069 3718/3754/3041
f 3366/3418/2789 3368/3420/2791 3757/3793/3070
f 3366/3418/2789 3757/3793/3070 3756/3792/3069
f 3374/3426/2794 3718/3754/3041 3756/3792/3069
f 3374/3426/2794 3756/3792/3069 3720/3756/2107
f 3463/3499/2846 3758/3794/1269 3759/3795/1268
f 3463/3499/2846 3759/3795/1268 3449/3489/2837
f 3363/3415/2786 3334/3390/2768 3760/3796/3071
f 3363/3415/2786 3760/3796/3071 3761/3797/1269
f 3355/3409/2780 3157/3221/2651 3160/3224/2647
f 3355/3409/2780 3160/3224/2647 3762/3798/2141
f 3763/3799/2141 3145/3213/3072 3764/3800/3073
f 3763/3799/2141 3764/3800/3073 3455/3495/2842
f 3455/3495/2842 3440/3484/2833 3765/3801/3074
f 3455/3495/2842 3765/3801/3074 3763/3799/2141
f 3312/3370/2754 3355/3409/2780 3762/3798/2141
f 3312/3370/2754 3762/3798/2141 3766/3802/3074
f 3363/3415/2786 3761/3797/1269 3159/3223/2648
f 3363/3415/2786 3159/3223/2648 3158/3222/2652
f 3758/3794/1269 3463/3499/2846 3767/3803/3075
f 3758/3794/1269 3767/3803/3075 3768/3804/2648
f 3188/3248/2670 3187/3247/733 3739/3775/1248
f 3188/3248/2670 3739/3775/1248 3635/3671/1160
f 3178/3238/2663 3177/3237/2662 3645/3681/1169
f 3178/3238/2663 3645/3681/1169 3737/3773/1169
f 3759/3795/1268 3397/3448/2806 3400/3451/905
f 3759/3795/1268 3400/3451/905 3449/3489/2837
f 3334/3390/2768 3333/3389/2767 3385/3437/2800
f 3334/3390/2768 3385/3437/2800 3760/3796/3071
f 3158/3222/2652 3157/3221/2651 3715/3751/3027
f 3158/3222/2652 3715/3751/3027 3700/3736/3027
f 3118/3198/2641 3117/3197/2640 3693/3729/3012
f 3118/3198/2641 3693/3729/3012 3683/3719/3012
f 3765/3801/3074 3440/3484/2833 3381/3433/893
f 3765/3801/3074 3381/3433/893 3380/3432/2799
f 3313/3371/2755 3312/3370/2754 3766/3802/3074
f 3313/3371/2755 3766/3802/3074 3372/3424/2792
f 3360/3412/2782 3362/3414/2785 3420/3464/2817
f 3360/3412/2782 3420/3464/2817 3769/3805/3004
f 3353/3407/2778 3770/3806/3004 3174/3234/716
f 3353/3407/2778 3174/3234/716 3192/3252/2674
f 3158/3222/2652 3705/3741/3032 3364/3416/2787
f 3158/3222/2652 3364/3416/2787 3363/3415/2786
f 3157/3221/2651 3355/3409/2780 3354/3408/2779
f 3157/3221/2651 3354/3408/2779 3725/3761/3046
f 3340/3396/2759 3771/3807/3076 3411/3457/2810
f 3340/3396/2759 3411/3457/2810 3341/3397/2773
f 3772/3808/3077 3319/3377/2759 3185/3245/2669
f 3772/3808/3077 3185/3245/2669 3167/3227/2655
f 3117/3197/2640 3333/3389/2767 3332/3388/2766
f 3117/3197/2640 3332/3388/2766 3696/3732/3023
f 3118/3198/2641 3686/3722/3015 3314/3372/842
f 3118/3198/2641 3314/3372/842 3313/3371/2755
f 3716/3752/3039 3715/3751/3027 3157/3221/2651
f 3716/3752/3039 3157/3221/2651 3725/3761/3046
f 3699/3735/3026 3705/3741/3032 3158/3222/2652
f 3699/3735/3026 3158/3222/2652 3700/3736/3027
f 3305/3365/2752 3304/3364/2747 3769/3805/3004
f 3305/3365/2752 3769/3805/3004 3420/3464/2817
f 3175/3235/2660 3174/3234/716 3770/3806/3004
f 3175/3235/2660 3770/3806/3004 3291/3351/2747
f 3694/3730/3021 3693/3729/3012 3117/3197/2640
f 3694/3730/3021 3117/3197/2640 3696/3732/3023
f 3682/3718/3011 3686/3722/3015 3118/3198/2641
f 3682/3718/3011 3118/3198/2641 3683/3719/3012
f 3282/3342/2742 3411/3457/2810 3771/3807/3076
f 3282/3342/2742 3771/3807/3076 3280/3340/2740
f 3167/3227/2655 3166/3226/2654 3275/3335/2739
f 3167/3227/2655 3275/3335/2739 3772/3808/3077
f 3177/3237/2662 3192/3252/2674 3191/3251/2673
f 3177/3237/2662 3191/3251/2673 3656/3692/2991
f 3321/3379/2761 3667/3703/2997 3186/3246/1679
f 3321/3379/2761 3186/3246/1679 3185/3245/2669
f 3188/3248/2670 3640/3676/2979 3176/3236/2661
f 3188/3248/2670 3176/3236/2661 3175/3235/2660
f 3273/3333/2738 3166/3226/2654 3165/3225/2653
f 3273/3333/2738 3165/3225/2653 3633/3669/2975
f 3661/3697/1185 3667/3703/2997 3321/3379/2761
f 3661/3697/1185 3321/3379/2761 3662/3698/1169
f 3646/3682/2982 3645/3681/1169 3177/3237/2662
f 3646/3682/2982 3177/3237/2662 3656/3692/2991
f 3634/3670/1159 3640/3676/2979 3188/3248/2670
f 3634/3670/1159 3188/3248/2670 3635/3671/1160
f 3628/3664/2970 3627/3663/1152 3273/3333/2738
f 3628/3664/2970 3273/3333/2738 3633/3669/2975
f 3773/3809/1280 3774/3810/3078 3271/3331/2736
f 3773/3809/1280 3271/3331/2736 3775/3811/811
f 3240/3300/2714 3246/3306/2718 3774/3810/3078
f 3240/3300/2714 3774/3810/3078 3773/3809/1280
f 3776/3812/3079 3777/3813/3080 3272/3332/2737
f 3776/3812/3079 3272/3332/2737 3271/3331/2736
f 3777/3813/3080 3776/3812/3079 3254/3314/2724
f 3777/3813/3080 3254/3314/2724 3253/3313/2723
f 3778/3814/3081 3268/3328/2733 3272/3332/2737
f 3778/3814/3081 3272/3332/2737 3779/3815/3082
f 3244/3304/788 3778/3814/3081 3779/3815/3082
f 3244/3304/788 3779/3815/3082 3247/3307/2719
f 3780/3816/1286 3781/3817/3083 3269/3329/2734
f 3780/3816/1286 3269/3329/2734 3261/3321/805
f 3224/3284/768 3228/3288/2703 3781/3817/3083
f 3224/3284/768 3781/3817/3083 3780/3816/1286
f 3782/3818/3084 3783/3819/3085 3270/3330/2735
f 3782/3818/3084 3270/3330/2735 3269/3329/2734
f 3783/3819/3085 3782/3818/3084 3234/3294/778
f 3783/3819/3085 3234/3294/778 3233/3293/2708
f 3784/3820/3086 3785/3821/3087 3270/3330/2735
f 3784/3820/3086 3270/3330/2735 3786/3822/3088
f 3220/3280/1711 3784/3820/3086 3786/3822/3088
f 3220/3280/1711 3786/3822/3088 3225/3285/2702
f 3775/3811/811 3787/3823/809 3788/3824/2160
f 3775/3811/811 3788/3824/2160 3773/3809/1280
f 3773/3809/1280 3788/3824/2160 3237/3297/2711
f 3773/3809/1280 3237/3297/2711 3240/3300/2714
f 3266/3326/1753 3268/3328/2733 3778/3814/3081
f 3266/3326/1753 3778/3814/3081 3789/3825/3089
f 3778/3814/3081 3244/3304/788 3243/3303/1732
f 3778/3814/3081 3243/3303/1732 3789/3825/3089
f 3790/3826/3090 3263/3323/2731 3266/3326/1753
f 3790/3826/3090 3266/3326/1753 3789/3825/3089
f 3242/3302/2716 3790/3826/3090 3789/3825/3089
f 3242/3302/2716 3789/3825/3089 3243/3303/1732
f 3791/3827/3091 3792/3828/3092 3264/3324/2732
f 3791/3827/3091 3264/3324/2732 3263/3323/2731
f 3250/3310/2721 3249/3309/1738 3792/3828/3092
f 3250/3310/2721 3792/3828/3092 3791/3827/3091
f 3793/3829/3093 3788/3824/2160 3787/3823/809
f 3793/3829/3093 3787/3823/809 3794/3830/2732
f 3238/3298/2712 3237/3297/2711 3788/3824/2160
f 3238/3298/2712 3788/3824/2160 3793/3829/3093
f 3261/3321/805 3259/3319/2729 3795/3831/3094
f 3261/3321/805 3795/3831/3094 3780/3816/1286
f 3780/3816/1286 3795/3831/3094 3221/3281/2700
f 3780/3816/1286 3221/3281/2700 3224/3284/768
f 3796/3832/1749 3785/3821/3087 3784/3820/3086
f 3796/3832/1749 3784/3820/3086 3797/3833/3095
f 3784/3820/3086 3220/3280/1711 3219/3279/2699
f 3784/3820/3086 3219/3279/2699 3797/3833/3095
f 3798/3834/3096 3799/3835/2727 3796/3832/1749
f 3798/3834/3096 3796/3832/1749 3797/3833/3095
f 3218/3278/2698 3798/3834/3096 3797/3833/3095
f 3218/3278/2698 3797/3833/3095 3219/3279/2699
f 3800/3836/3097 3801/3837/3098 3258/3318/2728
f 3800/3836/3097 3258/3318/2728 3257/3317/2727
f 3230/3290/2705 3229/3289/2704 3801/3837/3098
f 3230/3290/2705 3801/3837/3098 3800/3836/3097
f 3802/3838/3099 3795/3831/3094 3259/3319/2729
f 3802/3838/3099 3259/3319/2729 3258/3318/2728
f 3222/3282/1713 3221/3281/2700 3795/3831/3094
f 3222/3282/1713 3795/3831/3094 3802/3838/3099
f 3256/3316/2726 3803/3839/3100 3804/3840/3101
f 3256/3316/2726 3804/3840/3101 3253/3313/2723
f 3803/3839/3100 3248/3308/2720 3247/3307/2719
f 3803/3839/3100 3247/3307/2719 3804/3840/3101
f 3255/3315/2725 3254/3314/2724 3805/3841/3102
f 3255/3315/2725 3805/3841/3102 3806/3842/3103
f 3806/3842/3103 3805/3841/3102 3246/3306/2718
f 3806/3842/3103 3246/3306/2718 3245/3305/2717
f 3256/3316/2726 3255/3315/2725 3807/3843/1311
f 3256/3316/2726 3807/3843/1311 3808/3844/3104
f 3809/3845/3105 3810/3846/3106 3214/3274/2694
f 3809/3845/3105 3214/3274/2694 3213/3273/2693
f 3811/3847/3107 3812/3848/1738 3813/3849/796
f 3811/3847/3107 3813/3849/796 3814/3850/1316
f 3238/3298/2712 3811/3847/3107 3814/3850/1316
f 3238/3298/2712 3814/3850/1316 3239/3299/2713
f 3815/3851/3108 3816/3852/1318 3251/3311/2722
f 3815/3851/3108 3251/3311/2722 3250/3310/2721
f 3242/3302/2716 3241/3301/2715 3816/3852/1318
f 3242/3302/2716 3816/3852/1318 3815/3851/3108
f 3252/3312/796 3251/3311/2722 3817/3853/3109
f 3252/3312/796 3817/3853/3109 3818/3854/3110
f 3818/3854/3110 3817/3853/3109 3194/3254/2676
f 3818/3854/3110 3194/3254/2676 3193/3253/2675
f 3248/3308/2720 3819/3855/3111 112/295/121
f 3248/3308/2720 112/295/121 109/292/118
f 3819/3855/3111 3213/3273/2693 3216/3276/2696
f 3819/3855/3111 3216/3276/2696 112/295/121
f 3245/3305/2717 113/296/122 115/298/124
f 3245/3305/2717 115/298/124 3820/3856/3112
f 3820/3856/3112 115/298/124 3821/3857/3113
f 3820/3856/3112 3821/3857/3113 3214/3274/2694
f 3241/3301/2715 117/300/63 120/303/127
f 3241/3301/2715 120/303/127 3822/3858/1324
f 120/303/127 3195/3255/1686 3194/3254/2676
f 120/303/127 3194/3254/2676 3822/3858/1324
f 3239/3299/2713 3823/3859/3114 124/307/129
f 3239/3299/2713 124/307/129 121/304/98
f 124/307/129 3823/3859/3114 3824/3860/2675
f 124/307/129 3824/3860/2675 3825/3861/2193
f 3236/3296/2710 3826/3862/3115 3827/3863/3116
f 3236/3296/2710 3827/3863/3116 3233/3293/2708
f 3826/3862/3115 3226/3286/770 3225/3285/2702
f 3826/3862/3115 3225/3285/2702 3827/3863/3116
f 3235/3295/2709 3234/3294/778 3828/3864/3117
f 3235/3295/2709 3828/3864/3117 3829/3865/3118
f 3829/3865/3118 3828/3864/3117 3228/3288/2703
f 3829/3865/3118 3228/3288/2703 3227/3287/771
f 3236/3296/2710 3235/3295/2709 3830/3866/3119
f 3236/3296/2710 3830/3866/3119 3831/3867/3120
f 3832/3868/3121 3833/3869/3122 3206/3266/2686
f 3832/3868/3121 3206/3266/2686 3205/3265/2685
f 3834/3870/3123 3229/3289/2704 3232/3292/2707
f 3834/3870/3123 3232/3292/2707 3835/3871/3124
f 3222/3282/1713 3834/3870/3123 3835/3871/3124
f 3222/3282/1713 3835/3871/3124 3223/3283/2701
f 3836/3872/3125 3837/3873/3126 3838/3874/3127
f 3836/3872/3125 3838/3874/3127 3839/3875/3128
f 3218/3278/2698 3217/3277/2697 3837/3873/3126
f 3218/3278/2698 3837/3873/3126 3836/3872/3125
f 3232/3292/2707 3231/3291/2706 3840/3876/2207
f 3232/3292/2707 3840/3876/2207 3841/3877/3129
f 3841/3877/3129 3840/3876/2207 3202/3262/2682
f 3841/3877/3129 3202/3262/2682 3201/3261/2681
f 3227/3287/771 125/308/130 127/310/132
f 3227/3287/771 127/310/132 3842/3878/3130
f 3842/3878/3130 127/310/132 3207/3267/2687
f 3842/3878/3130 3207/3267/2687 3206/3266/2686
f 3226/3286/770 3843/3879/3131 132/315/137
f 3226/3286/770 132/315/137 129/312/134
f 3843/3879/3131 3205/3265/2685 3844/3880/2688
f 3843/3879/3131 3844/3880/2688 132/315/137
f 133/316/110 135/318/139 118/301/126
f 133/316/110 118/301/126 117/300/63
f 118/301/126 135/318/139 3197/3257/1688
f 118/301/126 3197/3257/1688 3200/3260/2680
f 125/308/130 109/292/118 111/294/120
f 125/308/130 111/294/120 128/311/133
f 128/311/133 111/294/120 3209/3269/2689
f 128/311/133 3209/3269/2689 3212/3272/2692
f 3223/3283/2701 3845/3881/3132 136/319/140
f 3223/3283/2701 136/319/140 133/316/110
f 136/319/140 3845/3881/3132 3201/3261/2681
f 136/319/140 3201/3261/2681 3204/3264/2684
f 129/312/134 131/314/136 116/299/125
f 129/312/134 116/299/125 113/296/122
f 116/299/125 131/314/136 3846/3882/3133
f 116/299/125 3846/3882/3133 3847/3883/3134
f 137/320/114 121/304/98 123/306/128
f 137/320/114 123/306/128 138/321/141
f 138/321/141 123/306/128 3848/3884/2679
f 138/321/141 3848/3884/2679 3849/3885/2678
f 3217/3277/2697 137/320/114 140/323/143
f 3217/3277/2697 140/323/143 3850/3886/3135
f 140/323/143 3851/3887/2683 3852/3888/3136
f 140/323/143 3852/3888/3136 3850/3886/3135
f 3216/3276/2696 3215/3275/2695 3853/3889/3137
f 3216/3276/2696 3853/3889/3137 3854/3890/3138
f 3854/3890/3138 3853/3889/3137 3210/3270/2690
f 3854/3890/3138 3210/3270/2690 3209/3269/2689
f 3855/3891/3139 3856/3892/3140 3212/3272/2692
f 3855/3891/3139 3212/3272/2692 3211/3271/2691
f 3208/3268/2688 3207/3267/2687 3856/3892/3140
f 3208/3268/2688 3856/3892/3140 3855/3891/3139
f 3204/3264/2684 3203/3263/2683 3857/3893/3141
f 3204/3264/2684 3857/3893/3141 3858/3894/3142
f 3858/3894/3142 3857/3893/3141 3198/3258/2678
f 3858/3894/3142 3198/3258/2678 3197/3257/1688
f 3859/3895/3143 3860/3896/3144 3200/3260/2680
f 3859/3895/3143 3200/3260/2680 3199/3259/2679
f 3196/3256/2677 3195/3255/1686 3860/3896/3144
f 3196/3256/2677 3860/3896/3144 3859/3895/3143
f 3233/3293/2708 3827/3863/3116 3861/3897/3145
f 3233/3293/2708 3861/3897/3145 3783/3819/3085
f 3225/3285/2702 3786/3822/3088 3861/3897/3145
f 3225/3285/2702 3861/3897/3145 3827/3863/3116
f 3270/3330/2735 3783/3819/3085 3861/3897/3145
f 3270/3330/2735 3861/3897/3145 3786/3822/3088
f 3246/3306/2718 3805/3841/3102 3862/3898/3146
f 3246/3306/2718 3862/3898/3146 3774/3810/3078
f 3254/3314/2724 3776/3812/3079 3862/3898/3146
f 3254/3314/2724 3862/3898/3146 3805/3841/3102
f 3271/3331/2736 3774/3810/3078 3862/3898/3146
f 3271/3331/2736 3862/3898/3146 3776/3812/3079
f 3228/3288/2703 3828/3864/3117 3863/3899/3147
f 3228/3288/2703 3863/3899/3147 3781/3817/3083
f 3234/3294/778 3782/3818/3084 3863/3899/3147
f 3234/3294/778 3863/3899/3147 3828/3864/3117
f 3269/3329/2734 3781/3817/3083 3863/3899/3147
f 3269/3329/2734 3863/3899/3147 3782/3818/3084
f 3253/3313/2723 3804/3840/3101 3864/3900/3148
f 3253/3313/2723 3864/3900/3148 3777/3813/3080
f 3247/3307/2719 3779/3815/3082 3864/3900/3148
f 3247/3307/2719 3864/3900/3148 3804/3840/3101
f 3272/3332/2737 3777/3813/3080 3864/3900/3148
f 3272/3332/2737 3864/3900/3148 3779/3815/3082
f 3218/3278/2698 3836/3872/3125 3865/3901/3149
f 3218/3278/2698 3865/3901/3149 3798/3834/3096
f 3839/3875/3128 3866/3902/3097 3865/3901/3149
f 3839/3875/3128 3865/3901/3149 3836/3872/3125
f 3799/3835/2727 3798/3834/3096 3865/3901/3149
f 3799/3835/2727 3865/3901/3149 3866/3902/3097
f 3812/3848/1738 3811/3847/3107 3867/3903/3150
f 3812/3848/1738 3867/3903/3150 3868/3904/3092
f 3238/3298/2712 3793/3829/3093 3867/3903/3150
f 3238/3298/2712 3867/3903/3150 3811/3847/3107
f 3794/3830/2732 3868/3904/3092 3867/3903/3150
f 3794/3830/2732 3867/3903/3150 3793/3829/3093
f 3242/3302/2716 3815/3851/3108 3869/3905/3151
f 3242/3302/2716 3869/3905/3151 3790/3826/3090
f 3250/3310/2721 3791/3827/3091 3869/3905/3151
f 3250/3310/2721 3869/3905/3151 3815/3851/3108
f 3263/3323/2731 3790/3826/3090 3869/3905/3151
f 3263/3323/2731 3869/3905/3151 3791/3827/3091
f 3229/3289/2704 3834/3870/3123 3870/3906/3152
f 3229/3289/2704 3870/3906/3152 3801/3837/3098
f 3222/3282/1713 3802/3838/3099 3870/3906/3152
f 3222/3282/1713 3870/3906/3152 3834/3870/3123
f 3258/3318/2728 3801/3837/3098 3870/3906/3152
f 3258/3318/2728 3870/3906/3152 3802/3838/3099
f 3819/3855/3111 3871/3907/3153 3872/3908/3154
f 3819/3855/3111 3872/3908/3154 3213/3273/2693
f 3248/3308/2720 3803/3839/3100 3873/3909/3155
f 3248/3308/2720 3873/3909/3155 3819/3855/3111
f 3808/3844/3104 3874/3910/3156 3803/3839/3100
f 3808/3844/3104 3803/3839/3100 3256/3316/2726
f 3807/3843/1311 3255/3315/2725 3806/3842/3103
f 3807/3843/1311 3806/3842/3103 3875/3911/3157
f 3245/3305/2717 3820/3856/3112 3876/3912/3158
f 3245/3305/2717 3876/3912/3158 3806/3842/3103
f 3820/3856/3112 3214/3274/2694 3877/3913/3159
f 3820/3856/3112 3877/3913/3159 3878/3914/3160
f 3824/3860/2675 3823/3859/3114 3879/3915/3161
f 3824/3860/2675 3879/3915/3161 3880/3916/3162
f 3239/3299/2713 3814/3850/1316 3879/3915/3161
f 3239/3299/2713 3879/3915/3161 3823/3859/3114
f 3813/3849/796 3880/3916/3162 3879/3915/3161
f 3813/3849/796 3879/3915/3161 3814/3850/1316
f 3251/3311/2722 3816/3852/1318 3881/3917/3163
f 3251/3311/2722 3881/3917/3163 3817/3853/3109
f 3241/3301/2715 3822/3858/1324 3881/3917/3163
f 3241/3301/2715 3881/3917/3163 3816/3852/1318
f 3194/3254/2676 3817/3853/3109 3881/3917/3163
f 3194/3254/2676 3881/3917/3163 3822/3858/1324
f 3216/3276/2696 3854/3890/3138 110/293/119
f 3216/3276/2696 110/293/119 112/295/121
f 3209/3269/2689 111/294/120 110/293/119
f 3209/3269/2689 110/293/119 3854/3890/3138
f 3821/3857/3113 115/298/124 114/297/123
f 3821/3857/3113 114/297/123 3882/3918/3137
f 3847/3883/3134 3882/3918/3137 114/297/123
f 3847/3883/3134 114/297/123 116/299/125
f 3200/3260/2680 3860/3896/3144 119/302/65
f 3200/3260/2680 119/302/65 118/301/126
f 3195/3255/1686 120/303/127 119/302/65
f 3195/3255/1686 119/302/65 3860/3896/3144
f 3825/3861/2193 3883/3919/3164 122/305/99
f 3825/3861/2193 122/305/99 124/307/129
f 3848/3884/2679 123/306/128 122/305/99
f 3848/3884/2679 122/305/99 3883/3919/3164
f 3884/3920/3165 3885/3921/3166 3235/3295/2709
f 3884/3920/3165 3235/3295/2709 3829/3865/3118
f 3227/3287/771 3842/3878/3130 3886/3922/3167
f 3227/3287/771 3886/3922/3167 3829/3865/3118
f 3206/3266/2686 3887/3923/3168 3886/3922/3167
f 3206/3266/2686 3886/3922/3167 3842/3878/3130
f 3205/3265/2685 3843/3879/3131 3888/3924/3169
f 3205/3265/2685 3888/3924/3169 3889/3925/3170
f 3226/3286/770 3826/3862/3115 3888/3924/3169
f 3226/3286/770 3888/3924/3169 3843/3879/3131
f 3890/3926/3171 3826/3862/3115 3236/3296/2710
f 3890/3926/3171 3236/3296/2710 3891/3927/3172
f 3838/3874/3127 3837/3873/3126 3892/3928/3173
f 3838/3874/3127 3892/3928/3173 3893/3929/2207
f 3217/3277/2697 3850/3886/3135 3892/3928/3173
f 3217/3277/2697 3892/3928/3173 3837/3873/3126
f 3852/3888/3136 3893/3929/2207 3892/3928/3173
f 3852/3888/3136 3892/3928/3173 3850/3886/3135
f 3201/3261/2681 3845/3881/3132 3894/3930/3174
f 3201/3261/2681 3894/3930/3174 3841/3877/3129
f 3223/3283/2701 3835/3871/3124 3894/3930/3174
f 3223/3283/2701 3894/3930/3174 3845/3881/3132
f 3232/3292/2707 3841/3877/3129 3894/3930/3174
f 3232/3292/2707 3894/3930/3174 3835/3871/3124
f 3207/3267/2687 127/310/132 126/309/131
f 3207/3267/2687 126/309/131 3856/3892/3140
f 3212/3272/2692 3856/3892/3140 126/309/131
f 3212/3272/2692 126/309/131 128/311/133
f 3844/3880/2688 3895/3931/3139 130/313/135
f 3844/3880/2688 130/313/135 132/315/137
f 3846/3882/3133 131/314/136 130/313/135
f 3846/3882/3133 130/313/135 3895/3931/3139
f 3204/3264/2684 3858/3894/3142 134/317/138
f 3204/3264/2684 134/317/138 136/319/140
f 3197/3257/1688 135/318/139 134/317/138
f 3197/3257/1688 134/317/138 3858/3894/3142
f 3849/3885/2678 3896/3932/3175 139/322/142
f 3849/3885/2678 139/322/142 138/321/141
f 3851/3887/2683 140/323/143 139/322/142
f 3851/3887/2683 139/322/142 3896/3932/3175
f 3616/3652/1140 3897/3933/3176 3898/3934/1386
f 3616/3652/1140 3898/3934/1386 3622/3658/2020
f 3598/3634/1123 3597/3633/2949 3898/3934/1386
f 3598/3634/1123 3898/3934/1386 3897/3933/3176
f 3899/3935/3177 3900/3936/3178 3609/3645/1134
f 3899/3935/3177 3609/3645/1134 3608/3644/2008
f 3615/3651/2961 3621/3657/2965 3900/3936/3178
f 3615/3651/2961 3900/3936/3178 3899/3935/3177
f 3901/3937/3179 3623/3659/2966 3622/3658/2020
f 3901/3937/3179 3622/3658/2020 3898/3934/1386
f 3597/3633/2949 3602/3638/2953 3901/3937/3179
f 3597/3633/2949 3901/3937/3179 3898/3934/1386
f 3623/3659/2966 3902/3938/2257 3903/3939/3180
f 3623/3659/2966 3903/3939/3180 3624/3660/2967
f 3903/3939/3180 3902/3938/2257 3603/3639/2003
f 3903/3939/3180 3603/3639/2003 3606/3642/2956
f 3611/3647/2958 3609/3645/1134 3900/3936/3178
f 3611/3647/2958 3900/3936/3178 3904/3940/3181
f 3904/3940/3181 3900/3936/3178 3621/3657/2965
f 3904/3940/3181 3621/3657/2965 3624/3660/2967
f 3613/3649/2960 3905/3941/3182 3906/3942/3183
f 3613/3649/2960 3906/3942/3183 3617/3653/2962
f 3907/3943/3184 3908/3944/3182 3607/3643/1132
f 3907/3943/3184 3607/3643/1132 3610/3646/2957
f 3600/3636/2951 3599/3635/2950 3909/3945/3185
f 3600/3636/2951 3909/3945/3185 3910/3946/3186
f 3614/3650/1138 3620/3656/2018 3911/3947/3187
f 3614/3650/1138 3911/3947/3187 3912/3948/3185
f 3913/3949/3188 3905/3941/3182 3613/3649/2960
f 3913/3949/3188 3613/3649/2960 3590/3626/2942
f 3908/3944/3182 3914/3950/3188 3593/3629/2945
f 3908/3944/3182 3593/3629/2945 3607/3643/1132
f 3915/3951/3189 3899/3935/3177 3608/3644/2008
f 3915/3951/3189 3608/3644/2008 3596/3632/2948
f 3915/3951/3189 3584/3620/2936 3615/3651/2961
f 3915/3951/3189 3615/3651/2961 3899/3935/3177
f 3916/3952/3190 3618/3654/2963 3617/3653/2962
f 3916/3952/3190 3617/3653/2962 3906/3942/3183
f 3610/3646/2957 3612/3648/2959 3917/3953/3191
f 3610/3646/2957 3917/3953/3191 3907/3943/3184
f 3619/3655/2964 3618/3654/2963 3918/3954/3192
f 3619/3655/2964 3918/3954/3192 3919/3955/3193
f 3919/3955/3193 3918/3954/3192 3605/3641/2955
f 3919/3955/3193 3605/3641/2955 3604/3640/2954
f 3601/3637/2952 3600/3636/2951 3910/3946/3186
f 3601/3637/2952 3910/3946/3186 3920/3956/3194
f 3921/3957/3194 3911/3947/3187 3620/3656/2018
f 3921/3957/3194 3620/3656/2018 3619/3655/2964
f 3897/3933/3176 3616/3652/1140 3583/3619/2935
f 3897/3933/3176 3583/3619/2935 3922/3958/3195
f 3897/3933/3176 3922/3958/3195 3585/3621/2937
f 3897/3933/3176 3585/3621/2937 3598/3634/1123
f 3923/3959/3196 3909/3945/3185 3599/3635/2950
f 3923/3959/3196 3599/3635/2950 3588/3624/2940
f 3912/3948/3185 3924/3960/3196 3591/3627/2943
f 3912/3948/3185 3591/3627/2943 3614/3650/1138
f 3612/3648/2959 3611/3647/2958 3925/3961/3197
f 3612/3648/2959 3925/3961/3197 3926/3962/3198
f 3927/3963/3199 3928/3964/3200 3606/3642/2956
f 3927/3963/3199 3606/3642/2956 3605/3641/2955
f 3602/3638/2953 3601/3637/2952 3929/3965/3201
f 3602/3638/2953 3929/3965/3201 3930/3966/3202
f 3931/3967/3203 3932/3968/3204 3604/3640/2954
f 3931/3967/3203 3604/3640/2954 3603/3639/2003
f 3914/3950/3188 3933/3969/3205 3594/3630/2946
f 3914/3950/3188 3594/3630/2946 3593/3629/2945
f 3589/3625/2941 3934/3970/3205 3913/3949/3188
f 3589/3625/2941 3913/3949/3188 3590/3626/2942
f 3935/3971/3206 3915/3951/3189 3596/3632/2948
f 3935/3971/3206 3596/3632/2948 3595/3631/2947
f 3581/3617/2933 3584/3620/2936 3915/3951/3189
f 3581/3617/2933 3915/3951/3189 3935/3971/3206
f 3592/3628/2944 3591/3627/2943 3924/3960/3196
f 3592/3628/2944 3924/3960/3196 3936/3972/3207
f 3937/3973/3207 3923/3959/3196 3588/3624/2940
f 3937/3973/3207 3588/3624/2940 3587/3623/2939
f 3922/3958/3195 3938/3974/3208 3586/3622/2938
f 3922/3958/3195 3586/3622/2938 3585/3621/2937
f 3582/3618/2934 3938/3974/3208 3922/3958/3195
f 3582/3618/2934 3922/3958/3195 3583/3619/2935
f 3612/3648/2959 3926/3962/3198 3939/3975/3209
f 3612/3648/2959 3939/3975/3209 3917/3953/3191
f 3605/3641/2955 3918/3954/3192 3940/3976/3210
f 3605/3641/2955 3940/3976/3210 3927/3963/3199
f 3618/3654/2963 3916/3952/3190 3940/3976/3210
f 3618/3654/2963 3940/3976/3210 3918/3954/3192
f 3624/3660/2967 3903/3939/3180 3941/3977/3211
f 3624/3660/2967 3941/3977/3211 3904/3940/3181
f 3606/3642/2956 3928/3964/3200 3941/3977/3211
f 3606/3642/2956 3941/3977/3211 3903/3939/3180
f 3611/3647/2958 3904/3940/3181 3941/3977/3211
f 3611/3647/2958 3941/3977/3211 3925/3961/3197
f 3604/3640/2954 3932/3968/3204 3942/3978/3212
f 3604/3640/2954 3942/3978/3212 3919/3955/3193
f 3601/3637/2952 3920/3956/3194 3943/3979/3212
f 3601/3637/2952 3943/3979/3212 3929/3965/3201
f 3619/3655/2964 3919/3955/3193 3942/3978/3212
f 3619/3655/2964 3942/3978/3212 3921/3957/3194
f 3602/3638/2953 3930/3966/3202 3944/3980/3213
f 3602/3638/2953 3944/3980/3213 3901/3937/3179
f 3603/3639/2003 3902/3938/2257 3944/3980/3213
f 3603/3639/2003 3944/3980/3213 3931/3967/3203
f 3623/3659/2966 3901/3937/3179 3944/3980/3213
f 3623/3659/2966 3944/3980/3213 3902/3938/2257
f 3945/3981/3214 3946/3982/3215 3579/3615/2931
f 3945/3981/3214 3579/3615/2931 3559/3595/2915
f 3947/3983/3216 3948/3984/2926 3946/3982/3215
f 3947/3983/3216 3946/3982/3215 3945/3981/3214
f 3560/3596/2916 3580/3616/2932 3949/3985/3217
f 3560/3596/2916 3949/3985/3217 3950/3986/3218
f 3949/3985/3217 3578/3614/1978 3554/3590/2910
f 3949/3985/3217 3554/3590/2910 3950/3986/3218
f 3951/3987/3219 3553/3589/2909 3577/3613/2930
f 3951/3987/3219 3577/3613/2930 3952/3988/3220
f 3571/3607/2925 3951/3987/3219 3952/3988/3220
f 3571/3607/2925 3952/3988/3220 3576/3612/2929
f 3953/3989/3221 3954/3990/3222 3572/3608/1968
f 3953/3989/3221 3572/3608/1968 3575/3611/2928
f 3574/3610/2927 3565/3601/2920 3954/3990/3222
f 3574/3610/2927 3954/3990/3222 3953/3989/3221
f 3493/3529/1901 3516/3552/2884 3955/3991/3223
f 3493/3529/1901 3955/3991/3223 3956/3992/3224
f 3956/3992/3224 3955/3991/3223 3526/3562/1011
f 3956/3992/3224 3526/3562/1011 3506/3542/991
f 3513/3549/2882 3494/3530/2868 3957/3993/2298
f 3513/3549/2882 3957/3993/2298 3958/3994/3225
f 3957/3993/2298 3500/3536/2873 3520/3556/2887
f 3957/3993/2298 3520/3556/2887 3958/3994/3225
f 3499/3535/984 3959/3995/3226 3960/3996/3227
f 3499/3535/984 3960/3996/3227 3517/3553/2885
f 3959/3995/3226 3511/3547/997 3521/3557/2888
f 3959/3995/3226 3521/3557/2888 3960/3996/3227
f 3505/3541/2878 3525/3561/2889 3961/3997/3228
f 3505/3541/2878 3961/3997/3228 3962/3998/3229
f 3961/3997/3228 3963/3999/3230 3964/4000/996
f 3961/3997/3228 3964/4000/996 3962/3998/3229
f 3946/3982/3215 3056/3140/2303 3046/3130/2590
f 3946/3982/3215 3046/3130/2590 3579/3615/2931
f 3948/3984/2926 3058/3142/2586 3056/3140/2303
f 3948/3984/2926 3056/3140/2303 3946/3982/3215
f 3580/3616/2932 3045/3129/1983 3053/3137/2597
f 3580/3616/2932 3053/3137/2597 3949/3985/3217
f 3053/3137/2597 3051/3135/2595 3578/3614/1978
f 3053/3137/2597 3578/3614/1978 3949/3985/3217
f 3952/3988/3220 3577/3613/2930 3050/3134/2594
f 3952/3988/3220 3050/3134/2594 3055/3139/2599
f 3576/3612/2929 3952/3988/3220 3055/3139/2599
f 3576/3612/2929 3055/3139/2599 3039/3123/2584
f 3953/3989/3221 3575/3611/2928 3038/3122/2583
f 3953/3989/3221 3038/3122/2583 3060/3144/2602
f 3042/3126/2587 3574/3610/2927 3953/3989/3221
f 3042/3126/2587 3953/3989/3221 3060/3144/2602
f 3965/4001/3231 3492/3528/1899 3548/3584/2904
f 3965/4001/3231 3548/3584/2904 3966/4002/3232
f 3966/4002/3232 3534/3570/2891 3497/3533/2871
f 3966/4002/3232 3497/3533/2871 3965/4001/3231
f 3967/4003/3233 3545/3581/2901 3491/3527/2867
f 3967/4003/3233 3491/3527/2867 3968/4004/3234
f 3967/4003/3233 3968/4004/3234 3503/3539/2876
f 3967/4003/3233 3503/3539/2876 3541/3577/2897
f 3969/4005/2311 3970/4006/3235 3498/3534/2872
f 3969/4005/2311 3498/3534/2872 3533/3569/1929
f 3970/4006/3235 3969/4005/2311 3538/3574/1934
f 3970/4006/3235 3538/3574/1934 3508/3544/2880
f 3971/4007/3236 3542/3578/2898 3502/3538/2875
f 3971/4007/3236 3502/3538/2875 3972/4008/3237
f 3971/4007/3236 3972/4008/3237 3973/4009/2881
f 3971/4007/3236 3973/4009/2881 3974/4010/2894
f 3975/4011/3238 3976/4012/3239 3550/3586/2906
f 3975/4011/3238 3550/3586/2906 3546/3582/2902
f 3557/3593/2913 3976/4012/3239 3975/4011/3238
f 3557/3593/2913 3975/4011/3238 3544/3580/2900
f 3977/4013/3240 3547/3583/2903 3549/3585/2905
f 3977/4013/3240 3549/3585/2905 3978/4014/3241
f 3535/3571/2892 3977/4013/3240 3978/4014/3241
f 3535/3571/2892 3978/4014/3241 3569/3605/2923
f 3979/4015/3242 3558/3594/2914 3543/3579/2899
f 3979/4015/3242 3543/3579/2899 3980/4016/3243
f 3981/4017/3244 3979/4015/3242 3980/4016/3243
f 3981/4017/3244 3980/4016/3243 3982/4018/3245
f 3539/3575/2895 3983/4019/3246 3984/4020/3247
f 3539/3575/2895 3984/4020/3247 3561/3597/1957
f 3984/4020/3247 3983/4019/3246 3536/3572/2893
f 3984/4020/3247 3536/3572/2893 3568/3604/2922
f 3567/3603/1963 3572/3608/1968 3954/3990/3222
f 3567/3603/1963 3954/3990/3222 3985/4021/3248
f 3954/3990/3222 3565/3601/2920 3562/3598/2917
f 3954/3990/3222 3562/3598/2917 3985/4021/3248
f 3951/3987/3219 3571/3607/2925 3570/3606/2924
f 3951/3987/3219 3570/3606/2924 3986/4022/3249
f 3951/3987/3219 3986/4022/3249 3552/3588/2908
f 3951/3987/3219 3552/3588/2908 3553/3589/2909
f 3984/4020/3247 3568/3604/2922 3567/3603/1963
f 3984/4020/3247 3567/3603/1963 3985/4021/3248
f 3561/3597/1957 3984/4020/3247 3985/4021/3248
f 3561/3597/1957 3985/4021/3248 3562/3598/2917
f 3569/3605/2923 3978/4014/3241 3986/4022/3249
f 3569/3605/2923 3986/4022/3249 3570/3606/2924
f 3986/4022/3249 3978/4014/3241 3549/3585/2905
f 3986/4022/3249 3549/3585/2905 3552/3588/2908
f 3947/3983/3216 3945/3981/3214 3987/4023/3250
f 3947/3983/3216 3987/4023/3250 3988/4024/2918
f 3945/3981/3214 3559/3595/2915 3555/3591/2911
f 3945/3981/3214 3555/3591/2911 3987/4023/3250
f 3988/4024/2918 3987/4023/3250 3979/4015/3242
f 3988/4024/2918 3979/4015/3242 3981/4017/3244
f 3979/4015/3242 3987/4023/3250 3555/3591/2911
f 3979/4015/3242 3555/3591/2911 3558/3594/2914
f 3989/4025/3251 3556/3592/2912 3560/3596/2916
f 3989/4025/3251 3560/3596/2916 3950/3986/3218
f 3554/3590/2910 3551/3587/2907 3989/4025/3251
f 3554/3590/2910 3989/4025/3251 3950/3986/3218
f 3557/3593/2913 3556/3592/2912 3989/4025/3251
f 3557/3593/2913 3989/4025/3251 3976/4012/3239
f 3976/4012/3239 3989/4025/3251 3551/3587/2907
f 3976/4012/3239 3551/3587/2907 3550/3586/2906
f 3977/4013/3240 3966/4002/3232 3548/3584/2904
f 3977/4013/3240 3548/3584/2904 3547/3583/2903
f 3535/3571/2892 3534/3570/2891 3966/4002/3232
f 3535/3571/2892 3966/4002/3232 3977/4013/3240
f 3967/4003/3233 3975/4011/3238 3546/3582/2902
f 3967/4003/3233 3546/3582/2902 3545/3581/2901
f 3541/3577/2897 3544/3580/2900 3975/4011/3238
f 3541/3577/2897 3975/4011/3238 3967/4003/3233
f 3542/3578/2898 3971/4007/3236 3980/4016/3243
f 3542/3578/2898 3980/4016/3243 3543/3579/2899
f 3980/4016/3243 3971/4007/3236 3974/4010/2894
f 3980/4016/3243 3974/4010/2894 3982/4018/3245
f 3538/3574/1934 3969/4005/2311 3983/4019/3246
f 3538/3574/1934 3983/4019/3246 3539/3575/2895
f 3983/4019/3246 3969/4005/2311 3533/3569/1929
f 3983/4019/3246 3533/3569/1929 3536/3572/2893
f 3990/4026/3252 3991/4027/1494 3992/4028/3253
f 3990/4026/3252 3992/4028/3253 3529/3565/1030
f 3993/4029/3254 3994/4030/3255 3519/3555/2886
f 3993/4029/3254 3519/3555/2886 3474/3510/960
f 3995/4031/1498 3996/4032/3256 3997/4033/1500
f 3995/4031/1498 3997/4033/1500 3532/3568/1031
f 3998/4034/3257 3488/3524/2864 3527/3563/1012
f 3998/4034/3257 3527/3563/1012 3999/4035/3258
f 4000/4036/2340 4001/4037/1504 3475/3511/961
f 4000/4036/2340 3475/3511/961 3518/3554/1003
f 3478/3514/966 4001/4037/1504 4000/4036/2340
f 3478/3514/966 4000/4036/2340 3524/3560/1009
f 4002/4038/1008 4003/4039/2342 4004/4040/3259
f 4002/4038/1008 4004/4040/3259 4005/4041/967
f 4003/4039/2342 3528/3564/2890 3487/3523/2863
f 4003/4039/2342 3487/3523/2863 4004/4040/3259
f 3527/3563/1012 3526/3562/1011 3955/3991/3223
f 3527/3563/1012 3955/3991/3223 4006/4042/3260
f 4006/4042/3260 3955/3991/3223 3516/3552/2884
f 4006/4042/3260 3516/3552/2884 3515/3551/2883
f 4003/4039/2342 3961/3997/3228 3525/3561/2889
f 4003/4039/2342 3525/3561/2889 3528/3564/2890
f 3963/3999/3230 3961/3997/3228 4003/4039/2342
f 3963/3999/3230 4003/4039/2342 4002/4038/1008
f 3521/3557/2888 3524/3560/1009 4000/4036/2340
f 3521/3557/2888 4000/4036/2340 3960/3996/3227
f 4000/4036/2340 3518/3554/1003 3517/3553/2885
f 4000/4036/2340 3517/3553/2885 3960/3996/3227
f 3519/3555/2886 4007/4043/3261 3958/3994/3225
f 3519/3555/2886 3958/3994/3225 3520/3556/2887
f 4007/4043/3261 3514/3550/999 3513/3549/2882
f 4007/4043/3261 3513/3549/2882 3958/3994/3225
f 3507/3543/2879 3511/3547/997 3959/3995/3226
f 3507/3543/2879 3959/3995/3226 4008/4044/1509
f 3959/3995/3226 3499/3535/984 3495/3531/2869
f 3959/3995/3226 3495/3531/2869 4008/4044/1509
f 3964/4000/996 4009/4045/992 4010/4046/3262
f 3964/4000/996 4010/4046/3262 3962/3998/3229
f 3962/3998/3229 4010/4046/3262 3501/3537/2874
f 3962/3998/3229 3501/3537/2874 3505/3541/2878
f 3507/3543/2879 4008/4044/1509 3970/4006/3235
f 3507/3543/2879 3970/4006/3235 3508/3544/2880
f 3970/4006/3235 4008/4044/1509 3495/3531/2869
f 3970/4006/3235 3495/3531/2869 3498/3534/2872
f 3973/4009/2881 3972/4008/3237 4010/4046/3262
f 3973/4009/2881 4010/4046/3262 4009/4045/992
f 3972/4008/3237 3502/3538/2875 3501/3537/2874
f 3972/4008/3237 3501/3537/2874 4010/4046/3262
f 3506/3542/991 3504/3540/2877 4011/4047/3263
f 3506/3542/991 4011/4047/3263 3956/3992/3224
f 3956/3992/3224 4011/4047/3263 3490/3526/2866
f 3956/3992/3224 3490/3526/2866 3493/3529/1901
f 3503/3539/2876 3968/4004/3234 4011/4047/3263
f 3503/3539/2876 4011/4047/3263 3504/3540/2877
f 4011/4047/3263 3968/4004/3234 3491/3527/2867
f 4011/4047/3263 3491/3527/2867 3490/3526/2866
f 3500/3536/2873 3957/3993/2298 4012/4048/1512
f 3500/3536/2873 4012/4048/1512 3496/3532/2870
f 4012/4048/1512 3957/3993/2298 3494/3530/2868
f 4012/4048/1512 3494/3530/2868 3489/3525/2865
f 3497/3533/2871 3496/3532/2870 4012/4048/1512
f 3497/3533/2871 4012/4048/1512 3965/4001/3231
f 3965/4001/3231 4012/4048/1512 3489/3525/2865
f 3965/4001/3231 3489/3525/2865 3492/3528/1899
f 3488/3524/2864 4013/4049/3264 4014/4050/3265
f 3488/3524/2864 4014/4050/3265 3485/3521/2861
f 4014/4050/3265 3998/4034/3266 4015/4051/1515
f 4014/4050/3265 4015/4051/1515 3468/3504/2849
f 3486/3522/2862 4016/4052/3267 4004/4040/3259
f 3486/3522/2862 4004/4040/3259 3487/3523/2863
f 4004/4040/3259 4016/4052/3267 4017/4053/1889
f 4004/4040/3259 4017/4053/1889 4005/4041/967
f 3481/3517/2857 4018/4054/3268 3483/3519/2859
f 3481/3517/2857 3483/3519/2859 3482/3518/2858
f 4019/4055/3269 4017/4053/1889 4016/4052/3267
f 4019/4055/3269 4016/4052/3267 4020/4056/3270
f 4016/4052/3267 3486/3522/2862 4021/4057/3271
f 4016/4052/3267 4021/4057/3271 4020/4056/3270
f 4014/4050/3265 3468/3504/2849 4022/4058/3272
f 4014/4050/3265 4022/4058/3272 4023/4059/3273
f 3482/3518/2858 4001/4037/1504 3478/3514/966
f 3482/3518/2858 3478/3514/966 3481/3517/2857
f 3476/3512/2855 3475/3511/961 4001/4037/1504
f 3476/3512/2855 4001/4037/1504 3482/3518/2858
f 3485/3521/2861 4014/4050/3265 4023/4059/3273
f 3485/3521/2861 4023/4059/3273 4024/4060/3274
f 3486/3522/2862 3485/3521/2861 4024/4060/3274
f 3486/3522/2862 4024/4060/3274 4021/4057/3271
f 3474/3510/960 3473/3509/2854 3472/3508/2853
f 3474/3510/960 3472/3508/2853 4025/4061/3275
f 3472/3508/2853 3467/3503/2848 4026/4062/3276
f 3472/3508/2853 4026/4062/3276 3993/4029/3254
f 3481/3517/2857 3480/3516/1889 4027/4063/3269
f 3481/3517/2857 4027/4063/3269 4018/4054/3268
f 3484/3520/2860 3477/3513/2856 3473/3509/2854
f 3484/3520/2860 3473/3509/2854 3476/3512/2855
f 3067/3151/2606 3090/3174/2621 3088/3172/2619
f 3067/3151/2606 3088/3172/2619 4028/4064/3277
f 4028/4064/3277 3088/3172/2619 3087/3171/2618
f 4028/4064/3277 3087/3171/2618 3073/3157/2609
f 3066/3150/2605 4029/4065/3278 4030/4066/3279
f 3066/3150/2605 4030/4066/3279 3108/3192/2638
f 4029/4065/3278 3079/3163/569 3105/3189/2635
f 4029/4065/3278 3105/3189/2635 4030/4066/3279
f 3072/3156/2608 3107/3191/2637 3093/3177/2624
f 3072/3156/2608 3093/3177/2624 4031/4067/3280
f 3093/3177/2624 3092/3176/2623 3084/3168/2615
f 3093/3177/2624 3084/3168/2615 4031/4067/3280
f 3078/3162/568 4032/4068/3281 4033/4069/3282
f 3078/3162/568 4033/4069/3282 3106/3190/2636
f 4033/4069/3282 4032/4068/3281 4034/4070/2616
f 4033/4069/3282 4034/4070/2616 4035/4071/2634
f 3103/3187/2633 4036/4072/3283 4037/4073/3284
f 3103/3187/2633 4037/4073/3284 3064/3148/554
f 3076/3160/566 4037/4073/3284 4036/4072/3283
f 3076/3160/566 4036/4072/3283 3099/3183/1632
f 3063/3147/2604 4038/4074/2374 4039/4075/3285
f 3063/3147/2604 4039/4075/3285 3102/3186/2632
f 3070/3154/560 3100/3184/2630 4039/4075/3285
f 3070/3154/560 4039/4075/3285 4038/4074/2374
f 3069/3153/559 4040/4076/2377 4041/4077/3286
f 3069/3153/559 4041/4077/3286 3101/3185/2631
f 3080/3164/2611 3097/3181/2628 4041/4077/3286
f 3080/3164/2611 4041/4077/3286 4040/4076/2377
f 3077/3161/567 3098/3182/2629 4042/4078/3287
f 3077/3161/567 4042/4078/3287 4043/4079/1564
f 4044/4080/2627 4045/4081/3288 4043/4079/1564
f 4044/4080/2627 4043/4079/1564 4042/4078/3287
f 3094/3178/2625 3093/3177/2624 3107/3191/2637
f 3094/3178/2625 3107/3191/2637 4046/4082/3289
f 4047/4083/3290 4048/4084/2383 4030/4066/3279
f 4047/4083/3290 4030/4066/3279 3105/3189/2635
f 4048/4084/2383 4049/4085/3291 3108/3192/2638
f 4048/4084/2383 3108/3192/2638 4030/4066/3279
f 4035/4071/2634 4050/4086/3292 4051/4087/3293
f 4035/4071/2634 4051/4087/3293 4033/4069/3282
f 4051/4087/3293 4052/4088/3294 3106/3190/2636
f 4051/4087/3293 3106/3190/2636 4033/4069/3282
f 4052/4088/3294 4047/4083/3290 3105/3189/2635
f 4052/4088/3294 3105/3189/2635 3106/3190/2636
f 3092/3176/2623 3095/3179/2626 4053/4089/3292
f 3092/3176/2623 4053/4089/3292 3104/3188/2634
f 3107/3191/2637 3087/3171/2618 3086/3170/2617
f 3107/3191/2637 3086/3170/2617 4046/4082/3289
f 4054/4090/572 4034/4070/2616 4032/4068/3281
f 4054/4090/572 4032/4068/3281 4055/4091/1595
f 4032/4068/3281 3078/3162/568 3074/3158/2610
f 4032/4068/3281 3074/3158/2610 4055/4091/1595
f 3081/3165/2612 4056/4092/3295 4031/4067/3280
f 3081/3165/2612 4031/4067/3280 3084/3168/2615
f 4031/4067/3280 4056/4092/3295 3068/3152/558
f 4031/4067/3280 3068/3152/558 3072/3156/2608
f 4054/4090/572 4055/4091/1595 4043/4079/1564
f 4054/4090/572 4043/4079/1564 4045/4081/3288
f 4043/4079/1564 4055/4091/1595 3074/3158/2610
f 4043/4079/1564 3074/3158/2610 3077/3161/567
f 3080/3164/2611 4040/4076/2377 4056/4092/3295
f 3080/3164/2611 4056/4092/3295 3081/3165/2612
f 4040/4076/2377 3069/3153/559 3068/3152/558
f 4040/4076/2377 3068/3152/558 4056/4092/3295
f 3079/3163/569 4029/4065/3278 4057/4093/3296
f 3079/3163/569 4057/4093/3296 3075/3159/565
f 4057/4093/3296 4029/4065/3278 3066/3150/2605
f 4057/4093/3296 3066/3150/2605 3065/3149/555
f 3076/3160/566 3075/3159/565 4057/4093/3296
f 3076/3160/566 4057/4093/3296 4037/4073/3284
f 4057/4093/3296 3065/3149/555 3064/3148/554
f 4057/4093/3296 3064/3148/554 4037/4073/3284
f 3073/3157/2609 3071/3155/2607 4058/4094/3297
f 3073/3157/2609 4058/4094/3297 4028/4064/3277
f 4028/4064/3277 4058/4094/3297 3062/3146/1601
f 4028/4064/3277 3062/3146/1601 3067/3151/2606
f 3070/3154/560 4038/4074/2374 4058/4094/3297
f 3070/3154/560 4058/4094/3297 3071/3155/2607
f 4058/4094/3297 4038/4074/2374 3063/3147/2604
f 4058/4094/3297 3063/3147/2604 3062/3146/1601
f 4059/4095/3298 4060/4096/3299 4061/4097/3300
f 4059/4095/3298 4061/4097/3300 4062/4098/3301
f 4059/4095/3298 4062/4098/3301 4063/4099/3302
f 4059/4095/3298 4063/4099/3302 4064/4100/3303
f 4065/4101/3303 4066/4102/3304 4067/4103/3305
f 4065/4101/3303 4067/4103/3305 4068/4104/3306
f 4069/4105/2401 4068/4104/3306 4067/4103/3305
f 4069/4105/2401 4067/4103/3305 4070/4106/3307
f 4071/4107/3308 4069/4105/2401 4070/4106/3307
f 4071/4107/3308 4070/4106/3307 4072/4108/3309
f 4071/4107/3308 4072/4108/3309 4073/4109/3310
f 4071/4107/3308 4073/4109/3310 4074/4110/3311
f 4075/4111/3312 4076/4112/3313 4074/4110/3311
f 4075/4111/3312 4074/4110/3311 4073/4109/3310
f 4076/4112/3313 4075/4111/3312 4077/4113/3314
f 4076/4112/3313 4077/4113/3314 4078/4114/3315
f 4077/4113/3314 4079/4115/3316 4080/4116/3317
f 4077/4113/3314 4080/4116/3317 4078/4114/3315
f 4080/4116/3317 4079/4115/3316 4081/4117/2413
f 4080/4116/3317 4081/4117/2413 4082/4118/2412
f 4083/4119/3318 4082/4118/2412 4081/4117/2413
f 4083/4119/3318 4081/4117/2413 4084/4120/3319
f 4060/4096/3299 4083/4119/3318 4084/4120/3319
f 4060/4096/3299 4084/4120/3319 4061/4097/3300
f 3467/3503/2848 3471/3507/2852 4022/4058/3272
f 3467/3503/2848 4022/4058/3272 3468/3504/2849
f 4022/4058/3272 3471/3507/2852 4085/4121/2416
f 4022/4058/3272 4085/4121/2416 4086/4122/3320
f 3484/3520/2860 4087/4123/3321 4088/4124/3322
f 3484/3520/2860 4088/4124/3322 3477/3513/2856
f 4088/4124/3322 4087/4123/3321 4089/4125/3323
f 4088/4124/3322 4089/4125/3323 4090/4126/3324
f 4018/4054/3268 4027/4063/3269 4091/4127/3325
f 4018/4054/3268 4091/4127/3325 4092/4128/3326
f 4021/4057/3271 4024/4060/3274 4093/4129/3327
f 4021/4057/3271 4093/4129/3327 4094/4130/3328
f 4095/4131/3329 4094/4130/3328 4093/4129/3327
f 4095/4131/3329 4093/4129/3327 4096/4132/3330
f 4023/4059/3273 4097/4133/3331 4093/4129/3327
f 4023/4059/3273 4093/4129/3327 4024/4060/3274
f 4022/4058/3272 4086/4122/3320 4097/4133/3331
f 4022/4058/3272 4097/4133/3331 4023/4059/3273
f 4021/4057/3271 4094/4130/3328 4098/4134/3332
f 4021/4057/3271 4098/4134/3332 4020/4056/3270
f 4099/4135/3333 4098/4134/3332 4100/4136/3334
f 4099/4135/3333 4100/4136/3334 4101/4137/3335
f 4019/4055/3269 4020/4056/3270 4098/4134/3332
f 4019/4055/3269 4098/4134/3332 4102/4138/3325
f 4103/4139/3336 4104/4140/3337 4105/4141/3338
f 4103/4139/3336 4105/4141/3338 4106/4142/3339
f 4018/4054/3268 4092/4128/3326 4107/4143/3340
f 4018/4054/3268 4107/4143/3340 3483/3519/2859
f 3484/3520/2860 3483/3519/2859 4108/4144/3341
f 3484/3520/2860 4108/4144/3341 4087/4123/3321
f 3470/3506/2851 3477/3513/2856 4088/4124/3322
f 3470/3506/2851 4088/4124/3322 4109/4145/3342
f 4085/4121/2416 4109/4145/3342 4110/4146/3343
f 4085/4121/2416 4110/4146/3343 4111/4147/3344
f 3471/3507/2852 3470/3506/2851 4109/4145/3342
f 3471/3507/2852 4109/4145/3342 4085/4121/2416
f 4097/4133/3331 4112/4148/3345 4096/4132/3330
f 4097/4133/3331 4096/4132/3330 4093/4129/3327
f 3090/3174/2621 3108/3192/2638 4049/4085/3291
f 3090/3174/2621 4049/4085/3291 3091/3175/2622
f 3091/3175/2622 4049/4085/3291 4113/4149/3346
f 3091/3175/2622 4113/4149/3346 4114/4150/3347
f 4115/4151/3348 4116/4152/2446 4117/4153/3349
f 4115/4151/3348 4117/4153/3349 4118/4154/2448
f 4046/4082/3289 3086/3170/2617 4115/4151/3348
f 4046/4082/3289 4115/4151/3348 4118/4154/2448
f 3095/3179/2626 4119/4155/3350 4120/4156/3351
f 3095/3179/2626 4120/4156/3351 4053/4089/3292
f 4121/4157/3352 4122/4158/3353 4123/4159/3354
f 4121/4157/3352 4123/4159/3354 4124/4160/3355
f 4052/4088/3294 4122/4158/3353 4121/4157/3352
f 4052/4088/3294 4121/4157/3352 4047/4083/3290
f 4051/4087/3293 4125/4161/3356 4122/4158/3353
f 4051/4087/3293 4122/4158/3353 4052/4088/3294
f 4051/4087/3293 4050/4086/3292 4126/4162/3357
f 4051/4087/3293 4126/4162/3357 4125/4161/3356
f 4125/4161/3356 4126/4162/3357 4127/4163/3358
f 4125/4161/3356 4127/4163/3358 4128/4164/3359
f 4049/4085/3291 4048/4084/2383 4129/4165/3360
f 4049/4085/3291 4129/4165/3360 4113/4149/3346
f 4047/4083/3290 4121/4157/3352 4129/4165/3360
f 4047/4083/3290 4129/4165/3360 4048/4084/2383
f 3094/3178/2625 4046/4082/3289 4118/4154/2448
f 3094/3178/2625 4118/4154/2448 4130/4166/3361
f 4130/4166/3361 4131/4167/3362 4132/4168/3363
f 4130/4166/3361 4132/4168/3363 4119/4155/3350
f 3095/3179/2626 3094/3178/2625 4130/4166/3361
f 3095/3179/2626 4130/4166/3361 4119/4155/3350
f 3091/3175/2622 4114/4150/3347 4133/4169/3364
f 3091/3175/2622 4133/4169/3364 3089/3173/2620
f 3086/3170/2617 3089/3173/2620 4133/4169/3364
f 3086/3170/2617 4133/4169/3364 4115/4151/3348
f 4133/4169/3364 4134/4170/3365 4116/4152/2446
f 4133/4169/3364 4116/4152/2446 4115/4151/3348
f 4129/4165/3360 4121/4157/3352 4124/4160/3355
f 4129/4165/3360 4124/4160/3355 4135/4171/3366
f 4114/4150/3347 4136/4172/3367 4134/4170/3365
f 4114/4150/3347 4134/4170/3365 4133/4169/3364
f 4118/4154/2448 4117/4153/3349 4131/4167/3362
f 4118/4154/2448 4131/4167/3362 4130/4166/3361
f 4136/4172/3367 4137/4173/3368 4138/4174/3362
f 4136/4172/3367 4138/4174/3362 4134/4170/3365
f 4134/4170/3365 4138/4174/3362 4139/4175/3349
f 4134/4170/3365 4139/4175/3349 4116/4152/2446
f 4140/4176/3369 4137/4173/3368 4136/4172/3367
f 4140/4176/3369 4136/4172/3367 4141/4177/3370
f 4114/4150/3347 4113/4149/3346 4141/4177/3370
f 4114/4150/3347 4141/4177/3370 4136/4172/3367
f 4120/4156/3351 4119/4155/3350 4132/4168/3363
f 4120/4156/3351 4132/4168/3363 4142/4178/3369
f 4113/4149/3346 4129/4165/3360 4135/4171/3366
f 4113/4149/3346 4135/4171/3366 4141/4177/3370
f 4122/4158/3353 4125/4161/3356 4128/4164/3359
f 4122/4158/3353 4128/4164/3359 4123/4159/3354
f 4140/4176/3369 4141/4177/3370 4135/4171/3366
f 4140/4176/3369 4135/4171/3366 4143/4179/3371
f 4135/4171/3366 4124/4160/3355 4144/4180/3372
f 4135/4171/3366 4144/4180/3372 4143/4179/3371
f 4106/4142/3339 4105/4141/3338 4089/4125/3323
f 4106/4142/3339 4089/4125/3323 4087/4123/3321
f 4109/4145/3342 4088/4124/3322 4090/4126/3324
f 4109/4145/3342 4090/4126/3324 4110/4146/3343
f 4145/4181/3338 4110/4146/3343 4090/4126/3324
f 4145/4181/3338 4090/4126/3324 4146/4182/3373
f 4147/4183/3374 4111/4147/3344 4110/4146/3343
f 4147/4183/3374 4110/4146/3343 4145/4181/3338
f 4086/4122/3320 4085/4121/2416 4111/4147/3344
f 4086/4122/3320 4111/4147/3344 4148/4184/2467
f 4103/4139/3336 4149/4185/3333 4150/4186/3335
f 4103/4139/3336 4150/4186/3335 4104/4140/3337
f 4151/4187/3375 4148/4184/2467 4111/4147/3344
f 4151/4187/3375 4111/4147/3344 4147/4183/3374
f 4086/4122/3320 4148/4184/2467 4112/4148/3345
f 4086/4122/3320 4112/4148/3345 4097/4133/3331
f 4098/4134/3332 4094/4130/3328 4095/4131/3329
f 4098/4134/3332 4095/4131/3329 4100/4136/3334
f 4148/4184/2467 4151/4187/3375 4152/4188/3376
f 4148/4184/2467 4152/4188/3376 4112/4148/3345
f 4112/4148/3345 4152/4188/3376 4153/4189/3377
f 4112/4148/3345 4153/4189/3377 4096/4132/3330
f 4154/4190/3378 4155/4191/3379 4156/4192/3380
f 4154/4190/3378 4156/4192/3380 4157/4193/3381
f 4158/4194/3382 4159/4195/3383 4160/4196/3384
f 4158/4194/3382 4160/4196/3384 4161/4197/3385
f 4162/4198/3386 4163/4199/3387 4164/4200/3388
f 4162/4198/3386 4164/4200/3388 4165/4201/3389
f 4166/4202/3390 4167/4203/3391 4168/4204/3392
f 4166/4202/3390 4168/4204/3392 4169/4205/3393
f 4170/4206/3394 4171/4207/3395 4172/4208/3396
f 4170/4206/3394 4172/4208/3396 4173/4209/2490
f 4174/4210/3397 4175/4211/3398 4172/4208/3396
f 4174/4210/3397 4172/4208/3396 4171/4207/3395
f 4176/4212/3399 4177/4213/3400 4178/4214/3401
f 4176/4212/3399 4178/4214/3401 4179/4215/3402
f 4176/4212/3399 4179/4215/3402 4180/4216/3403
f 4176/4212/3399 4180/4216/3403 4181/4217/3404
f 4182/4218/3405 4183/4219/3406 4184/4220/3407
f 4182/4218/3405 4184/4220/3407 4185/4221/2502
f 4186/4222/3408 4185/4221/2502 4184/4220/3407
f 4186/4222/3408 4184/4220/3407 4187/4223/3409
f 4188/4224/3410 4189/4225/3411 4190/4226/3412
f 4188/4224/3410 4190/4226/3412 4191/4227/3413
f 4189/4225/3411 4188/4224/3410 4192/4228/3414
f 4189/4225/3411 4192/4228/3414 4193/4229/3415
f 4155/4191/3379 4191/4227/3413 4190/4226/3412
f 4155/4191/3379 4190/4226/3412 4156/4192/3380
f 4159/4195/3383 4183/4219/3406 4182/4218/3405
f 4159/4195/3383 4182/4218/3405 4160/4196/3384
f 4177/4213/3400 4164/4200/3388 4163/4199/3387
f 4177/4213/3400 4163/4199/3387 4178/4214/3401
f 4169/4205/3393 4168/4204/3392 4170/4206/3394
f 4169/4205/3393 4170/4206/3394 4173/4209/2490
f 3016/3100/2563 4194/4230/3416 4195/4231/3417
f 3016/3100/2563 4195/4231/3417 3017/3101/2564
f 3012/3096/2515 3011/3095/2559 4196/4232/3418
f 3012/3096/2515 4196/4232/3418 4197/4233/2518
f 4198/4234/3419 3024/3108/2570 3023/3107/2569
f 4198/4234/3419 3023/3107/2569 4199/4235/3420
f 4200/4236/2523 4201/4237/3421 3021/3105/2567
f 4200/4236/2523 3021/3105/2567 3020/3104/2526
f 4195/4231/3417 4194/4230/3416 4186/4222/3408
f 4195/4231/3417 4186/4222/3408 4187/4223/3409
f 4197/4233/2518 4196/4232/3418 4193/4229/3415
f 4197/4233/2518 4193/4229/3415 4192/4228/3414
f 4199/4235/3420 4175/4211/3398 4174/4210/3397
f 4199/4235/3420 4174/4210/3397 4198/4234/3419
f 4181/4217/3404 4180/4216/3403 4201/4237/3421
f 4181/4217/3404 4201/4237/3421 4200/4236/2523
f 4202/4238/3422 4181/4217/3404 4200/4236/2523
f 4202/4238/3422 4200/4236/2523 4203/4239/3423
f 4204/4240/3409 4202/4238/3422 4203/4239/3423
f 4204/4240/3409 4203/4239/3423 4205/4241/3424
f 4180/4216/3403 4206/4242/3425 4207/4243/3426
f 4180/4216/3403 4207/4243/3426 4201/4237/3421
f 4207/4243/3426 4206/4242/3425 4175/4211/3398
f 4207/4243/3426 4175/4211/3398 4199/4235/3420
f 4208/4244/3427 4209/4245/3428 4198/4234/3419
f 4208/4244/3427 4198/4234/3419 4174/4210/3397
f 4196/4232/3418 4209/4245/3428 4208/4244/3427
f 4196/4232/3418 4208/4244/3427 4193/4229/3415
f 4210/4246/3429 4197/4233/2518 4192/4228/3414
f 4210/4246/3429 4192/4228/3414 4211/4247/3430
f 4194/4230/3416 4210/4246/3429 4211/4247/3430
f 4194/4230/3416 4211/4247/3430 4186/4222/3408
f 4203/4239/3423 4200/4236/2523 3020/3104/2526
f 4203/4239/3423 3020/3104/2526 3031/3115/2577
f 4205/4241/3424 4203/4239/3423 3031/3115/2577
f 4205/4241/3424 3031/3115/2577 3033/3117/2578
f 4201/4237/3421 4207/4243/3426 3027/3111/2573
f 4201/4237/3421 3027/3111/2573 3021/3105/2567
f 3027/3111/2573 4207/4243/3426 4199/4235/3420
f 3027/3111/2573 4199/4235/3420 3023/3107/2569
f 4209/4245/3428 3028/3112/2574 3024/3108/2570
f 4209/4245/3428 3024/3108/2570 4198/4234/3419
f 4196/4232/3418 3011/3095/2559 3028/3112/2574
f 4196/4232/3418 3028/3112/2574 4209/4245/3428
f 4210/4246/3429 3035/3119/2580 3012/3096/2515
f 4210/4246/3429 3012/3096/2515 4197/4233/2518
f 3016/3100/2563 3035/3119/2580 4210/4246/3429
f 3016/3100/2563 4210/4246/3429 4194/4230/3416
f 4212/4248/3431 4169/4205/3393 4173/4209/2490
f 4212/4248/3431 4173/4209/2490 4213/4249/3432
f 4178/4214/3401 4163/4199/3387 4212/4248/3431
f 4178/4214/3401 4212/4248/3431 4213/4249/3432
f 4214/4250/2543 4215/4251/2544 4170/4206/3394
f 4214/4250/2543 4170/4206/3394 4168/4204/3392
f 4156/4192/3380 4190/4226/3412 4215/4251/2544
f 4156/4192/3380 4215/4251/2544 4214/4250/2543
f 4216/4252/3433 4217/4253/3434 4164/4200/3388
f 4216/4252/3433 4164/4200/3388 4177/4213/3400
f 4218/4254/3435 4219/4255/3383 4217/4253/3434
f 4218/4254/3435 4217/4253/3434 4216/4252/3433
f 4160/4196/3384 4182/4218/3405 4220/4256/3436
f 4160/4196/3384 4220/4256/3436 4221/4257/3437
f 4220/4256/3436 4191/4227/3413 4155/4191/3379
f 4220/4256/3436 4155/4191/3379 4221/4257/3437
f 4188/4224/3410 4222/4258/3438 4211/4247/3430
f 4188/4224/3410 4211/4247/3430 4192/4228/3414
f 4211/4247/3430 4222/4258/3438 4185/4221/2502
f 4211/4247/3430 4185/4221/2502 4186/4222/3408
f 4208/4244/3427 4223/4259/3439 4189/4225/3411
f 4208/4244/3427 4189/4225/3411 4193/4229/3415
f 4208/4244/3427 4174/4210/3397 4171/4207/3395
f 4208/4244/3427 4171/4207/3395 4223/4259/3439
f 4220/4256/3436 4222/4258/3438 4188/4224/3410
f 4220/4256/3436 4188/4224/3410 4191/4227/3413
f 4182/4218/3405 4185/4221/2502 4222/4258/3438
f 4182/4218/3405 4222/4258/3438 4220/4256/3436
f 4190/4226/3412 4189/4225/3411 4223/4259/3439
f 4190/4226/3412 4223/4259/3439 4215/4251/2544
f 4223/4259/3439 4171/4207/3395 4170/4206/3394
f 4223/4259/3439 4170/4206/3394 4215/4251/2544
f 4204/4240/3409 4224/4260/3440 4225/4261/3441
f 4204/4240/3409 4225/4261/3441 4202/4238/3422
f 4202/4238/3422 4225/4261/3441 4176/4212/3399
f 4202/4238/3422 4176/4212/3399 4181/4217/3404
f 4224/4260/3440 4218/4254/3435 4216/4252/3433
f 4224/4260/3440 4216/4252/3433 4225/4261/3441
f 4216/4252/3433 4177/4213/3400 4176/4212/3399
f 4216/4252/3433 4176/4212/3399 4225/4261/3441
f 4226/4262/3442 4206/4242/3425 4180/4216/3403
f 4226/4262/3442 4180/4216/3403 4179/4215/3402
f 4175/4211/3398 4206/4242/3425 4226/4262/3442
f 4175/4211/3398 4226/4262/3442 4172/4208/3396
f 4178/4214/3401 4213/4249/3432 4226/4262/3442
f 4178/4214/3401 4226/4262/3442 4179/4215/3402
f 4213/4249/3432 4173/4209/2490 4172/4208/3396
f 4213/4249/3432 4172/4208/3396 4226/4262/3442
f 4214/4250/2543 4168/4204/3392 4167/4203/3391
f 4214/4250/2543 4167/4203/3391 4227/4263/3443
f 4156/4192/3380 4214/4250/2543 4227/4263/3443
f 4156/4192/3380 4227/4263/3443 4157/4193/3381
f 4228/4264/3444 4166/4202/3390 4169/4205/3393
f 4228/4264/3444 4169/4205/3393 4212/4248/3431
f 4162/4198/3386 4228/4264/3444 4212/4248/3431
f 4162/4198/3386 4212/4248/3431 4163/4199/3387
f 4165/4201/3389 4164/4200/3388 4217/4253/3434
f 4165/4201/3389 4217/4253/3434 4229/4265/3445
f 4217/4253/3434 4219/4255/3383 4230/4266/3446
f 4217/4253/3434 4230/4266/3446 4229/4265/3445
f 4161/4197/3385 4160/4196/3384 4221/4257/3437
f 4161/4197/3385 4221/4257/3437 4231/4267/3447
f 4221/4257/3437 4155/4191/3379 4154/4190/3378
f 4221/4257/3437 4154/4190/3378 4231/4267/3447
f 4232/4268/3448 2964/3048/2516 2963/3047/2515
f 4232/4268/3448 2963/3047/2515 4233/4269/3449
f 4234/4270/3450 4235/4271/3451 2959/3043/2511
f 4234/4270/3450 2959/3043/2511 2962/3046/2514
f 4236/4272/3452 4237/4273/2566 2974/3058/2526
f 4236/4272/3452 2974/3058/2526 2973/3057/2525
f 4238/4274/3453 2969/3053/2521 2968/3052/2520
f 4238/4274/3453 2968/3052/2520 4239/4275/3454
f 2987/3071/2538 2969/3053/2521 4238/4274/3453
f 2987/3071/2538 4238/4274/3453 4240/4276/3455
f 2973/3057/2525 2987/3071/2538 4240/4276/3455
f 2973/3057/2525 4240/4276/3455 4236/4272/3452
f 4239/4275/3454 2968/3052/2520 2988/3072/2539
f 4239/4275/3454 2988/3072/2539 4241/4277/2575
f 4241/4277/2575 2988/3072/2539 2964/3048/2516
f 4241/4277/2575 2964/3048/2516 4232/4268/3448
f 4237/4273/2566 4242/4278/3456 2985/3069/2536
f 4237/4273/2566 2985/3069/2536 2974/3058/2526
f 4242/4278/3456 4243/4279/3457 2986/3070/2537
f 4242/4278/3456 2986/3070/2537 2985/3069/2536
f 2959/3043/2511 4235/4271/3451 4244/4280/3458
f 2959/3043/2511 4244/4280/3458 2989/3073/2540
f 2989/3073/2540 4244/4280/3458 4233/4269/3449
f 2989/3073/2540 4233/4269/3449 2963/3047/2515
f 4036/4072/3283 3103/3187/2633 4166/4202/3390
f 4036/4072/3283 4166/4202/3390 4228/4264/3444
f 4162/4198/3386 3099/3183/1632 4036/4072/3283
f 4162/4198/3386 4036/4072/3283 4228/4264/3444
f 4162/4198/3386 4165/4201/3389 3098/3182/2629
f 4162/4198/3386 3098/3182/2629 3099/3183/1632
f 4165/4201/3389 4229/4265/3445 4042/4078/3287
f 4165/4201/3389 4042/4078/3287 3098/3182/2629
f 4042/4078/3287 4229/4265/3445 4230/4266/3446
f 4042/4078/3287 4230/4266/3446 4044/4080/2627
f 3096/3180/2627 4158/4194/3382 4161/4197/3385
f 3096/3180/2627 4161/4197/3385 3097/3181/2628
f 4041/4077/3286 3097/3181/2628 4161/4197/3385
f 4041/4077/3286 4161/4197/3385 4231/4267/3447
f 4231/4267/3447 4154/4190/3378 3101/3185/2631
f 4231/4267/3447 3101/3185/2631 4041/4077/3286
f 4154/4190/3378 4157/4193/3381 3100/3184/2630
f 4154/4190/3378 3100/3184/2630 3101/3185/2631
f 4227/4263/3443 4039/4075/3285 3100/3184/2630
f 4227/4263/3443 3100/3184/2630 4157/4193/3381
f 4039/4075/3285 4227/4263/3443 4167/4203/3391
f 4039/4075/3285 4167/4203/3391 3102/3186/2632
f 3103/3187/2633 3102/3186/2632 4167/4203/3391
f 3103/3187/2633 4167/4203/3391 4166/4202/3390
f 4245/4281/2581 4246/4282/3459 2329/2413/1973
f 4245/4281/2581 2329/2413/1973 2332/2416/1976
f 4247/4283/3460 2326/2410/1970 2325/2409/1969
f 4247/4283/3460 2325/2409/1969 4248/4284/3461
f 4249/4285/3462 2339/2423/1983 2338/2422/1982
f 4249/4285/3462 2338/2422/1982 4250/4286/2591
f 4251/4287/3463 4252/4288/3464 2336/2420/1980
f 4251/4287/3463 2336/2420/1980 2335/2419/1979
f 2727/2811/2304 4253/4289/3465 4251/4287/3463
f 2727/2811/2304 4251/4287/3463 2335/2419/1979
f 2339/2423/1983 4249/4285/3462 4253/4289/3465
f 2339/2423/1983 4253/4289/3465 2727/2811/2304
f 4252/4288/3464 4254/4290/3466 2728/2812/2305
f 4252/4288/3464 2728/2812/2305 2336/2420/1980
f 4254/4290/3466 4245/4281/2581 2332/2416/1976
f 4254/4290/3466 2332/2416/1976 2728/2812/2305
f 4250/4286/2591 2338/2422/1982 2725/2809/2303
f 4250/4286/2591 2725/2809/2303 4255/4291/3467
f 4255/4291/3467 2725/2809/2303 2726/2810/1970
f 4255/4291/3467 2726/2810/1970 4256/4292/3468
f 2325/2409/1969 2729/2813/2306 4257/4293/3469
f 2325/2409/1969 4257/4293/3469 4248/4284/3461
f 2729/2813/2306 2329/2413/1973 4246/4282/3459
f 2729/2813/2306 4246/4282/3459 4257/4293/3469
f 4258/4294/3470 4259/4295/3471 4260/4296/3472
f 4258/4294/3470 4260/4296/3472 4261/4297/3473
f 4262/4298/3474 4263/4299/3475 4258/4294/3470
f 4262/4298/3474 4258/4294/3470 4261/4297/3473
f 4264/4300/3476 4265/4301/3477 4266/4302/3478
f 4264/4300/3476 4266/4302/3478 4267/4303/3479
f 4268/4304/3480 4266/4302/3478 4265/4301/3477
f 4268/4304/3480 4265/4301/3477 4269/4305/3481
f 4270/4306/3482 4271/4307/3483 4272/4308/3484
f 4270/4306/3482 4272/4308/3484 4273/4309/3480
f 4274/4310/3485 4272/4308/3484 4271/4307/3483
f 4274/4310/3485 4271/4307/3483 4275/4311/3486
f 4276/4312/3487 4277/4313/3488 4278/4314/3489
f 4276/4312/3487 4278/4314/3489 4279/4315/3490
f 4280/4316/3491 4281/4317/3492 4279/4315/3490
f 4280/4316/3491 4279/4315/3490 4278/4314/3489
f 4282/4318/3493 4283/4319/3494 4284/4320/3488
f 4282/4318/3493 4284/4320/3488 4285/4321/3495
f 4283/4319/3494 4282/4318/3493 4286/4322/3496
f 4283/4319/3494 4286/4322/3496 4287/4323/3497
f 4288/4324/3475 4289/4325/3498 4290/4326/3499
f 4288/4324/3475 4290/4326/3499 4291/4327/3500
f 4291/4327/3500 4290/4326/3499 4292/4328/3501
f 4291/4327/3500 4292/4328/3501 4293/4329/3471
f 4294/4330/3502 4295/4331/3503 4296/4332/3504
f 4294/4330/3502 4296/4332/3504 4297/4333/3505
f 4297/4333/3505 4298/4334/3506 4299/4335/3507
f 4297/4333/3505 4299/4335/3507 4294/4330/3502
f 4300/4336/3505 4301/4337/3508 4302/4338/3507
f 4300/4336/3505 4302/4338/3507 4303/4339/3509
f 4301/4337/3508 4300/4336/3505 4304/4340/3510
f 4301/4337/3508 4304/4340/3510 4305/4341/3503
f 4306/4342/3511 4307/4343/3512 4308/4344/3513
f 4306/4342/3511 4308/4344/3513 4309/4345/3514
f 4310/4346/3515 4311/4347/3516 4309/4345/3514
f 4310/4346/3515 4309/4345/3514 4308/4344/3513
f 4312/4348/3517 4313/4349/3518 4314/4350/3519
f 4312/4348/3517 4314/4350/3519 4315/4351/3520
f 4313/4349/3518 4312/4348/3517 4316/4352/3521
f 4313/4349/3518 4316/4352/3521 4317/4353/3522
f 4318/4354/3523 4319/4355/3524 4320/4356/3525
f 4318/4354/3523 4320/4356/3525 4321/4357/3526
f 4322/4358/3527 4320/4356/3525 4319/4355/3524
f 4322/4358/3527 4319/4355/3524 4323/4359/3528
f 4324/4360/3529 4325/4361/3530 4326/4362/3531
f 4324/4360/3529 4326/4362/3531 4327/4363/3532
f 4328/4364/3533 4324/4360/3529 4327/4363/3532
f 4328/4364/3533 4327/4363/3532 4329/4365/3534
f 4330/4366/3535 4331/4367/3536 4332/4368/3537
f 4330/4366/3535 4332/4368/3537 4333/4369/3538
f 4332/4368/3537 4334/4370/3539 4335/4371/3540
f 4332/4368/3537 4335/4371/3540 4333/4369/3538
f 4336/4372/3541 4337/4373/3542 4338/4374/3543
f 4336/4372/3541 4338/4374/3543 4339/4375/3544
f 4339/4375/3544 4340/4376/3545 4341/4377/3546
f 4339/4375/3544 4341/4377/3546 4336/4372/3541
f 4342/4378/3547 4343/4379/3548 4344/4380/3549
f 4342/4378/3547 4344/4380/3549 4345/4381/3517
f 4346/4382/3550 4342/4378/3547 4345/4381/3517
f 4346/4382/3550 4345/4381/3517 4347/4383/3551
f 4348/4384/3552 4349/4385/3514 4350/4386/3553
f 4348/4384/3552 4350/4386/3553 4351/4387/3515
f 4352/4388/3554 4349/4385/3514 4348/4384/3552
f 4352/4388/3554 4348/4384/3552 4353/4389/3555
f 4354/4390/3556 4355/4391/3557 4356/4392/3558
f 4354/4390/3556 4356/4392/3558 4357/4393/3559
f 4358/4394/3560 4354/4390/3556 4357/4393/3559
f 4358/4394/3560 4357/4393/3559 4359/4395/3561
f 4360/4396/3562 4361/4397/3563 4362/4398/3564
f 4360/4396/3562 4362/4398/3564 4363/4399/3565
f 4361/4397/3563 4364/4400/3566 4365/4401/3567
f 4361/4397/3563 4365/4401/3567 4362/4398/3564
f 4366/4402/3568 4367/4403/3569 4368/4404/3570
f 4366/4402/3568 4368/4404/3570 4369/4405/3571
f 4369/4405/3571 4370/4406/3572 4371/4407/3573
f 4369/4405/3571 4371/4407/3573 4366/4402/3568
f 4372/4408/3574 4373/4409/3575 4374/4410/3576
f 4372/4408/3574 4374/4410/3576 4375/4411/3577
f 4376/4412/3578 4373/4409/3575 4372/4408/3574
f 4376/4412/3578 4372/4408/3574 4377/4413/3579
f 4378/4414/3580 4379/4415/3581 4380/4416/3582
f 4378/4414/3580 4380/4416/3582 4381/4417/3583
f 4382/4418/3584 4383/4419/3585 4379/4415/3581
f 4382/4418/3584 4379/4415/3581 4378/4414/3580
f 4384/4420/3586 4385/4421/3587 4386/4422/3588
f 4384/4420/3586 4386/4422/3588 4387/4423/3589
f 4387/4423/3589 4386/4422/3588 4388/4424/3590
f 4387/4423/3589 4388/4424/3590 4389/4425/3591
f 4390/4426/3592 4391/4427/3593 4392/4428/3594
f 4390/4426/3592 4392/4428/3594 4393/4429/3595
f 4394/4430/3596 4391/4427/3593 4390/4426/3592
f 4394/4430/3596 4390/4426/3592 4395/4431/3597
f 4396/4432/3598 4397/4433/3599 4398/4434/3600
f 4396/4432/3598 4398/4434/3600 4399/4435/3601
f 4400/4436/3602 4401/4437/3603 4396/4432/3598
f 4400/4436/3602 4396/4432/3598 4399/4435/3601
f 4402/4438/3604 4403/4439/3605 4404/4440/3606
f 4402/4438/3604 4404/4440/3606 4405/4441/3607
f 4406/4442/3608 4405/4441/3607 4404/4440/3606
f 4406/4442/3608 4404/4440/3606 4407/4443/3609
f 4408/4444/3610 4409/4445/3611 4410/4446/3612
f 4408/4444/3610 4410/4446/3612 4411/4447/3613
f 4412/4448/3614 4410/4446/3612 4409/4445/3611
f 4412/4448/3614 4409/4445/3611 4413/4449/3615
f 4414/4450/3616 4415/4451/3617 4416/4452/3618
f 4414/4450/3616 4416/4452/3618 4417/4453/3619
f 4418/4454/3620 4417/4453/3619 4416/4452/3618
f 4418/4454/3620 4416/4452/3618 4419/4455/3621
f 4420/4456/3622 4421/4457/3623 4422/4458/3624
f 4420/4456/3622 4422/4458/3624 4423/4459/3625
f 4421/4457/3623 4420/4456/3622 4424/4460/3626
f 4421/4457/3623 4424/4460/3626 4425/4461/3627
f 4426/4462/3628 4427/4463/3629 4428/4464/3630
f 4426/4462/3628 4428/4464/3630 4429/4465/3631
f 4430/4466/3632 4428/4464/3630 4427/4463/3629
f 4430/4466/3632 4427/4463/3629 4431/4467/3633
f 4432/4468/3634 4433/4469/3635 4434/4470/3636
f 4432/4468/3634 4434/4470/3636 4435/4471/3637
f 4435/4471/3637 4436/4472/3638 4437/4473/3639
f 4435/4471/3637 4437/4473/3639 4432/4468/3634
f 4438/4474/3640 4439/4475/3641 4440/4476/3642
f 4438/4474/3640 4440/4476/3642 4441/4477/3643
f 4442/4478/3644 4443/4479/3645 4441/4477/3643
f 4442/4478/3644 4441/4477/3643 4440/4476/3642
f 4444/4480/3646 4445/4481/3647 4446/4482/3648
f 4444/4480/3646 4446/4482/3648 4447/4483/3649
f 4448/4484/3625 4449/4485/3624 4444/4480/3646
f 4448/4484/3625 4444/4480/3646 4447/4483/3649
f 4401/4437/3603 4400/4436/3602 4393/4429/3595
f 4401/4437/3603 4393/4429/3595 4392/4428/3594
f 4407/4443/3609 4351/4387/3515 4350/4386/3553
f 4407/4443/3609 4350/4386/3553 4406/4442/3608
f 4385/4421/3587 4384/4420/3586 4381/4417/3583
f 4385/4421/3587 4381/4417/3583 4380/4416/3582
f 4344/4380/3549 4343/4379/3548 4412/4448/3614
f 4344/4380/3549 4412/4448/3614 4413/4449/3615
f 4377/4413/3579 4368/4404/3570 4367/4403/3569
f 4377/4413/3579 4367/4403/3569 4376/4412/3578
f 4337/4373/3542 4418/4454/3620 4419/4455/3621
f 4337/4373/3542 4419/4455/3621 4338/4374/3543
f 4363/4399/3565 4356/4392/3558 4355/4391/3557
f 4363/4399/3565 4355/4391/3557 4360/4396/3562
f 4331/4367/3536 4330/4366/3535 4425/4461/3627
f 4331/4367/3536 4425/4461/3627 4424/4460/3626
f 4448/4484/3625 4423/4459/3625 4422/4458/3624
f 4448/4484/3625 4422/4458/3624 4449/4485/3624
f 4415/4451/3617 4414/4450/3616 4443/4479/3645
f 4415/4451/3617 4443/4479/3645 4442/4478/3644
f 4436/4472/3638 4408/4444/3610 4411/4447/3613
f 4436/4472/3638 4411/4447/3613 4437/4473/3639
f 4430/4466/3632 4431/4467/3633 4403/4439/3605
f 4430/4466/3632 4403/4439/3605 4402/4438/3604
f 4370/4406/3572 4450/4486/3650 4451/4487/3651
f 4370/4406/3572 4451/4487/3651 4371/4407/3573
f 4452/4488/3652 4358/4394/3560 4359/4395/3561
f 4452/4488/3652 4359/4395/3561 4453/4489/3653
f 4454/4490/3654 4394/4430/3596 4395/4431/3597
f 4454/4490/3654 4395/4431/3597 4455/4491/3655
f 4456/4492/3656 4457/4493/3657 4383/4419/3585
f 4456/4492/3656 4383/4419/3585 4382/4418/3584
f 4303/4339/3509 4302/4338/3507 4299/4335/3507
f 4303/4339/3509 4299/4335/3507 4298/4334/3506
f 4289/4325/3498 4288/4324/3475 4311/4347/3516
f 4289/4325/3498 4311/4347/3516 4310/4346/3515
f 4281/4317/3492 4280/4316/3491 4287/4323/3497
f 4281/4317/3492 4287/4323/3497 4286/4322/3496
f 4273/4309/3480 4317/4353/3522 4316/4352/3521
f 4273/4309/3480 4316/4352/3521 4270/4306/3482
f 4274/4310/3485 4275/4311/3486 4264/4300/3476
f 4274/4310/3485 4264/4300/3476 4267/4303/3479
f 4277/4313/3488 4276/4312/3487 4322/4358/3527
f 4277/4313/3488 4322/4358/3527 4323/4359/3528
f 4293/4329/3471 4292/4328/3501 4260/4296/3472
f 4293/4329/3471 4260/4296/3472 4259/4295/3471
f 4329/4365/3534 4296/4332/3504 4295/4331/3503
f 4329/4365/3534 4295/4331/3503 4328/4364/3533
f 4262/4298/3474 4458/4494/3658 4459/4495/3659
f 4262/4298/3474 4459/4495/3659 4263/4299/3475
f 4460/4496/3660 4268/4304/3480 4269/4305/3481
f 4460/4496/3660 4269/4305/3481 4461/4497/3661
f 4462/4498/3662 4305/4341/3503 4304/4340/3510
f 4462/4498/3662 4304/4340/3510 4463/4499/3663
f 4464/4500/3664 4465/4501/3665 4285/4321/3495
f 4464/4500/3664 4285/4321/3495 4284/4320/3488
f 4334/4370/3539 4326/4362/3531 4325/4361/3530
f 4334/4370/3539 4325/4361/3530 4335/4371/3540
f 4321/4357/3526 4341/4377/3546 4340/4376/3545
f 4321/4357/3526 4340/4376/3545 4318/4354/3523
f 4346/4382/3550 4347/4383/3551 4315/4351/3520
f 4346/4382/3550 4315/4351/3520 4314/4350/3519
f 4353/4389/3555 4307/4343/3512 4306/4342/3511
f 4353/4389/3555 4306/4342/3511 4352/4388/3554
f 4429/4465/3631 4375/4411/3577 4374/4410/3576
f 4429/4465/3631 4374/4410/3576 4426/4462/3628
f 4434/4470/3636 4433/4469/3635 4389/4425/3591
f 4434/4470/3636 4389/4425/3591 4388/4424/3590
f 4439/4475/3641 4438/4474/3640 4365/4401/3567
f 4439/4475/3641 4365/4401/3567 4364/4400/3566
f 4398/4434/3600 4397/4433/3599 4446/4482/3648
f 4398/4434/3600 4446/4482/3648 4445/4481/3647
f 4466/4502/3666 4467/4503/3667 4468/4504/3668
f 4466/4502/3666 4468/4504/3668 4469/4505/3669
f 4470/4506/3670 4471/4507/3671 4472/4508/3672
f 4470/4506/3670 4472/4508/3672 4473/4509/3673
f 4474/4510/3674 4472/4508/3672 4471/4507/3671
f 4474/4510/3674 4471/4507/3671 4475/4511/3675
f 4475/4511/3675 4460/4496/3660 4461/4497/3661
f 4475/4511/3675 4461/4497/3661 4474/4510/3674
f 4476/4512/3676 4477/4513/3677 4472/4508/3672
f 4476/4512/3676 4472/4508/3672 4478/4514/3678
f 4463/4499/3663 4476/4512/3676 4478/4514/3678
f 4463/4499/3663 4478/4514/3678 4462/4498/3662
f 4479/4515/3679 4480/4516/3680 4470/4506/3670
f 4479/4515/3679 4470/4506/3670 4473/4509/3673
f 4480/4516/3680 4479/4515/3679 4465/4501/3665
f 4480/4516/3680 4465/4501/3665 4464/4500/3664
f 4471/4507/3671 4470/4506/3670 4481/4517/3681
f 4471/4507/3671 4481/4517/3681 4482/4518/3682
f 4459/4495/3659 4458/4494/3658 4482/4518/3682
f 4459/4495/3659 4482/4518/3682 4481/4517/3681
f 4469/4505/3669 4483/4519/3683 4484/4520/3684
f 4469/4505/3669 4484/4520/3684 4466/4502/3666
f 4483/4519/3683 4451/4487/3651 4450/4486/3650
f 4483/4519/3683 4450/4486/3650 4484/4520/3684
f 4485/4521/3685 4467/4503/3667 4466/4502/3666
f 4485/4521/3685 4466/4502/3666 4486/4522/3686
f 4485/4521/3685 4486/4522/3686 4452/4488/3652
f 4485/4521/3685 4452/4488/3652 4453/4489/3653
f 4487/4523/3687 4488/4524/3688 4468/4504/3668
f 4487/4523/3687 4468/4504/3668 4489/4525/3689
f 4455/4491/3655 4488/4524/3688 4487/4523/3687
f 4455/4491/3655 4487/4523/3687 4454/4490/3654
f 4490/4526/3690 4491/4527/3691 4469/4505/3669
f 4490/4526/3690 4469/4505/3669 4468/4504/3668
f 4457/4493/3657 4456/4492/3656 4491/4527/3691
f 4457/4493/3657 4491/4527/3691 4490/4526/3690
f 4446/4482/3648 4397/4433/3599 4492/4528/3692
f 4446/4482/3648 4492/4528/3692 4493/4529/3693
f 4494/4530/3567 4495/4531/3694 4493/4529/3693
f 4494/4530/3567 4493/4529/3693 4492/4528/3692
f 4445/4481/3647 4496/4532/3695 4497/4533/3696
f 4445/4481/3647 4497/4533/3696 4398/4434/3600
f 4434/4470/3636 4388/4424/3590 4497/4533/3696
f 4434/4470/3636 4497/4533/3696 4496/4532/3695
f 4439/4475/3641 4364/4400/3566 4498/4534/3697
f 4439/4475/3641 4498/4534/3697 4499/4535/3698
f 4429/4465/3631 4499/4535/3698 4498/4534/3697
f 4429/4465/3631 4498/4534/3697 4375/4411/3577
f 4389/4425/3591 4433/4469/3635 4500/4536/3699
f 4389/4425/3591 4500/4536/3699 4501/4537/3700
f 4374/4410/3576 4501/4537/3700 4500/4536/3699
f 4374/4410/3576 4500/4536/3699 4426/4462/3628
f 4502/4538/3701 4352/4388/3554 4306/4342/3511
f 4502/4538/3701 4306/4342/3511 4503/4539/3701
f 4502/4538/3701 4503/4539/3701 4318/4354/3523
f 4502/4538/3701 4318/4354/3523 4340/4376/3545
f 4353/4389/3555 4504/4540/3702 4505/4541/3703
f 4353/4389/3555 4505/4541/3703 4307/4343/3512
f 4504/4540/3702 4346/4382/3550 4314/4350/3519
f 4504/4540/3702 4314/4350/3519 4505/4541/3703
f 4506/4542/3704 4315/4351/3520 4347/4383/3551
f 4506/4542/3704 4347/4383/3551 4507/4543/3704
f 4507/4543/3704 4335/4371/3540 4325/4361/3530
f 4507/4543/3704 4325/4361/3530 4506/4542/3704
f 4508/4544/3705 4509/4545/3526 4510/4546/3706
f 4508/4544/3705 4510/4546/3706 4511/4547/3707
f 4326/4362/3531 4334/4370/3539 4511/4547/3707
f 4326/4362/3531 4511/4547/3707 4510/4546/3706
f 4464/4500/3664 4284/4320/3488 4512/4548/3708
f 4464/4500/3664 4512/4548/3708 4513/4549/3709
f 4459/4495/3659 4513/4549/3709 4512/4548/3708
f 4459/4495/3659 4512/4548/3708 4263/4299/3475
f 4514/4550/3710 4515/4551/3711 4516/4552/3495
f 4514/4550/3710 4516/4552/3495 4517/4553/3665
f 4515/4551/3711 4514/4550/3710 4463/4499/3663
f 4515/4551/3711 4463/4499/3663 4304/4340/3510
f 4518/4554/3712 4519/4555/3713 4305/4341/3503
f 4518/4554/3712 4305/4341/3503 4462/4498/3662
f 4519/4555/3713 4518/4554/3712 4461/4497/3661
f 4519/4555/3713 4461/4497/3661 4269/4305/3481
f 4520/4556/3714 4521/4557/3715 4268/4304/3480
f 4520/4556/3714 4268/4304/3480 4460/4496/3660
f 4520/4556/3714 4458/4494/3658 4262/4298/3474
f 4520/4556/3714 4262/4298/3474 4521/4557/3715
f 4329/4365/3534 4522/4558/3716 4523/4559/3717
f 4329/4365/3534 4523/4559/3717 4296/4332/3504
f 4523/4559/3717 4522/4558/3716 4524/4560/3527
f 4523/4559/3717 4524/4560/3527 4525/4561/3487
f 4526/4562/3718 4328/4364/3533 4295/4331/3503
f 4526/4562/3718 4295/4331/3503 4527/4563/3719
f 4526/4562/3718 4527/4563/3719 4270/4306/3482
f 4526/4562/3718 4270/4306/3482 4316/4352/3521
f 4259/4295/3471 4528/4564/3720 4529/4565/3721
f 4259/4295/3471 4529/4565/3721 4293/4329/3471
f 4528/4564/3720 4287/4323/3497 4280/4316/3491
f 4528/4564/3720 4280/4316/3491 4529/4565/3721
f 4530/4566/3722 4531/4567/3723 4260/4296/3472
f 4530/4566/3722 4260/4296/3472 4292/4328/3501
f 4274/4310/3485 4267/4303/3479 4531/4567/3723
f 4274/4310/3485 4531/4567/3723 4530/4566/3722
f 4532/4568/3724 4533/4569/3725 4277/4313/3488
f 4532/4568/3724 4277/4313/3488 4323/4359/3528
f 4532/4568/3724 4311/4347/3516 4288/4324/3475
f 4532/4568/3724 4288/4324/3475 4533/4569/3725
f 4264/4300/3476 4275/4311/3486 4534/4570/3726
f 4264/4300/3476 4534/4570/3726 4535/4571/3727
f 4534/4570/3726 4299/4335/3507 4302/4338/3507
f 4534/4570/3726 4302/4338/3507 4535/4571/3727
f 4536/4572/3728 4537/4573/3729 4317/4353/3522
f 4536/4572/3728 4317/4353/3522 4273/4309/3480
f 4289/4325/3498 4310/4346/3515 4537/4573/3729
f 4289/4325/3498 4537/4573/3729 4536/4572/3728
f 4538/4574/3730 4539/4575/3731 4540/4576/3496
f 4538/4574/3730 4540/4576/3496 4541/4577/3732
f 4541/4577/3732 4303/4339/3509 4298/4334/3506
f 4541/4577/3732 4298/4334/3506 4538/4574/3730
f 4456/4492/3656 4382/4418/3584 4542/4578/3733
f 4456/4492/3656 4542/4578/3733 4543/4579/3734
f 4542/4578/3733 4371/4407/3573 4451/4487/3651
f 4542/4578/3733 4451/4487/3651 4543/4579/3734
f 4544/4580/3735 4545/4581/3736 4383/4419/3585
f 4544/4580/3735 4383/4419/3585 4457/4493/3657
f 4545/4581/3736 4544/4580/3735 4455/4491/3655
f 4545/4581/3736 4455/4491/3655 4395/4431/3597
f 4546/4582/3737 4394/4430/3596 4454/4490/3654
f 4546/4582/3737 4454/4490/3654 4547/4583/3738
f 4546/4582/3737 4547/4583/3738 4548/4584/3653
f 4546/4582/3737 4548/4584/3653 4549/4585/3561
f 4550/4586/3739 4551/4587/3740 4358/4394/3560
f 4550/4586/3739 4358/4394/3560 4452/4488/3652
f 4550/4586/3739 4450/4486/3650 4370/4406/3572
f 4550/4586/3739 4370/4406/3572 4551/4587/3740
f 4403/4439/3605 4431/4467/3633 4552/4588/3741
f 4403/4439/3605 4552/4588/3741 4553/4589/3742
f 4553/4589/3742 4552/4588/3741 4437/4473/3639
f 4553/4589/3742 4437/4473/3639 4411/4447/3613
f 4402/4438/3604 4554/4590/3743 4555/4591/3744
f 4402/4438/3604 4555/4591/3744 4430/4466/3632
f 4554/4590/3743 4415/4451/3617 4442/4478/3644
f 4554/4590/3743 4442/4478/3644 4555/4591/3744
f 4556/4592/3745 4557/4593/3746 4408/4444/3610
f 4556/4592/3745 4408/4444/3610 4436/4472/3638
f 4557/4593/3746 4556/4592/3745 4449/4485/3624
f 4557/4593/3746 4449/4485/3624 4422/4458/3624
f 4558/4594/3616 4559/4595/3747 4560/4596/3748
f 4558/4594/3616 4560/4596/3748 4561/4597/3645
f 4559/4595/3747 4423/4459/3625 4448/4484/3625
f 4559/4595/3747 4448/4484/3625 4560/4596/3748
f 4331/4367/3536 4424/4460/3626 4562/4598/3749
f 4331/4367/3536 4562/4598/3749 4563/4599/3750
f 4564/4600/3620 4565/4601/3527 4563/4599/3750
f 4564/4600/3620 4563/4599/3750 4562/4598/3749
f 4566/4602/3751 4567/4603/3752 4425/4461/3627
f 4566/4602/3751 4425/4461/3627 4330/4366/3535
f 4567/4603/3752 4566/4602/3751 4344/4380/3549
f 4567/4603/3752 4344/4380/3549 4413/4449/3615
f 4568/4604/3753 4569/4605/3754 4570/4606/3558
f 4568/4604/3753 4570/4606/3558 4571/4607/3565
f 4401/4437/3603 4392/4428/3594 4569/4605/3754
f 4401/4437/3603 4569/4605/3754 4568/4604/3753
f 4360/4396/3562 4355/4391/3557 4572/4608/3755
f 4360/4396/3562 4572/4608/3755 4573/4609/3756
f 4368/4404/3570 4377/4413/3579 4573/4609/3756
f 4368/4404/3570 4573/4609/3756 4572/4608/3755
f 4338/4374/3543 4419/4455/3621 4574/4610/3757
f 4338/4374/3543 4574/4610/3757 4575/4611/3758
f 4575/4611/3758 4574/4610/3757 4406/4442/3608
f 4575/4611/3758 4406/4442/3608 4350/4386/3553
f 4576/4612/3759 4376/4412/3578 4367/4403/3569
f 4576/4612/3759 4367/4403/3569 4577/4613/3760
f 4384/4420/3586 4576/4612/3759 4577/4613/3760
f 4384/4420/3586 4577/4613/3760 4381/4417/3583
f 4578/4614/3761 4579/4615/3699 4412/4448/3614
f 4578/4614/3761 4412/4448/3614 4343/4379/3548
f 4578/4614/3761 4351/4387/3515 4407/4443/3609
f 4578/4614/3761 4407/4443/3609 4579/4615/3699
f 4580/4616/3762 4385/4421/3587 4380/4416/3582
f 4580/4616/3762 4380/4416/3582 4581/4617/3763
f 4393/4429/3595 4400/4436/3602 4580/4616/3762
f 4393/4429/3595 4580/4616/3762 4581/4617/3763
f 4556/4592/3745 4582/4618/3764 4444/4480/3646
f 4556/4592/3745 4444/4480/3646 4449/4485/3624
f 4436/4472/3638 4435/4471/3637 4582/4618/3764
f 4436/4472/3638 4582/4618/3764 4556/4592/3745
f 4583/4619/3765 4560/4596/3748 4448/4484/3625
f 4583/4619/3765 4448/4484/3625 4447/4483/3649
f 4583/4619/3765 4584/4620/3643 4561/4597/3645
f 4583/4619/3765 4561/4597/3645 4560/4596/3748
f 4445/4481/3647 4444/4480/3646 4582/4618/3764
f 4445/4481/3647 4582/4618/3764 4496/4532/3695
f 4496/4532/3695 4582/4618/3764 4435/4471/3637
f 4496/4532/3695 4435/4471/3637 4434/4470/3636
f 4493/4529/3693 4583/4619/3765 4447/4483/3649
f 4493/4529/3693 4447/4483/3649 4446/4482/3648
f 4584/4620/3643 4583/4619/3765 4493/4529/3693
f 4584/4620/3643 4493/4529/3693 4495/4531/3694
f 4440/4476/3642 4585/4621/3766 4555/4591/3744
f 4440/4476/3642 4555/4591/3744 4442/4478/3644
f 4585/4621/3766 4428/4464/3630 4430/4466/3632
f 4585/4621/3766 4430/4466/3632 4555/4591/3744
f 4440/4476/3642 4439/4475/3641 4499/4535/3698
f 4440/4476/3642 4499/4535/3698 4585/4621/3766
f 4429/4465/3631 4428/4464/3630 4585/4621/3766
f 4429/4465/3631 4585/4621/3766 4499/4535/3698
f 4432/4468/3634 4437/4473/3639 4552/4588/3741
f 4432/4468/3634 4552/4588/3741 4586/4622/3767
f 4427/4463/3629 4586/4622/3767 4552/4588/3741
f 4427/4463/3629 4552/4588/3741 4431/4467/3633
f 4432/4468/3634 4586/4622/3767 4500/4536/3699
f 4432/4468/3634 4500/4536/3699 4433/4469/3635
f 4426/4462/3628 4500/4536/3699 4586/4622/3767
f 4426/4462/3628 4586/4622/3767 4427/4463/3629
f 4567/4603/3752 4587/4623/3768 4421/4457/3623
f 4567/4603/3752 4421/4457/3623 4425/4461/3627
f 4587/4623/3768 4567/4603/3752 4413/4449/3615
f 4587/4623/3768 4413/4449/3615 4409/4445/3611
f 4588/4624/3769 4562/4598/3749 4424/4460/3626
f 4588/4624/3769 4424/4460/3626 4420/4456/3622
f 4588/4624/3769 4589/4625/3770 4564/4600/3620
f 4588/4624/3769 4564/4600/3620 4562/4598/3749
f 4422/4458/3624 4421/4457/3623 4587/4623/3768
f 4422/4458/3624 4587/4623/3768 4557/4593/3746
f 4409/4445/3611 4408/4444/3610 4557/4593/3746
f 4409/4445/3611 4557/4593/3746 4587/4623/3768
f 4423/4459/3625 4559/4595/3747 4588/4624/3769
f 4423/4459/3625 4588/4624/3769 4420/4456/3622
f 4589/4625/3770 4588/4624/3769 4559/4595/3747
f 4589/4625/3770 4559/4595/3747 4558/4594/3616
f 4574/4610/3757 4419/4455/3621 4416/4452/3618
f 4574/4610/3757 4416/4452/3618 4590/4626/3771
f 4405/4441/3607 4406/4442/3608 4574/4610/3757
f 4405/4441/3607 4574/4610/3757 4590/4626/3771
f 4415/4451/3617 4554/4590/3743 4590/4626/3771
f 4415/4451/3617 4590/4626/3771 4416/4452/3618
f 4405/4441/3607 4590/4626/3771 4554/4590/3743
f 4405/4441/3607 4554/4590/3743 4402/4438/3604
f 4410/4446/3612 4412/4448/3614 4579/4615/3699
f 4410/4446/3612 4579/4615/3699 4591/4627/3772
f 4407/4443/3609 4404/4440/3606 4591/4627/3772
f 4407/4443/3609 4591/4627/3772 4579/4615/3699
f 4411/4447/3613 4410/4446/3612 4591/4627/3772
f 4411/4447/3613 4591/4627/3772 4553/4589/3742
f 4553/4589/3742 4591/4627/3772 4404/4440/3606
f 4553/4589/3742 4404/4440/3606 4403/4439/3605
f 4568/4604/3753 4592/4628/3773 4396/4432/3598
f 4568/4604/3753 4396/4432/3598 4401/4437/3603
f 4571/4607/3565 4593/4629/3564 4592/4628/3773
f 4571/4607/3565 4592/4628/3773 4568/4604/3753
f 4594/4630/3774 4580/4616/3762 4400/4436/3602
f 4594/4630/3774 4400/4436/3602 4399/4435/3601
f 4385/4421/3587 4580/4616/3762 4594/4630/3774
f 4385/4421/3587 4594/4630/3774 4386/4422/3588
f 4592/4628/3773 4492/4528/3692 4397/4433/3599
f 4592/4628/3773 4397/4433/3599 4396/4432/3598
f 4593/4629/3564 4494/4530/3567 4492/4528/3692
f 4593/4629/3564 4492/4528/3692 4592/4628/3773
f 4497/4533/3696 4594/4630/3774 4399/4435/3601
f 4497/4533/3696 4399/4435/3601 4398/4434/3600
f 4386/4422/3588 4594/4630/3774 4497/4533/3696
f 4386/4422/3588 4497/4533/3696 4388/4424/3590
f 4595/4631/3775 4391/4427/3593 4394/4430/3596
f 4595/4631/3775 4394/4430/3596 4546/4582/3737
f 4549/4585/3561 4596/4632/3559 4595/4631/3775
f 4549/4585/3561 4595/4631/3775 4546/4582/3737
f 4597/4633/3776 4545/4581/3736 4395/4431/3597
f 4597/4633/3776 4395/4431/3597 4390/4426/3592
f 4383/4419/3585 4545/4581/3736 4597/4633/3776
f 4383/4419/3585 4597/4633/3776 4379/4415/3581
f 4595/4631/3775 4569/4605/3754 4392/4428/3594
f 4595/4631/3775 4392/4428/3594 4391/4427/3593
f 4596/4632/3559 4570/4606/3558 4569/4605/3754
f 4596/4632/3559 4569/4605/3754 4595/4631/3775
f 4581/4617/3763 4597/4633/3776 4390/4426/3592
f 4581/4617/3763 4390/4426/3592 4393/4429/3595
f 4379/4415/3581 4597/4633/3776 4581/4617/3763
f 4379/4415/3581 4581/4617/3763 4380/4416/3582
f 4598/4634/3777 4387/4423/3589 4389/4425/3591
f 4598/4634/3777 4389/4425/3591 4501/4537/3700
f 4373/4409/3575 4598/4634/3777 4501/4537/3700
f 4373/4409/3575 4501/4537/3700 4374/4410/3576
f 4576/4612/3759 4384/4420/3586 4387/4423/3589
f 4576/4612/3759 4387/4423/3589 4598/4634/3777
f 4376/4412/3578 4576/4612/3759 4598/4634/3777
f 4376/4412/3578 4598/4634/3777 4373/4409/3575
f 4542/4578/3733 4382/4418/3584 4378/4414/3580
f 4542/4578/3733 4378/4414/3580 4599/4635/3778
f 4366/4402/3568 4371/4407/3573 4542/4578/3733
f 4366/4402/3568 4542/4578/3733 4599/4635/3778
f 4599/4635/3778 4378/4414/3580 4381/4417/3583
f 4599/4635/3778 4381/4417/3583 4577/4613/3760
f 4366/4402/3568 4599/4635/3778 4577/4613/3760
f 4366/4402/3568 4577/4613/3760 4367/4403/3569
f 4372/4408/3574 4600/4636/3779 4573/4609/3756
f 4372/4408/3574 4573/4609/3756 4377/4413/3579
f 4573/4609/3756 4600/4636/3779 4361/4397/3563
f 4573/4609/3756 4361/4397/3563 4360/4396/3562
f 4375/4411/3577 4498/4534/3697 4600/4636/3779
f 4375/4411/3577 4600/4636/3779 4372/4408/3574
f 4600/4636/3779 4498/4534/3697 4364/4400/3566
f 4600/4636/3779 4364/4400/3566 4361/4397/3563
f 4370/4406/3572 4369/4405/3571 4601/4637/3780
f 4370/4406/3572 4601/4637/3780 4551/4587/3740
f 4551/4587/3740 4601/4637/3780 4354/4390/3556
f 4551/4587/3740 4354/4390/3556 4358/4394/3560
f 4368/4404/3570 4572/4608/3755 4601/4637/3780
f 4368/4404/3570 4601/4637/3780 4369/4405/3571
f 4601/4637/3780 4572/4608/3755 4355/4391/3557
f 4601/4637/3780 4355/4391/3557 4354/4390/3556
f 4352/4388/3554 4502/4538/3701 4602/4638/3781
f 4352/4388/3554 4602/4638/3781 4349/4385/3514
f 4502/4538/3701 4340/4376/3545 4339/4375/3544
f 4502/4538/3701 4339/4375/3544 4602/4638/3781
f 4353/4389/3555 4348/4384/3552 4603/4639/3782
f 4353/4389/3555 4603/4639/3782 4504/4540/3702
f 4346/4382/3550 4504/4540/3702 4603/4639/3782
f 4346/4382/3550 4603/4639/3782 4342/4378/3547
f 4602/4638/3781 4575/4611/3758 4350/4386/3553
f 4602/4638/3781 4350/4386/3553 4349/4385/3514
f 4575/4611/3758 4602/4638/3781 4339/4375/3544
f 4575/4611/3758 4339/4375/3544 4338/4374/3543
f 4351/4387/3515 4578/4614/3761 4603/4639/3782
f 4351/4387/3515 4603/4639/3782 4348/4384/3552
f 4603/4639/3782 4578/4614/3761 4343/4379/3548
f 4603/4639/3782 4343/4379/3548 4342/4378/3547
f 4507/4543/3704 4347/4383/3551 4345/4381/3517
f 4507/4543/3704 4345/4381/3517 4604/4640/3783
f 4604/4640/3783 4333/4369/3538 4335/4371/3540
f 4604/4640/3783 4335/4371/3540 4507/4543/3704
f 4344/4380/3549 4566/4602/3751 4604/4640/3783
f 4344/4380/3549 4604/4640/3783 4345/4381/3517
f 4333/4369/3538 4604/4640/3783 4566/4602/3751
f 4333/4369/3538 4566/4602/3751 4330/4366/3535
f 4511/4547/3707 4605/4641/3784 4606/4642/3541
f 4511/4547/3707 4606/4642/3541 4508/4544/3705
f 4334/4370/3539 4332/4368/3537 4605/4641/3784
f 4334/4370/3539 4605/4641/3784 4511/4547/3707
f 4605/4641/3784 4563/4599/3750 4565/4601/3527
f 4605/4641/3784 4565/4601/3527 4606/4642/3541
f 4563/4599/3750 4605/4641/3784 4332/4368/3537
f 4563/4599/3750 4332/4368/3537 4331/4367/3536
f 4328/4364/3533 4526/4562/3718 4607/4643/3785
f 4328/4364/3533 4607/4643/3785 4324/4360/3529
f 4316/4352/3521 4312/4348/3517 4607/4643/3785
f 4316/4352/3521 4607/4643/3785 4526/4562/3718
f 4329/4365/3534 4327/4363/3532 4608/4644/3786
f 4329/4365/3534 4608/4644/3786 4522/4558/3716
f 4609/4645/3787 4524/4560/3527 4522/4558/3716
f 4609/4645/3787 4522/4558/3716 4608/4644/3786
f 4325/4361/3530 4324/4360/3529 4607/4643/3785
f 4325/4361/3530 4607/4643/3785 4506/4542/3704
f 4506/4542/3704 4607/4643/3785 4312/4348/3517
f 4506/4542/3704 4312/4348/3517 4315/4351/3520
f 4510/4546/3706 4608/4644/3786 4327/4363/3532
f 4510/4546/3706 4327/4363/3532 4326/4362/3531
f 4608/4644/3786 4510/4546/3706 4509/4545/3526
f 4608/4644/3786 4509/4545/3526 4609/4645/3787
f 4610/4646/3788 4532/4568/3724 4323/4359/3528
f 4610/4646/3788 4323/4359/3528 4319/4355/3524
f 4309/4345/3514 4311/4347/3516 4532/4568/3724
f 4309/4345/3514 4532/4568/3724 4610/4646/3788
f 4318/4354/3523 4503/4539/3701 4610/4646/3788
f 4318/4354/3523 4610/4646/3788 4319/4355/3524
f 4309/4345/3514 4610/4646/3788 4503/4539/3701
f 4309/4345/3514 4503/4539/3701 4306/4342/3511
f 4317/4353/3522 4537/4573/3729 4611/4647/3789
f 4317/4353/3522 4611/4647/3789 4313/4349/3518
f 4308/4344/3513 4611/4647/3789 4537/4573/3729
f 4308/4344/3513 4537/4573/3729 4310/4346/3515
f 4505/4541/3703 4314/4350/3519 4313/4349/3518
f 4505/4541/3703 4313/4349/3518 4611/4647/3789
f 4611/4647/3789 4308/4344/3513 4307/4343/3512
f 4611/4647/3789 4307/4343/3512 4505/4541/3703
f 4519/4555/3713 4612/4648/3790 4301/4337/3508
f 4519/4555/3713 4301/4337/3508 4305/4341/3503
f 4612/4648/3790 4519/4555/3713 4269/4305/3481
f 4612/4648/3790 4269/4305/3481 4265/4301/3477
f 4515/4551/3711 4304/4340/3510 4300/4336/3505
f 4515/4551/3711 4300/4336/3505 4613/4649/3791
f 4516/4552/3495 4515/4551/3711 4613/4649/3791
f 4516/4552/3495 4613/4649/3791 4614/4650/3493
f 4302/4338/3507 4301/4337/3508 4612/4648/3790
f 4302/4338/3507 4612/4648/3790 4535/4571/3727
f 4265/4301/3477 4264/4300/3476 4535/4571/3727
f 4265/4301/3477 4535/4571/3727 4612/4648/3790
f 4300/4336/3505 4303/4339/3509 4541/4577/3732
f 4300/4336/3505 4541/4577/3732 4613/4649/3791
f 4541/4577/3732 4540/4576/3496 4614/4650/3493
f 4541/4577/3732 4614/4650/3493 4613/4649/3791
f 4615/4651/3792 4294/4330/3502 4299/4335/3507
f 4615/4651/3792 4299/4335/3507 4534/4570/3726
f 4615/4651/3792 4534/4570/3726 4275/4311/3486
f 4615/4651/3792 4275/4311/3486 4271/4307/3483
f 4297/4333/3505 4616/4652/3793 4538/4574/3730
f 4297/4333/3505 4538/4574/3730 4298/4334/3506
f 4617/4653/3490 4539/4575/3731 4538/4574/3730
f 4617/4653/3490 4538/4574/3730 4616/4652/3793
f 4294/4330/3502 4615/4651/3792 4527/4563/3719
f 4294/4330/3502 4527/4563/3719 4295/4331/3503
f 4271/4307/3483 4270/4306/3482 4527/4563/3719
f 4271/4307/3483 4527/4563/3719 4615/4651/3792
f 4616/4652/3793 4297/4333/3505 4296/4332/3504
f 4616/4652/3793 4296/4332/3504 4523/4559/3717
f 4617/4653/3490 4616/4652/3793 4523/4559/3717
f 4617/4653/3490 4523/4559/3717 4525/4561/3487
f 4291/4327/3500 4293/4329/3471 4529/4565/3721
f 4291/4327/3500 4529/4565/3721 4618/4654/3794
f 4278/4314/3489 4618/4654/3794 4529/4565/3721
f 4278/4314/3489 4529/4565/3721 4280/4316/3491
f 4290/4326/3499 4619/4655/3795 4530/4566/3722
f 4290/4326/3499 4530/4566/3722 4292/4328/3501
f 4272/4308/3484 4274/4310/3485 4530/4566/3722
f 4272/4308/3484 4530/4566/3722 4619/4655/3795
f 4291/4327/3500 4618/4654/3794 4533/4569/3725
f 4291/4327/3500 4533/4569/3725 4288/4324/3475
f 4278/4314/3489 4277/4313/3488 4533/4569/3725
f 4278/4314/3489 4533/4569/3725 4618/4654/3794
f 4619/4655/3795 4290/4326/3499 4289/4325/3498
f 4619/4655/3795 4289/4325/3498 4536/4572/3728
f 4619/4655/3795 4536/4572/3728 4273/4309/3480
f 4619/4655/3795 4273/4309/3480 4272/4308/3484
f 4287/4323/3497 4528/4564/3720 4620/4656/3796
f 4287/4323/3497 4620/4656/3796 4283/4319/3494
f 4259/4295/3471 4258/4294/3470 4620/4656/3796
f 4259/4295/3471 4620/4656/3796 4528/4564/3720
f 4512/4548/3708 4284/4320/3488 4283/4319/3494
f 4512/4548/3708 4283/4319/3494 4620/4656/3796
f 4620/4656/3796 4258/4294/3470 4263/4299/3475
f 4620/4656/3796 4263/4299/3475 4512/4548/3708
f 4266/4302/3478 4268/4304/3480 4521/4557/3715
f 4266/4302/3478 4521/4557/3715 4621/4657/3795
f 4261/4297/3473 4621/4657/3795 4521/4557/3715
f 4261/4297/3473 4521/4557/3715 4262/4298/3474
f 4621/4657/3795 4531/4567/3723 4267/4303/3479
f 4621/4657/3795 4267/4303/3479 4266/4302/3478
f 4621/4657/3795 4261/4297/3473 4260/4296/3472
f 4621/4657/3795 4260/4296/3472 4531/4567/3723
f 4463/4499/3663 4514/4550/3710 4622/4658/3797
f 4463/4499/3663 4622/4658/3797 4476/4512/3676
f 4517/4553/3665 4623/4659/3798 4622/4658/3797
f 4517/4553/3665 4622/4658/3797 4514/4550/3710
f 4477/4513/3677 4476/4512/3676 4622/4658/3797
f 4477/4513/3677 4622/4658/3797 4623/4659/3798
f 4461/4497/3661 4518/4554/3712 4624/4660/3799
f 4461/4497/3661 4624/4660/3799 4474/4510/3674
f 4462/4498/3662 4478/4514/3678 4624/4660/3799
f 4462/4498/3662 4624/4660/3799 4518/4554/3712
f 4472/4508/3672 4474/4510/3674 4624/4660/3799
f 4472/4508/3672 4624/4660/3799 4478/4514/3678
f 4470/4506/3670 4480/4516/3680 4625/4661/3800
f 4470/4506/3670 4625/4661/3800 4481/4517/3681
f 4464/4500/3664 4513/4549/3709 4625/4661/3800
f 4464/4500/3664 4625/4661/3800 4480/4516/3680
f 4459/4495/3659 4481/4517/3681 4625/4661/3800
f 4459/4495/3659 4625/4661/3800 4513/4549/3709
f 4458/4494/3658 4520/4556/3714 4626/4662/3801
f 4458/4494/3658 4626/4662/3801 4482/4518/3682
f 4460/4496/3660 4475/4511/3675 4626/4662/3801
f 4460/4496/3660 4626/4662/3801 4520/4556/3714
f 4471/4507/3671 4482/4518/3682 4626/4662/3801
f 4471/4507/3671 4626/4662/3801 4475/4511/3675
f 4548/4584/3653 4547/4583/3738 4627/4663/3802
f 4548/4584/3653 4627/4663/3802 4628/4664/3803
f 4454/4490/3654 4487/4523/3687 4627/4663/3802
f 4454/4490/3654 4627/4663/3802 4547/4583/3738
f 4489/4525/3689 4628/4664/3803 4627/4663/3802
f 4489/4525/3689 4627/4663/3802 4487/4523/3687
f 4468/4504/3668 4488/4524/3688 4629/4665/3804
f 4468/4504/3668 4629/4665/3804 4490/4526/3690
f 4455/4491/3655 4544/4580/3735 4629/4665/3804
f 4455/4491/3655 4629/4665/3804 4488/4524/3688
f 4457/4493/3657 4490/4526/3690 4629/4665/3804
f 4457/4493/3657 4629/4665/3804 4544/4580/3735
f 4450/4486/3650 4550/4586/3739 4630/4666/3805
f 4450/4486/3650 4630/4666/3805 4484/4520/3684
f 4452/4488/3652 4486/4522/3686 4630/4666/3805
f 4452/4488/3652 4630/4666/3805 4550/4586/3739
f 4466/4502/3666 4484/4520/3684 4630/4666/3805
f 4466/4502/3666 4630/4666/3805 4486/4522/3686
f 4456/4492/3656 4543/4579/3734 4631/4667/3806
f 4456/4492/3656 4631/4667/3806 4491/4527/3691
f 4451/4487/3651 4483/4519/3683 4631/4667/3806
f 4451/4487/3651 4631/4667/3806 4543/4579/3734
f 4469/4505/3669 4491/4527/3691 4631/4667/3806
f 4469/4505/3669 4631/4667/3806 4483/4519/3683
f 293/473/291 215/395/215 7/193/20
f 293/473/291 7/193/20 1/187/14
f 141/324/144 1/187/14 3/189/16
f 141/324/144 3/189/16 145/328/148
f 24/210/37 26/212/39 293/473/291
f 24/210/37 293/473/291 1/187/14
f 4632/4668/3807 211/391/211 207/387/207
f 4632/4668/3807 207/387/207 4633/4669/3808
f 4632/4668/3807 4633/4669/3808 199/379/199
f 4632/4668/3807 199/379/199 214/394/214
f 2/188/15 7/193/20 201/381/201
f 2/188/15 201/381/201 4634/4670/3809
f 214/394/214 143/326/146 142/325/145
f 214/394/214 142/325/145 4632/4668/3807
f 142/325/145 144/327/147 211/391/211
f 142/325/145 211/391/211 4632/4668/3807
f 4635/4671/3810 4633/4669/3808 207/387/207
f 4635/4671/3810 207/387/207 206/386/206
f 200/380/200 199/379/199 4633/4669/3808
f 200/380/200 4633/4669/3808 4635/4671/3810
f 205/385/205 4634/4670/3809 4635/4671/3810
f 205/385/205 4635/4671/3810 206/386/206
f 201/381/201 200/380/200 4635/4671/3810
f 201/381/201 4635/4671/3810 4634/4670/3809
f 3/189/16 205/385/205 204/384/204
f 3/189/16 204/384/204 146/329/149
f 204/384/204 419/599/409 358/538/352
f 204/384/204 358/538/352 146/329/149
f 3/189/16 2/188/15 4634/4670/3809
f 3/189/16 4634/4670/3809 205/385/205
f 4636/4672/3811 4637/4673/3812 4638/4674/3813
f 4636/4672/3811 4638/4674/3813 4639/4675/3814
f 4636/4672/3811 4640/4676/3815 4641/4677/3816
f 4636/4672/3811 4641/4677/3816 4637/4673/3812
f 4642/4678/3817 4643/4679/3818 4644/4680/3819
f 4642/4678/3817 4644/4680/3819 4645/4681/3820
f 4646/4682/3821 4643/4679/3818 4642/4678/3817
f 4646/4682/3821 4642/4678/3817 4647/4683/3822
f 194/374/194 4648/4684/3823 4649/4685/3824
f 194/374/194 4649/4685/3824 4650/4686/3825
f 4651/4687/3826 4652/4688/3827 192/372/192
f 4651/4687/3826 192/372/192 4653/4689/3828
f 4641/4677/3816 4640/4676/3815 4654/4690/3829
f 4641/4677/3816 4654/4690/3829 153/336/156
f 4638/4674/3813 4652/4688/3827 4651/4687/3826
f 4638/4674/3813 4651/4687/3826 4639/4675/3814
f 4648/4684/3823 4646/4682/3821 4647/4683/3822
f 4648/4684/3823 4647/4683/3822 4649/4685/3824
f 192/372/192 152/335/155 151/334/154
f 192/372/192 151/334/154 4653/4689/3828
f 152/335/155 194/374/194 4650/4686/3825
f 152/335/155 4650/4686/3825 150/333/153
f 157/340/160 4655/4691/3830 4656/4692/3831
f 157/340/160 4656/4692/3831 154/337/157
f 4657/4693/3832 4658/4694/3833 4659/4695/3834
f 4657/4693/3832 4659/4695/3834 170/353/173
f 4659/4695/3834 4658/4694/3833 4660/4696/3835
f 4659/4695/3834 4660/4696/3835 4661/4697/3836
f 4662/4698/3837 4663/4699/3838 4664/4700/3839
f 4662/4698/3837 4664/4700/3839 4665/4701/3840
f 4666/4702/3841 4667/4703/3842 4668/4704/3843
f 4666/4702/3841 4668/4704/3843 4669/4705/3844
f 4670/4706/3845 4671/4707/3846 4672/4708/3847
f 4670/4706/3845 4672/4708/3847 4673/4709/3848
f 4636/4672/3811 4639/4675/3814 4674/4710/3849
f 4636/4672/3811 4674/4710/3849 4675/4711/3850
f 4676/4712/3851 4677/4713/3852 4667/4703/3842
f 4676/4712/3851 4667/4703/3842 4666/4702/3841
f 4678/4714/3853 4679/4715/3854 4680/4716/3855
f 4678/4714/3853 4680/4716/3855 4681/4717/3856
f 4682/4718/3857 4683/4719/3858 4684/4720/3859
f 4682/4718/3857 4684/4720/3859 4685/4721/3860
f 4686/4722/3861 4687/4723/3862 4688/4724/3863
f 4686/4722/3861 4688/4724/3863 4689/4725/3864
f 4690/4726/3865 4691/4727/3866 4692/4728/3867
f 4690/4726/3865 4692/4728/3867 4693/4729/3868
f 4694/4730/3869 4695/4731/3870 4696/4732/3871
f 4694/4730/3869 4696/4732/3871 4697/4733/3872
f 4671/4707/3846 4698/4734/3873 4699/4735/3874
f 4671/4707/3846 4699/4735/3874 4672/4708/3847
f 4700/4736/3875 4687/4723/3862 4686/4722/3861
f 4700/4736/3875 4686/4722/3861 4701/4737/3876
f 4702/4738/3877 4662/4698/3837 4665/4701/3840
f 4702/4738/3877 4665/4701/3840 4703/4739/3878
f 4704/4740/3879 4702/4738/3877 4703/4739/3878
f 4704/4740/3879 4703/4739/3878 4705/4741/3880
f 4706/4742/3881 4707/4743/3882 4695/4731/3870
f 4706/4742/3881 4695/4731/3870 4694/4730/3869
f 4647/4683/3822 4708/4744/3883 4709/4745/3884
f 4647/4683/3822 4709/4745/3884 4649/4685/3824
f 4710/4746/3885 4706/4742/3881 4694/4730/3869
f 4710/4746/3885 4694/4730/3869 4711/4747/3886
f 4712/4748/3887 4713/4749/3888 4714/4750/3889
f 4712/4748/3887 4714/4750/3889 4715/4751/3890
f 4716/4752/3891 4717/4753/3892 4718/4754/3893
f 4716/4752/3891 4718/4754/3893 4719/4755/3894
f 4711/4747/3886 4694/4730/3869 4697/4733/3872
f 4711/4747/3886 4697/4733/3872 4720/4756/3895
f 4721/4757/3874 4722/4758/3873 4714/4750/3889
f 4721/4757/3874 4714/4750/3889 4713/4749/3888
f 4723/4759/3896 4724/4760/3897 4725/4761/3898
f 4723/4759/3896 4725/4761/3898 4726/4762/3899
f 4727/4763/3900 4728/4764/3901 4729/4765/3902
f 4727/4763/3900 4729/4765/3902 4730/4766/3903
f 4731/4767/3904 171/354/174 4732/4768/3905
f 4731/4767/3904 4732/4768/3905 167/350/170
f 4718/4754/3893 4733/4769/3906 4734/4770/3907
f 4718/4754/3893 4734/4770/3907 4719/4755/3894
f 4735/4771/3908 4736/4772/3909 4737/4773/3910
f 4735/4771/3908 4737/4773/3910 4738/4774/3911
f 4739/4775/3912 4660/4696/3835 4700/4736/3875
f 4739/4775/3912 4700/4736/3875 4740/4776/3913
f 4710/4746/3885 4711/4747/3886 4735/4771/3908
f 4710/4746/3885 4735/4771/3908 4738/4774/3911
f 4674/4710/3849 4639/4675/3814 4651/4687/3826
f 4674/4710/3849 4651/4687/3826 4741/4777/3914
f 4742/4778/3915 4743/4779/3916 4744/4780/3917
f 4742/4778/3915 4744/4780/3917 4745/4781/3918
f 4746/4782/3919 4747/4783/3920 4748/4784/3921
f 4746/4782/3919 4748/4784/3921 4749/4785/3922
f 4750/4786/3923 4751/4787/310 4752/4788/311
f 4750/4786/3923 4752/4788/311 4753/4789/3924
f 4754/4790/3925 4755/4791/3926 4747/4783/3920
f 4754/4790/3925 4747/4783/3920 4746/4782/3919
f 4756/4792/3927 4757/4793/3928 4716/4752/3891
f 4756/4792/3927 4716/4752/3891 4758/4794/3929
f 4759/4795/3930 4760/4796/3931 4757/4793/3928
f 4759/4795/3930 4757/4793/3928 4761/4797/3932
f 4744/4780/3917 4762/4798/3933 4758/4794/3929
f 4744/4780/3917 4758/4794/3929 4745/4781/3918
f 4763/4799/3934 4764/4800/3935 4765/4801/3936
f 4763/4799/3934 4765/4801/3936 4766/4802/3937
f 4767/4803/3938 4768/4804/3939 4712/4748/3887
f 4767/4803/3938 4712/4748/3887 4715/4751/3890
f 4664/4700/3839 4769/4805/3940 4763/4799/3934
f 4664/4700/3839 4763/4799/3934 4665/4701/3840
f 4770/4806/3941 4661/4697/3836 4660/4696/3835
f 4770/4806/3941 4660/4696/3835 4739/4775/3912
f 4755/4791/3926 4754/4790/3925 4771/4807/3942
f 4755/4791/3926 4771/4807/3942 4772/4808/3943
f 4773/4809/3944 4756/4792/3927 4758/4794/3929
f 4773/4809/3944 4758/4794/3929 4762/4798/3933
f 4774/4810/3945 4759/4795/3930 4761/4797/3932
f 4774/4810/3945 4761/4797/3932 4775/4811/3946
f 4776/4812/3947 4777/4813/3948 4778/4814/3949
f 4776/4812/3947 4778/4814/3949 4779/4815/3950
f 4741/4777/3914 4776/4812/3947 4779/4815/3950
f 4741/4777/3914 4779/4815/3950 4780/4816/3951
f 4781/4817/3952 4782/4818/3953 4669/4705/3844
f 4781/4817/3952 4669/4705/3844 4678/4714/3853
f 4783/4819/3954 4784/4820/3955 4785/4821/3956
f 4783/4819/3954 4785/4821/3956 4786/4822/3957
f 4787/4823/3958 4788/4824/3959 4789/4825/3960
f 4787/4823/3958 4789/4825/3960 4790/4826/3956
f 4791/4827/3961 4792/4828/3962 4793/4829/3963
f 4791/4827/3961 4793/4829/3963 4794/4830/3964
f 4795/4831/3963 4796/4832/3965 196/376/196
f 4795/4831/3963 196/376/196 4797/4833/3964
f 4798/4834/3966 4799/4835/3967 4800/4836/3968
f 4798/4834/3966 4800/4836/3968 4801/4837/3969
f 4750/4786/3923 4753/4789/3924 4802/4838/3966
f 4750/4786/3923 4802/4838/3966 4803/4839/3969
f 4804/4840/3970 4805/4841/3971 4740/4776/3913
f 4804/4840/3970 4740/4776/3913 4806/4842/3972
f 169/352/172 168/351/171 4807/4843/3973
f 169/352/172 4807/4843/3973 4808/4844/3974
f 4749/4785/3922 4809/4845/3975 4810/4846/3976
f 4749/4785/3922 4810/4846/3976 4746/4782/3919
f 4811/4847/3977 4812/4848/3978 4813/4849/3979
f 4811/4847/3977 4813/4849/3979 4814/4850/3980
f 4771/4807/3942 4815/4851/3978 4816/4852/3977
f 4771/4807/3942 4816/4852/3977 4772/4808/3943
f 4817/4853/3981 4775/4811/3946 4768/4804/3939
f 4817/4853/3981 4768/4804/3939 4767/4803/3938
f 4808/4844/3974 4818/4854/3982 4819/4855/3983
f 4808/4844/3974 4819/4855/3983 4820/4856/3984
f 4746/4782/3919 4810/4846/3976 4821/4857/3985
f 4746/4782/3919 4821/4857/3985 4754/4790/3925
f 4754/4790/3925 4821/4857/3985 4822/4858/3986
f 4754/4790/3925 4822/4858/3986 4771/4807/3942
f 4693/4729/3868 4692/4728/3867 4813/4849/3979
f 4693/4729/3868 4813/4849/3979 4812/4848/3978
f 4771/4807/3942 4822/4858/3986 4823/4859/3868
f 4771/4807/3942 4823/4859/3868 4815/4851/3978
f 4735/4771/3908 4824/4860/3987 4825/4861/3988
f 4735/4771/3908 4825/4861/3988 4736/4772/3909
f 4826/4862/3989 4682/4718/3857 4691/4727/3866
f 4826/4862/3989 4691/4727/3866 4690/4726/3865
f 4827/4863/3990 4828/4864/3991 4829/4865/3992
f 4827/4863/3990 4829/4865/3992 4830/4866/3993
f 154/337/157 4656/4692/3831 4831/4867/3994
f 154/337/157 4831/4867/3994 4832/4868/3995
f 4677/4713/3852 4676/4712/3851 4783/4819/3954
f 4677/4713/3852 4783/4819/3954 4786/4822/3957
f 4788/4824/3959 4787/4823/3958 4801/4837/3969
f 4788/4824/3959 4801/4837/3969 4800/4836/3968
f 4803/4839/3969 4784/4820/3955 4783/4819/3954
f 4803/4839/3969 4783/4819/3954 4750/4786/3923
f 4824/4860/3987 4735/4771/3908 4711/4747/3886
f 4824/4860/3987 4711/4747/3886 4720/4756/3895
f 169/352/172 4808/4844/3974 4744/4780/3917
f 169/352/172 4744/4780/3917 4743/4779/3916
f 196/376/196 195/375/195 4833/4869/3996
f 196/376/196 4833/4869/3996 4797/4833/3964
f 4808/4844/3974 4820/4856/3984 4762/4798/3933
f 4808/4844/3974 4762/4798/3933 4744/4780/3917
f 4732/4768/3905 4654/4690/3829 156/339/159
f 4732/4768/3905 156/339/159 167/350/170
f 4834/4870/3997 4707/4743/3882 4805/4841/3971
f 4834/4870/3997 4805/4841/3971 4804/4840/3970
f 4835/4871/3998 4836/4872/3999 4837/4873/4000
f 4835/4871/3998 4837/4873/4000 4838/4874/4001
f 4751/4787/310 4750/4786/3923 4783/4819/3954
f 4751/4787/310 4783/4819/3954 4676/4712/3851
f 4781/4817/3952 4839/4875/4002 4840/4876/4003
f 4781/4817/3952 4840/4876/4003 4782/4818/3953
f 4841/4877/4004 4842/4878/4005 150/333/153
f 4841/4877/4004 150/333/153 4650/4686/3825
f 4709/4745/3884 4841/4877/4004 4650/4686/3825
f 4709/4745/3884 4650/4686/3825 4649/4685/3824
f 4843/4879/4006 4844/4880/4007 4845/4881/4008
f 4843/4879/4006 4845/4881/4008 4846/4882/4009
f 4844/4880/4007 4843/4879/4006 4839/4875/4002
f 4844/4880/4007 4839/4875/4002 4781/4817/3952
f 4668/4704/3843 4679/4715/3854 4678/4714/3853
f 4668/4704/3843 4678/4714/3853 4669/4705/3844
f 4847/4883/4010 4845/4881/4008 4844/4880/4007
f 4847/4883/4010 4844/4880/4007 4681/4717/3856
f 4844/4880/4007 4781/4817/3952 4678/4714/3853
f 4844/4880/4007 4678/4714/3853 4681/4717/3856
f 4848/4884/4011 4704/4740/3879 4705/4741/3880
f 4848/4884/4011 4705/4741/3880 4849/4885/4012
f 4776/4812/3947 4653/4689/3828 151/334/154
f 4776/4812/3947 151/334/154 4777/4813/3948
f 4651/4687/3826 4653/4689/3828 4776/4812/3947
f 4651/4687/3826 4776/4812/3947 4741/4777/3914
f 4850/4886/4013 4851/4887/4014 4852/4888/4015
f 4850/4886/4013 4852/4888/4015 4853/4889/4016
f 4854/4890/4017 4752/4788/311 4751/4787/310
f 4854/4890/4017 4751/4787/310 4855/4891/4018
f 4840/4876/4003 4854/4890/4017 4855/4891/4018
f 4840/4876/4003 4855/4891/4018 4782/4818/3953
f 4666/4702/3841 4855/4891/4018 4751/4787/310
f 4666/4702/3841 4751/4787/310 4676/4712/3851
f 4669/4705/3844 4782/4818/3953 4855/4891/4018
f 4669/4705/3844 4855/4891/4018 4666/4702/3841
f 4856/4892/4019 4674/4710/3849 4741/4777/3914
f 4856/4892/4019 4741/4777/3914 4780/4816/3951
f 4675/4711/3850 4674/4710/3849 4856/4892/4019
f 4675/4711/3850 4856/4892/4019 4857/4893/4020
f 4858/4894/4021 4859/4895/4022 4642/4678/3817
f 4858/4894/4021 4642/4678/3817 4645/4681/3820
f 4859/4895/4022 4708/4744/3883 4647/4683/3822
f 4859/4895/4022 4647/4683/3822 4642/4678/3817
f 4640/4676/3815 4636/4672/3811 4675/4711/3850
f 4640/4676/3815 4675/4711/3850 157/340/160
f 4640/4676/3815 157/340/160 156/339/159
f 4640/4676/3815 156/339/159 4654/4690/3829
f 4655/4691/3830 157/340/160 4675/4711/3850
f 4655/4691/3830 4675/4711/3850 4857/4893/4020
f 4677/4713/3852 4860/4896/4023 4861/4897/4024
f 4677/4713/3852 4861/4897/4024 4667/4703/3842
f 4860/4896/4023 4655/4691/3830 4857/4893/4020
f 4860/4896/4023 4857/4893/4020 4861/4897/4024
f 4667/4703/3842 4861/4897/4024 4862/4898/4025
f 4667/4703/3842 4862/4898/4025 4668/4704/3843
f 4861/4897/4024 4857/4893/4020 4856/4892/4019
f 4861/4897/4024 4856/4892/4019 4862/4898/4025
f 4780/4816/3951 4863/4899/4026 4862/4898/4025
f 4780/4816/3951 4862/4898/4025 4856/4892/4019
f 4863/4899/4026 4679/4715/3854 4668/4704/3843
f 4863/4899/4026 4668/4704/3843 4862/4898/4025
f 4789/4825/3960 4864/4900/4027 4865/4901/4028
f 4789/4825/3960 4865/4901/4028 4790/4826/3956
f 4655/4691/3830 4860/4896/4023 4866/4902/4029
f 4655/4691/3830 4866/4902/4029 4656/4692/3831
f 4860/4896/4023 4677/4713/3852 4786/4822/3957
f 4860/4896/4023 4786/4822/3957 4866/4902/4029
f 4867/4903/4013 4656/4692/3831 4866/4902/4029
f 4867/4903/4013 4866/4902/4029 4868/4904/4028
f 4785/4821/3956 4868/4904/4028 4866/4902/4029
f 4785/4821/3956 4866/4902/4029 4786/4822/3957
f 4863/4899/4026 4780/4816/3951 4779/4815/3950
f 4863/4899/4026 4779/4815/3950 4869/4905/4030
f 4679/4715/3854 4863/4899/4026 4869/4905/4030
f 4679/4715/3854 4869/4905/4030 4680/4716/3855
f 4680/4716/3855 4869/4905/4030 4870/4906/4031
f 4680/4716/3855 4870/4906/4031 4871/4907/4032
f 4681/4717/3856 4680/4716/3855 4871/4907/4032
f 4681/4717/3856 4871/4907/4032 4847/4883/4010
f 4778/4814/3949 4847/4883/4010 4871/4907/4032
f 4778/4814/3949 4871/4907/4032 4870/4906/4031
f 4869/4905/4030 4779/4815/3950 4778/4814/3949
f 4869/4905/4030 4778/4814/3949 4870/4906/4031
f 4851/4887/4014 4864/4900/4027 4789/4825/3960
f 4851/4887/4014 4789/4825/3960 4788/4824/3959
f 4864/4900/4027 4851/4887/4014 4872/4908/4033
f 4864/4900/4027 4872/4908/4033 4865/4901/4028
f 4826/4862/3989 4873/4909/4034 4874/4910/4035
f 4826/4862/3989 4874/4910/4035 4682/4718/3857
f 4875/4911/4036 4876/4912/4037 4877/4913/4038
f 4875/4911/4036 4877/4913/4038 4878/4914/4039
f 4879/4915/4040 4835/4871/3998 4838/4874/4001
f 4879/4915/4040 4838/4874/4001 4880/4916/4041
f 4827/4863/3990 4830/4866/3993 4881/4917/4034
f 4827/4863/3990 4881/4917/4034 4882/4918/3989
f 4883/4919/4042 4820/4856/3984 4819/4855/3983
f 4883/4919/4042 4819/4855/3983 4884/4920/3838
f 4885/4921/4043 4886/4922/4044 4728/4764/3901
f 4885/4921/4043 4728/4764/3901 4727/4763/3900
f 4828/4864/3991 4887/4923/4045 4888/4924/4046
f 4828/4864/3991 4888/4924/4046 4829/4865/3992
f 4835/4871/3998 4889/4925/4047 4890/4926/4048
f 4835/4871/3998 4890/4926/4048 4836/4872/3999
f 4887/4923/4045 182/365/185 184/367/187
f 4887/4923/4045 184/367/187 4888/4924/4046
f 4891/4927/4049 4892/4928/4050 4688/4724/3863
f 4891/4927/4049 4688/4724/3863 4657/4693/3832
f 4893/4929/4051 4889/4925/4047 4835/4871/3998
f 4893/4929/4051 4835/4871/3998 4879/4915/4040
f 4891/4927/4049 4742/4778/3915 4734/4770/3907
f 4891/4927/4049 4734/4770/3907 4892/4928/4050
f 4894/4930/4052 4895/4931/4053 4896/4932/4054
f 4894/4930/4052 4896/4932/4054 4897/4933/4055
f 4898/4934/4056 4899/4935/4057 163/346/166
f 4898/4934/4056 163/346/166 162/345/165
f 4896/4932/4054 4900/4936/4058 4901/4937/4059
f 4896/4932/4054 4901/4937/4059 4897/4933/4055
f 4900/4936/4058 4902/4938/4060 4903/4939/4061
f 4900/4936/4058 4903/4939/4061 4901/4937/4059
f 4904/4940/4062 4905/4941/4011 4906/4942/4012
f 4904/4940/4062 4906/4942/4012 4907/4943/4063
f 4824/4860/3987 4720/4756/3895 4908/4944/4064
f 4824/4860/3987 4908/4944/4064 4909/4945/4065
f 4909/4945/4065 4908/4944/4064 4755/4791/3926
f 4909/4945/4065 4755/4791/3926 4772/4808/3943
f 4910/4946/4066 4825/4861/3988 4824/4860/3987
f 4910/4946/4066 4824/4860/3987 4909/4945/4065
f 4772/4808/3943 4816/4852/3977 4910/4946/4066
f 4772/4808/3943 4910/4946/4066 4909/4945/4065
f 4911/4947/4066 4912/4948/4067 4913/4949/4068
f 4911/4947/4066 4913/4949/4068 4914/4950/4069
f 4912/4948/4067 4911/4947/4066 4811/4847/3977
f 4912/4948/4067 4811/4847/3977 4814/4850/3980
f 4755/4791/3926 4908/4944/4064 4915/4951/4070
f 4755/4791/3926 4915/4951/4070 4747/4783/3920
f 4908/4944/4064 4720/4756/3895 4697/4733/3872
f 4908/4944/4064 4697/4733/3872 4915/4951/4070
f 4747/4783/3920 4915/4951/4070 4916/4952/4071
f 4747/4783/3920 4916/4952/4071 4748/4784/3921
f 4915/4951/4070 4697/4733/3872 4696/4732/3871
f 4915/4951/4070 4696/4732/3871 4916/4952/4071
f 183/366/186 165/348/168 164/347/167
f 183/366/186 164/347/167 4917/4953/4072
f 4918/4954/4073 4919/4955/4074 4878/4914/4039
f 4918/4954/4073 4878/4914/4039 4877/4913/4038
f 4919/4955/4074 4918/4954/4073 4830/4866/3993
f 4919/4955/4074 4830/4866/3993 4829/4865/3992
f 4920/4956/4075 4921/4957/4076 4918/4954/4073
f 4920/4956/4075 4918/4954/4073 4877/4913/4038
f 4830/4866/3993 4918/4954/4073 4921/4957/4076
f 4830/4866/3993 4921/4957/4076 4881/4917/4034
f 4683/4719/3858 4922/4958/4077 4923/4959/4076
f 4683/4719/3858 4923/4959/4076 4924/4960/4075
f 4922/4958/4077 4874/4910/4035 4873/4909/4034
f 4922/4958/4077 4873/4909/4034 4923/4959/4076
f 4829/4865/3992 4888/4924/4046 4925/4961/4078
f 4829/4865/3992 4925/4961/4078 4919/4955/4074
f 4919/4955/4074 4925/4961/4078 4926/4962/4079
f 4919/4955/4074 4926/4962/4079 4878/4914/4039
f 4888/4924/4046 184/367/187 4927/4963/4080
f 4888/4924/4046 4927/4963/4080 4925/4961/4078
f 4925/4961/4078 4927/4963/4080 4894/4930/4052
f 4925/4961/4078 4894/4930/4052 4926/4962/4079
f 4876/4912/4037 4928/4964/4081 4920/4956/4075
f 4876/4912/4037 4920/4956/4075 4877/4913/4038
f 4886/4922/4044 4885/4921/4043 4929/4965/4082
f 4886/4922/4044 4929/4965/4082 4930/4966/4083
f 4931/4967/4084 4932/4968/474 177/360/180
f 4931/4967/4084 177/360/180 4933/4969/4085
f 4696/4732/3871 4695/4731/3870 4934/4970/4086
f 4696/4732/3871 4934/4970/4086 4935/4971/4087
f 4936/4972/4088 4817/4853/3981 4937/4973/4089
f 4936/4972/4088 4937/4973/4089 4938/4974/4090
f 4671/4707/3846 4939/4975/4091 4940/4976/4092
f 4671/4707/3846 4940/4976/4092 4698/4734/3873
f 4914/4950/4069 4913/4949/4068 4724/4760/3897
f 4914/4950/4069 4724/4760/3897 4723/4759/3896
f 4670/4706/3845 4724/4760/3897 4913/4949/4068
f 4670/4706/3845 4913/4949/4068 4813/4849/3979
f 4813/4849/3979 4913/4949/4068 4912/4948/4067
f 4813/4849/3979 4912/4948/4067 4814/4850/3980
f 4820/4856/3984 4883/4919/4042 4773/4809/3944
f 4820/4856/3984 4773/4809/3944 4762/4798/3933
f 4930/4966/4083 4929/4965/4082 4903/4939/4061
f 4930/4966/4083 4903/4939/4061 4941/4977/4093
f 4875/4911/4036 4878/4914/4039 4926/4962/4079
f 4875/4911/4036 4926/4962/4079 4942/4978/4094
f 4942/4978/4094 4926/4962/4079 4894/4930/4052
f 4942/4978/4094 4894/4930/4052 4897/4933/4055
f 4728/4764/3901 4943/4979/4095 4944/4980/4092
f 4728/4764/3901 4944/4980/4092 4729/4765/3902
f 4722/4758/3873 4944/4980/4092 4943/4979/4095
f 4722/4758/3873 4943/4979/4095 4714/4750/3889
f 4939/4975/4091 4685/4721/3860 4945/4981/4096
f 4939/4975/4091 4945/4981/4096 4940/4976/4092
f 4907/4943/4063 4661/4697/3836 4770/4806/3941
f 4907/4943/4063 4770/4806/3941 4904/4940/4062
f 4724/4760/3897 4670/4706/3845 4673/4709/3848
f 4724/4760/3897 4673/4709/3848 4725/4761/3898
f 4938/4974/4090 4937/4973/4089 4941/4977/4093
f 4938/4974/4090 4941/4977/4093 4946/4982/4097
f 4809/4845/3975 4947/4983/4098 4948/4984/4099
f 4809/4845/3975 4948/4984/4099 4810/4846/3976
f 4948/4984/4099 4947/4983/4098 182/365/185
f 4948/4984/4099 182/365/185 4887/4923/4045
f 4895/4931/4053 4894/4930/4052 4927/4963/4080
f 4895/4931/4053 4927/4963/4080 4917/4953/4072
f 4810/4846/3976 4948/4984/4099 4949/4985/4100
f 4810/4846/3976 4949/4985/4100 4821/4857/3985
f 4948/4984/4099 4887/4923/4045 4828/4864/3991
f 4948/4984/4099 4828/4864/3991 4949/4985/4100
f 4714/4750/3889 4943/4979/4095 4950/4986/4101
f 4714/4750/3889 4950/4986/4101 4715/4751/3890
f 4886/4922/4044 4950/4986/4101 4943/4979/4095
f 4886/4922/4044 4943/4979/4095 4728/4764/3901
f 4951/4987/4102 4827/4863/3990 4882/4918/3989
f 4951/4987/4102 4882/4918/3989 4952/4988/4103
f 4822/4858/3986 4951/4987/4102 4952/4988/4103
f 4822/4858/3986 4952/4988/4103 4823/4859/3868
f 4691/4727/3866 4682/4718/3857 4685/4721/3860
f 4691/4727/3866 4685/4721/3860 4939/4975/4091
f 4682/4718/3857 4874/4910/4035 4922/4958/4077
f 4682/4718/3857 4922/4958/4077 4683/4719/3858
f 4949/4985/4100 4828/4864/3991 4827/4863/3990
f 4949/4985/4100 4827/4863/3990 4951/4987/4102
f 4821/4857/3985 4949/4985/4100 4951/4987/4102
f 4821/4857/3985 4951/4987/4102 4822/4858/3986
f 4953/4989/4104 4950/4986/4101 4886/4922/4044
f 4953/4989/4104 4886/4922/4044 4930/4966/4083
f 4715/4751/3890 4950/4986/4101 4953/4989/4104
f 4715/4751/3890 4953/4989/4104 4767/4803/3938
f 4953/4989/4104 4930/4966/4083 4941/4977/4093
f 4953/4989/4104 4941/4977/4093 4937/4973/4089
f 4953/4989/4104 4937/4973/4089 4817/4853/3981
f 4953/4989/4104 4817/4853/3981 4767/4803/3938
f 4935/4971/4087 4954/4990/4105 4916/4952/4071
f 4935/4971/4087 4916/4952/4071 4696/4732/3871
f 4954/4990/4105 4955/4991/4106 4748/4784/3921
f 4954/4990/4105 4748/4784/3921 4916/4952/4071
f 4659/4695/3834 4661/4697/3836 4907/4943/4063
f 4659/4695/3834 4907/4943/4063 4956/4992/4107
f 4671/4707/3846 4670/4706/3845 4813/4849/3979
f 4671/4707/3846 4813/4849/3979 4692/4728/3867
f 4929/4965/4082 4957/4993/4108 4901/4937/4059
f 4929/4965/4082 4901/4937/4059 4903/4939/4061
f 4957/4993/4108 4942/4978/4094 4897/4933/4055
f 4957/4993/4108 4897/4933/4055 4901/4937/4059
f 4885/4921/4043 4958/4994/4109 4957/4993/4108
f 4885/4921/4043 4957/4993/4108 4929/4965/4082
f 4958/4994/4109 4875/4911/4036 4942/4978/4094
f 4958/4994/4109 4942/4978/4094 4957/4993/4108
f 4959/4995/4110 4928/4964/4081 4876/4912/4037
f 4959/4995/4110 4876/4912/4037 4960/4996/4111
f 4960/4996/4111 4727/4763/3900 4730/4766/3903
f 4960/4996/4111 4730/4766/3903 4959/4995/4110
f 4875/4911/4036 4958/4994/4109 4960/4996/4111
f 4875/4911/4036 4960/4996/4111 4876/4912/4037
f 4960/4996/4111 4958/4994/4109 4885/4921/4043
f 4960/4996/4111 4885/4921/4043 4727/4763/3900
f 4757/4793/3928 4760/4796/3931 4717/4753/3892
f 4757/4793/3928 4717/4753/3892 4716/4752/3891
f 4740/4776/3913 4700/4736/3875 4701/4737/3876
f 4740/4776/3913 4701/4737/3876 4806/4842/3972
f 4684/4720/3859 4961/4997/4081 4962/4998/4110
f 4684/4720/3859 4962/4998/4110 4963/4999/4112
f 4963/4999/4112 4962/4998/4110 4964/5000/3903
f 4963/4999/4112 4964/5000/3903 4965/5001/4113
f 4688/4724/3863 4892/4928/4050 4966/5002/4114
f 4688/4724/3863 4966/5002/4114 4689/4725/3864
f 4734/4770/3907 4733/4769/3906 4966/5002/4114
f 4734/4770/3907 4966/5002/4114 4892/4928/4050
f 4961/4997/4081 4684/4720/3859 4683/4719/3858
f 4961/4997/4081 4683/4719/3858 4924/4960/4075
f 4964/5000/3903 4945/4981/4096 4685/4721/3860
f 4964/5000/3903 4685/4721/3860 4965/5001/4113
f 4692/4728/3867 4691/4727/3866 4939/4975/4091
f 4692/4728/3867 4939/4975/4091 4671/4707/3846
f 4685/4721/3860 4684/4720/3859 4963/4999/4112
f 4685/4721/3860 4963/4999/4112 4965/5001/4113
f 4845/4881/4008 150/333/153 4842/4878/4005
f 4845/4881/4008 4842/4878/4005 4846/4882/4009
f 150/333/153 4845/4881/4008 4847/4883/4010
f 150/333/153 4847/4883/4010 151/334/154
f 151/334/154 4847/4883/4010 4778/4814/3949
f 151/334/154 4778/4814/3949 4777/4813/3948
f 4967/5003/4115 4766/4802/3937 4968/5004/4116
f 4967/5003/4115 4968/5004/4116 4969/5005/4117
f 4967/5003/4115 4969/5005/4117 4970/5006/4118
f 4967/5003/4115 4970/5006/4118 4971/5007/4119
f 4972/5008/4120 4971/5007/4119 4970/5006/4118
f 4972/5008/4120 4970/5006/4118 4973/5009/4121
f 4974/5010/4122 4975/5011/4123 4663/4699/3838
f 4974/5010/4122 4663/4699/3838 4662/4698/3837
f 4672/4708/3847 4699/4735/3874 4975/5011/4123
f 4672/4708/3847 4975/5011/4123 4974/5010/4122
f 4725/4761/3898 4673/4709/3848 4976/5012/4124
f 4725/4761/3898 4976/5012/4124 4977/5013/4125
f 4976/5012/4124 4702/4738/3877 4704/4740/3879
f 4976/5012/4124 4704/4740/3879 4977/5013/4125
f 4673/4709/3848 4672/4708/3847 4974/5010/4122
f 4673/4709/3848 4974/5010/4122 4976/5012/4124
f 4976/5012/4124 4974/5010/4122 4662/4698/3837
f 4976/5012/4124 4662/4698/3837 4702/4738/3877
f 4707/4743/3882 4706/4742/3881 4978/5014/4126
f 4707/4743/3882 4978/5014/4126 4805/4841/3971
f 4805/4841/3971 4978/5014/4126 4739/4775/3912
f 4805/4841/3971 4739/4775/3912 4740/4776/3913
f 4768/4804/3939 4775/4811/3946 4761/4797/3932
f 4768/4804/3939 4761/4797/3932 4979/5015/4127
f 4979/5015/4127 4761/4797/3932 4757/4793/3928
f 4979/5015/4127 4757/4793/3928 4756/4792/3927
f 4933/4969/4085 4893/4929/4051 4879/4915/4040
f 4933/4969/4085 4879/4915/4040 4931/4967/4084
f 4980/5016/4128 4981/5017/4129 4809/4845/3975
f 4980/5016/4128 4809/4845/3975 4749/4785/3922
f 4706/4742/3881 4710/4746/3885 4982/5018/4130
f 4706/4742/3881 4982/5018/4130 4978/5014/4126
f 4978/5014/4126 4982/5018/4130 4770/4806/3941
f 4978/5014/4126 4770/4806/3941 4739/4775/3912
f 4712/4748/3887 4768/4804/3939 4979/5015/4127
f 4712/4748/3887 4979/5015/4127 4983/5019/4131
f 4983/5019/4131 4979/5015/4127 4756/4792/3927
f 4983/5019/4131 4756/4792/3927 4773/4809/3944
f 4748/4784/3921 4955/4991/4106 4980/5016/4128
f 4748/4784/3921 4980/5016/4128 4749/4785/3922
f 159/342/162 158/341/161 4890/4926/4048
f 159/342/162 4890/4926/4048 4984/5020/4132
f 4977/5013/4125 4704/4740/3879 4848/4884/4011
f 4977/5013/4125 4848/4884/4011 4985/5021/4133
f 4725/4761/3898 4977/5013/4125 4985/5021/4133
f 4725/4761/3898 4985/5021/4133 4726/4762/3899
f 4986/5022/4123 4987/5023/4134 4883/4919/4042
f 4986/5022/4123 4883/4919/4042 4884/4920/3838
f 4986/5022/4123 4721/4757/3874 4713/4749/3888
f 4986/5022/4123 4713/4749/3888 4987/5023/4134
f 4988/5024/4135 4989/5025/4136 158/341/161
f 4988/5024/4135 158/341/161 166/349/169
f 4903/4939/4061 4902/4938/4060 4946/4982/4097
f 4903/4939/4061 4946/4982/4097 4941/4977/4093
f 4990/5026/4137 4991/5027/4138 165/348/168
f 4990/5026/4137 165/348/168 183/366/186
f 4695/4731/3870 4707/4743/3882 4834/4870/3997
f 4695/4731/3870 4834/4870/3997 4934/4970/4086
f 4904/4940/4062 4770/4806/3941 4982/5018/4130
f 4904/4940/4062 4982/5018/4130 4992/5028/4139
f 4992/5028/4139 4982/5018/4130 4710/4746/3885
f 4992/5028/4139 4710/4746/3885 4738/4774/3911
f 4993/5029/4133 4905/4941/4011 4904/4940/4062
f 4993/5029/4133 4904/4940/4062 4992/5028/4139
f 4737/4773/3910 4993/5029/4133 4992/5028/4139
f 4737/4773/3910 4992/5028/4139 4738/4774/3911
f 4883/4919/4042 4987/5023/4134 4983/5019/4131
f 4883/4919/4042 4983/5019/4131 4773/4809/3944
f 4987/5023/4134 4713/4749/3888 4712/4748/3887
f 4987/5023/4134 4712/4748/3887 4983/5019/4131
f 4994/5030/4140 4971/5007/4119 4972/5008/4120
f 4994/5030/4140 4972/5008/4120 4995/5031/4141
f 4705/4741/3880 4994/5030/4140 4995/5031/4141
f 4705/4741/3880 4995/5031/4141 4849/4885/4012
f 4996/5032/4142 4967/5003/4115 4971/5007/4119
f 4996/5032/4142 4971/5007/4119 4994/5030/4140
f 4703/4739/3878 4996/5032/4142 4994/5030/4140
f 4703/4739/3878 4994/5030/4140 4705/4741/3880
f 4996/5032/4142 4763/4799/3934 4766/4802/3937
f 4996/5032/4142 4766/4802/3937 4967/5003/4115
f 4703/4739/3878 4665/4701/3840 4763/4799/3934
f 4703/4739/3878 4763/4799/3934 4996/5032/4142
f 191/371/191 170/353/173 4659/4695/3834
f 191/371/191 4659/4695/3834 4956/4992/4107
f 4997/5033/4143 4956/4992/4107 4907/4943/4063
f 4997/5033/4143 4907/4943/4063 4906/4942/4012
f 191/371/191 4956/4992/4107 4998/5034/4144
f 191/371/191 4998/5034/4144 4999/5035/4145
f 191/371/191 4999/5035/4145 4833/4869/3996
f 191/371/191 4833/4869/3996 195/375/195
f 5000/5036/4146 4968/5004/4116 4766/4802/3937
f 5000/5036/4146 4766/4802/3937 4765/4801/3936
f 156/339/159 4832/4868/4147 168/351/171
f 156/339/159 168/351/171 167/350/170
f 4947/4983/4098 4809/4845/3975 4981/5017/4129
f 4947/4983/4098 4981/5017/4129 4990/5026/4137
f 176/359/179 173/356/176 4989/5025/4136
f 176/359/179 4989/5025/4136 4988/5024/4135
f 4936/4972/4088 4774/4810/3945 4775/4811/3946
f 4936/4972/4088 4775/4811/3946 4817/4853/3981
f 4745/4781/3918 4758/4794/3929 4716/4752/3891
f 4745/4781/3918 4716/4752/3891 4719/4755/3894
f 4742/4778/3915 4745/4781/3918 4719/4755/3894
f 4742/4778/3915 4719/4755/3894 4734/4770/3907
f 4660/4696/3835 4658/4694/3833 4687/4723/3862
f 4660/4696/3835 4687/4723/3862 4700/4736/3875
f 4657/4693/3832 4688/4724/3863 4687/4723/3862
f 4657/4693/3832 4687/4723/3862 4658/4694/3833
f 4657/4693/3832 170/353/173 172/355/175
f 4657/4693/3832 172/355/175 4891/4927/4049
f 4743/4779/3916 4742/4778/3915 4891/4927/4049
f 4743/4779/3916 4891/4927/4049 172/355/175
f 4743/4779/3916 172/355/175 171/354/174
f 4743/4779/3916 171/354/174 4731/4767/3904
f 4743/4779/3916 4731/4767/3904 167/350/170
f 4743/4779/3916 167/350/170 169/352/172
f 175/358/178 5001/5037/4148 4837/4873/4000
f 175/358/178 4837/4873/4000 173/356/176
f 5002/5038/4149 4936/4972/4088 4938/4974/4090
f 5002/5038/4149 4938/4974/4090 5003/5039/4150
f 4991/5027/4138 5004/5040/4151 5005/5041/4152
f 4991/5027/4138 5005/5041/4152 4898/4934/4056
f 4990/5026/4137 4981/5017/4129 5004/5040/4151
f 4990/5026/4137 5004/5040/4151 4991/5027/4138
f 4934/4970/4086 4834/4870/3997 5006/5042/4153
f 4934/4970/4086 5006/5042/4153 5007/5043/4154
f 5007/5043/4154 5006/5042/4153 4893/4929/4051
f 5007/5043/4154 4893/4929/4051 4933/4969/4085
f 162/345/165 165/348/168 4991/5027/4138
f 162/345/165 4991/5027/4138 4898/4934/4056
f 183/366/186 182/365/185 4947/4983/4098
f 183/366/186 4947/4983/4098 4990/5026/4137
f 185/368/188 161/344/164 163/346/166
f 185/368/188 163/346/166 5008/5044/4155
f 4902/4938/4060 185/368/188 5008/5044/4155
f 4902/4938/4060 5008/5044/4155 4946/4982/4097
f 5009/5045/4156 5002/5038/4149 5003/5039/4150
f 5009/5045/4156 5003/5039/4150 4899/4935/4057
f 4718/4754/3893 174/357/177 176/359/179
f 4718/4754/3893 176/359/179 4733/4769/3906
f 4880/4916/4041 5010/5046/4157 5002/5038/4149
f 4880/4916/4041 5002/5038/4149 5009/5045/4156
f 4718/4754/3893 4717/4753/3892 175/358/178
f 4718/4754/3893 175/358/178 174/357/177
f 4717/4753/3892 4760/4796/3931 5001/5037/4148
f 4717/4753/3892 5001/5037/4148 175/358/178
f 5010/5046/4157 4774/4810/3945 4936/4972/4088
f 5010/5046/4157 4936/4972/4088 5002/5038/4149
f 4966/5002/4114 4733/4769/3906 176/359/179
f 4966/5002/4114 176/359/179 4988/5024/4135
f 4931/4967/4084 4879/4915/4040 4880/4916/4041
f 4931/4967/4084 4880/4916/4041 5009/5045/4156
f 5005/5041/4152 5009/5045/4156 4899/4935/4057
f 5005/5041/4152 4899/4935/4057 4898/4934/4056
f 4686/4722/3861 4689/4725/3864 166/349/169
f 4686/4722/3861 166/349/169 160/343/163
f 4836/4872/3999 4989/5025/4136 173/356/176
f 4836/4872/3999 173/356/176 4837/4873/4000
f 4966/5002/4114 4988/5024/4135 166/349/169
f 4966/5002/4114 166/349/169 4689/4725/3864
f 4806/4842/3972 4701/4737/3876 159/342/162
f 4806/4842/3972 159/342/162 4984/5020/4132
f 4890/4926/4048 158/341/161 4989/5025/4136
f 4890/4926/4048 4989/5025/4136 4836/4872/3999
f 4932/4968/474 4931/4967/4084 5009/5045/4156
f 4932/4968/474 5009/5045/4156 5005/5041/4152
f 4686/4722/3861 160/343/163 159/342/162
f 4686/4722/3861 159/342/162 4701/4737/3876
f 4980/5016/4128 4955/4991/4106 178/361/181
f 4980/5016/4128 178/361/181 5011/5047/4158
f 177/360/180 4932/4968/474 5011/5047/4158
f 177/360/180 5011/5047/4158 178/361/181
f 4932/4968/474 5005/5041/4152 5004/5040/4151
f 4932/4968/474 5004/5040/4151 5011/5047/4158
f 5011/5047/4158 5004/5040/4151 4981/5017/4129
f 5011/5047/4158 4981/5017/4129 4980/5016/4128
f 4954/4990/4105 179/362/182 178/361/181
f 4954/4990/4105 178/361/181 4955/4991/4106
f 4954/4990/4105 4935/4971/4087 180/363/183
f 4954/4990/4105 180/363/183 179/362/182
f 4895/4931/4053 4917/4953/4072 164/347/167
f 4895/4931/4053 164/347/167 181/364/184
f 4899/4935/4057 5003/5039/4150 5008/5044/4155
f 4899/4935/4057 5008/5044/4155 163/346/166
f 5003/5039/4150 4938/4974/4090 4946/4982/4097
f 5003/5039/4150 4946/4982/4097 5008/5044/4155
f 4934/4970/4086 5007/5043/4154 180/363/183
f 4934/4970/4086 180/363/183 4935/4971/4087
f 177/360/180 180/363/183 5007/5043/4154
f 177/360/180 5007/5043/4154 4933/4969/4085
f 183/366/186 4917/4953/4072 4927/4963/4080
f 183/366/186 4927/4963/4080 184/367/187
f 4900/4936/4058 186/369/189 185/368/188
f 4900/4936/4058 185/368/188 4902/4938/4060
f 4900/4936/4058 4896/4932/4054 187/370/190
f 4900/4936/4058 187/370/190 186/369/189
f 162/345/165 161/344/164 187/370/190
f 162/345/165 187/370/190 181/364/184
f 4896/4932/4054 4895/4931/4053 181/364/184
f 4896/4932/4054 181/364/184 187/370/190
f 5006/5042/4153 5012/5048/4159 4889/4925/4047
f 5006/5042/4153 4889/4925/4047 4893/4929/4051
f 4834/4870/3997 4804/4840/3970 5012/5048/4159
f 4834/4870/3997 5012/5048/4159 5006/5042/4153
f 4889/4925/4047 5012/5048/4159 4984/5020/4132
f 4889/4925/4047 4984/5020/4132 4890/4926/4048
f 4984/5020/4132 5012/5048/4159 4804/4840/3970
f 4984/5020/4132 4804/4840/3970 4806/4842/3972
f 4880/4916/4041 4838/4874/4001 5013/5049/4160
f 4880/4916/4041 5013/5049/4160 5010/5046/4157
f 5010/5046/4157 5013/5049/4160 4759/4795/3930
f 5010/5046/4157 4759/4795/3930 4774/4810/3945
f 4838/4874/4001 4837/4873/4000 5001/5037/4148
f 4838/4874/4001 5001/5037/4148 5013/5049/4160
f 5001/5037/4148 4760/4796/3931 4759/4795/3930
f 5001/5037/4148 4759/4795/3930 5013/5049/4160
f 4791/4827/3961 4794/4830/3964 5014/5050/3996
f 4791/4827/3961 5014/5050/3996 5015/5051/4161
f 5016/5052/4162 4852/4888/4015 4851/4887/4014
f 5016/5052/4162 4851/4887/4014 4788/4824/3959
f 4800/4836/3968 4799/4835/3967 4792/4828/3962
f 4800/4836/3968 4792/4828/3962 4791/4827/3961
f 4791/4827/3961 5016/5052/4162 4788/4824/3959
f 4791/4827/3961 4788/4824/3959 4800/4836/3968
f 4732/4768/3905 147/330/150 153/336/156
f 4732/4768/3905 153/336/156 4654/4690/3829
f 191/371/191 195/375/195 148/331/151
f 191/371/191 148/331/151 147/330/150
f 170/353/173 147/330/150 4732/4768/3905
f 170/353/173 4732/4768/3905 171/354/174
f 5017/5053/4163 5018/5054/4164 4646/4682/3821
f 5017/5053/4163 4646/4682/3821 4648/4684/3823
f 5017/5053/4163 4652/4688/3827 4638/4674/3813
f 5017/5053/4163 4638/4674/3813 5018/5054/4164
f 149/332/152 5019/5055/4165 4641/4677/3816
f 149/332/152 4641/4677/3816 153/336/156
f 4652/4688/3827 5017/5053/4163 193/373/193
f 4652/4688/3827 193/373/193 192/372/192
f 193/373/193 5017/5053/4163 4648/4684/3823
f 193/373/193 4648/4684/3823 194/374/194
f 5020/5056/4166 4643/4679/3818 4646/4682/3821
f 5020/5056/4166 4646/4682/3821 5018/5054/4164
f 4637/4673/3812 5020/5056/4166 5018/5054/4164
f 4637/4673/3812 5018/5054/4164 4638/4674/3813
f 4644/4680/3819 4643/4679/3818 5020/5056/4166
f 4644/4680/3819 5020/5056/4166 5019/5055/4165
f 4641/4677/3816 5019/5055/4165 5020/5056/4166
f 4641/4677/3816 5020/5056/4166 4637/4673/3812
f 148/331/151 196/376/196 4645/4681/3820
f 148/331/151 4645/4681/3820 4644/4680/3819
f 4645/4681/3820 196/376/196 4796/4832/3965
f 4645/4681/3820 4796/4832/3965 4858/4894/4021
f 148/331/151 4644/4680/3819 5019/5055/4165
f 148/331/151 5019/5055/4165 149/332/152
f 5021/5057/4167 5022/5058/4168 5023/5059/4169
f 5021/5057/4167 5023/5059/4169 5024/5060/4170
f 5024/5060/4170 5023/5059/4169 270/450/270
f 5024/5060/4170 270/450/270 269/449/269
f 5025/5061/4171 5026/5062/4172 5027/5063/4173
f 5025/5061/4171 5027/5063/4173 5028/5064/4174
f 5028/5064/4174 358/538/352 419/599/409
f 5028/5064/4174 419/599/409 5025/5061/4171
f 5029/5065/4175 5030/5066/4176 5031/5067/4177
f 5029/5065/4175 5031/5067/4177 5032/5068/4178
f 355/535/351 5029/5065/4175 5032/5068/4178
f 355/535/351 5032/5068/4178 362/542/356
f 5033/5069/4179 5034/5070/4180 5035/5071/4181
f 5033/5069/4179 5035/5071/4181 5036/5072/4182
f 5036/5072/4182 313/493/310 312/492/309
f 5036/5072/4182 312/492/309 5033/5069/4179
f 5037/5073/4183 5038/5074/4184 5039/5075/4185
f 5037/5073/4183 5039/5075/4185 5040/5076/4186
f 403/583/393 405/585/395 5038/5074/4184
f 403/583/393 5038/5074/4184 5037/5073/4183
f 5027/5063/4173 5041/5077/4187 5042/5078/4188
f 5027/5063/4173 5042/5078/4188 5028/5064/4174
f 5028/5064/4174 5042/5078/4188 356/536/350
f 5028/5064/4174 356/536/350 358/538/352
f 5043/5079/4187 5030/5066/4176 5029/5065/4175
f 5043/5079/4187 5029/5065/4175 5044/5080/4188
f 5044/5080/4188 5029/5065/4175 355/535/351
f 5044/5080/4188 355/535/351 354/534/350
f 5045/5081/4189 5046/5082/4190 5034/5070/4180
f 5045/5081/4189 5034/5070/4180 5033/5069/4179
f 364/544/357 5045/5081/4189 5033/5069/4179
f 364/544/357 5033/5069/4179 312/492/309
f 5032/5068/4178 5031/5067/4177 5047/5083/4190
f 5032/5068/4178 5047/5083/4190 5048/5084/4189
f 362/542/356 5032/5068/4178 5048/5084/4189
f 362/542/356 5048/5084/4189 359/539/353
f 5049/5085/4191 5050/5086/4192 5051/5087/4193
f 5049/5085/4191 5051/5087/4193 5052/5088/4194
f 401/581/391 400/580/390 5050/5086/4192
f 401/581/391 5050/5086/4192 5049/5085/4191
f 5040/5076/4186 5053/5089/4195 5054/5090/4196
f 5040/5076/4186 5054/5090/4196 5037/5073/4183
f 403/583/393 5037/5073/4183 5054/5090/4196
f 403/583/393 5054/5090/4196 402/582/392
f 5053/5089/4195 5021/5057/4167 5024/5060/4170
f 5053/5089/4195 5024/5060/4170 5054/5090/4196
f 402/582/392 5054/5090/4196 5024/5060/4170
f 402/582/392 5024/5060/4170 269/449/269
f 5039/5075/4185 5038/5074/4184 5055/5091/4197
f 5039/5075/4185 5055/5091/4197 5056/5092/4198
f 5038/5074/4184 405/585/395 404/584/394
f 5038/5074/4184 404/584/394 5055/5091/4197
f 5056/5092/4198 5055/5091/4197 5049/5085/4191
f 5056/5092/4198 5049/5085/4191 5052/5088/4194
f 5055/5091/4197 404/584/394 401/581/391
f 5055/5091/4197 401/581/391 5049/5085/4191
f 5051/5087/4193 5050/5086/4192 5057/5093/4199
f 5051/5087/4193 5057/5093/4199 5058/5094/4200
f 5050/5086/4192 400/580/390 415/595/405
f 5050/5086/4192 415/595/405 5057/5093/4199
f 5058/5094/4200 5057/5093/4199 5036/5072/4182
f 5058/5094/4200 5036/5072/4182 5035/5071/4181
f 5057/5093/4199 415/595/405 313/493/310
f 5057/5093/4199 313/493/310 5036/5072/4182
f 5022/5058/4168 5059/5095/4201 5060/5096/4202
f 5022/5058/4168 5060/5096/4202 5023/5059/4169
f 5023/5059/4169 5060/5096/4202 420/600/410
f 5023/5059/4169 420/600/410 270/450/270
f 5059/5095/4201 5026/5062/4172 5025/5061/4171
f 5059/5095/4201 5025/5061/4171 5060/5096/4202
f 5060/5096/4202 5025/5061/4171 419/599/409
f 5060/5096/4202 419/599/409 420/600/410
f 5061/5097/4203 4709/4745/3884 4708/4744/3883
f 5061/5097/4203 4708/4744/3883 5062/5098/4204
f 5021/5057/4167 5061/5097/4203 5062/5098/4204
f 5021/5057/4167 5062/5098/4204 5022/5058/4168
f 5063/5099/4205 4858/4894/4021 4796/4832/3965
f 5063/5099/4205 4796/4832/3965 5064/5100/4206
f 5064/5100/4206 5027/5063/4173 5026/5062/4172
f 5064/5100/4206 5026/5062/4172 5063/5099/4205
f 4792/4828/3962 4799/4835/3967 5065/5101/4207
f 4792/4828/3962 5065/5101/4207 5066/5102/4208
f 5066/5102/4208 5065/5101/4207 5031/5067/4177
f 5066/5102/4208 5031/5067/4177 5030/5066/4176
f 5067/5103/4209 4753/4789/3924 4752/4788/311
f 5067/5103/4209 4752/4788/311 5068/5104/4210
f 5068/5104/4210 5035/5071/4181 5034/5070/4180
f 5068/5104/4210 5034/5070/4180 5067/5103/4209
f 4842/4878/4005 5069/5105/4211 5070/5106/4212
f 4842/4878/4005 5070/5106/4212 4846/4882/4009
f 5069/5105/4211 5040/5076/4186 5039/5075/4185
f 5069/5105/4211 5039/5075/4185 5070/5106/4212
f 5064/5100/4206 4796/4832/3965 4795/4831/3963
f 5064/5100/4206 4795/4831/3963 5071/5107/4213
f 5027/5063/4173 5064/5100/4206 5071/5107/4213
f 5027/5063/4173 5071/5107/4213 5041/5077/4187
f 5072/5108/4213 4793/4829/3963 4792/4828/3962
f 5072/5108/4213 4792/4828/3962 5066/5102/4208
f 5043/5079/4187 5072/5108/4213 5066/5102/4208
f 5043/5079/4187 5066/5102/4208 5030/5066/4176
f 4802/4838/3966 4753/4789/3924 5067/5103/4209
f 4802/4838/3966 5067/5103/4209 5073/5109/4214
f 5073/5109/4214 5067/5103/4209 5034/5070/4180
f 5073/5109/4214 5034/5070/4180 5046/5082/4190
f 4799/4835/3967 4798/4834/3966 5074/5110/4214
f 4799/4835/3967 5074/5110/4214 5065/5101/4207
f 5065/5101/4207 5074/5110/4214 5047/5083/4190
f 5065/5101/4207 5047/5083/4190 5031/5067/4177
f 4839/4875/4002 5075/5111/4215 5076/5112/4216
f 4839/4875/4002 5076/5112/4216 4840/4876/4003
f 5075/5111/4215 5052/5088/4194 5051/5087/4193
f 5075/5111/4215 5051/5087/4193 5076/5112/4216
f 4842/4878/4005 4841/4877/4004 5077/5113/4217
f 4842/4878/4005 5077/5113/4217 5069/5105/4211
f 5040/5076/4186 5069/5105/4211 5077/5113/4217
f 5040/5076/4186 5077/5113/4217 5053/5089/4195
f 4841/4877/4004 4709/4745/3884 5061/5097/4203
f 4841/4877/4004 5061/5097/4203 5077/5113/4217
f 5053/5089/4195 5077/5113/4217 5061/5097/4203
f 5053/5089/4195 5061/5097/4203 5021/5057/4167
f 5070/5106/4212 5078/5114/4218 4843/4879/4006
f 5070/5106/4212 4843/4879/4006 4846/4882/4009
f 5039/5075/4185 5056/5092/4198 5078/5114/4218
f 5039/5075/4185 5078/5114/4218 5070/5106/4212
f 5078/5114/4218 5075/5111/4215 4839/4875/4002
f 5078/5114/4218 4839/4875/4002 4843/4879/4006
f 5056/5092/4198 5052/5088/4194 5075/5111/4215
f 5056/5092/4198 5075/5111/4215 5078/5114/4218
f 5076/5112/4216 5079/5115/4219 4854/4890/4017
f 5076/5112/4216 4854/4890/4017 4840/4876/4003
f 5051/5087/4193 5058/5094/4200 5079/5115/4219
f 5051/5087/4193 5079/5115/4219 5076/5112/4216
f 5079/5115/4219 5068/5104/4210 4752/4788/311
f 5079/5115/4219 4752/4788/311 4854/4890/4017
f 5058/5094/4200 5035/5071/4181 5068/5104/4210
f 5058/5094/4200 5068/5104/4210 5079/5115/4219
f 5062/5098/4204 4708/4744/3883 4859/4895/4022
f 5062/5098/4204 4859/4895/4022 5080/5116/4220
f 5022/5058/4168 5062/5098/4204 5080/5116/4220
f 5022/5058/4168 5080/5116/4220 5059/5095/4201
f 5080/5116/4220 4859/4895/4022 4858/4894/4021
f 5080/5116/4220 4858/4894/4021 5063/5099/4205
f 5059/5095/4201 5080/5116/4220 5063/5099/4205
f 5059/5095/4201 5063/5099/4205 5026/5062/4172
f 5081/5117/4221 5082/5118/4222 4083/4119/3318
f 5081/5117/4221 4083/4119/3318 4060/4096/3299
f 4257/4293/3469 4246/4282/3459 5082/5118/4222
f 4257/4293/3469 5082/5118/4222 5081/5117/4221
f 5083/5119/4223 5081/5117/4221 4060/4096/3299
f 5083/5119/4223 4060/4096/3299 4059/4095/3298
f 4248/4284/3461 4257/4293/3469 5081/5117/4221
f 4248/4284/3461 5081/5117/4221 5083/5119/4223
f 5084/5120/4224 5085/5121/4225 4065/4101/3303
f 5084/5120/4224 4065/4101/3303 4068/4104/3306
f 5084/5120/4224 4255/4291/3467 4256/4292/3468
f 5084/5120/4224 4256/4292/3468 5085/5121/4225
f 4069/4105/2401 5086/5122/4226 5084/5120/4224
f 4069/4105/2401 5084/5120/4224 4068/4104/3306
f 5086/5122/4226 4250/4286/2591 4255/4291/3467
f 5086/5122/4226 4255/4291/3467 5084/5120/4224
f 4080/4116/3317 4082/4118/2412 5087/5123/4227
f 4080/4116/3317 5087/5123/4227 5088/5124/4228
f 5088/5124/4228 5087/5123/4227 4245/4281/2581
f 5088/5124/4228 4245/4281/2581 4254/4290/3466
f 4078/4114/3315 4080/4116/3317 5088/5124/4228
f 4078/4114/3315 5088/5124/4228 5089/5125/4229
f 5089/5125/4229 5088/5124/4228 4254/4290/3466
f 5089/5125/4229 4254/4290/3466 4252/4288/3464
f 5090/5126/4230 4071/4107/3308 4074/4110/3311
f 5090/5126/4230 4074/4110/3311 5091/5127/4231
f 4249/4285/3462 5090/5126/4230 5091/5127/4231
f 4249/4285/3462 5091/5127/4231 4253/4289/3465
f 5091/5127/4231 4074/4110/3311 4076/4112/3313
f 5091/5127/4231 4076/4112/3313 5092/5128/4232
f 4253/4289/3465 5091/5127/4231 5092/5128/4232
f 4253/4289/3465 5092/5128/4232 4251/4287/3463
f 4076/4112/3313 4078/4114/3315 5089/5125/4229
f 4076/4112/3313 5089/5125/4229 5092/5128/4232
f 5092/5128/4232 5089/5125/4229 4252/4288/3464
f 5092/5128/4232 4252/4288/3464 4251/4287/3463
f 4071/4107/3308 5090/5126/4230 5086/5122/4226
f 4071/4107/3308 5086/5122/4226 4069/4105/2401
f 5090/5126/4230 4249/4285/3462 4250/4286/2591
f 5090/5126/4230 4250/4286/2591 5086/5122/4226
f 4064/4100/3303 5093/5129/4225 5083/5119/4223
f 4064/4100/3303 5083/5119/4223 4059/4095/3298
f 5093/5129/4225 4247/4283/3460 4248/4284/3461
f 5093/5129/4225 4248/4284/3461 5083/5119/4223
f 4082/4118/2412 4083/4119/3318 5082/5118/4222
f 4082/4118/2412 5082/5118/4222 5087/5123/4227
f 5087/5123/4227 5082/5118/4222 4246/4282/3459
f 5087/5123/4227 4246/4282/3459 4245/4281/2581
f 5094/5130/4233 4061/4097/3300 4084/4120/3319
f 5094/5130/4233 4084/4120/3319 5095/5131/4234
f 4244/4280/3458 5094/5130/4233 5095/5131/4234
f 4244/4280/3458 5095/5131/4234 4233/4269/3449
f 5096/5132/4235 4062/4098/3301 4061/4097/3300
f 5096/5132/4235 4061/4097/3300 5094/5130/4233
f 4235/4271/3451 5096/5132/4235 5094/5130/4233
f 4235/4271/3451 5094/5130/4233 4244/4280/3458
f 4067/4103/3305 4066/4102/3304 5097/5133/4236
f 4067/4103/3305 5097/5133/4236 5098/5134/4237
f 5098/5134/4237 5097/5133/4236 4243/4279/3457
f 5098/5134/4237 4243/4279/3457 4242/4278/3456
f 4070/4106/3307 4067/4103/3305 5098/5134/4237
f 4070/4106/3307 5098/5134/4237 5099/5135/4238
f 5099/5135/4238 5098/5134/4237 4242/4278/3456
f 5099/5135/4238 4242/4278/3456 4237/4273/2566
f 4079/4115/3316 5100/5136/4239 5101/5137/4240
f 4079/4115/3316 5101/5137/4240 4081/4117/2413
f 5100/5136/4239 4241/4277/2575 4232/4268/3448
f 5100/5136/4239 4232/4268/3448 5101/5137/4240
f 4077/4113/3314 5102/5138/4241 5100/5136/4239
f 4077/4113/3314 5100/5136/4239 4079/4115/3316
f 5102/5138/4241 4239/4275/3454 4241/4277/2575
f 5102/5138/4241 4241/4277/2575 5100/5136/4239
f 5103/5139/4242 5104/5140/4243 4073/4109/3310
f 5103/5139/4242 4073/4109/3310 4072/4108/3309
f 4236/4272/3452 4240/4276/3455 5104/5140/4243
f 4236/4272/3452 5104/5140/4243 5103/5139/4242
f 5104/5140/4243 5105/5141/4244 4075/4111/3312
f 5104/5140/4243 4075/4111/3312 4073/4109/3310
f 4240/4276/3455 4238/4274/3453 5105/5141/4244
f 4240/4276/3455 5105/5141/4244 5104/5140/4243
f 4075/4111/3312 5105/5141/4244 5102/5138/4241
f 4075/4111/3312 5102/5138/4241 4077/4113/3314
f 5105/5141/4244 4238/4274/3453 4239/4275/3454
f 5105/5141/4244 4239/4275/3454 5102/5138/4241
f 4072/4108/3309 4070/4106/3307 5099/5135/4238
f 4072/4108/3309 5099/5135/4238 5103/5139/4242
f 5103/5139/4242 5099/5135/4238 4237/4273/2566
f 5103/5139/4242 4237/4273/2566 4236/4272/3452
f 4063/4099/3302 4062/4098/3301 5096/5132/4235
f 4063/4099/3302 5096/5132/4235 5106/5142/4245
f 5106/5142/4245 5096/5132/4235 4235/4271/3451
f 5106/5142/4245 4235/4271/3451 4234/4270/3450
f 4081/4117/2413 5101/5137/4240 5095/5131/4234
f 4081/4117/2413 5095/5131/4234 4084/4120/3319
f 5101/5137/4240 4232/4268/3448 4233/4269/3449
f 5101/5137/4240 4233/4269/3449 5095/5131/4234
f 5107/5143/4246 5108/5144/4247 2849/2933/2415
f 5107/5143/4246 2849/2933/2415 2826/2910/2393
f 3061/3145/2603 3037/3121/2582 5108/5144/4247
f 3061/3145/2603 5108/5144/4247 5107/5143/4246
f 2825/2909/2392 5109/5145/4248 5107/5143/4246
f 2825/2909/2392 5107/5143/4246 2826/2910/2393
f 5109/5145/4248 3043/3127/2588 3061/3145/2603
f 5109/5145/4248 3061/3145/2603 5107/5143/4246
f 2833/2917/2399 5110/5146/4249 5111/5147/4250
f 2833/2917/2399 5111/5147/4250 2830/2914/2397
f 5110/5146/4249 3057/3141/2600 3059/3143/2601
f 5110/5146/4249 3059/3143/2601 5111/5147/4250
f 2835/2919/2401 5112/5148/4251 5110/5146/4249
f 2835/2919/2401 5110/5146/4249 2833/2917/2399
f 5112/5148/4251 3047/3131/2591 3057/3141/2600
f 5112/5148/4251 3057/3141/2600 5110/5146/4249
f 2845/2929/2411 2846/2930/2412 5113/5149/4227
f 2845/2929/2411 5113/5149/4227 5114/5150/4252
f 5114/5150/4252 5113/5149/4227 3036/3120/2581
f 5114/5150/4252 3036/3120/2581 3054/3138/2598
f 2843/2927/2409 2845/2929/2411 5114/5150/4252
f 2843/2927/2409 5114/5150/4252 5115/5151/4253
f 5115/5151/4253 5114/5150/4252 3054/3138/2598
f 5115/5151/4253 3054/3138/2598 3049/3133/2593
f 5116/5152/4254 2837/2921/2403 2838/2922/2404
f 5116/5152/4254 2838/2922/2404 5117/5153/4255
f 3044/3128/2589 5116/5152/4254 5117/5153/4255
f 3044/3128/2589 5117/5153/4255 3052/3136/2596
f 2838/2922/2404 2841/2925/2407 5118/5154/4256
f 2838/2922/2404 5118/5154/4256 5117/5153/4255
f 5117/5153/4255 5118/5154/4256 3048/3132/2592
f 5117/5153/4255 3048/3132/2592 3052/3136/2596
f 2841/2925/2407 2843/2927/2409 5115/5151/4253
f 2841/2925/2407 5115/5151/4253 5118/5154/4256
f 5118/5154/4256 5115/5151/4253 3049/3133/2593
f 5118/5154/4256 3049/3133/2593 3048/3132/2592
f 2837/2921/2403 5116/5152/4254 5112/5148/4251
f 2837/2921/2403 5112/5148/4251 2835/2919/2401
f 5116/5152/4254 3044/3128/2589 3047/3131/2591
f 5116/5152/4254 3047/3131/2591 5112/5148/4251
f 2829/2913/2396 5119/5155/4250 5109/5145/4248
f 2829/2913/2396 5109/5145/4248 2825/2909/2392
f 5119/5155/4250 3040/3124/2585 3043/3127/2588
f 5119/5155/4250 3043/3127/2588 5109/5145/4248
f 2846/2930/2412 2849/2933/2415 5108/5144/4247
f 2846/2930/2412 5108/5144/4247 5113/5149/4227
f 5113/5149/4227 5108/5144/4247 3037/3121/2582
f 5113/5149/4227 3037/3121/2582 3036/3120/2581
f 5120/5156/4257 2827/2911/2394 2848/2932/2414
f 5120/5156/4257 2848/2932/2414 5121/5157/4258
f 3034/3118/2579 5120/5156/4257 5121/5157/4258
f 3034/3118/2579 5121/5157/4258 3013/3097/2560
f 2824/2908/2391 2827/2911/2394 5120/5156/4257
f 2824/2908/2391 5120/5156/4257 5122/5158/4259
f 5122/5158/4259 5120/5156/4257 3034/3118/2579
f 5122/5158/4259 3034/3118/2579 3015/3099/2562
f 2832/2916/2398 2831/2915/2395 5123/5159/4260
f 2832/2916/2398 5123/5159/4260 5124/5160/4261
f 3030/3114/2576 5124/5160/4261 5123/5159/4260
f 3030/3114/2576 5123/5159/4260 3032/3116/2561
f 2834/2918/2400 2832/2916/2398 5124/5160/4261
f 2834/2918/2400 5124/5160/4261 5125/5161/4262
f 5125/5161/4262 5124/5160/4261 3030/3114/2576
f 5125/5161/4262 3030/3114/2576 3019/3103/2566
f 2844/2928/2410 5126/5162/4263 5127/5163/4240
f 2844/2928/2410 5127/5163/4240 2847/2931/2413
f 5126/5162/4263 3029/3113/2575 3010/3094/2558
f 5126/5162/4263 3010/3094/2558 5127/5163/4240
f 2842/2926/2408 5128/5164/4241 5126/5162/4263
f 2842/2926/2408 5126/5162/4263 2844/2928/2410
f 5128/5164/4241 3025/3109/2571 3029/3113/2575
f 5128/5164/4241 3029/3113/2575 5126/5162/4263
f 5129/5165/4242 5130/5166/4264 2839/2923/2405
f 5129/5165/4242 2839/2923/2405 2836/2920/2402
f 3018/3102/2565 3026/3110/2572 5130/5166/4264
f 3018/3102/2565 5130/5166/4264 5129/5165/4242
f 2839/2923/2405 5130/5166/4264 5131/5167/4265
f 2839/2923/2405 5131/5167/4265 2840/2924/2406
f 5130/5166/4264 3026/3110/2572 3022/3106/2568
f 5130/5166/4264 3022/3106/2568 5131/5167/4265
f 2840/2924/2406 5131/5167/4265 5128/5164/4241
f 2840/2924/2406 5128/5164/4241 2842/2926/2408
f 5131/5167/4265 3022/3106/2568 3025/3109/2571
f 5131/5167/4265 3025/3109/2571 5128/5164/4241
f 2836/2920/2402 2834/2918/2400 5125/5161/4262
f 2836/2920/2402 5125/5161/4262 5129/5165/4242
f 5129/5165/4242 5125/5161/4262 3019/3103/2566
f 5129/5165/4242 3019/3103/2566 3018/3102/2565
f 2828/2912/2395 2824/2908/2391 5122/5158/4259
f 2828/2912/2395 5122/5158/4259 5132/5168/4266
f 5132/5168/4266 5122/5158/4259 3015/3099/2562
f 5132/5168/4266 3015/3099/2562 3014/3098/2561
f 2847/2931/2413 5127/5163/4240 5121/5157/4258
f 2847/2931/2413 5121/5157/4258 2848/2932/2414
f 5127/5163/4240 3010/3094/2558 3013/3097/2560
f 5127/5163/4240 3013/3097/2560 5121/5157/4258
f 5133/5169/4267 5134/5170/4268 5135/5171/4269
f 5133/5169/4267 5135/5171/4269 5136/5172/4270
f 5137/5173/4271 5138/5174/4272 5133/5169/4267
f 5137/5173/4271 5133/5169/4267 5136/5172/4270
f 5139/5175/4273 5140/5176/4274 5141/5177/4275
f 5139/5175/4273 5141/5177/4275 5142/5178/4276
f 5143/5179/4277 5141/5177/4275 5140/5176/4274
f 5143/5179/4277 5140/5176/4274 5144/5180/4278
f 5145/5181/4278 5146/5182/4279 5147/5183/4275
f 5145/5181/4278 5147/5183/4275 5148/5184/4280
f 5149/5185/4276 5147/5183/4275 5146/5182/4279
f 5149/5185/4276 5146/5182/4279 5150/5186/4273
f 5151/5187/4281 5152/5188/4282 5153/5189/4283
f 5151/5187/4281 5153/5189/4283 5154/5190/4284
f 5155/5191/4285 5156/5192/4286 5154/5190/4284
f 5155/5191/4285 5154/5190/4284 5153/5189/4283
f 5157/5193/4287 5158/5194/4288 5159/5195/4282
f 5157/5193/4287 5159/5195/4282 5160/5196/4289
f 5158/5194/4288 5157/5193/4287 5161/5197/4290
f 5158/5194/4288 5161/5197/4290 5162/5198/4291
f 5163/5199/4292 5164/5200/4293 5165/5201/4294
f 5163/5199/4292 5165/5201/4294 5166/5202/4295
f 5166/5202/4295 5165/5201/4294 5167/5203/4296
f 5166/5202/4295 5167/5203/4296 5168/5204/4297
f 5169/5205/4298 5170/5206/4299 5171/5207/4300
f 5169/5205/4298 5171/5207/4300 5172/5208/4301
f 5172/5208/4301 5173/5209/4302 5174/5210/4303
f 5172/5208/4301 5174/5210/4303 5169/5205/4298
f 5175/5211/4301 5176/5212/4304 5177/5213/4303
f 5175/5211/4301 5177/5213/4303 5178/5214/4305
f 5179/5215/4299 5176/5212/4304 5175/5211/4301
f 5179/5215/4299 5175/5211/4301 5180/5216/4306
f 5181/5217/4307 5182/5218/4308 5183/5219/4309
f 5181/5217/4307 5183/5219/4309 5184/5220/4310
f 5185/5221/4311 5186/5222/4312 5184/5220/4310
f 5185/5221/4311 5184/5220/4310 5183/5219/4309
f 5187/5223/4313 5188/5224/4314 5189/5225/4315
f 5187/5223/4313 5189/5225/4315 5190/5226/4316
f 5188/5224/4314 5187/5223/4313 5191/5227/4317
f 5188/5224/4314 5191/5227/4317 5192/5228/4318
f 5193/5229/4319 5194/5230/4320 5195/5231/4321
f 5193/5229/4319 5195/5231/4321 5196/5232/4322
f 5197/5233/4323 5194/5230/4320 5193/5229/4319
f 5197/5233/4323 5193/5229/4319 5198/5234/4324
f 5199/5235/4325 5200/5236/4326 5201/5237/4327
f 5199/5235/4325 5201/5237/4327 5202/5238/4328
f 5203/5239/4329 5199/5235/4325 5202/5238/4328
f 5203/5239/4329 5202/5238/4328 5204/5240/4330
f 5205/5241/4329 5206/5242/4331 5207/5243/4332
f 5205/5241/4329 5207/5243/4332 5208/5244/4333
f 5209/5245/4327 5210/5246/4334 5208/5244/4333
f 5209/5245/4327 5208/5244/4333 5207/5243/4332
f 5211/5247/4335 5212/5248/4323 5213/5249/4324
f 5211/5247/4335 5213/5249/4324 5214/5250/4336
f 5214/5250/4336 5215/5251/4322 5216/5252/4337
f 5214/5250/4336 5216/5252/4337 5211/5247/4335
f 5217/5253/4338 5218/5254/4318 5219/5255/4339
f 5217/5253/4338 5219/5255/4339 5220/5256/4313
f 5221/5257/4340 5222/5258/4341 5217/5253/4338
f 5221/5257/4340 5217/5253/4338 5220/5256/4313
f 5223/5259/4309 5224/5260/4342 5225/5261/4343
f 5223/5259/4309 5225/5261/4343 5226/5262/4344
f 5227/5263/4307 5224/5260/4342 5223/5259/4309
f 5227/5263/4307 5223/5259/4309 5228/5264/4345
f 5229/5265/4346 5230/5266/4347 5231/5267/4348
f 5229/5265/4346 5231/5267/4348 5232/5268/4349
f 5233/5269/4350 5229/5265/4346 5232/5268/4349
f 5233/5269/4350 5232/5268/4349 5234/5270/4351
f 5235/5271/4352 5236/5272/4353 5237/5273/4354
f 5235/5271/4352 5237/5273/4354 5238/5274/4355
f 5236/5272/4353 5239/5275/4356 5240/5276/4357
f 5236/5272/4353 5240/5276/4357 5237/5273/4354
f 5241/5277/4358 5242/5278/4359 5243/5279/4360
f 5241/5277/4358 5243/5279/4360 5244/5280/4361
f 5244/5280/4361 5245/5281/4362 5246/5282/4363
f 5244/5280/4361 5246/5282/4363 5241/5277/4358
f 5247/5283/4364 5248/5284/4365 5249/5285/4366
f 5247/5283/4364 5249/5285/4366 5250/5286/4367
f 5251/5287/4368 5248/5284/4365 5247/5283/4364
f 5251/5287/4368 5247/5283/4364 5252/5288/4369
f 5253/5289/4370 5254/5290/4371 5255/5291/4372
f 5253/5289/4370 5255/5291/4372 5256/5292/4373
f 5257/5293/4374 5258/5294/4375 5254/5290/4371
f 5257/5293/4374 5254/5290/4371 5253/5289/4370
f 5259/5295/4376 5260/5296/4377 5261/5297/4378
f 5259/5295/4376 5261/5297/4378 5262/5298/4379
f 5262/5298/4379 5261/5297/4378 5263/5299/4380
f 5262/5298/4379 5263/5299/4380 5264/5300/4381
f 5265/5301/4382 5266/5302/4383 5267/5303/4384
f 5265/5301/4382 5267/5303/4384 5268/5304/4385
f 5269/5305/4386 5266/5302/4383 5265/5301/4382
f 5269/5305/4386 5265/5301/4382 5270/5306/4387
f 5271/5307/4388 5272/5308/4389 5273/5309/4390
f 5271/5307/4388 5273/5309/4390 5274/5310/4391
f 5275/5311/4392 5276/5312/4393 5273/5309/4390
f 5275/5311/4392 5273/5309/4390 5272/5308/4389
f 5277/5313/4394 5278/5314/4395 5279/5315/4396
f 5277/5313/4394 5279/5315/4396 5280/5316/4397
f 5281/5317/4398 5280/5316/4397 5279/5315/4396
f 5281/5317/4398 5279/5315/4396 5282/5318/4399
f 5283/5319/4400 5284/5320/4401 5285/5321/4402
f 5283/5319/4400 5285/5321/4402 5286/5322/4403
f 5287/5323/4404 5285/5321/4402 5284/5320/4401
f 5287/5323/4404 5284/5320/4401 5288/5324/4405
f 5289/5325/4406 5290/5326/4407 5291/5327/4408
f 5289/5325/4406 5291/5327/4408 5292/5328/4409
f 5293/5329/4410 5292/5328/4409 5291/5327/4408
f 5293/5329/4410 5291/5327/4408 5294/5330/4411
f 5295/5331/4412 5296/5332/4413 5297/5333/4414
f 5295/5331/4412 5297/5333/4414 5298/5334/4415
f 5296/5332/4413 5295/5331/4412 5299/5335/4416
f 5296/5332/4413 5299/5335/4416 5300/5336/4417
f 5301/5337/4418 5302/5338/4419 5303/5339/4420
f 5301/5337/4418 5303/5339/4420 5304/5340/4421
f 5305/5341/4422 5303/5339/4420 5302/5338/4419
f 5305/5341/4422 5302/5338/4419 5306/5342/4423
f 5307/5343/4424 5308/5344/4425 5309/5345/4426
f 5307/5343/4424 5309/5345/4426 5310/5346/4427
f 5310/5346/4427 5311/5347/4428 5312/5348/4429
f 5310/5346/4427 5312/5348/4429 5307/5343/4424
f 5313/5349/4430 5314/5350/4431 5315/5351/4432
f 5313/5349/4430 5315/5351/4432 5316/5352/4433
f 5317/5353/4434 5318/5354/4435 5316/5352/4433
f 5317/5353/4434 5316/5352/4433 5315/5351/4432
f 5319/5355/4436 5320/5356/4417 5321/5357/4437
f 5319/5355/4436 5321/5357/4437 5322/5358/4438
f 5322/5358/4438 5323/5359/4439 5324/5360/4414
f 5322/5358/4438 5324/5360/4414 5319/5355/4436
f 5275/5311/4392 5268/5304/4385 5267/5303/4384
f 5275/5311/4392 5267/5303/4384 5276/5312/4393
f 5282/5318/4399 5226/5262/4344 5225/5261/4343
f 5282/5318/4399 5225/5261/4343 5281/5317/4398
f 5260/5296/4377 5259/5295/4376 5256/5292/4373
f 5260/5296/4377 5256/5292/4373 5255/5291/4372
f 5219/5255/4339 5218/5254/4318 5287/5323/4404
f 5219/5255/4339 5287/5323/4404 5288/5324/4405
f 5252/5288/4369 5243/5279/4360 5242/5278/4359
f 5252/5288/4369 5242/5278/4359 5251/5287/4368
f 5293/5329/4410 5294/5330/4411 5213/5249/4324
f 5293/5329/4410 5213/5249/4324 5212/5248/4323
f 5238/5274/4355 5231/5267/4348 5230/5266/4347
f 5238/5274/4355 5230/5266/4347 5235/5271/4352
f 5206/5242/4331 5205/5241/4329 5300/5336/4417
f 5206/5242/4331 5300/5336/4417 5299/5335/4416
f 5323/5359/4439 5298/5334/4415 5297/5333/4414
f 5323/5359/4439 5297/5333/4414 5324/5360/4414
f 5290/5326/4407 5289/5325/4406 5318/5354/4435
f 5290/5326/4407 5318/5354/4435 5317/5353/4434
f 5311/5347/4428 5283/5319/4400 5286/5322/4403
f 5311/5347/4428 5286/5322/4403 5312/5348/4429
f 5305/5341/4422 5306/5342/4423 5278/5314/4395
f 5305/5341/4422 5278/5314/4395 5277/5313/4394
f 5245/5281/4362 5325/5361/4440 5326/5362/4441
f 5245/5281/4362 5326/5362/4441 5246/5282/4363
f 5327/5363/4442 5233/5269/4350 5234/5270/4351
f 5327/5363/4442 5234/5270/4351 5328/5364/4443
f 5329/5365/4444 5269/5305/4386 5270/5306/4387
f 5329/5365/4444 5270/5306/4387 5330/5366/4445
f 5331/5367/4446 5332/5368/4447 5258/5294/4375
f 5331/5367/4446 5258/5294/4375 5257/5293/4374
f 5178/5214/4305 5177/5213/4303 5174/5210/4303
f 5178/5214/4305 5174/5210/4303 5173/5209/4302
f 5164/5200/4293 5163/5199/4292 5186/5222/4312
f 5164/5200/4293 5186/5222/4312 5185/5221/4311
f 5156/5192/4286 5155/5191/4285 5162/5198/4291
f 5156/5192/4286 5162/5198/4291 5161/5197/4290
f 5148/5184/4280 5192/5228/4318 5191/5227/4317
f 5148/5184/4280 5191/5227/4317 5145/5181/4278
f 5149/5185/4276 5150/5186/4273 5139/5175/4273
f 5149/5185/4276 5139/5175/4273 5142/5178/4276
f 5198/5234/4324 5152/5188/4282 5151/5187/4281
f 5198/5234/4324 5151/5187/4281 5197/5233/4323
f 5168/5204/4297 5167/5203/4296 5135/5171/4269
f 5168/5204/4297 5135/5171/4269 5134/5170/4268
f 5204/5240/4330 5171/5207/4300 5170/5206/4299
f 5204/5240/4330 5170/5206/4299 5203/5239/4329
f 5137/5173/4271 5333/5369/4448 5334/5370/4449
f 5137/5173/4271 5334/5370/4449 5138/5174/4272
f 5335/5371/4450 5143/5179/4277 5144/5180/4278
f 5335/5371/4450 5144/5180/4278 5336/5372/4451
f 5337/5373/4452 5179/5215/4299 5180/5216/4306
f 5337/5373/4452 5180/5216/4306 5338/5374/4453
f 5339/5375/4454 5160/5196/4289 5159/5195/4282
f 5339/5375/4454 5159/5195/4282 5340/5376/4455
f 5209/5245/4327 5201/5237/4327 5200/5236/4326
f 5209/5245/4327 5200/5236/4326 5210/5246/4334
f 5216/5252/4337 5215/5251/4322 5196/5232/4322
f 5216/5252/4337 5196/5232/4322 5195/5231/4321
f 5222/5258/4341 5221/5257/4340 5190/5226/4316
f 5222/5258/4341 5190/5226/4316 5189/5225/4315
f 5228/5264/4345 5182/5218/4308 5181/5217/4307
f 5228/5264/4345 5181/5217/4307 5227/5263/4307
f 5304/5340/4421 5250/5286/4367 5249/5285/4366
f 5304/5340/4421 5249/5285/4366 5301/5337/4418
f 5309/5345/4426 5308/5344/4425 5264/5300/4381
f 5309/5345/4426 5264/5300/4381 5263/5299/4380
f 5314/5350/4431 5313/5349/4430 5240/5276/4357
f 5314/5350/4431 5240/5276/4357 5239/5275/4356
f 5271/5307/4388 5274/5310/4391 5321/5357/4437
f 5271/5307/4388 5321/5357/4437 5320/5356/4417
f 5341/5377/4456 5342/5378/4457 5343/5379/4458
f 5341/5377/4456 5343/5379/4458 5344/5380/4459
f 5345/5381/4460 5346/5382/4461 5347/5383/4462
f 5345/5381/4460 5347/5383/4462 5348/5384/4463
f 5349/5385/4464 5347/5383/4462 5346/5382/4461
f 5349/5385/4464 5346/5382/4461 5350/5386/4465
f 5335/5371/4450 5336/5372/4451 5349/5385/4464
f 5335/5371/4450 5349/5385/4464 5350/5386/4465
f 5351/5387/4466 5352/5388/4463 5347/5383/4462
f 5351/5387/4466 5347/5383/4462 5353/5389/4467
f 5351/5387/4466 5353/5389/4467 5337/5373/4452
f 5351/5387/4466 5337/5373/4452 5338/5374/4453
f 5354/5390/4468 5355/5391/4469 5345/5381/4460
f 5354/5390/4468 5345/5381/4460 5348/5384/4463
f 5355/5391/4469 5354/5390/4468 5339/5375/4454
f 5355/5391/4469 5339/5375/4454 5340/5376/4455
f 5346/5382/4461 5345/5381/4460 5356/5392/4470
f 5346/5382/4461 5356/5392/4470 5357/5393/4471
f 5334/5370/4449 5333/5369/4448 5357/5393/4471
f 5334/5370/4449 5357/5393/4471 5356/5392/4470
f 5341/5377/4456 5344/5380/4459 5358/5394/4472
f 5341/5377/4456 5358/5394/4472 5359/5395/4473
f 5358/5394/4472 5326/5362/4441 5325/5361/4440
f 5358/5394/4472 5325/5361/4440 5359/5395/4473
f 5360/5396/4474 5342/5378/4457 5341/5377/4456
f 5360/5396/4474 5341/5377/4456 5361/5397/4475
f 5360/5396/4474 5361/5397/4475 5327/5363/4442
f 5360/5396/4474 5327/5363/4442 5328/5364/4443
f 5362/5398/4476 5363/5399/4477 5343/5379/4458
f 5362/5398/4476 5343/5379/4458 5364/5400/4478
f 5330/5366/4445 5363/5399/4477 5362/5398/4476
f 5330/5366/4445 5362/5398/4476 5329/5365/4444
f 5365/5401/4479 5366/5402/4480 5344/5380/4459
f 5365/5401/4479 5344/5380/4459 5343/5379/4458
f 5365/5401/4479 5332/5368/4447 5331/5367/4446
f 5365/5401/4479 5331/5367/4446 5366/5402/4480
f 5321/5357/4437 5274/5310/4391 5367/5403/4481
f 5321/5357/4437 5367/5403/4481 5368/5404/4482
f 5369/5405/4483 5368/5404/4482 5367/5403/4481
f 5369/5405/4483 5367/5403/4481 5370/5406/4357
f 5320/5356/4417 5371/5407/4484 5372/5408/4485
f 5320/5356/4417 5372/5408/4485 5271/5307/4388
f 5263/5299/4380 5372/5408/4485 5371/5407/4484
f 5263/5299/4380 5371/5407/4484 5309/5345/4426
f 5373/5409/4486 5314/5350/4431 5239/5275/4356
f 5373/5409/4486 5239/5275/4356 5374/5410/4487
f 5304/5340/4421 5373/5409/4486 5374/5410/4487
f 5304/5340/4421 5374/5410/4487 5250/5286/4367
f 5264/5300/4381 5308/5344/4425 5375/5411/4488
f 5264/5300/4381 5375/5411/4488 5376/5412/4489
f 5249/5285/4366 5376/5412/4489 5375/5411/4488
f 5249/5285/4366 5375/5411/4488 5301/5337/4418
f 5377/5413/4490 5227/5263/4307 5181/5217/4307
f 5377/5413/4490 5181/5217/4307 5378/5414/4490
f 5377/5413/4490 5378/5414/4490 5196/5232/4322
f 5377/5413/4490 5196/5232/4322 5215/5251/4322
f 5228/5264/4345 5379/5415/4491 5380/5416/4491
f 5228/5264/4345 5380/5416/4491 5182/5218/4308
f 5379/5415/4491 5222/5258/4341 5189/5225/4315
f 5379/5415/4491 5189/5225/4315 5380/5416/4491
f 5381/5417/4492 5382/5418/4492 5190/5226/4316
f 5381/5417/4492 5190/5226/4316 5221/5257/4340
f 5381/5417/4492 5210/5246/4334 5200/5236/4326
f 5381/5417/4492 5200/5236/4326 5382/5418/4492
f 5383/5419/4321 5384/5420/4493 5385/5421/4494
f 5383/5419/4321 5385/5421/4494 5386/5422/4337
f 5201/5237/4327 5209/5245/4327 5385/5421/4494
f 5201/5237/4327 5385/5421/4494 5384/5420/4493
f 5340/5376/4455 5159/5195/4282 5387/5423/4495
f 5340/5376/4455 5387/5423/4495 5388/5424/4496
f 5334/5370/4449 5388/5424/4496 5387/5423/4495
f 5334/5370/4449 5387/5423/4495 5138/5174/4272
f 5389/5425/4497 5390/5426/4289 5391/5427/4454
f 5389/5425/4497 5391/5427/4454 5392/5428/4498
f 5389/5425/4497 5392/5428/4498 5338/5374/4453
f 5389/5425/4497 5338/5374/4453 5180/5216/4306
f 5393/5429/4499 5179/5215/4299 5337/5373/4452
f 5393/5429/4499 5337/5373/4452 5394/5430/4500
f 5393/5429/4499 5394/5430/4500 5336/5372/4451
f 5393/5429/4499 5336/5372/4451 5144/5180/4278
f 5395/5431/4501 5143/5179/4277 5335/5371/4450
f 5395/5431/4501 5335/5371/4450 5396/5432/4502
f 5396/5432/4502 5333/5369/4448 5137/5173/4271
f 5396/5432/4502 5137/5173/4271 5395/5431/4501
f 5204/5240/4330 5397/5433/4503 5398/5434/4504
f 5204/5240/4330 5398/5434/4504 5171/5207/4300
f 5398/5434/4504 5397/5433/4503 5399/5435/4323
f 5398/5434/4504 5399/5435/4323 5400/5436/4281
f 5401/5437/4499 5402/5438/4505 5203/5239/4329
f 5401/5437/4499 5203/5239/4329 5170/5206/4299
f 5402/5438/4505 5401/5437/4499 5145/5181/4278
f 5402/5438/4505 5145/5181/4278 5191/5227/4317
f 5134/5170/4268 5403/5439/4506 5404/5440/4507
f 5134/5170/4268 5404/5440/4507 5168/5204/4297
f 5403/5439/4506 5162/5198/4291 5155/5191/4285
f 5403/5439/4506 5155/5191/4285 5404/5440/4507
f 5405/5441/4508 5406/5442/4508 5135/5171/4269
f 5405/5441/4508 5135/5171/4269 5167/5203/4296
f 5406/5442/4508 5405/5441/4508 5149/5185/4276
f 5406/5442/4508 5149/5185/4276 5142/5178/4276
f 5407/5443/4509 5408/5444/4495 5152/5188/4282
f 5407/5443/4509 5152/5188/4282 5198/5234/4324
f 5407/5443/4509 5186/5222/4312 5163/5199/4292
f 5407/5443/4509 5163/5199/4292 5408/5444/4495
f 5139/5175/4273 5150/5186/4273 5409/5445/4510
f 5139/5175/4273 5409/5445/4510 5410/5446/4511
f 5409/5445/4510 5174/5210/4303 5177/5213/4303
f 5409/5445/4510 5177/5213/4303 5410/5446/4511
f 5411/5447/4512 5192/5228/4318 5148/5184/4280
f 5411/5447/4512 5148/5184/4280 5412/5448/4513
f 5164/5200/4293 5185/5221/4311 5411/5447/4512
f 5164/5200/4293 5411/5447/4512 5412/5448/4513
f 5413/5449/4514 5414/5450/4286 5415/5451/4515
f 5413/5449/4514 5415/5451/4515 5416/5452/4516
f 5173/5209/4302 5413/5449/4514 5416/5452/4516
f 5173/5209/4302 5416/5452/4516 5178/5214/4305
f 5257/5293/4374 5417/5453/4517 5418/5454/4518
f 5257/5293/4374 5418/5454/4518 5331/5367/4446
f 5417/5453/4517 5246/5282/4363 5326/5362/4441
f 5417/5453/4517 5326/5362/4441 5418/5454/4518
f 5419/5455/4519 5258/5294/4375 5332/5368/4447
f 5419/5455/4519 5332/5368/4447 5420/5456/4520
f 5419/5455/4519 5420/5456/4520 5330/5366/4445
f 5419/5455/4519 5330/5366/4445 5270/5306/4387
f 5421/5457/4521 5269/5305/4386 5329/5365/4444
f 5421/5457/4521 5329/5365/4444 5422/5458/4522
f 5422/5458/4522 5423/5459/4443 5424/5460/4351
f 5422/5458/4522 5424/5460/4351 5421/5457/4521
f 5425/5461/4523 5233/5269/4350 5327/5363/4442
f 5425/5461/4523 5327/5363/4442 5426/5462/4524
f 5426/5462/4524 5325/5361/4440 5245/5281/4362
f 5426/5462/4524 5245/5281/4362 5425/5461/4523
f 5278/5314/4395 5306/5342/4423 5427/5463/4525
f 5278/5314/4395 5427/5463/4525 5428/5464/4526
f 5428/5464/4526 5427/5463/4525 5312/5348/4429
f 5428/5464/4526 5312/5348/4429 5286/5322/4403
f 5277/5313/4394 5429/5465/4527 5430/5466/4528
f 5277/5313/4394 5430/5466/4528 5305/5341/4422
f 5317/5353/4434 5430/5466/4528 5429/5465/4527
f 5317/5353/4434 5429/5465/4527 5290/5326/4407
f 5431/5467/4529 5432/5468/4530 5283/5319/4400
f 5431/5467/4529 5283/5319/4400 5311/5347/4428
f 5432/5468/4530 5431/5467/4529 5324/5360/4414
f 5432/5468/4530 5324/5360/4414 5297/5333/4414
f 5433/5469/4531 5434/5470/4532 5435/5471/4533
f 5433/5469/4531 5435/5471/4533 5436/5472/4435
f 5434/5470/4532 5298/5334/4415 5323/5359/4439
f 5434/5470/4532 5323/5359/4439 5435/5471/4533
f 5206/5242/4331 5299/5335/4416 5437/5473/4534
f 5206/5242/4331 5437/5473/4534 5438/5474/4535
f 5439/5475/4536 5440/5476/4323 5438/5474/4535
f 5439/5475/4536 5438/5474/4535 5437/5473/4534
f 5441/5477/4537 5442/5478/4538 5300/5336/4417
f 5441/5477/4537 5300/5336/4417 5205/5241/4329
f 5441/5477/4537 5219/5255/4339 5288/5324/4405
f 5441/5477/4537 5288/5324/4405 5442/5478/4538
f 5443/5479/4539 5444/5480/4540 5445/5481/4348
f 5443/5479/4539 5445/5481/4348 5446/5482/4355
f 5444/5480/4540 5443/5479/4539 5276/5312/4393
f 5444/5480/4540 5276/5312/4393 5267/5303/4384
f 5235/5271/4352 5230/5266/4347 5447/5483/4541
f 5235/5271/4352 5447/5483/4541 5448/5484/4542
f 5243/5279/4360 5252/5288/4369 5448/5484/4542
f 5243/5279/4360 5448/5484/4542 5447/5483/4541
f 5213/5249/4324 5294/5330/4411 5449/5485/4543
f 5213/5249/4324 5449/5485/4543 5450/5486/4544
f 5450/5486/4544 5449/5485/4543 5281/5317/4398
f 5450/5486/4544 5281/5317/4398 5225/5261/4343
f 5451/5487/4545 5452/5488/4546 5251/5287/4368
f 5451/5487/4545 5251/5287/4368 5242/5278/4359
f 5259/5295/4376 5452/5488/4546 5451/5487/4545
f 5259/5295/4376 5451/5487/4545 5256/5292/4373
f 5453/5489/4547 5454/5490/4488 5287/5323/4404
f 5453/5489/4547 5287/5323/4404 5218/5254/4318
f 5453/5489/4547 5226/5262/4344 5282/5318/4399
f 5453/5489/4547 5282/5318/4399 5454/5490/4488
f 5455/5491/4548 5260/5296/4377 5255/5291/4372
f 5455/5491/4548 5255/5291/4372 5456/5492/4549
f 5456/5492/4549 5268/5304/4385 5275/5311/4392
f 5456/5492/4549 5275/5311/4392 5455/5491/4548
f 5431/5467/4529 5457/5493/4550 5319/5355/4436
f 5431/5467/4529 5319/5355/4436 5324/5360/4414
f 5311/5347/4428 5310/5346/4427 5457/5493/4550
f 5311/5347/4428 5457/5493/4550 5431/5467/4529
f 5458/5494/4551 5435/5471/4533 5323/5359/4439
f 5458/5494/4551 5323/5359/4439 5322/5358/4438
f 5458/5494/4551 5459/5495/4552 5436/5472/4435
f 5458/5494/4551 5436/5472/4435 5435/5471/4533
f 5320/5356/4417 5319/5355/4436 5457/5493/4550
f 5320/5356/4417 5457/5493/4550 5371/5407/4484
f 5371/5407/4484 5457/5493/4550 5310/5346/4427
f 5371/5407/4484 5310/5346/4427 5309/5345/4426
f 5368/5404/4482 5458/5494/4551 5322/5358/4438
f 5368/5404/4482 5322/5358/4438 5321/5357/4437
f 5459/5495/4552 5458/5494/4551 5368/5404/4482
f 5459/5495/4552 5368/5404/4482 5369/5405/4483
f 5315/5351/4432 5460/5496/4553 5430/5466/4528
f 5315/5351/4432 5430/5466/4528 5317/5353/4434
f 5460/5496/4553 5303/5339/4420 5305/5341/4422
f 5460/5496/4553 5305/5341/4422 5430/5466/4528
f 5315/5351/4432 5314/5350/4431 5373/5409/4486
f 5315/5351/4432 5373/5409/4486 5460/5496/4553
f 5304/5340/4421 5303/5339/4420 5460/5496/4553
f 5304/5340/4421 5460/5496/4553 5373/5409/4486
f 5307/5343/4424 5312/5348/4429 5427/5463/4525
f 5307/5343/4424 5427/5463/4525 5461/5497/4554
f 5302/5338/4419 5461/5497/4554 5427/5463/4525
f 5302/5338/4419 5427/5463/4525 5306/5342/4423
f 5307/5343/4424 5461/5497/4554 5375/5411/4488
f 5307/5343/4424 5375/5411/4488 5308/5344/4425
f 5301/5337/4418 5375/5411/4488 5461/5497/4554
f 5301/5337/4418 5461/5497/4554 5302/5338/4419
f 5442/5478/4538 5462/5498/4555 5296/5332/4413
f 5442/5478/4538 5296/5332/4413 5300/5336/4417
f 5462/5498/4555 5442/5478/4538 5288/5324/4405
f 5462/5498/4555 5288/5324/4405 5284/5320/4401
f 5463/5499/4556 5437/5473/4534 5299/5335/4416
f 5463/5499/4556 5299/5335/4416 5295/5331/4412
f 5463/5499/4556 5464/5500/4409 5439/5475/4536
f 5463/5499/4556 5439/5475/4536 5437/5473/4534
f 5297/5333/4414 5296/5332/4413 5462/5498/4555
f 5297/5333/4414 5462/5498/4555 5432/5468/4530
f 5284/5320/4401 5283/5319/4400 5432/5468/4530
f 5284/5320/4401 5432/5468/4530 5462/5498/4555
f 5295/5331/4412 5298/5334/4415 5434/5470/4532
f 5295/5331/4412 5434/5470/4532 5463/5499/4556
f 5464/5500/4409 5463/5499/4556 5434/5470/4532
f 5464/5500/4409 5434/5470/4532 5433/5469/4531
f 5449/5485/4543 5294/5330/4411 5291/5327/4408
f 5449/5485/4543 5291/5327/4408 5465/5501/4557
f 5280/5316/4397 5281/5317/4398 5449/5485/4543
f 5280/5316/4397 5449/5485/4543 5465/5501/4557
f 5290/5326/4407 5429/5465/4527 5465/5501/4557
f 5290/5326/4407 5465/5501/4557 5291/5327/4408
f 5280/5316/4397 5465/5501/4557 5429/5465/4527
f 5280/5316/4397 5429/5465/4527 5277/5313/4394
f 5285/5321/4402 5287/5323/4404 5454/5490/4488
f 5285/5321/4402 5454/5490/4488 5466/5502/4558
f 5282/5318/4399 5279/5315/4396 5466/5502/4558
f 5282/5318/4399 5466/5502/4558 5454/5490/4488
f 5286/5322/4403 5285/5321/4402 5466/5502/4558
f 5286/5322/4403 5466/5502/4558 5428/5464/4526
f 5428/5464/4526 5466/5502/4558 5279/5315/4396
f 5428/5464/4526 5279/5315/4396 5278/5314/4395
f 5467/5503/4559 5273/5309/4390 5276/5312/4393
f 5467/5503/4559 5276/5312/4393 5443/5479/4539
f 5446/5482/4355 5468/5504/4354 5467/5503/4559
f 5446/5482/4355 5467/5503/4559 5443/5479/4539
f 5469/5505/4560 5455/5491/4548 5275/5311/4392
f 5469/5505/4560 5275/5311/4392 5272/5308/4389
f 5260/5296/4377 5455/5491/4548 5469/5505/4560
f 5260/5296/4377 5469/5505/4560 5261/5297/4378
f 5467/5503/4559 5367/5403/4481 5274/5310/4391
f 5467/5503/4559 5274/5310/4391 5273/5309/4390
f 5468/5504/4354 5370/5406/4357 5367/5403/4481
f 5468/5504/4354 5367/5403/4481 5467/5503/4559
f 5372/5408/4485 5469/5505/4560 5272/5308/4389
f 5372/5408/4485 5272/5308/4389 5271/5307/4388
f 5261/5297/4378 5469/5505/4560 5372/5408/4485
f 5261/5297/4378 5372/5408/4485 5263/5299/4380
f 5470/5506/4561 5266/5302/4383 5269/5305/4386
f 5470/5506/4561 5269/5305/4386 5421/5457/4521
f 5424/5460/4351 5471/5507/4349 5470/5506/4561
f 5424/5460/4351 5470/5506/4561 5421/5457/4521
f 5472/5508/4562 5419/5455/4519 5270/5306/4387
f 5472/5508/4562 5270/5306/4387 5265/5301/4382
f 5258/5294/4375 5419/5455/4519 5472/5508/4562
f 5258/5294/4375 5472/5508/4562 5254/5290/4371
f 5470/5506/4561 5444/5480/4540 5267/5303/4384
f 5470/5506/4561 5267/5303/4384 5266/5302/4383
f 5471/5507/4349 5445/5481/4348 5444/5480/4540
f 5471/5507/4349 5444/5480/4540 5470/5506/4561
f 5456/5492/4549 5472/5508/4562 5265/5301/4382
f 5456/5492/4549 5265/5301/4382 5268/5304/4385
f 5254/5290/4371 5472/5508/4562 5456/5492/4549
f 5254/5290/4371 5456/5492/4549 5255/5291/4372
f 5473/5509/4563 5262/5298/4379 5264/5300/4381
f 5473/5509/4563 5264/5300/4381 5376/5412/4489
f 5248/5284/4365 5473/5509/4563 5376/5412/4489
f 5248/5284/4365 5376/5412/4489 5249/5285/4366
f 5452/5488/4546 5259/5295/4376 5262/5298/4379
f 5452/5488/4546 5262/5298/4379 5473/5509/4563
f 5248/5284/4365 5251/5287/4368 5452/5488/4546
f 5248/5284/4365 5452/5488/4546 5473/5509/4563
f 5417/5453/4517 5257/5293/4374 5253/5289/4370
f 5417/5453/4517 5253/5289/4370 5474/5510/4564
f 5241/5277/4358 5246/5282/4363 5417/5453/4517
f 5241/5277/4358 5417/5453/4517 5474/5510/4564
f 5474/5510/4564 5253/5289/4370 5256/5292/4373
f 5474/5510/4564 5256/5292/4373 5451/5487/4545
f 5241/5277/4358 5474/5510/4564 5451/5487/4545
f 5241/5277/4358 5451/5487/4545 5242/5278/4359
f 5247/5283/4364 5475/5511/4565 5448/5484/4542
f 5247/5283/4364 5448/5484/4542 5252/5288/4369
f 5448/5484/4542 5475/5511/4565 5236/5272/4353
f 5448/5484/4542 5236/5272/4353 5235/5271/4352
f 5250/5286/4367 5374/5410/4487 5475/5511/4565
f 5250/5286/4367 5475/5511/4565 5247/5283/4364
f 5475/5511/4565 5374/5410/4487 5239/5275/4356
f 5475/5511/4565 5239/5275/4356 5236/5272/4353
f 5245/5281/4362 5244/5280/4361 5476/5512/4566
f 5245/5281/4362 5476/5512/4566 5425/5461/4523
f 5425/5461/4523 5476/5512/4566 5229/5265/4346
f 5425/5461/4523 5229/5265/4346 5233/5269/4350
f 5243/5279/4360 5447/5483/4541 5476/5512/4566
f 5243/5279/4360 5476/5512/4566 5244/5280/4361
f 5476/5512/4566 5447/5483/4541 5230/5266/4347
f 5476/5512/4566 5230/5266/4347 5229/5265/4346
f 5227/5263/4307 5377/5413/4490 5477/5513/4567
f 5227/5263/4307 5477/5513/4567 5224/5260/4342
f 5377/5413/4490 5215/5251/4322 5214/5250/4336
f 5377/5413/4490 5214/5250/4336 5477/5513/4567
f 5228/5264/4345 5223/5259/4309 5478/5514/4568
f 5228/5264/4345 5478/5514/4568 5379/5415/4491
f 5217/5253/4338 5222/5258/4341 5379/5415/4491
f 5217/5253/4338 5379/5415/4491 5478/5514/4568
f 5477/5513/4567 5450/5486/4544 5225/5261/4343
f 5477/5513/4567 5225/5261/4343 5224/5260/4342
f 5450/5486/4544 5477/5513/4567 5214/5250/4336
f 5450/5486/4544 5214/5250/4336 5213/5249/4324
f 5226/5262/4344 5453/5489/4547 5478/5514/4568
f 5226/5262/4344 5478/5514/4568 5223/5259/4309
f 5478/5514/4568 5453/5489/4547 5218/5254/4318
f 5478/5514/4568 5218/5254/4318 5217/5253/4338
f 5381/5417/4492 5221/5257/4340 5220/5256/4313
f 5381/5417/4492 5220/5256/4313 5479/5515/4569
f 5479/5515/4569 5208/5244/4333 5210/5246/4334
f 5479/5515/4569 5210/5246/4334 5381/5417/4492
f 5219/5255/4339 5441/5477/4537 5479/5515/4569
f 5219/5255/4339 5479/5515/4569 5220/5256/4313
f 5205/5241/4329 5208/5244/4333 5479/5515/4569
f 5205/5241/4329 5479/5515/4569 5441/5477/4537
f 5385/5421/4494 5480/5516/4570 5481/5517/4335
f 5385/5421/4494 5481/5517/4335 5386/5422/4337
f 5207/5243/4332 5480/5516/4570 5385/5421/4494
f 5207/5243/4332 5385/5421/4494 5209/5245/4327
f 5480/5516/4570 5438/5474/4535 5440/5476/4323
f 5480/5516/4570 5440/5476/4323 5481/5517/4335
f 5438/5474/4535 5480/5516/4570 5207/5243/4332
f 5438/5474/4535 5207/5243/4332 5206/5242/4331
f 5203/5239/4329 5402/5438/4505 5482/5518/4571
f 5203/5239/4329 5482/5518/4571 5199/5235/4325
f 5191/5227/4317 5187/5223/4313 5482/5518/4571
f 5191/5227/4317 5482/5518/4571 5402/5438/4505
f 5204/5240/4330 5202/5238/4328 5483/5519/4572
f 5204/5240/4330 5483/5519/4572 5397/5433/4503
f 5484/5520/4573 5399/5435/4323 5397/5433/4503
f 5484/5520/4573 5397/5433/4503 5483/5519/4572
f 5200/5236/4326 5199/5235/4325 5482/5518/4571
f 5200/5236/4326 5482/5518/4571 5382/5418/4492
f 5382/5418/4492 5482/5518/4571 5187/5223/4313
f 5382/5418/4492 5187/5223/4313 5190/5226/4316
f 5384/5420/4493 5483/5519/4572 5202/5238/4328
f 5384/5420/4493 5202/5238/4328 5201/5237/4327
f 5384/5420/4493 5383/5419/4321 5484/5520/4573
f 5384/5420/4493 5484/5520/4573 5483/5519/4572
f 5485/5521/4574 5407/5443/4509 5198/5234/4324
f 5485/5521/4574 5198/5234/4324 5193/5229/4319
f 5184/5220/4310 5186/5222/4312 5407/5443/4509
f 5184/5220/4310 5407/5443/4509 5485/5521/4574
f 5196/5232/4322 5378/5414/4490 5485/5521/4574
f 5196/5232/4322 5485/5521/4574 5193/5229/4319
f 5184/5220/4310 5485/5521/4574 5378/5414/4490
f 5184/5220/4310 5378/5414/4490 5181/5217/4307
f 5192/5228/4318 5411/5447/4512 5486/5522/4575
f 5192/5228/4318 5486/5522/4575 5188/5224/4314
f 5183/5219/4309 5486/5522/4575 5411/5447/4512
f 5183/5219/4309 5411/5447/4512 5185/5221/4311
f 5380/5416/4491 5189/5225/4315 5188/5224/4314
f 5380/5416/4491 5188/5224/4314 5486/5522/4575
f 5486/5522/4575 5183/5219/4309 5182/5218/4308
f 5486/5522/4575 5182/5218/4308 5380/5416/4491
f 5393/5429/4499 5487/5523/4576 5176/5212/4304
f 5393/5429/4499 5176/5212/4304 5179/5215/4299
f 5487/5523/4576 5393/5429/4499 5144/5180/4278
f 5487/5523/4576 5144/5180/4278 5140/5176/4274
f 5488/5524/4577 5389/5425/4497 5180/5216/4306
f 5488/5524/4577 5180/5216/4306 5175/5211/4301
f 5390/5426/4289 5389/5425/4497 5488/5524/4577
f 5390/5426/4289 5488/5524/4577 5489/5525/4287
f 5177/5213/4303 5176/5212/4304 5487/5523/4576
f 5177/5213/4303 5487/5523/4576 5410/5446/4511
f 5140/5176/4274 5139/5175/4273 5410/5446/4511
f 5140/5176/4274 5410/5446/4511 5487/5523/4576
f 5175/5211/4301 5178/5214/4305 5416/5452/4516
f 5175/5211/4301 5416/5452/4516 5488/5524/4577
f 5416/5452/4516 5415/5451/4515 5489/5525/4287
f 5416/5452/4516 5489/5525/4287 5488/5524/4577
f 5409/5445/4510 5490/5526/4578 5169/5205/4298
f 5409/5445/4510 5169/5205/4298 5174/5210/4303
f 5490/5526/4578 5409/5445/4510 5150/5186/4273
f 5490/5526/4578 5150/5186/4273 5146/5182/4279
f 5173/5209/4302 5172/5208/4301 5491/5527/4579
f 5173/5209/4302 5491/5527/4579 5413/5449/4514
f 5492/5528/4580 5414/5450/4286 5413/5449/4514
f 5492/5528/4580 5413/5449/4514 5491/5527/4579
f 5169/5205/4298 5490/5526/4578 5401/5437/4499
f 5169/5205/4298 5401/5437/4499 5170/5206/4299
f 5146/5182/4279 5145/5181/4278 5401/5437/4499
f 5146/5182/4279 5401/5437/4499 5490/5526/4578
f 5491/5527/4579 5172/5208/4301 5171/5207/4300
f 5491/5527/4579 5171/5207/4300 5398/5434/4504
f 5492/5528/4580 5491/5527/4579 5398/5434/4504
f 5492/5528/4580 5398/5434/4504 5400/5436/4281
f 5166/5202/4295 5168/5204/4297 5404/5440/4507
f 5166/5202/4295 5404/5440/4507 5493/5529/4581
f 5153/5189/4283 5493/5529/4581 5404/5440/4507
f 5153/5189/4283 5404/5440/4507 5155/5191/4285
f 5165/5201/4294 5494/5530/4582 5405/5441/4508
f 5165/5201/4294 5405/5441/4508 5167/5203/4296
f 5147/5183/4275 5149/5185/4276 5405/5441/4508
f 5147/5183/4275 5405/5441/4508 5494/5530/4582
f 5166/5202/4295 5493/5529/4581 5408/5444/4495
f 5166/5202/4295 5408/5444/4495 5163/5199/4292
f 5153/5189/4283 5152/5188/4282 5408/5444/4495
f 5153/5189/4283 5408/5444/4495 5493/5529/4581
f 5494/5530/4582 5165/5201/4294 5164/5200/4293
f 5494/5530/4582 5164/5200/4293 5412/5448/4513
f 5494/5530/4582 5412/5448/4513 5148/5184/4280
f 5494/5530/4582 5148/5184/4280 5147/5183/4275
f 5162/5198/4291 5403/5439/4506 5495/5531/4583
f 5162/5198/4291 5495/5531/4583 5158/5194/4288
f 5134/5170/4268 5133/5169/4267 5495/5531/4583
f 5134/5170/4268 5495/5531/4583 5403/5439/4506
f 5387/5423/4495 5159/5195/4282 5158/5194/4288
f 5387/5423/4495 5158/5194/4288 5495/5531/4583
f 5495/5531/4583 5133/5169/4267 5138/5174/4272
f 5495/5531/4583 5138/5174/4272 5387/5423/4495
f 5141/5177/4275 5143/5179/4277 5395/5431/4501
f 5141/5177/4275 5395/5431/4501 5496/5532/4582
f 5136/5172/4270 5496/5532/4582 5395/5431/4501
f 5136/5172/4270 5395/5431/4501 5137/5173/4271
f 5496/5532/4582 5406/5442/4508 5142/5178/4276
f 5496/5532/4582 5142/5178/4276 5141/5177/4275
f 5496/5532/4582 5136/5172/4270 5135/5171/4269
f 5496/5532/4582 5135/5171/4269 5406/5442/4508
f 5338/5374/4453 5392/5428/4498 5497/5533/4584
f 5338/5374/4453 5497/5533/4584 5351/5387/4466
f 5391/5427/4454 5498/5534/4468 5497/5533/4584
f 5391/5427/4454 5497/5533/4584 5392/5428/4498
f 5352/5388/4463 5351/5387/4466 5497/5533/4584
f 5352/5388/4463 5497/5533/4584 5498/5534/4468
f 5336/5372/4451 5394/5430/4500 5499/5535/4585
f 5336/5372/4451 5499/5535/4585 5349/5385/4464
f 5337/5373/4452 5353/5389/4467 5499/5535/4585
f 5337/5373/4452 5499/5535/4585 5394/5430/4500
f 5347/5383/4462 5349/5385/4464 5499/5535/4585
f 5347/5383/4462 5499/5535/4585 5353/5389/4467
f 5345/5381/4460 5355/5391/4469 5500/5536/4586
f 5345/5381/4460 5500/5536/4586 5356/5392/4470
f 5340/5376/4455 5388/5424/4496 5500/5536/4586
f 5340/5376/4455 5500/5536/4586 5355/5391/4469
f 5334/5370/4449 5356/5392/4470 5500/5536/4586
f 5334/5370/4449 5500/5536/4586 5388/5424/4496
f 5333/5369/4448 5396/5432/4502 5501/5537/4587
f 5333/5369/4448 5501/5537/4587 5357/5393/4471
f 5335/5371/4450 5350/5386/4465 5501/5537/4587
f 5335/5371/4450 5501/5537/4587 5396/5432/4502
f 5346/5382/4461 5357/5393/4471 5501/5537/4587
f 5346/5382/4461 5501/5537/4587 5350/5386/4465
f 5423/5459/4443 5422/5458/4522 5502/5538/4588
f 5423/5459/4443 5502/5538/4588 5503/5539/4474
f 5329/5365/4444 5362/5398/4476 5502/5538/4588
f 5329/5365/4444 5502/5538/4588 5422/5458/4522
f 5364/5400/4478 5503/5539/4474 5502/5538/4588
f 5364/5400/4478 5502/5538/4588 5362/5398/4476
f 5343/5379/4458 5363/5399/4477 5504/5540/4589
f 5343/5379/4458 5504/5540/4589 5365/5401/4479
f 5330/5366/4445 5420/5456/4520 5504/5540/4589
f 5330/5366/4445 5504/5540/4589 5363/5399/4477
f 5332/5368/4447 5365/5401/4479 5504/5540/4589
f 5332/5368/4447 5504/5540/4589 5420/5456/4520
f 5325/5361/4440 5426/5462/4524 5505/5541/4590
f 5325/5361/4440 5505/5541/4590 5359/5395/4473
f 5327/5363/4442 5361/5397/4475 5505/5541/4590
f 5327/5363/4442 5505/5541/4590 5426/5462/4524
f 5341/5377/4456 5359/5395/4473 5505/5541/4590
f 5341/5377/4456 5505/5541/4590 5361/5397/4475
f 5331/5367/4446 5418/5454/4518 5506/5542/4591
f 5331/5367/4446 5506/5542/4591 5366/5402/4480
f 5326/5362/4441 5358/5394/4472 5506/5542/4591
f 5326/5362/4441 5506/5542/4591 5418/5454/4518
f 5344/5380/4459 5366/5402/4480 5506/5542/4591
f 5344/5380/4459 5506/5542/4591 5358/5394/4472
f 5531/5543/4592 5532/5544/4593 5533/5545/4594
f 5531/5543/4592 5533/5545/4594 5534/5546/4595
f 5535/5547/4596 5532/5544/4593 5531/5543/4592
f 5535/5547/4596 5531/5543/4592 5536/5548/4597
f 5537/5549/4598 5538/5550/4599 5539/5551/4600
f 5537/5549/4598 5539/5551/4600 5540/5552/4601
f 5541/5553/4602 5542/5554/4603 5540/5552/4601
f 5541/5553/4602 5540/5552/4601 5539/5551/4600
f 5543/5555/4603 5544/5556/4604 5545/5557/4600
f 5543/5555/4603 5545/5557/4600 5546/5558/4605
f 5547/5559/4599 5548/5560/4598 5546/5558/4605
f 5547/5559/4599 5546/5558/4605 5545/5557/4600
f 5549/5561/4606 5550/5562/4607 5551/5563/4608
f 5549/5561/4606 5551/5563/4608 5552/5564/4609
f 5553/5565/4610 5551/5563/4608 5550/5562/4607
f 5553/5565/4610 5550/5562/4607 5554/5566/4611
f 5555/5567/4612 5556/5568/4613 5557/5569/4609
f 5555/5567/4612 5557/5569/4609 5558/5570/4614
f 5558/5570/4614 5559/5571/4615 5560/5572/4616
f 5558/5570/4614 5560/5572/4616 5555/5567/4612
f 5561/5573/4617 5562/5574/4618 5563/5575/4619
f 5561/5573/4617 5563/5575/4619 5564/5576/4620
f 5562/5574/4618 5565/5577/4621 5566/5578/4622
f 5562/5574/4618 5566/5578/4622 5563/5575/4619
f 5567/5579/4623 5568/5580/4624 5569/5581/4625
f 5567/5579/4623 5569/5581/4625 5570/5582/4626
f 5568/5580/4624 5567/5579/4623 5571/5583/4627
f 5568/5580/4624 5571/5583/4627 5572/5584/4628
f 5573/5585/4624 5574/5586/4629 5575/5587/4627
f 5573/5585/4624 5575/5587/4627 5576/5588/4630
f 5577/5589/4631 5578/5590/4632 5573/5585/4624
f 5577/5589/4631 5573/5585/4624 5576/5588/4630
f 5579/5591/4633 5580/5592/4634 5581/5593/4635
f 5579/5591/4633 5581/5593/4635 5582/5594/4636
f 5583/5595/4637 5581/5593/4635 5580/5592/4634
f 5583/5595/4637 5580/5592/4634 5584/5596/4638
f 5585/5597/4639 5586/5598/4640 5587/5599/4641
f 5585/5597/4639 5587/5599/4641 5588/5600/4642
f 5588/5600/4642 5589/5601/4643 5590/5602/4644
f 5588/5600/4642 5590/5602/4644 5585/5597/4639
f 5591/5603/4645 5592/5604/4646 5593/5605/4647
f 5591/5603/4645 5593/5605/4647 5594/5606/4648
f 5595/5607/4649 5596/5608/4650 5591/5603/4645
f 5595/5607/4649 5591/5603/4645 5594/5606/4648
f 5597/5609/4651 5598/5610/4652 5599/5611/4653
f 5597/5609/4651 5599/5611/4653 5600/5612/4654
f 5601/5613/4655 5602/5614/4656 5598/5610/4652
f 5601/5613/4655 5598/5610/4652 5597/5609/4651
f 5603/5615/4655 5604/5616/4657 5605/5617/4658
f 5603/5615/4655 5605/5617/4658 5606/5618/4659
f 5607/5619/4653 5605/5617/4658 5604/5616/4657
f 5607/5619/4653 5604/5616/4657 5608/5620/4660
f 5609/5621/4661 5610/5622/4662 5611/5623/4650
f 5609/5621/4661 5611/5623/4650 5612/5624/4649
f 5610/5622/4662 5609/5621/4661 5613/5625/4663
f 5610/5622/4662 5613/5625/4663 5614/5626/4646
f 5615/5627/4664 5616/5628/4639 5617/5629/4644
f 5615/5627/4664 5617/5629/4644 5618/5630/4643
f 5619/5631/4665 5616/5628/4639 5615/5627/4664
f 5619/5631/4665 5615/5627/4664 5620/5632/4666
f 5621/5633/4635 5622/5634/4667 5623/5635/4668
f 5621/5633/4635 5623/5635/4668 5624/5636/4634
f 5625/5637/4633 5626/5638/4669 5621/5633/4635
f 5625/5637/4633 5621/5633/4635 5624/5636/4634
f 5627/5639/4670 5628/5640/4671 5629/5641/4672
f 5627/5639/4670 5629/5641/4672 5630/5642/4673
f 5631/5643/4674 5632/5644/4675 5628/5640/4671
f 5631/5643/4674 5628/5640/4671 5627/5639/4670
f 5633/5645/4676 5634/5646/4677 5635/5647/4678
f 5633/5645/4676 5635/5647/4678 5636/5648/4679
f 5636/5648/4679 5635/5647/4678 5637/5649/4680
f 5636/5648/4679 5637/5649/4680 5638/5650/4681
f 5639/5651/4682 5640/5652/4683 5641/5653/4684
f 5639/5651/4682 5641/5653/4684 5642/5654/4685
f 5640/5652/4683 5639/5651/4682 5643/5655/4686
f 5640/5652/4683 5643/5655/4686 5644/5656/4687
f 5645/5657/4688 5646/5658/4689 5647/5659/4690
f 5645/5657/4688 5647/5659/4690 5648/5660/4691
f 5649/5661/4692 5650/5662/4693 5645/5657/4688
f 5649/5661/4692 5645/5657/4688 5648/5660/4691
f 5651/5663/4694 5652/5664/4695 5653/5665/4696
f 5651/5663/4694 5653/5665/4696 5654/5666/4697
f 5655/5667/4698 5651/5663/4694 5654/5666/4697
f 5655/5667/4698 5654/5666/4697 5656/5668/4699
f 5657/5669/4700 5658/5670/4701 5659/5671/4702
f 5657/5669/4700 5659/5671/4702 5660/5672/4703
f 5658/5670/4701 5661/5673/4704 5662/5674/4705
f 5658/5670/4701 5662/5674/4705 5659/5671/4702
f 5663/5675/4706 5664/5676/4707 5665/5677/4708
f 5663/5675/4706 5665/5677/4708 5666/5678/4709
f 5667/5679/4710 5668/5680/4711 5663/5675/4706
f 5667/5679/4710 5663/5675/4706 5666/5678/4709
f 5669/5681/4712 5670/5682/4713 5671/5683/4714
f 5669/5681/4712 5671/5683/4714 5672/5684/4715
f 5673/5685/4716 5672/5684/4715 5671/5683/4714
f 5673/5685/4716 5671/5683/4714 5674/5686/4717
f 5675/5687/4718 5676/5688/4719 5677/5689/4720
f 5675/5687/4718 5677/5689/4720 5678/5690/4721
f 5679/5691/4722 5680/5692/4723 5677/5689/4720
f 5679/5691/4722 5677/5689/4720 5676/5688/4719
f 5681/5693/4724 5682/5694/4725 5683/5695/4726
f 5681/5693/4724 5683/5695/4726 5684/5696/4727
f 5685/5697/4728 5686/5698/4729 5684/5696/4727
f 5685/5697/4728 5684/5696/4727 5683/5695/4726
f 5687/5699/4730 5688/5700/4731 5689/5701/4732
f 5687/5699/4730 5689/5701/4732 5690/5702/4733
f 5691/5703/4734 5692/5704/4735 5689/5701/4732
f 5691/5703/4734 5689/5701/4732 5688/5700/4731
f 5693/5705/4736 5694/5706/4737 5695/5707/4738
f 5693/5705/4736 5695/5707/4738 5696/5708/4739
f 5696/5708/4739 5697/5709/4740 5698/5710/4741
f 5696/5708/4739 5698/5710/4741 5693/5705/4736
f 5699/5711/4742 5700/5712/4743 5701/5713/4744
f 5699/5711/4742 5701/5713/4744 5702/5714/4745
f 5703/5715/4746 5704/5716/4747 5702/5714/4745
f 5703/5715/4746 5702/5714/4745 5701/5713/4744
f 5705/5717/4748 5706/5718/4749 5707/5719/4750
f 5705/5717/4748 5707/5719/4750 5708/5720/4751
f 5706/5718/4749 5705/5717/4748 5709/5721/4752
f 5706/5718/4749 5709/5721/4752 5710/5722/4753
f 5711/5723/4754 5712/5724/4755 5713/5725/4756
f 5711/5723/4754 5713/5725/4756 5714/5726/4757
f 5715/5727/4758 5713/5725/4756 5712/5724/4755
f 5715/5727/4758 5712/5724/4755 5716/5728/4759
f 5717/5729/4760 5718/5730/4761 5719/5731/4762
f 5717/5729/4760 5719/5731/4762 5720/5732/4740
f 5718/5730/4761 5717/5729/4760 5721/5733/4738
f 5718/5730/4761 5721/5733/4738 5722/5734/4763
f 5673/5685/4716 5674/5686/4717 5665/5677/4708
f 5673/5685/4716 5665/5677/4708 5664/5676/4707
f 5680/5692/4723 5679/5691/4722 5623/5635/4668
f 5680/5692/4723 5623/5635/4668 5622/5634/4667
f 5660/5672/4703 5653/5665/4696 5652/5664/4695
f 5660/5672/4703 5652/5664/4695 5657/5669/4700
f 5617/5629/4644 5686/5698/4729 5685/5697/4728
f 5617/5629/4644 5685/5697/4728 5618/5630/4643
f 5650/5662/4693 5649/5661/4692 5642/5654/4685
f 5650/5662/4693 5642/5654/4685 5641/5653/4684
f 5691/5703/4734 5612/5624/4649 5611/5623/4650
f 5691/5703/4734 5611/5623/4650 5692/5704/4735
f 5634/5646/4677 5633/5645/4676 5630/5642/4673
f 5634/5646/4677 5630/5642/4673 5629/5641/4672
f 5606/5618/4659 5698/5710/4741 5697/5709/4740
f 5606/5618/4659 5697/5709/4740 5603/5615/4655
f 5722/5734/4763 5721/5733/4738 5695/5707/4738
f 5722/5734/4763 5695/5707/4738 5694/5706/4737
f 5690/5702/4733 5715/5727/4758 5716/5728/4759
f 5690/5702/4733 5716/5728/4759 5687/5699/4730
f 5710/5722/4753 5709/5721/4752 5682/5694/4725
f 5710/5722/4753 5682/5694/4725 5681/5693/4724
f 5703/5715/4746 5675/5687/4718 5678/5690/4721
f 5703/5715/4746 5678/5690/4721 5704/5716/4747
f 5644/5656/4687 5643/5655/4686 5723/5735/4764
f 5644/5656/4687 5723/5735/4764 5724/5736/4765
f 5725/5737/4766 5726/5738/4767 5632/5644/4675
f 5725/5737/4766 5632/5644/4675 5631/5643/4674
f 5727/5739/4768 5728/5740/4769 5668/5680/4711
f 5727/5739/4768 5668/5680/4711 5667/5679/4710
f 5729/5741/4770 5655/5667/4698 5656/5668/4699
f 5729/5741/4770 5656/5668/4699 5730/5742/4771
f 5574/5586/4629 5572/5584/4628 5571/5583/4627
f 5574/5586/4629 5571/5583/4627 5575/5587/4627
f 5564/5576/4620 5583/5595/4637 5584/5596/4638
f 5564/5576/4620 5584/5596/4638 5561/5573/4617
f 5554/5566/4611 5560/5572/4616 5559/5571/4615
f 5554/5566/4611 5559/5571/4615 5553/5565/4610
f 5544/5556/4604 5543/5555/4603 5590/5602/4644
f 5544/5556/4604 5590/5602/4644 5589/5601/4643
f 5547/5559/4599 5538/5550/4599 5537/5549/4598
f 5547/5559/4599 5537/5549/4598 5548/5560/4598
f 5596/5608/4650 5595/5607/4649 5549/5561/4606
f 5596/5608/4650 5549/5561/4606 5552/5564/4609
f 5565/5577/4621 5534/5546/4595 5533/5545/4594
f 5565/5577/4621 5533/5545/4594 5566/5578/4622
f 5602/5614/4656 5601/5613/4655 5570/5582/4626
f 5602/5614/4656 5570/5582/4626 5569/5581/4625
f 5535/5547/4596 5536/5548/4597 5731/5743/4772
f 5535/5547/4596 5731/5743/4772 5732/5744/4773
f 5733/5745/4774 5734/5746/4775 5542/5554/4603
f 5733/5745/4774 5542/5554/4603 5541/5553/4602
f 5735/5747/4776 5736/5748/4777 5578/5590/4632
f 5735/5747/4776 5578/5590/4632 5577/5589/4631
f 5737/5749/4778 5738/5750/4779 5557/5569/4609
f 5737/5749/4778 5557/5569/4609 5556/5568/4613
f 5607/5619/4653 5608/5620/4660 5600/5612/4654
f 5607/5619/4653 5600/5612/4654 5599/5611/4653
f 5613/5625/4663 5593/5605/4647 5592/5604/4646
f 5613/5625/4663 5592/5604/4646 5614/5626/4646
f 5620/5632/4666 5587/5599/4641 5586/5598/4640
f 5620/5632/4666 5586/5598/4640 5619/5631/4665
f 5626/5638/4669 5625/5637/4633 5579/5591/4633
f 5626/5638/4669 5579/5591/4633 5582/5594/4636
f 5700/5712/4743 5699/5711/4742 5647/5659/4690
f 5700/5712/4743 5647/5659/4690 5646/5658/4689
f 5707/5719/4750 5662/5674/4705 5661/5673/4704
f 5707/5719/4750 5661/5673/4704 5708/5720/4751
f 5714/5726/4757 5638/5650/4681 5637/5649/4680
f 5714/5726/4757 5637/5649/4680 5711/5723/4754
f 5669/5681/4712 5720/5732/4740 5719/5731/4762
f 5669/5681/4712 5719/5731/4762 5670/5682/4713
f 5739/5751/4780 5740/5752/4781 5741/5753/4782
f 5739/5751/4780 5741/5753/4782 5742/5754/4783
f 5743/5755/4784 5744/5756/4785 5745/5757/4786
f 5743/5755/4784 5745/5757/4786 5746/5758/4787
f 5747/5759/4788 5748/5760/4789 5746/5758/4787
f 5747/5759/4788 5746/5758/4787 5745/5757/4786
f 5733/5745/4774 5748/5760/4789 5747/5759/4788
f 5733/5745/4774 5747/5759/4788 5734/5746/4775
f 5749/5761/4790 5750/5762/4791 5745/5757/4786
f 5749/5761/4790 5745/5757/4786 5751/5763/4785
f 5749/5761/4790 5736/5748/4777 5735/5747/4776
f 5749/5761/4790 5735/5747/4776 5750/5762/4791
f 5752/5764/4792 5744/5756/4785 5743/5755/4784
f 5752/5764/4792 5743/5755/4784 5753/5765/4793
f 5753/5765/4793 5738/5750/4779 5737/5749/4778
f 5753/5765/4793 5737/5749/4778 5752/5764/4792
f 5746/5758/4787 5754/5766/4794 5755/5767/4795
f 5746/5758/4787 5755/5767/4795 5743/5755/4784
f 5731/5743/4772 5755/5767/4795 5754/5766/4794
f 5731/5743/4772 5754/5766/4794 5732/5744/4773
f 5739/5751/4780 5756/5768/4796 5757/5769/4797
f 5739/5751/4780 5757/5769/4797 5740/5752/4781
f 5757/5769/4797 5756/5768/4796 5724/5736/4765
f 5757/5769/4797 5724/5736/4765 5723/5735/4764
f 5758/5770/4798 5759/5771/4799 5739/5751/4780
f 5758/5770/4798 5739/5751/4780 5742/5754/4783
f 5758/5770/4798 5726/5738/4767 5725/5737/4766
f 5758/5770/4798 5725/5737/4766 5759/5771/4799
f 5760/5772/4800 5761/5773/4801 5741/5753/4782
f 5760/5772/4800 5741/5753/4782 5762/5774/4802
f 5728/5740/4769 5727/5739/4768 5760/5772/4800
f 5728/5740/4769 5760/5772/4800 5762/5774/4802
f 5763/5775/4803 5741/5753/4782 5740/5752/4781
f 5763/5775/4803 5740/5752/4781 5764/5776/4804
f 5763/5775/4803 5764/5776/4804 5729/5741/4770
f 5763/5775/4803 5729/5741/4770 5730/5742/4771
f 5719/5731/4762 5765/5777/4805 5766/5778/4806
f 5719/5731/4762 5766/5778/4806 5670/5682/4713
f 5767/5779/4807 5768/5780/4680 5766/5778/4806
f 5767/5779/4807 5766/5778/4806 5765/5777/4805
f 5720/5732/4740 5669/5681/4712 5769/5781/4808
f 5720/5732/4740 5769/5781/4808 5770/5782/4809
f 5662/5674/4705 5707/5719/4750 5770/5782/4809
f 5662/5674/4705 5770/5782/4809 5769/5781/4808
f 5771/5783/4810 5772/5784/4811 5638/5650/4681
f 5771/5783/4810 5638/5650/4681 5714/5726/4757
f 5700/5712/4743 5646/5658/4689 5772/5784/4811
f 5700/5712/4743 5772/5784/4811 5771/5783/4810
f 5661/5673/4704 5773/5785/4812 5774/5786/4813
f 5661/5673/4704 5774/5786/4813 5708/5720/4751
f 5647/5659/4690 5699/5711/4742 5774/5786/4813
f 5647/5659/4690 5774/5786/4813 5773/5785/4812
f 5775/5787/4814 5776/5788/4814 5579/5591/4633
f 5775/5787/4814 5579/5591/4633 5625/5637/4633
f 5775/5787/4814 5614/5626/4646 5592/5604/4646
f 5775/5787/4814 5592/5604/4646 5776/5788/4814
f 5626/5638/4669 5582/5594/4636 5777/5789/4815
f 5626/5638/4669 5777/5789/4815 5778/5790/4815
f 5778/5790/4815 5777/5789/4815 5587/5599/4641
f 5778/5790/4815 5587/5599/4641 5620/5632/4666
f 5779/5791/4816 5619/5631/4665 5586/5598/4640
f 5779/5791/4816 5586/5598/4640 5780/5792/4816
f 5779/5791/4816 5780/5792/4816 5600/5612/4654
f 5779/5791/4816 5600/5612/4654 5608/5620/4660
f 5781/5793/4647 5782/5794/4663 5783/5795/4817
f 5781/5793/4647 5783/5795/4817 5784/5796/4818
f 5599/5611/4653 5784/5796/4818 5783/5795/4817
f 5599/5611/4653 5783/5795/4817 5607/5619/4653
f 5738/5750/4779 5785/5797/4819 5786/5798/4820
f 5738/5750/4779 5786/5798/4820 5557/5569/4609
f 5731/5743/4772 5536/5548/4597 5786/5798/4820
f 5731/5743/4772 5786/5798/4820 5785/5797/4819
f 5787/5799/4821 5788/5800/4822 5789/5801/4823
f 5787/5799/4821 5789/5801/4823 5790/5802/4613
f 5787/5799/4821 5578/5590/4632 5736/5748/4777
f 5787/5799/4821 5736/5748/4777 5788/5800/4822
f 5791/5803/4824 5792/5804/4825 5735/5747/4776
f 5791/5803/4824 5735/5747/4776 5577/5589/4631
f 5791/5803/4824 5542/5554/4603 5734/5746/4775
f 5791/5803/4824 5734/5746/4775 5792/5804/4825
f 5793/5805/4826 5794/5806/4827 5733/5745/4774
f 5793/5805/4826 5733/5745/4774 5541/5553/4602
f 5794/5806/4827 5793/5805/4826 5535/5547/4596
f 5794/5806/4827 5535/5547/4596 5732/5744/4773
f 5602/5614/4656 5569/5581/4625 5795/5807/4828
f 5602/5614/4656 5795/5807/4828 5796/5808/4829
f 5795/5807/4828 5797/5809/4606 5798/5810/4649
f 5795/5807/4828 5798/5810/4649 5796/5808/4829
f 5799/5811/4824 5570/5582/4626 5601/5613/4655
f 5799/5811/4824 5601/5613/4655 5800/5812/4830
f 5800/5812/4830 5590/5602/4644 5543/5555/4603
f 5800/5812/4830 5543/5555/4603 5799/5811/4824
f 5534/5546/4595 5565/5577/4621 5801/5813/4831
f 5534/5546/4595 5801/5813/4831 5802/5814/4832
f 5802/5814/4832 5801/5813/4831 5553/5565/4610
f 5802/5814/4832 5553/5565/4610 5559/5571/4615
f 5803/5815/4833 5566/5578/4622 5533/5545/4594
f 5803/5815/4833 5533/5545/4594 5804/5816/4833
f 5804/5816/4833 5538/5550/4599 5547/5559/4599
f 5804/5816/4833 5547/5559/4599 5803/5815/4833
f 5805/5817/4834 5596/5608/4650 5552/5564/4609
f 5805/5817/4834 5552/5564/4609 5806/5818/4820
f 5805/5817/4834 5806/5818/4820 5561/5573/4617
f 5805/5817/4834 5561/5573/4617 5584/5596/4638
f 5537/5549/4598 5807/5819/4835 5808/5820/4836
f 5537/5549/4598 5808/5820/4836 5548/5560/4598
f 5808/5820/4836 5807/5819/4835 5575/5587/4627
f 5808/5820/4836 5575/5587/4627 5571/5583/4627
f 5809/5821/4837 5810/5822/4838 5544/5556/4604
f 5809/5821/4837 5544/5556/4604 5589/5601/4643
f 5564/5576/4620 5810/5822/4838 5809/5821/4837
f 5564/5576/4620 5809/5821/4837 5583/5595/4637
f 5811/5823/4839 5812/5824/4840 5813/5825/4841
f 5811/5823/4839 5813/5825/4841 5814/5826/4611
f 5572/5584/4628 5574/5586/4629 5812/5824/4840
f 5572/5584/4628 5812/5824/4840 5811/5823/4839
f 5655/5667/4698 5729/5741/4770 5815/5827/4842
f 5655/5667/4698 5815/5827/4842 5816/5828/4843
f 5816/5828/4843 5815/5827/4842 5723/5735/4764
f 5816/5828/4843 5723/5735/4764 5643/5655/4686
f 5817/5829/4844 5818/5830/4845 5730/5742/4771
f 5817/5829/4844 5730/5742/4771 5656/5668/4699
f 5817/5829/4844 5668/5680/4711 5728/5740/4769
f 5817/5829/4844 5728/5740/4769 5818/5830/4845
f 5819/5831/4846 5820/5832/4847 5727/5739/4768
f 5819/5831/4846 5727/5739/4768 5667/5679/4710
f 5820/5832/4847 5819/5831/4846 5821/5833/4675
f 5820/5832/4847 5821/5833/4675 5822/5834/4767
f 5823/5835/4848 5824/5836/4849 5725/5737/4766
f 5823/5835/4848 5725/5737/4766 5631/5643/4674
f 5824/5836/4849 5823/5835/4848 5644/5656/4687
f 5824/5836/4849 5644/5656/4687 5724/5736/4765
f 5678/5690/4721 5825/5837/4850 5826/5838/4851
f 5678/5690/4721 5826/5838/4851 5704/5716/4747
f 5825/5837/4850 5682/5694/4725 5709/5721/4752
f 5825/5837/4850 5709/5721/4752 5826/5838/4851
f 5675/5687/4718 5703/5715/4746 5827/5839/4852
f 5675/5687/4718 5827/5839/4852 5828/5840/4853
f 5715/5727/4758 5690/5702/4733 5828/5840/4853
f 5715/5727/4758 5828/5840/4853 5827/5839/4852
f 5829/5841/4854 5710/5722/4753 5681/5693/4724
f 5829/5841/4854 5681/5693/4724 5830/5842/4855
f 5830/5842/4855 5695/5707/4738 5721/5733/4738
f 5830/5842/4855 5721/5733/4738 5829/5841/4854
f 5831/5843/4856 5832/5844/4759 5833/5845/4857
f 5831/5843/4856 5833/5845/4857 5834/5846/4858
f 5834/5846/4858 5833/5845/4857 5722/5734/4763
f 5834/5846/4858 5722/5734/4763 5694/5706/4737
f 5606/5618/4659 5835/5847/4859 5836/5848/4860
f 5606/5618/4659 5836/5848/4860 5698/5710/4741
f 5837/5849/4861 5836/5848/4860 5835/5847/4859
f 5837/5849/4861 5835/5847/4859 5838/5850/4649
f 5839/5851/4862 5603/5615/4655 5697/5709/4740
f 5839/5851/4862 5697/5709/4740 5840/5852/4863
f 5839/5851/4862 5840/5852/4863 5686/5698/4729
f 5839/5851/4862 5686/5698/4729 5617/5629/4644
f 5841/5853/4864 5842/5854/4677 5843/5855/4672
f 5841/5853/4864 5843/5855/4672 5844/5856/4865
f 5844/5856/4865 5665/5677/4708 5674/5686/4717
f 5844/5856/4865 5674/5686/4717 5841/5853/4864
f 5633/5645/4676 5845/5857/4866 5846/5858/4867
f 5633/5645/4676 5846/5858/4867 5630/5642/4673
f 5641/5653/4684 5846/5858/4867 5845/5857/4866
f 5641/5653/4684 5845/5857/4866 5650/5662/4693
f 5611/5623/4650 5847/5859/4868 5848/5860/4869
f 5611/5623/4650 5848/5860/4869 5692/5704/4735
f 5847/5859/4868 5623/5635/4668 5679/5691/4722
f 5847/5859/4868 5679/5691/4722 5848/5860/4869
f 5849/5861/4870 5642/5654/4685 5649/5661/4692
f 5849/5861/4870 5649/5661/4692 5850/5862/4871
f 5657/5669/4700 5652/5664/4695 5849/5861/4870
f 5657/5669/4700 5849/5861/4870 5850/5862/4871
f 5851/5863/4872 5618/5630/4643 5685/5697/4728
f 5851/5863/4872 5685/5697/4728 5852/5864/4813
f 5851/5863/4872 5852/5864/4813 5680/5692/4723
f 5851/5863/4872 5680/5692/4723 5622/5634/4667
f 5853/5865/4873 5854/5866/4874 5653/5665/4696
f 5853/5865/4873 5653/5665/4696 5660/5672/4703
f 5854/5866/4874 5853/5865/4873 5673/5685/4716
f 5854/5866/4874 5673/5685/4716 5664/5676/4707
f 5829/5841/4854 5721/5733/4738 5717/5729/4760
f 5829/5841/4854 5717/5729/4760 5855/5867/4875
f 5710/5722/4753 5829/5841/4854 5855/5867/4875
f 5710/5722/4753 5855/5867/4875 5706/5718/4749
f 5856/5868/4876 5718/5730/4761 5722/5734/4763
f 5856/5868/4876 5722/5734/4763 5833/5845/4857
f 5856/5868/4876 5833/5845/4857 5832/5844/4759
f 5856/5868/4876 5832/5844/4759 5857/5869/4877
f 5720/5732/4740 5770/5782/4809 5855/5867/4875
f 5720/5732/4740 5855/5867/4875 5717/5729/4760
f 5770/5782/4809 5707/5719/4750 5706/5718/4749
f 5770/5782/4809 5706/5718/4749 5855/5867/4875
f 5765/5777/4805 5719/5731/4762 5718/5730/4761
f 5765/5777/4805 5718/5730/4761 5856/5868/4876
f 5857/5869/4877 5767/5779/4807 5765/5777/4805
f 5857/5869/4877 5765/5777/4805 5856/5868/4876
f 5713/5725/4756 5715/5727/4758 5827/5839/4852
f 5713/5725/4756 5827/5839/4852 5858/5870/4878
f 5858/5870/4878 5827/5839/4852 5703/5715/4746
f 5858/5870/4878 5703/5715/4746 5701/5713/4744
f 5713/5725/4756 5858/5870/4878 5771/5783/4810
f 5713/5725/4756 5771/5783/4810 5714/5726/4757
f 5700/5712/4743 5771/5783/4810 5858/5870/4878
f 5700/5712/4743 5858/5870/4878 5701/5713/4744
f 5705/5717/4748 5859/5871/4879 5826/5838/4851
f 5705/5717/4748 5826/5838/4851 5709/5721/4752
f 5702/5714/4745 5704/5716/4747 5826/5838/4851
f 5702/5714/4745 5826/5838/4851 5859/5871/4879
f 5705/5717/4748 5708/5720/4751 5774/5786/4813
f 5705/5717/4748 5774/5786/4813 5859/5871/4879
f 5699/5711/4742 5702/5714/4745 5859/5871/4879
f 5699/5711/4742 5859/5871/4879 5774/5786/4813
f 5840/5852/4863 5697/5709/4740 5696/5708/4739
f 5840/5852/4863 5696/5708/4739 5860/5872/4880
f 5860/5872/4880 5684/5696/4727 5686/5698/4729
f 5860/5872/4880 5686/5698/4729 5840/5852/4863
f 5861/5873/4881 5693/5705/4736 5698/5710/4741
f 5861/5873/4881 5698/5710/4741 5836/5848/4860
f 5861/5873/4881 5836/5848/4860 5837/5849/4861
f 5861/5873/4881 5837/5849/4861 5862/5874/4731
f 5695/5707/4738 5830/5842/4855 5860/5872/4880
f 5695/5707/4738 5860/5872/4880 5696/5708/4739
f 5684/5696/4727 5860/5872/4880 5830/5842/4855
f 5684/5696/4727 5830/5842/4855 5681/5693/4724
f 5693/5705/4736 5861/5873/4881 5834/5846/4858
f 5693/5705/4736 5834/5846/4858 5694/5706/4737
f 5862/5874/4731 5831/5843/4856 5834/5846/4858
f 5862/5874/4731 5834/5846/4858 5861/5873/4881
f 5848/5860/4869 5863/5875/4882 5689/5701/4732
f 5848/5860/4869 5689/5701/4732 5692/5704/4735
f 5676/5688/4719 5863/5875/4882 5848/5860/4869
f 5676/5688/4719 5848/5860/4869 5679/5691/4722
f 5690/5702/4733 5689/5701/4732 5863/5875/4882
f 5690/5702/4733 5863/5875/4882 5828/5840/4853
f 5676/5688/4719 5675/5687/4718 5828/5840/4853
f 5676/5688/4719 5828/5840/4853 5863/5875/4882
f 5683/5695/4726 5864/5876/4883 5852/5864/4813
f 5683/5695/4726 5852/5864/4813 5685/5697/4728
f 5680/5692/4723 5852/5864/4813 5864/5876/4883
f 5680/5692/4723 5864/5876/4883 5677/5689/4720
f 5682/5694/4725 5825/5837/4850 5864/5876/4883
f 5682/5694/4725 5864/5876/4883 5683/5695/4726
f 5825/5837/4850 5678/5690/4721 5677/5689/4720
f 5825/5837/4850 5677/5689/4720 5864/5876/4883
f 5865/5877/4884 5841/5853/4864 5674/5686/4717
f 5865/5877/4884 5674/5686/4717 5671/5683/4714
f 5842/5854/4677 5841/5853/4864 5865/5877/4884
f 5842/5854/4677 5865/5877/4884 5866/5878/4678
f 5867/5879/4885 5672/5684/4715 5673/5685/4716
f 5867/5879/4885 5673/5685/4716 5853/5865/4873
f 5660/5672/4703 5659/5671/4702 5867/5879/4885
f 5660/5672/4703 5867/5879/4885 5853/5865/4873
f 5865/5877/4884 5671/5683/4714 5670/5682/4713
f 5865/5877/4884 5670/5682/4713 5766/5778/4806
f 5866/5878/4678 5865/5877/4884 5766/5778/4806
f 5866/5878/4678 5766/5778/4806 5768/5780/4680
f 5769/5781/4808 5669/5681/4712 5672/5684/4715
f 5769/5781/4808 5672/5684/4715 5867/5879/4885
f 5659/5671/4702 5662/5674/4705 5769/5781/4808
f 5659/5671/4702 5769/5781/4808 5867/5879/4885
f 5868/5880/4886 5819/5831/4846 5667/5679/4710
f 5868/5880/4886 5667/5679/4710 5666/5678/4709
f 5821/5833/4675 5819/5831/4846 5868/5880/4886
f 5821/5833/4675 5868/5880/4886 5869/5881/4671
f 5870/5882/4887 5663/5675/4706 5668/5680/4711
f 5870/5882/4887 5668/5680/4711 5817/5829/4844
f 5656/5668/4699 5654/5666/4697 5870/5882/4887
f 5656/5668/4699 5870/5882/4887 5817/5829/4844
f 5868/5880/4886 5666/5678/4709 5665/5677/4708
f 5868/5880/4886 5665/5677/4708 5844/5856/4865
f 5869/5881/4671 5868/5880/4886 5844/5856/4865
f 5869/5881/4671 5844/5856/4865 5843/5855/4672
f 5854/5866/4874 5664/5676/4707 5663/5675/4706
f 5854/5866/4874 5663/5675/4706 5870/5882/4887
f 5654/5666/4697 5653/5665/4696 5854/5866/4874
f 5654/5666/4697 5854/5866/4874 5870/5882/4887
f 5871/5883/4888 5773/5785/4812 5661/5673/4704
f 5871/5883/4888 5661/5673/4704 5658/5670/4701
f 5648/5660/4691 5647/5659/4690 5773/5785/4812
f 5648/5660/4691 5773/5785/4812 5871/5883/4888
f 5850/5862/4871 5871/5883/4888 5658/5670/4701
f 5850/5862/4871 5658/5670/4701 5657/5669/4700
f 5648/5660/4691 5871/5883/4888 5850/5862/4871
f 5648/5660/4691 5850/5862/4871 5649/5661/4692
f 5816/5828/4843 5872/5884/4889 5651/5663/4694
f 5816/5828/4843 5651/5663/4694 5655/5667/4698
f 5639/5651/4682 5872/5884/4889 5816/5828/4843
f 5639/5651/4682 5816/5828/4843 5643/5655/4686
f 5872/5884/4889 5849/5861/4870 5652/5664/4695
f 5872/5884/4889 5652/5664/4695 5651/5663/4694
f 5639/5651/4682 5642/5654/4685 5849/5861/4870
f 5639/5651/4682 5849/5861/4870 5872/5884/4889
f 5645/5657/4688 5650/5662/4693 5845/5857/4866
f 5645/5657/4688 5845/5857/4866 5873/5885/4890
f 5845/5857/4866 5633/5645/4676 5636/5648/4679
f 5845/5857/4866 5636/5648/4679 5873/5885/4890
f 5646/5658/4689 5645/5657/4688 5873/5885/4890
f 5646/5658/4689 5873/5885/4890 5772/5784/4811
f 5873/5885/4890 5636/5648/4679 5638/5650/4681
f 5873/5885/4890 5638/5650/4681 5772/5784/4811
f 5644/5656/4687 5823/5835/4848 5874/5886/4891
f 5644/5656/4687 5874/5886/4891 5640/5652/4683
f 5823/5835/4848 5631/5643/4674 5627/5639/4670
f 5823/5835/4848 5627/5639/4670 5874/5886/4891
f 5641/5653/4684 5640/5652/4683 5874/5886/4891
f 5641/5653/4684 5874/5886/4891 5846/5858/4867
f 5874/5886/4891 5627/5639/4670 5630/5642/4673
f 5874/5886/4891 5630/5642/4673 5846/5858/4867
f 5625/5637/4633 5624/5636/4634 5875/5887/4892
f 5625/5637/4633 5875/5887/4892 5775/5787/4814
f 5775/5787/4814 5875/5887/4892 5610/5622/4662
f 5775/5787/4814 5610/5622/4662 5614/5626/4646
f 5626/5638/4669 5778/5790/4815 5876/5888/4893
f 5626/5638/4669 5876/5888/4893 5621/5633/4635
f 5615/5627/4664 5876/5888/4893 5778/5790/4815
f 5615/5627/4664 5778/5790/4815 5620/5632/4666
f 5875/5887/4892 5624/5636/4634 5623/5635/4668
f 5875/5887/4892 5623/5635/4668 5847/5859/4868
f 5847/5859/4868 5611/5623/4650 5610/5622/4662
f 5847/5859/4868 5610/5622/4662 5875/5887/4892
f 5622/5634/4667 5621/5633/4635 5876/5888/4893
f 5622/5634/4667 5876/5888/4893 5851/5863/4872
f 5876/5888/4893 5615/5627/4664 5618/5630/4643
f 5876/5888/4893 5618/5630/4643 5851/5863/4872
f 5779/5791/4816 5877/5889/4894 5616/5628/4639
f 5779/5791/4816 5616/5628/4639 5619/5631/4665
f 5877/5889/4894 5779/5791/4816 5608/5620/4660
f 5877/5889/4894 5608/5620/4660 5604/5616/4657
f 5617/5629/4644 5616/5628/4639 5877/5889/4894
f 5617/5629/4644 5877/5889/4894 5839/5851/4862
f 5603/5615/4655 5839/5851/4862 5877/5889/4894
f 5603/5615/4655 5877/5889/4894 5604/5616/4657
f 5783/5795/4817 5782/5794/4663 5878/5890/4661
f 5783/5795/4817 5878/5890/4661 5879/5891/4895
f 5605/5617/4658 5607/5619/4653 5783/5795/4817
f 5605/5617/4658 5783/5795/4817 5879/5891/4895
f 5879/5891/4895 5878/5890/4661 5838/5850/4649
f 5879/5891/4895 5838/5850/4649 5835/5847/4859
f 5835/5847/4859 5606/5618/4659 5605/5617/4658
f 5835/5847/4859 5605/5617/4658 5879/5891/4895
f 5601/5613/4655 5597/5609/4651 5880/5892/4896
f 5601/5613/4655 5880/5892/4896 5800/5812/4830
f 5590/5602/4644 5800/5812/4830 5880/5892/4896
f 5590/5602/4644 5880/5892/4896 5585/5597/4639
f 5602/5614/4656 5796/5808/4829 5881/5893/4897
f 5602/5614/4656 5881/5893/4897 5598/5610/4652
f 5882/5894/4898 5881/5893/4897 5796/5808/4829
f 5882/5894/4898 5796/5808/4829 5798/5810/4649
f 5600/5612/4654 5780/5792/4816 5880/5892/4896
f 5600/5612/4654 5880/5892/4896 5597/5609/4651
f 5780/5792/4816 5586/5598/4640 5585/5597/4639
f 5780/5792/4816 5585/5597/4639 5880/5892/4896
f 5784/5796/4818 5599/5611/4653 5598/5610/4652
f 5784/5796/4818 5598/5610/4652 5881/5893/4897
f 5784/5796/4818 5881/5893/4897 5882/5894/4898
f 5784/5796/4818 5882/5894/4898 5781/5793/4647
f 5883/5895/4899 5591/5603/4645 5596/5608/4650
f 5883/5895/4899 5596/5608/4650 5805/5817/4834
f 5580/5592/4634 5883/5895/4899 5805/5817/4834
f 5580/5592/4634 5805/5817/4834 5584/5596/4638
f 5592/5604/4646 5591/5603/4645 5883/5895/4899
f 5592/5604/4646 5883/5895/4899 5776/5788/4814
f 5580/5592/4634 5579/5591/4633 5776/5788/4814
f 5580/5592/4634 5776/5788/4814 5883/5895/4899
f 5589/5601/4643 5588/5600/4642 5884/5896/4900
f 5589/5601/4643 5884/5896/4900 5809/5821/4837
f 5581/5593/4635 5583/5595/4637 5809/5821/4837
f 5581/5593/4635 5809/5821/4837 5884/5896/4900
f 5777/5789/4815 5884/5896/4900 5588/5600/4642
f 5777/5789/4815 5588/5600/4642 5587/5599/4641
f 5884/5896/4900 5777/5789/4815 5582/5594/4636
f 5884/5896/4900 5582/5594/4636 5581/5593/4635
f 5791/5803/4824 5577/5589/4631 5576/5588/4630
f 5791/5803/4824 5576/5588/4630 5885/5897/4901
f 5885/5897/4901 5540/5552/4601 5542/5554/4603
f 5885/5897/4901 5542/5554/4603 5791/5803/4824
f 5886/5898/4902 5573/5585/4624 5578/5590/4632
f 5886/5898/4902 5578/5590/4632 5787/5799/4821
f 5790/5802/4613 5887/5899/4612 5886/5898/4902
f 5790/5802/4613 5886/5898/4902 5787/5799/4821
f 5575/5587/4627 5807/5819/4835 5885/5897/4901
f 5575/5587/4627 5885/5897/4901 5576/5588/4630
f 5540/5552/4601 5885/5897/4901 5807/5819/4835
f 5540/5552/4601 5807/5819/4835 5537/5549/4598
f 5573/5585/4624 5886/5898/4902 5812/5824/4840
f 5573/5585/4624 5812/5824/4840 5574/5586/4629
f 5812/5824/4840 5886/5898/4902 5887/5899/4612
f 5812/5824/4840 5887/5899/4612 5813/5825/4841
f 5808/5820/4836 5571/5583/4627 5567/5579/4623
f 5808/5820/4836 5567/5579/4623 5888/5900/4903
f 5888/5900/4903 5546/5558/4605 5548/5560/4598
f 5888/5900/4903 5548/5560/4598 5808/5820/4836
f 5572/5584/4628 5811/5823/4839 5889/5901/4904
f 5572/5584/4628 5889/5901/4904 5568/5580/4624
f 5890/5902/4905 5889/5901/4904 5811/5823/4839
f 5890/5902/4905 5811/5823/4839 5814/5826/4611
f 5567/5579/4623 5570/5582/4626 5799/5811/4824
f 5567/5579/4623 5799/5811/4824 5888/5900/4903
f 5546/5558/4605 5888/5900/4903 5799/5811/4824
f 5546/5558/4605 5799/5811/4824 5543/5555/4603
f 5889/5901/4904 5795/5807/4828 5569/5581/4625
f 5889/5901/4904 5569/5581/4625 5568/5580/4624
f 5890/5902/4905 5797/5809/4606 5795/5807/4828
f 5890/5902/4905 5795/5807/4828 5889/5901/4904
f 5562/5574/4618 5891/5903/4906 5801/5813/4831
f 5562/5574/4618 5801/5813/4831 5565/5577/4621
f 5551/5563/4608 5553/5565/4610 5801/5813/4831
f 5551/5563/4608 5801/5813/4831 5891/5903/4906
f 5563/5575/4619 5566/5578/4622 5803/5815/4833
f 5563/5575/4619 5803/5815/4833 5892/5904/4907
f 5545/5557/4600 5892/5904/4907 5803/5815/4833
f 5545/5557/4600 5803/5815/4833 5547/5559/4599
f 5562/5574/4618 5561/5573/4617 5806/5818/4820
f 5562/5574/4618 5806/5818/4820 5891/5903/4906
f 5551/5563/4608 5891/5903/4906 5806/5818/4820
f 5551/5563/4608 5806/5818/4820 5552/5564/4609
f 5892/5904/4907 5810/5822/4838 5564/5576/4620
f 5892/5904/4907 5564/5576/4620 5563/5575/4619
f 5892/5904/4907 5545/5557/4600 5544/5556/4604
f 5892/5904/4907 5544/5556/4604 5810/5822/4838
f 5559/5571/4615 5558/5570/4614 5893/5905/4908
f 5559/5571/4615 5893/5905/4908 5802/5814/4832
f 5534/5546/4595 5802/5814/4832 5893/5905/4908
f 5534/5546/4595 5893/5905/4908 5531/5543/4592
f 5786/5798/4820 5893/5905/4908 5558/5570/4614
f 5786/5798/4820 5558/5570/4614 5557/5569/4609
f 5893/5905/4908 5786/5798/4820 5536/5548/4597
f 5893/5905/4908 5536/5548/4597 5531/5543/4592
f 5539/5551/4600 5894/5906/4907 5793/5805/4826
f 5539/5551/4600 5793/5805/4826 5541/5553/4602
f 5532/5544/4593 5535/5547/4596 5793/5805/4826
f 5532/5544/4593 5793/5805/4826 5894/5906/4907
f 5894/5906/4907 5539/5551/4600 5538/5550/4599
f 5894/5906/4907 5538/5550/4599 5804/5816/4833
f 5894/5906/4907 5804/5816/4833 5533/5545/4594
f 5894/5906/4907 5533/5545/4594 5532/5544/4593
f 5736/5748/4777 5749/5761/4790 5895/5907/4909
f 5736/5748/4777 5895/5907/4909 5788/5800/4822
f 5789/5801/4823 5788/5800/4822 5895/5907/4909
f 5789/5801/4823 5895/5907/4909 5896/5908/4792
f 5751/5763/4785 5896/5908/4792 5895/5907/4909
f 5751/5763/4785 5895/5907/4909 5749/5761/4790
f 5734/5746/4775 5747/5759/4788 5897/5909/4910
f 5734/5746/4775 5897/5909/4910 5792/5804/4825
f 5735/5747/4776 5792/5804/4825 5897/5909/4910
f 5735/5747/4776 5897/5909/4910 5750/5762/4791
f 5745/5757/4786 5750/5762/4791 5897/5909/4910
f 5745/5757/4786 5897/5909/4910 5747/5759/4788
f 5743/5755/4784 5755/5767/4795 5898/5910/4911
f 5743/5755/4784 5898/5910/4911 5753/5765/4793
f 5738/5750/4779 5753/5765/4793 5898/5910/4911
f 5738/5750/4779 5898/5910/4911 5785/5797/4819
f 5731/5743/4772 5785/5797/4819 5898/5910/4911
f 5731/5743/4772 5898/5910/4911 5755/5767/4795
f 5732/5744/4773 5754/5766/4794 5899/5911/4912
f 5732/5744/4773 5899/5911/4912 5794/5806/4827
f 5733/5745/4774 5794/5806/4827 5899/5911/4912
f 5733/5745/4774 5899/5911/4912 5748/5760/4789
f 5746/5758/4787 5748/5760/4789 5899/5911/4912
f 5746/5758/4787 5899/5911/4912 5754/5766/4794
f 5822/5834/4767 5900/5912/4798 5901/5913/4913
f 5822/5834/4767 5901/5913/4913 5820/5832/4847
f 5727/5739/4768 5820/5832/4847 5901/5913/4913
f 5727/5739/4768 5901/5913/4913 5760/5772/4800
f 5761/5773/4801 5760/5772/4800 5901/5913/4913
f 5761/5773/4801 5901/5913/4913 5900/5912/4798
f 5741/5753/4782 5763/5775/4803 5902/5914/4914
f 5741/5753/4782 5902/5914/4914 5762/5774/4802
f 5728/5740/4769 5762/5774/4802 5902/5914/4914
f 5728/5740/4769 5902/5914/4914 5818/5830/4845
f 5730/5742/4771 5818/5830/4845 5902/5914/4914
f 5730/5742/4771 5902/5914/4914 5763/5775/4803
f 5724/5736/4765 5756/5768/4796 5903/5915/4915
f 5724/5736/4765 5903/5915/4915 5824/5836/4849
f 5725/5737/4766 5824/5836/4849 5903/5915/4915
f 5725/5737/4766 5903/5915/4915 5759/5771/4799
f 5739/5751/4780 5759/5771/4799 5903/5915/4915
f 5739/5751/4780 5903/5915/4915 5756/5768/4796
f 5729/5741/4770 5764/5776/4804 5904/5916/4916
f 5729/5741/4770 5904/5916/4916 5815/5827/4842
f 5723/5735/4764 5815/5827/4842 5904/5916/4916
f 5723/5735/4764 5904/5916/4916 5757/5769/4797
f 5740/5752/4781 5757/5769/4797 5904/5916/4916
f 5740/5752/4781 5904/5916/4916 5764/5776/4804
f 5917/5917/4917 5918/5918/4918 5919/5919/4918
f 5917/5917/4917 5919/5919/4918 5920/5920/4917
f 5920/5920/4917 5921/5921/4919 5922/5922/4919
f 5920/5920/4917 5922/5922/4919 5917/5917/4917
